2026-04-10 21:48:36,918 INFO W&B run started: unet-film-e15-bsNone-20260410-214834 (project=spatially-zone-segmentation)
2026-04-10 21:48:36,919 INFO Training: 15 epochs, 5134 train batches, 2571 val batches, amp=True, wandb=True
2026-04-10 21:48:52,485 INFO Epoch 1 [0/5134] loss=0.8495
2026-04-10 21:48:56,816 INFO Epoch 1 [10/5134] loss=0.7764
2026-04-10 21:49:03,104 INFO Epoch 1 [20/5134] loss=0.7632
2026-04-10 21:49:08,671 INFO Epoch 1 [30/5134] loss=0.7219
2026-04-10 21:49:15,164 INFO Epoch 1 [40/5134] loss=0.6393
2026-04-10 21:49:20,681 INFO Epoch 1 [50/5134] loss=0.6023
2026-04-10 21:49:25,898 INFO Epoch 1 [60/5134] loss=0.5683
2026-04-10 21:49:32,387 INFO Epoch 1 [70/5134] loss=0.5891
2026-04-10 21:49:37,636 INFO Epoch 1 [80/5134] loss=0.5273
2026-04-10 21:49:45,092 INFO Epoch 1 [90/5134] loss=0.5355
2026-04-10 21:49:50,839 INFO Epoch 1 [100/5134] loss=0.5092
2026-04-10 21:49:57,183 INFO Epoch 1 [110/5134] loss=0.5214
2026-04-10 21:50:02,915 INFO Epoch 1 [120/5134] loss=0.4665
2026-04-10 21:50:09,165 INFO Epoch 1 [130/5134] loss=0.4638
2026-04-10 21:50:15,774 INFO Epoch 1 [140/5134] loss=0.4297
2026-04-10 21:50:22,186 INFO Epoch 1 [150/5134] loss=0.4309
2026-04-10 21:50:29,204 INFO Epoch 1 [160/5134] loss=0.3820
2026-04-10 21:50:34,690 INFO Epoch 1 [170/5134] loss=0.3135
2026-04-10 21:50:41,170 INFO Epoch 1 [180/5134] loss=0.3096
2026-04-10 21:50:47,270 INFO Epoch 1 [190/5134] loss=0.3279
2026-04-10 21:50:51,967 INFO Epoch 1 [200/5134] loss=0.2411
2026-04-10 21:50:59,963 INFO Epoch 1 [210/5134] loss=0.1857
2026-04-10 21:51:05,099 INFO Epoch 1 [220/5134] loss=0.2607
2026-04-10 21:51:11,158 INFO Epoch 1 [230/5134] loss=0.1588
2026-04-10 21:51:16,123 INFO Epoch 1 [240/5134] loss=0.2641
2026-04-10 21:51:23,501 INFO Epoch 1 [250/5134] loss=0.2512
2026-04-10 21:51:28,818 INFO Epoch 1 [260/5134] loss=0.2675
2026-04-10 21:51:35,632 INFO Epoch 1 [270/5134] loss=0.2584
2026-04-10 21:51:41,246 INFO Epoch 1 [280/5134] loss=0.2304
2026-04-10 21:51:46,912 INFO Epoch 1 [290/5134] loss=0.1718
2026-04-10 21:51:52,509 INFO Epoch 1 [300/5134] loss=0.3610
2026-04-10 21:51:59,637 INFO Epoch 1 [310/5134] loss=0.3980
2026-04-10 21:52:04,411 INFO Epoch 1 [320/5134] loss=0.2002
2026-04-10 21:52:11,519 INFO Epoch 1 [330/5134] loss=0.2414
2026-04-10 21:52:17,134 INFO Epoch 1 [340/5134] loss=0.4588
2026-04-10 21:52:24,731 INFO Epoch 1 [350/5134] loss=0.1638
2026-04-10 21:52:29,572 INFO Epoch 1 [360/5134] loss=0.2590
2026-04-10 21:52:36,942 INFO Epoch 1 [370/5134] loss=0.2430
2026-04-10 21:52:42,357 INFO Epoch 1 [380/5134] loss=0.2175
2026-04-10 21:52:49,570 INFO Epoch 1 [390/5134] loss=0.2563
2026-04-10 21:52:54,224 INFO Epoch 1 [400/5134] loss=0.1553
2026-04-10 21:53:01,353 INFO Epoch 1 [410/5134] loss=0.2072
2026-04-10 21:53:06,372 INFO Epoch 1 [420/5134] loss=0.1581
2026-04-10 21:53:13,104 INFO Epoch 1 [430/5134] loss=0.4881
2026-04-10 21:53:18,286 INFO Epoch 1 [440/5134] loss=0.2941
2026-04-10 21:53:25,651 INFO Epoch 1 [450/5134] loss=0.1548
2026-04-10 21:53:30,994 INFO Epoch 1 [460/5134] loss=0.2543
2026-04-10 21:53:37,789 INFO Epoch 1 [470/5134] loss=0.3827
2026-04-10 21:53:42,466 INFO Epoch 1 [480/5134] loss=0.2495
2026-04-10 21:53:49,450 INFO Epoch 1 [490/5134] loss=0.2977
2026-04-10 21:53:54,946 INFO Epoch 1 [500/5134] loss=0.1179
2026-04-10 21:54:01,557 INFO Epoch 1 [510/5134] loss=0.2032
2026-04-10 21:54:06,477 INFO Epoch 1 [520/5134] loss=0.4538
2026-04-10 21:54:12,491 INFO Epoch 1 [530/5134] loss=0.1591
2026-04-10 21:54:17,002 INFO Epoch 1 [540/5134] loss=0.1690
2026-04-10 21:54:23,030 INFO Epoch 1 [550/5134] loss=0.1790
2026-04-10 21:54:29,303 INFO Epoch 1 [560/5134] loss=0.2689
2026-04-10 21:54:34,617 INFO Epoch 1 [570/5134] loss=0.3821
2026-04-10 21:54:40,540 INFO Epoch 1 [580/5134] loss=0.2868
2026-04-10 21:54:44,748 INFO Epoch 1 [590/5134] loss=0.4094
2026-04-10 21:54:51,615 INFO Epoch 1 [600/5134] loss=0.2402
2026-04-10 21:54:55,928 INFO Epoch 1 [610/5134] loss=0.2306
2026-04-10 21:55:01,520 INFO Epoch 1 [620/5134] loss=0.3017
2026-04-10 21:55:06,640 INFO Epoch 1 [630/5134] loss=0.4427
2026-04-10 21:55:13,356 INFO Epoch 1 [640/5134] loss=0.2160
2026-04-10 21:55:18,029 INFO Epoch 1 [650/5134] loss=0.5384
2026-04-10 21:55:24,088 INFO Epoch 1 [660/5134] loss=0.4937
2026-04-10 21:55:29,825 INFO Epoch 1 [670/5134] loss=0.2066
2026-04-10 21:55:35,692 INFO Epoch 1 [680/5134] loss=0.3941
2026-04-10 21:55:39,998 INFO Epoch 1 [690/5134] loss=0.2530
2026-04-10 21:55:47,216 INFO Epoch 1 [700/5134] loss=0.4662
2026-04-10 21:55:51,818 INFO Epoch 1 [710/5134] loss=0.3199
2026-04-10 21:55:58,550 INFO Epoch 1 [720/5134] loss=0.4818
2026-04-10 21:56:02,726 INFO Epoch 1 [730/5134] loss=0.3865
2026-04-10 21:56:08,876 INFO Epoch 1 [740/5134] loss=0.4624
2026-04-10 21:56:14,559 INFO Epoch 1 [750/5134] loss=0.4584
2026-04-10 21:56:20,763 INFO Epoch 1 [760/5134] loss=0.4322
2026-04-10 21:56:25,372 INFO Epoch 1 [770/5134] loss=0.2508
2026-04-10 21:56:32,241 INFO Epoch 1 [780/5134] loss=0.3512
2026-04-10 21:56:36,734 INFO Epoch 1 [790/5134] loss=0.3024
2026-04-10 21:56:42,150 INFO Epoch 1 [800/5134] loss=0.2835
2026-04-10 21:56:47,389 INFO Epoch 1 [810/5134] loss=0.5090
2026-04-10 21:56:53,686 INFO Epoch 1 [820/5134] loss=0.3634
2026-04-10 21:56:59,093 INFO Epoch 1 [830/5134] loss=0.5101
2026-04-10 21:57:04,918 INFO Epoch 1 [840/5134] loss=0.4393
2026-04-10 21:57:10,817 INFO Epoch 1 [850/5134] loss=0.2029
2026-04-10 21:57:16,670 INFO Epoch 1 [860/5134] loss=0.4003
2026-04-10 21:57:22,446 INFO Epoch 1 [870/5134] loss=0.3244
2026-04-10 21:57:27,720 INFO Epoch 1 [880/5134] loss=0.1277
2026-04-10 21:57:35,261 INFO Epoch 1 [890/5134] loss=0.2464
2026-04-10 21:57:39,662 INFO Epoch 1 [900/5134] loss=0.4907
2026-04-10 21:57:46,411 INFO Epoch 1 [910/5134] loss=0.3595
2026-04-10 21:57:50,960 INFO Epoch 1 [920/5134] loss=0.4646
2026-04-10 21:57:57,112 INFO Epoch 1 [930/5134] loss=0.3916
2026-04-10 21:58:01,904 INFO Epoch 1 [940/5134] loss=0.4153
2026-04-10 21:58:07,971 INFO Epoch 1 [950/5134] loss=0.5008
2026-04-10 21:58:12,956 INFO Epoch 1 [960/5134] loss=0.4138
2026-04-10 21:58:19,675 INFO Epoch 1 [970/5134] loss=0.3298
2026-04-10 21:58:24,102 INFO Epoch 1 [980/5134] loss=0.3149
2026-04-10 21:58:30,331 INFO Epoch 1 [990/5134] loss=0.4855
2026-04-10 21:58:35,496 INFO Epoch 1 [1000/5134] loss=0.3677
2026-04-10 21:58:41,742 INFO Epoch 1 [1010/5134] loss=0.3343
2026-04-10 21:58:46,517 INFO Epoch 1 [1020/5134] loss=0.3491
2026-04-10 21:58:52,756 INFO Epoch 1 [1030/5134] loss=0.2521
2026-04-10 21:58:57,213 INFO Epoch 1 [1040/5134] loss=0.5001
2026-04-10 21:59:04,209 INFO Epoch 1 [1050/5134] loss=0.4716
2026-04-10 21:59:09,287 INFO Epoch 1 [1060/5134] loss=0.4319
2026-04-10 21:59:15,863 INFO Epoch 1 [1070/5134] loss=0.3631
2026-04-10 21:59:20,671 INFO Epoch 1 [1080/5134] loss=0.4303
2026-04-10 21:59:26,409 INFO Epoch 1 [1090/5134] loss=0.4340
2026-04-10 21:59:30,999 INFO Epoch 1 [1100/5134] loss=0.2685
2026-04-10 21:59:37,174 INFO Epoch 1 [1110/5134] loss=0.4765
2026-04-10 21:59:41,827 INFO Epoch 1 [1120/5134] loss=0.4111
2026-04-10 21:59:48,503 INFO Epoch 1 [1130/5134] loss=0.2942
2026-04-10 21:59:53,697 INFO Epoch 1 [1140/5134] loss=0.4467
2026-04-10 22:00:00,236 INFO Epoch 1 [1150/5134] loss=0.4853
2026-04-10 22:00:05,885 INFO Epoch 1 [1160/5134] loss=0.3291
2026-04-10 22:00:12,052 INFO Epoch 1 [1170/5134] loss=0.3818
2026-04-10 22:00:16,708 INFO Epoch 1 [1180/5134] loss=0.4460
2026-04-10 22:00:23,996 INFO Epoch 1 [1190/5134] loss=0.5231
2026-04-10 22:00:29,171 INFO Epoch 1 [1200/5134] loss=0.3563
2026-04-10 22:00:35,545 INFO Epoch 1 [1210/5134] loss=0.4408
2026-04-10 22:00:40,029 INFO Epoch 1 [1220/5134] loss=0.3641
2026-04-10 22:00:46,595 INFO Epoch 1 [1230/5134] loss=0.2822
2026-04-10 22:00:51,356 INFO Epoch 1 [1240/5134] loss=0.4565
2026-04-10 22:00:57,836 INFO Epoch 1 [1250/5134] loss=0.3711
2026-04-10 22:01:02,139 INFO Epoch 1 [1260/5134] loss=0.3484
2026-04-10 22:01:08,704 INFO Epoch 1 [1270/5134] loss=0.1418
2026-04-10 22:01:13,716 INFO Epoch 1 [1280/5134] loss=0.4344
2026-04-10 22:01:20,157 INFO Epoch 1 [1290/5134] loss=0.5026
2026-04-10 22:01:24,772 INFO Epoch 1 [1300/5134] loss=0.1880
2026-04-10 22:01:31,831 INFO Epoch 1 [1310/5134] loss=0.5111
2026-04-10 22:01:36,958 INFO Epoch 1 [1320/5134] loss=0.4936
2026-04-10 22:01:42,662 INFO Epoch 1 [1330/5134] loss=0.3062
2026-04-10 22:01:47,310 INFO Epoch 1 [1340/5134] loss=0.2268
2026-04-10 22:01:54,359 INFO Epoch 1 [1350/5134] loss=0.4431
2026-04-10 22:01:59,435 INFO Epoch 1 [1360/5134] loss=0.5005
2026-04-10 22:02:05,486 INFO Epoch 1 [1370/5134] loss=0.3837
2026-04-10 22:02:10,096 INFO Epoch 1 [1380/5134] loss=0.5193
2026-04-10 22:02:16,912 INFO Epoch 1 [1390/5134] loss=0.3252
2026-04-10 22:02:21,633 INFO Epoch 1 [1400/5134] loss=0.4293
2026-04-10 22:02:27,448 INFO Epoch 1 [1410/5134] loss=0.4770
2026-04-10 22:02:33,082 INFO Epoch 1 [1420/5134] loss=0.3468
2026-04-10 22:02:38,749 INFO Epoch 1 [1430/5134] loss=0.2415
2026-04-10 22:02:43,842 INFO Epoch 1 [1440/5134] loss=0.1950
2026-04-10 22:02:50,195 INFO Epoch 1 [1450/5134] loss=0.4005
2026-04-10 22:02:55,066 INFO Epoch 1 [1460/5134] loss=0.4263
2026-04-10 22:03:01,428 INFO Epoch 1 [1470/5134] loss=0.3874
2026-04-10 22:03:06,233 INFO Epoch 1 [1480/5134] loss=0.1974
2026-04-10 22:03:13,021 INFO Epoch 1 [1490/5134] loss=0.3073
2026-04-10 22:03:18,508 INFO Epoch 1 [1500/5134] loss=0.2821
2026-04-10 22:03:24,496 INFO Epoch 1 [1510/5134] loss=0.3743
2026-04-10 22:03:28,698 INFO Epoch 1 [1520/5134] loss=0.4839
2026-04-10 22:03:34,497 INFO Epoch 1 [1530/5134] loss=0.4528
2026-04-10 22:03:39,035 INFO Epoch 1 [1540/5134] loss=0.4796
2026-04-10 22:03:45,214 INFO Epoch 1 [1550/5134] loss=0.3594
2026-04-10 22:03:50,775 INFO Epoch 1 [1560/5134] loss=0.4620
2026-04-10 22:03:56,332 INFO Epoch 1 [1570/5134] loss=0.4410
2026-04-10 22:04:02,059 INFO Epoch 1 [1580/5134] loss=0.4368
2026-04-10 22:04:07,879 INFO Epoch 1 [1590/5134] loss=0.3765
2026-04-10 22:04:12,883 INFO Epoch 1 [1600/5134] loss=0.4240
2026-04-10 22:04:19,441 INFO Epoch 1 [1610/5134] loss=0.3827
2026-04-10 22:04:23,994 INFO Epoch 1 [1620/5134] loss=0.3209
2026-04-10 22:04:30,428 INFO Epoch 1 [1630/5134] loss=0.4269
2026-04-10 22:04:34,999 INFO Epoch 1 [1640/5134] loss=0.1670
2026-04-10 22:04:41,400 INFO Epoch 1 [1650/5134] loss=0.4848
2026-04-10 22:04:45,754 INFO Epoch 1 [1660/5134] loss=0.3574
2026-04-10 22:04:51,887 INFO Epoch 1 [1670/5134] loss=0.2690
2026-04-10 22:04:56,817 INFO Epoch 1 [1680/5134] loss=0.4193
2026-04-10 22:05:02,920 INFO Epoch 1 [1690/5134] loss=0.2625
2026-04-10 22:05:07,678 INFO Epoch 1 [1700/5134] loss=0.3073
2026-04-10 22:05:13,719 INFO Epoch 1 [1710/5134] loss=0.4295
2026-04-10 22:05:18,864 INFO Epoch 1 [1720/5134] loss=0.4026
2026-04-10 22:05:25,121 INFO Epoch 1 [1730/5134] loss=0.1155
2026-04-10 22:05:30,297 INFO Epoch 1 [1740/5134] loss=0.4267
2026-04-10 22:05:36,476 INFO Epoch 1 [1750/5134] loss=0.3932
2026-04-10 22:05:42,110 INFO Epoch 1 [1760/5134] loss=0.4524
2026-04-10 22:05:47,871 INFO Epoch 1 [1770/5134] loss=0.4226
2026-04-10 22:05:53,189 INFO Epoch 1 [1780/5134] loss=0.4003
2026-04-10 22:05:59,801 INFO Epoch 1 [1790/5134] loss=0.2738
2026-04-10 22:06:04,596 INFO Epoch 1 [1800/5134] loss=0.4443
2026-04-10 22:06:10,935 INFO Epoch 1 [1810/5134] loss=0.3724
2026-04-10 22:06:16,336 INFO Epoch 1 [1820/5134] loss=0.2917
2026-04-10 22:06:22,532 INFO Epoch 1 [1830/5134] loss=0.2838
2026-04-10 22:06:27,004 INFO Epoch 1 [1840/5134] loss=0.2102
2026-04-10 22:06:33,132 INFO Epoch 1 [1850/5134] loss=0.2603
2026-04-10 22:06:37,836 INFO Epoch 1 [1860/5134] loss=0.3348
2026-04-10 22:06:44,680 INFO Epoch 1 [1870/5134] loss=0.4922
2026-04-10 22:06:49,896 INFO Epoch 1 [1880/5134] loss=0.4376
2026-04-10 22:06:56,757 INFO Epoch 1 [1890/5134] loss=0.4887
2026-04-10 22:07:01,874 INFO Epoch 1 [1900/5134] loss=0.4389
2026-04-10 22:07:08,669 INFO Epoch 1 [1910/5134] loss=0.4207
2026-04-10 22:07:13,179 INFO Epoch 1 [1920/5134] loss=0.4014
2026-04-10 22:07:19,859 INFO Epoch 1 [1930/5134] loss=0.3223
2026-04-10 22:07:25,266 INFO Epoch 1 [1940/5134] loss=0.4787
2026-04-10 22:07:31,252 INFO Epoch 1 [1950/5134] loss=0.4891
2026-04-10 22:07:35,803 INFO Epoch 1 [1960/5134] loss=0.3903
2026-04-10 22:07:41,603 INFO Epoch 1 [1970/5134] loss=0.4546
2026-04-10 22:07:46,730 INFO Epoch 1 [1980/5134] loss=0.3065
2026-04-10 22:07:52,573 INFO Epoch 1 [1990/5134] loss=0.2978
2026-04-10 22:07:57,672 INFO Epoch 1 [2000/5134] loss=0.3915
2026-04-10 22:08:03,762 INFO Epoch 1 [2010/5134] loss=0.4395
2026-04-10 22:08:08,833 INFO Epoch 1 [2020/5134] loss=0.4325
2026-04-10 22:08:15,578 INFO Epoch 1 [2030/5134] loss=0.5009
2026-04-10 22:08:20,998 INFO Epoch 1 [2040/5134] loss=0.4577
2026-04-10 22:08:26,178 INFO Epoch 1 [2050/5134] loss=0.2217
2026-04-10 22:08:31,766 INFO Epoch 1 [2060/5134] loss=0.4306
2026-04-10 22:08:38,084 INFO Epoch 1 [2070/5134] loss=0.2816
2026-04-10 22:08:42,779 INFO Epoch 1 [2080/5134] loss=0.4173
2026-04-10 22:08:48,743 INFO Epoch 1 [2090/5134] loss=0.4500
2026-04-10 22:08:53,433 INFO Epoch 1 [2100/5134] loss=0.4643
2026-04-10 22:08:59,571 INFO Epoch 1 [2110/5134] loss=0.1504
2026-04-10 22:09:04,662 INFO Epoch 1 [2120/5134] loss=0.2249
2026-04-10 22:09:10,998 INFO Epoch 1 [2130/5134] loss=0.4440
2026-04-10 22:09:16,154 INFO Epoch 1 [2140/5134] loss=0.3557
2026-04-10 22:09:21,900 INFO Epoch 1 [2150/5134] loss=0.2894
2026-04-10 22:09:27,211 INFO Epoch 1 [2160/5134] loss=0.3824
2026-04-10 22:09:33,653 INFO Epoch 1 [2170/5134] loss=0.4970
2026-04-10 22:09:38,356 INFO Epoch 1 [2180/5134] loss=0.2932
2026-04-10 22:09:44,646 INFO Epoch 1 [2190/5134] loss=0.5117
2026-04-10 22:09:49,319 INFO Epoch 1 [2200/5134] loss=0.4342
2026-04-10 22:09:55,669 INFO Epoch 1 [2210/5134] loss=0.4748
2026-04-10 22:10:00,712 INFO Epoch 1 [2220/5134] loss=0.4021
2026-04-10 22:10:06,961 INFO Epoch 1 [2230/5134] loss=0.4602
2026-04-10 22:10:11,619 INFO Epoch 1 [2240/5134] loss=0.4674
2026-04-10 22:10:17,314 INFO Epoch 1 [2250/5134] loss=0.4622
2026-04-10 22:10:23,271 INFO Epoch 1 [2260/5134] loss=0.3096
2026-04-10 22:10:28,789 INFO Epoch 1 [2270/5134] loss=0.1390
2026-04-10 22:10:34,508 INFO Epoch 1 [2280/5134] loss=0.4465
2026-04-10 22:10:40,074 INFO Epoch 1 [2290/5134] loss=0.3746
2026-04-10 22:10:45,490 INFO Epoch 1 [2300/5134] loss=0.3952
2026-04-10 22:10:51,388 INFO Epoch 1 [2310/5134] loss=0.3946
2026-04-10 22:10:56,460 INFO Epoch 1 [2320/5134] loss=0.4371
2026-04-10 22:11:02,851 INFO Epoch 1 [2330/5134] loss=0.3246
2026-04-10 22:11:07,454 INFO Epoch 1 [2340/5134] loss=0.3532
2026-04-10 22:11:14,773 INFO Epoch 1 [2350/5134] loss=0.1487
2026-04-10 22:11:19,787 INFO Epoch 1 [2360/5134] loss=0.1732
2026-04-10 22:11:26,489 INFO Epoch 1 [2370/5134] loss=0.2610
2026-04-10 22:11:32,094 INFO Epoch 1 [2380/5134] loss=0.4730
2026-04-10 22:11:38,932 INFO Epoch 1 [2390/5134] loss=0.3756
2026-04-10 22:11:44,094 INFO Epoch 1 [2400/5134] loss=0.3558
2026-04-10 22:11:50,955 INFO Epoch 1 [2410/5134] loss=0.4857
2026-04-10 22:11:56,441 INFO Epoch 1 [2420/5134] loss=0.4348
2026-04-10 22:12:03,156 INFO Epoch 1 [2430/5134] loss=0.3420
2026-04-10 22:12:08,751 INFO Epoch 1 [2440/5134] loss=0.2745
2026-04-10 22:12:15,750 INFO Epoch 1 [2450/5134] loss=0.2343
2026-04-10 22:12:21,629 INFO Epoch 1 [2460/5134] loss=0.3674
2026-04-10 22:12:28,026 INFO Epoch 1 [2470/5134] loss=0.3399
2026-04-10 22:12:34,975 INFO Epoch 1 [2480/5134] loss=0.4019
2026-04-10 22:12:40,701 INFO Epoch 1 [2490/5134] loss=0.3830
2026-04-10 22:12:47,537 INFO Epoch 1 [2500/5134] loss=0.1576
2026-04-10 22:12:53,004 INFO Epoch 1 [2510/5134] loss=0.3534
2026-04-10 22:12:59,760 INFO Epoch 1 [2520/5134] loss=0.2346
2026-04-10 22:13:04,910 INFO Epoch 1 [2530/5134] loss=0.3111
2026-04-10 22:13:11,894 INFO Epoch 1 [2540/5134] loss=0.4821
2026-04-10 22:13:16,621 INFO Epoch 1 [2550/5134] loss=0.1616
2026-04-10 22:13:22,988 INFO Epoch 1 [2560/5134] loss=0.5103
2026-04-10 22:13:28,351 INFO Epoch 1 [2570/5134] loss=0.3354
2026-04-10 22:13:34,842 INFO Epoch 1 [2580/5134] loss=0.4322
2026-04-10 22:13:41,303 INFO Epoch 1 [2590/5134] loss=0.4899
2026-04-10 22:13:47,779 INFO Epoch 1 [2600/5134] loss=0.2850
2026-04-10 22:13:53,612 INFO Epoch 1 [2610/5134] loss=0.2864
2026-04-10 22:14:00,133 INFO Epoch 1 [2620/5134] loss=0.3110
2026-04-10 22:14:05,850 INFO Epoch 1 [2630/5134] loss=0.2848
2026-04-10 22:14:12,668 INFO Epoch 1 [2640/5134] loss=0.3071
2026-04-10 22:14:17,948 INFO Epoch 1 [2650/5134] loss=0.3119
2026-04-10 22:14:25,050 INFO Epoch 1 [2660/5134] loss=0.3893
2026-04-10 22:14:31,081 INFO Epoch 1 [2670/5134] loss=0.0813
2026-04-10 22:14:37,929 INFO Epoch 1 [2680/5134] loss=0.1393
2026-04-10 22:14:43,511 INFO Epoch 1 [2690/5134] loss=0.3701
2026-04-10 22:14:50,178 INFO Epoch 1 [2700/5134] loss=0.3469
2026-04-10 22:14:56,350 INFO Epoch 1 [2710/5134] loss=0.5006
2026-04-10 22:15:02,356 INFO Epoch 1 [2720/5134] loss=0.3745
2026-04-10 22:15:09,742 INFO Epoch 1 [2730/5134] loss=0.3170
2026-04-10 22:15:14,837 INFO Epoch 1 [2740/5134] loss=0.3722
2026-04-10 22:15:21,623 INFO Epoch 1 [2750/5134] loss=0.3778
2026-04-10 22:15:26,680 INFO Epoch 1 [2760/5134] loss=0.3261
2026-04-10 22:15:33,064 INFO Epoch 1 [2770/5134] loss=0.1255
2026-04-10 22:15:38,444 INFO Epoch 1 [2780/5134] loss=0.4040
2026-04-10 22:15:45,936 INFO Epoch 1 [2790/5134] loss=0.3194
2026-04-10 22:15:50,790 INFO Epoch 1 [2800/5134] loss=0.4906
2026-04-10 22:15:58,058 INFO Epoch 1 [2810/5134] loss=0.4431
2026-04-10 22:16:04,034 INFO Epoch 1 [2820/5134] loss=0.2980
2026-04-10 22:16:10,373 INFO Epoch 1 [2830/5134] loss=0.4050
2026-04-10 22:16:16,634 INFO Epoch 1 [2840/5134] loss=0.2915
2026-04-10 22:16:22,697 INFO Epoch 1 [2850/5134] loss=0.4545
2026-04-10 22:16:28,188 INFO Epoch 1 [2860/5134] loss=0.3917
2026-04-10 22:16:34,736 INFO Epoch 1 [2870/5134] loss=0.3393
2026-04-10 22:16:41,048 INFO Epoch 1 [2880/5134] loss=0.3728
2026-04-10 22:16:47,832 INFO Epoch 1 [2890/5134] loss=0.2644
2026-04-10 22:16:53,859 INFO Epoch 1 [2900/5134] loss=0.1260
2026-04-10 22:16:59,300 INFO Epoch 1 [2910/5134] loss=0.1827
2026-04-10 22:17:06,459 INFO Epoch 1 [2920/5134] loss=0.2409
2026-04-10 22:17:11,651 INFO Epoch 1 [2930/5134] loss=0.1819
2026-04-10 22:17:18,453 INFO Epoch 1 [2940/5134] loss=0.2669
2026-04-10 22:17:23,649 INFO Epoch 1 [2950/5134] loss=0.2097
2026-04-10 22:17:31,302 INFO Epoch 1 [2960/5134] loss=0.2741
2026-04-10 22:17:35,961 INFO Epoch 1 [2970/5134] loss=0.4792
2026-04-10 22:17:43,118 INFO Epoch 1 [2980/5134] loss=0.4365
2026-04-10 22:17:48,362 INFO Epoch 1 [2990/5134] loss=0.4050
2026-04-10 22:17:55,463 INFO Epoch 1 [3000/5134] loss=0.5028
2026-04-10 22:18:00,575 INFO Epoch 1 [3010/5134] loss=0.5261
2026-04-10 22:18:07,702 INFO Epoch 1 [3020/5134] loss=0.1643
2026-04-10 22:18:13,121 INFO Epoch 1 [3030/5134] loss=0.3138
2026-04-10 22:18:20,571 INFO Epoch 1 [3040/5134] loss=0.2948
2026-04-10 22:18:25,529 INFO Epoch 1 [3050/5134] loss=0.3151
2026-04-10 22:18:32,371 INFO Epoch 1 [3060/5134] loss=0.3545
2026-04-10 22:18:37,867 INFO Epoch 1 [3070/5134] loss=0.3372
2026-04-10 22:18:44,449 INFO Epoch 1 [3080/5134] loss=0.3084
2026-04-10 22:18:50,225 INFO Epoch 1 [3090/5134] loss=0.4363
2026-04-10 22:18:56,617 INFO Epoch 1 [3100/5134] loss=0.3142
2026-04-10 22:19:02,797 INFO Epoch 1 [3110/5134] loss=0.1673
2026-04-10 22:19:09,033 INFO Epoch 1 [3120/5134] loss=0.1095
2026-04-10 22:19:14,841 INFO Epoch 1 [3130/5134] loss=0.1865
2026-04-10 22:19:21,083 INFO Epoch 1 [3140/5134] loss=0.3194
2026-04-10 22:19:26,753 INFO Epoch 1 [3150/5134] loss=0.3736
2026-04-10 22:19:33,387 INFO Epoch 1 [3160/5134] loss=0.2549
2026-04-10 22:19:38,679 INFO Epoch 1 [3170/5134] loss=0.3334
2026-04-10 22:19:45,336 INFO Epoch 1 [3180/5134] loss=0.4546
2026-04-10 22:19:50,884 INFO Epoch 1 [3190/5134] loss=0.1574
2026-04-10 22:19:57,057 INFO Epoch 1 [3200/5134] loss=0.4337
2026-04-10 22:20:02,673 INFO Epoch 1 [3210/5134] loss=0.0712
2026-04-10 22:20:09,651 INFO Epoch 1 [3220/5134] loss=0.3782
2026-04-10 22:20:15,497 INFO Epoch 1 [3230/5134] loss=0.2144
2026-04-10 22:20:21,965 INFO Epoch 1 [3240/5134] loss=0.2599
2026-04-10 22:20:27,559 INFO Epoch 1 [3250/5134] loss=0.4914
2026-04-10 22:20:33,904 INFO Epoch 1 [3260/5134] loss=0.3415
2026-04-10 22:20:39,535 INFO Epoch 1 [3270/5134] loss=0.4879
2026-04-10 22:20:45,990 INFO Epoch 1 [3280/5134] loss=0.4951
2026-04-10 22:20:51,794 INFO Epoch 1 [3290/5134] loss=0.4563
2026-04-10 22:20:58,990 INFO Epoch 1 [3300/5134] loss=0.3511
2026-04-10 22:21:04,188 INFO Epoch 1 [3310/5134] loss=0.2601
2026-04-10 22:21:10,567 INFO Epoch 1 [3320/5134] loss=0.4827
2026-04-10 22:21:16,122 INFO Epoch 1 [3330/5134] loss=0.4522
2026-04-10 22:21:22,199 INFO Epoch 1 [3340/5134] loss=0.3412
2026-04-10 22:21:28,293 INFO Epoch 1 [3350/5134] loss=0.4874
2026-04-10 22:21:34,796 INFO Epoch 1 [3360/5134] loss=0.1755
2026-04-10 22:21:40,634 INFO Epoch 1 [3370/5134] loss=0.2715
2026-04-10 22:21:46,395 INFO Epoch 1 [3380/5134] loss=0.2865
2026-04-10 22:21:52,988 INFO Epoch 1 [3390/5134] loss=0.3331
2026-04-10 22:21:58,106 INFO Epoch 1 [3400/5134] loss=0.4545
2026-04-10 22:22:05,053 INFO Epoch 1 [3410/5134] loss=0.4541
2026-04-10 22:22:10,702 INFO Epoch 1 [3420/5134] loss=0.4052
2026-04-10 22:22:17,946 INFO Epoch 1 [3430/5134] loss=0.3792
2026-04-10 22:22:23,282 INFO Epoch 1 [3440/5134] loss=0.4602
2026-04-10 22:22:30,629 INFO Epoch 1 [3450/5134] loss=0.3481
2026-04-10 22:22:36,269 INFO Epoch 1 [3460/5134] loss=0.4453
2026-04-10 22:22:42,676 INFO Epoch 1 [3470/5134] loss=0.3201
2026-04-10 22:22:47,940 INFO Epoch 1 [3480/5134] loss=0.3338
2026-04-10 22:22:54,565 INFO Epoch 1 [3490/5134] loss=0.4875
2026-04-10 22:22:59,933 INFO Epoch 1 [3500/5134] loss=0.3945
2026-04-10 22:23:06,329 INFO Epoch 1 [3510/5134] loss=0.3667
2026-04-10 22:23:11,417 INFO Epoch 1 [3520/5134] loss=0.4192
2026-04-10 22:23:18,317 INFO Epoch 1 [3530/5134] loss=0.5733
2026-04-10 22:23:23,919 INFO Epoch 1 [3540/5134] loss=0.3305
2026-04-10 22:23:30,756 INFO Epoch 1 [3550/5134] loss=0.3582
2026-04-10 22:23:36,058 INFO Epoch 1 [3560/5134] loss=0.1299
2026-04-10 22:23:43,150 INFO Epoch 1 [3570/5134] loss=0.3686
2026-04-10 22:23:48,764 INFO Epoch 1 [3580/5134] loss=0.4775
2026-04-10 22:23:55,778 INFO Epoch 1 [3590/5134] loss=0.4562
2026-04-10 22:24:01,307 INFO Epoch 1 [3600/5134] loss=0.2415
2026-04-10 22:24:07,986 INFO Epoch 1 [3610/5134] loss=0.4618
2026-04-10 22:24:13,197 INFO Epoch 1 [3620/5134] loss=0.2554
2026-04-10 22:24:19,794 INFO Epoch 1 [3630/5134] loss=0.3772
2026-04-10 22:24:25,330 INFO Epoch 1 [3640/5134] loss=0.3727
2026-04-10 22:24:32,253 INFO Epoch 1 [3650/5134] loss=0.4861
2026-04-10 22:24:37,490 INFO Epoch 1 [3660/5134] loss=0.2015
2026-04-10 22:24:44,490 INFO Epoch 1 [3670/5134] loss=0.3412
2026-04-10 22:24:49,334 INFO Epoch 1 [3680/5134] loss=0.4586
2026-04-10 22:24:56,442 INFO Epoch 1 [3690/5134] loss=0.3841
2026-04-10 22:25:01,936 INFO Epoch 1 [3700/5134] loss=0.1763
2026-04-10 22:25:08,799 INFO Epoch 1 [3710/5134] loss=0.2163
2026-04-10 22:25:13,776 INFO Epoch 1 [3720/5134] loss=0.5100
2026-04-10 22:25:20,713 INFO Epoch 1 [3730/5134] loss=0.3351
2026-04-10 22:25:26,039 INFO Epoch 1 [3740/5134] loss=0.4029
2026-04-10 22:25:32,936 INFO Epoch 1 [3750/5134] loss=0.4631
2026-04-10 22:25:38,718 INFO Epoch 1 [3760/5134] loss=0.4607
2026-04-10 22:25:45,441 INFO Epoch 1 [3770/5134] loss=0.4258
2026-04-10 22:25:51,033 INFO Epoch 1 [3780/5134] loss=0.3663
2026-04-10 22:25:57,457 INFO Epoch 1 [3790/5134] loss=0.2092
2026-04-10 22:26:02,705 INFO Epoch 1 [3800/5134] loss=0.1450
2026-04-10 22:26:09,605 INFO Epoch 1 [3810/5134] loss=0.4566
2026-04-10 22:26:15,033 INFO Epoch 1 [3820/5134] loss=0.5427
2026-04-10 22:26:21,804 INFO Epoch 1 [3830/5134] loss=0.1221
2026-04-10 22:26:27,328 INFO Epoch 1 [3840/5134] loss=0.3790
2026-04-10 22:26:34,288 INFO Epoch 1 [3850/5134] loss=0.5008
2026-04-10 22:26:39,656 INFO Epoch 1 [3860/5134] loss=0.1449
2026-04-10 22:26:45,744 INFO Epoch 1 [3870/5134] loss=0.2508
2026-04-10 22:26:51,434 INFO Epoch 1 [3880/5134] loss=0.0798
2026-04-10 22:26:58,920 INFO Epoch 1 [3890/5134] loss=0.1785
2026-04-10 22:27:04,048 INFO Epoch 1 [3900/5134] loss=0.3709
2026-04-10 22:27:10,405 INFO Epoch 1 [3910/5134] loss=0.3871
2026-04-10 22:27:15,817 INFO Epoch 1 [3920/5134] loss=0.3802
2026-04-10 22:27:22,584 INFO Epoch 1 [3930/5134] loss=0.3345
2026-04-10 22:27:27,933 INFO Epoch 1 [3940/5134] loss=0.1638
2026-04-10 22:27:34,703 INFO Epoch 1 [3950/5134] loss=0.4214
2026-04-10 22:27:39,530 INFO Epoch 1 [3960/5134] loss=0.1079
2026-04-10 22:27:46,856 INFO Epoch 1 [3970/5134] loss=0.4948
2026-04-10 22:27:52,015 INFO Epoch 1 [3980/5134] loss=0.4514
2026-04-10 22:27:58,687 INFO Epoch 1 [3990/5134] loss=0.3829
2026-04-10 22:28:04,548 INFO Epoch 1 [4000/5134] loss=0.4490
2026-04-10 22:28:10,471 INFO Epoch 1 [4010/5134] loss=0.4421
2026-04-10 22:28:17,021 INFO Epoch 1 [4020/5134] loss=0.4625
2026-04-10 22:28:22,648 INFO Epoch 1 [4030/5134] loss=0.3967
2026-04-10 22:28:29,193 INFO Epoch 1 [4040/5134] loss=0.2908
2026-04-10 22:28:34,004 INFO Epoch 1 [4050/5134] loss=0.1755
2026-04-10 22:28:40,512 INFO Epoch 1 [4060/5134] loss=0.0670
2026-04-10 22:28:46,165 INFO Epoch 1 [4070/5134] loss=0.4975
2026-04-10 22:28:52,588 INFO Epoch 1 [4080/5134] loss=0.2618
2026-04-10 22:28:58,335 INFO Epoch 1 [4090/5134] loss=0.4039
2026-04-10 22:29:04,864 INFO Epoch 1 [4100/5134] loss=0.4294
2026-04-10 22:29:11,086 INFO Epoch 1 [4110/5134] loss=0.4720
2026-04-10 22:29:17,085 INFO Epoch 1 [4120/5134] loss=0.1059
2026-04-10 22:29:23,660 INFO Epoch 1 [4130/5134] loss=0.0799
2026-04-10 22:29:29,245 INFO Epoch 1 [4140/5134] loss=0.5043
2026-04-10 22:29:35,788 INFO Epoch 1 [4150/5134] loss=0.4360
2026-04-10 22:29:41,660 INFO Epoch 1 [4160/5134] loss=0.2715
2026-04-10 22:29:48,975 INFO Epoch 1 [4170/5134] loss=0.3364
2026-04-10 22:29:53,668 INFO Epoch 1 [4180/5134] loss=0.3872
2026-04-10 22:30:00,411 INFO Epoch 1 [4190/5134] loss=0.4406
2026-04-10 22:30:05,852 INFO Epoch 1 [4200/5134] loss=0.2880
2026-04-10 22:30:13,779 INFO Epoch 1 [4210/5134] loss=0.1947
2026-04-10 22:30:20,408 INFO Epoch 1 [4220/5134] loss=0.4731
2026-04-10 22:30:28,518 INFO Epoch 1 [4230/5134] loss=0.4131
2026-04-10 22:30:36,036 INFO Epoch 1 [4240/5134] loss=0.2426
2026-04-10 22:30:43,823 INFO Epoch 1 [4250/5134] loss=0.3807
2026-04-10 22:30:51,140 INFO Epoch 1 [4260/5134] loss=0.4298
2026-04-10 22:30:58,992 INFO Epoch 1 [4270/5134] loss=0.4756
2026-04-10 22:31:05,810 INFO Epoch 1 [4280/5134] loss=0.4583
2026-04-10 22:31:14,637 INFO Epoch 1 [4290/5134] loss=0.4172
2026-04-10 22:31:20,996 INFO Epoch 1 [4300/5134] loss=0.3050
2026-04-10 22:31:28,969 INFO Epoch 1 [4310/5134] loss=0.2730
2026-04-10 22:31:35,591 INFO Epoch 1 [4320/5134] loss=0.4294
2026-04-10 22:31:44,631 INFO Epoch 1 [4330/5134] loss=0.3639
2026-04-10 22:31:51,172 INFO Epoch 1 [4340/5134] loss=0.1135
2026-04-10 22:31:59,126 INFO Epoch 1 [4350/5134] loss=0.2247
2026-04-10 22:32:05,484 INFO Epoch 1 [4360/5134] loss=0.3990
2026-04-10 22:32:15,019 INFO Epoch 1 [4370/5134] loss=0.4584
2026-04-10 22:32:21,093 INFO Epoch 1 [4380/5134] loss=0.4337
2026-04-10 22:32:30,033 INFO Epoch 1 [4390/5134] loss=0.3346
2026-04-10 22:32:36,841 INFO Epoch 1 [4400/5134] loss=0.4872
2026-04-10 22:32:45,665 INFO Epoch 1 [4410/5134] loss=0.2369
2026-04-10 22:32:52,199 INFO Epoch 1 [4420/5134] loss=0.3733
2026-04-10 22:33:00,590 INFO Epoch 1 [4430/5134] loss=0.5219
2026-04-10 22:33:06,948 INFO Epoch 1 [4440/5134] loss=0.4616
2026-04-10 22:33:16,172 INFO Epoch 1 [4450/5134] loss=0.5419
2026-04-10 22:33:23,093 INFO Epoch 1 [4460/5134] loss=0.2453
2026-04-10 22:33:31,572 INFO Epoch 1 [4470/5134] loss=0.4423
2026-04-10 22:33:38,123 INFO Epoch 1 [4480/5134] loss=0.2156
2026-04-10 22:33:46,956 INFO Epoch 1 [4490/5134] loss=0.4009
2026-04-10 22:33:53,250 INFO Epoch 1 [4500/5134] loss=0.2393
2026-04-10 22:34:01,937 INFO Epoch 1 [4510/5134] loss=0.3701
2026-04-10 22:34:07,659 INFO Epoch 1 [4520/5134] loss=0.5173
2026-04-10 22:34:15,242 INFO Epoch 1 [4530/5134] loss=0.4811
2026-04-10 22:34:20,924 INFO Epoch 1 [4540/5134] loss=0.4358
2026-04-10 22:34:28,272 INFO Epoch 1 [4550/5134] loss=0.4239
2026-04-10 22:34:33,806 INFO Epoch 1 [4560/5134] loss=0.2665
2026-04-10 22:34:41,453 INFO Epoch 1 [4570/5134] loss=0.1335
2026-04-10 22:34:47,131 INFO Epoch 1 [4580/5134] loss=0.5577
2026-04-10 22:34:54,510 INFO Epoch 1 [4590/5134] loss=0.3245
2026-04-10 22:35:00,009 INFO Epoch 1 [4600/5134] loss=0.3742
2026-04-10 22:35:07,366 INFO Epoch 1 [4610/5134] loss=0.4641
2026-04-10 22:35:13,177 INFO Epoch 1 [4620/5134] loss=0.3061
2026-04-10 22:35:20,828 INFO Epoch 1 [4630/5134] loss=0.5125
2026-04-10 22:35:26,121 INFO Epoch 1 [4640/5134] loss=0.2276
2026-04-10 22:35:33,574 INFO Epoch 1 [4650/5134] loss=0.4031
2026-04-10 22:35:39,036 INFO Epoch 1 [4660/5134] loss=0.4466
2026-04-10 22:35:46,550 INFO Epoch 1 [4670/5134] loss=0.3313
2026-04-10 22:35:52,019 INFO Epoch 1 [4680/5134] loss=0.3910
2026-04-10 22:35:59,589 INFO Epoch 1 [4690/5134] loss=0.4787
2026-04-10 22:36:05,069 INFO Epoch 1 [4700/5134] loss=0.2863
2026-04-10 22:36:12,226 INFO Epoch 1 [4710/5134] loss=0.3698
2026-04-10 22:36:17,711 INFO Epoch 1 [4720/5134] loss=0.4552
2026-04-10 22:36:24,888 INFO Epoch 1 [4730/5134] loss=0.3835
2026-04-10 22:36:31,038 INFO Epoch 1 [4740/5134] loss=0.2152
2026-04-10 22:36:38,164 INFO Epoch 1 [4750/5134] loss=0.4377
2026-04-10 22:36:43,850 INFO Epoch 1 [4760/5134] loss=0.4541
2026-04-10 22:36:51,298 INFO Epoch 1 [4770/5134] loss=0.4482
2026-04-10 22:36:57,634 INFO Epoch 1 [4780/5134] loss=0.4831
2026-04-10 22:37:04,980 INFO Epoch 1 [4790/5134] loss=0.2034
2026-04-10 22:37:10,663 INFO Epoch 1 [4800/5134] loss=0.1157
2026-04-10 22:37:17,618 INFO Epoch 1 [4810/5134] loss=0.5014
2026-04-10 22:37:23,352 INFO Epoch 1 [4820/5134] loss=0.3679
2026-04-10 22:37:31,025 INFO Epoch 1 [4830/5134] loss=0.4832
2026-04-10 22:37:36,610 INFO Epoch 1 [4840/5134] loss=0.1488
2026-04-10 22:37:43,904 INFO Epoch 1 [4850/5134] loss=0.2117
2026-04-10 22:37:49,605 INFO Epoch 1 [4860/5134] loss=0.3149
2026-04-10 22:37:56,805 INFO Epoch 1 [4870/5134] loss=0.2176
2026-04-10 22:38:02,780 INFO Epoch 1 [4880/5134] loss=0.1951
2026-04-10 22:38:09,890 INFO Epoch 1 [4890/5134] loss=0.4533
2026-04-10 22:38:15,738 INFO Epoch 1 [4900/5134] loss=0.3631
2026-04-10 22:38:23,250 INFO Epoch 1 [4910/5134] loss=0.2171
2026-04-10 22:38:29,027 INFO Epoch 1 [4920/5134] loss=0.3250
2026-04-10 22:38:36,444 INFO Epoch 1 [4930/5134] loss=0.1186
2026-04-10 22:38:42,168 INFO Epoch 1 [4940/5134] loss=0.2847
2026-04-10 22:38:49,565 INFO Epoch 1 [4950/5134] loss=0.1878
2026-04-10 22:38:55,235 INFO Epoch 1 [4960/5134] loss=0.2813
2026-04-10 22:39:01,950 INFO Epoch 1 [4970/5134] loss=0.5107
2026-04-10 22:39:07,613 INFO Epoch 1 [4980/5134] loss=0.4733
2026-04-10 22:39:15,642 INFO Epoch 1 [4990/5134] loss=0.2209
2026-04-10 22:39:21,220 INFO Epoch 1 [5000/5134] loss=0.5004
2026-04-10 22:39:29,056 INFO Epoch 1 [5010/5134] loss=0.4682
2026-04-10 22:39:34,423 INFO Epoch 1 [5020/5134] loss=0.4521
2026-04-10 22:39:41,821 INFO Epoch 1 [5030/5134] loss=0.4008
2026-04-10 22:39:47,175 INFO Epoch 1 [5040/5134] loss=0.3345
2026-04-10 22:39:55,037 INFO Epoch 1 [5050/5134] loss=0.2485
2026-04-10 22:40:00,601 INFO Epoch 1 [5060/5134] loss=0.3031
2026-04-10 22:40:08,158 INFO Epoch 1 [5070/5134] loss=0.3351
2026-04-10 22:40:13,672 INFO Epoch 1 [5080/5134] loss=0.4341
2026-04-10 22:40:20,879 INFO Epoch 1 [5090/5134] loss=0.4805
2026-04-10 22:40:26,552 INFO Epoch 1 [5100/5134] loss=0.3700
2026-04-10 22:40:34,381 INFO Epoch 1 [5110/5134] loss=0.1755
2026-04-10 22:40:39,995 INFO Epoch 1 [5120/5134] loss=0.4759
2026-04-10 22:40:47,759 INFO Epoch 1 [5130/5134] loss=0.3988
2026-04-10 23:12:08,798 INFO Epoch 1/15 (5012s) lr=0.000099 | train_loss=0.3608 train_iou=0.1860 | val_loss=0.4672 val_iou=0.1911 val_dice=0.2016 val_f1=0.0896
2026-04-10 23:12:08,900 INFO   New best IoU: 0.1911
2026-04-10 23:12:23,101 INFO Epoch 2 [0/5134] loss=0.2657
2026-04-10 23:12:28,399 INFO Epoch 2 [10/5134] loss=0.2444
2026-04-10 23:12:34,969 INFO Epoch 2 [20/5134] loss=0.1338
2026-04-10 23:12:41,289 INFO Epoch 2 [30/5134] loss=0.1918
2026-04-10 23:12:47,332 INFO Epoch 2 [40/5134] loss=0.1262
2026-04-10 23:12:53,802 INFO Epoch 2 [50/5134] loss=0.1253
2026-04-10 23:13:00,196 INFO Epoch 2 [60/5134] loss=0.0415
2026-04-10 23:13:05,391 INFO Epoch 2 [70/5134] loss=0.0990
2026-04-10 23:13:12,579 INFO Epoch 2 [80/5134] loss=0.1069
2026-04-10 23:13:18,573 INFO Epoch 2 [90/5134] loss=0.2131
2026-04-10 23:13:24,961 INFO Epoch 2 [100/5134] loss=0.3787
2026-04-10 23:13:30,763 INFO Epoch 2 [110/5134] loss=0.0478
2026-04-10 23:13:37,617 INFO Epoch 2 [120/5134] loss=0.1216
2026-04-10 23:13:43,106 INFO Epoch 2 [130/5134] loss=0.0820
2026-04-10 23:13:50,161 INFO Epoch 2 [140/5134] loss=0.1096
2026-04-10 23:13:56,447 INFO Epoch 2 [150/5134] loss=0.1941
2026-04-10 23:14:02,499 INFO Epoch 2 [160/5134] loss=0.2078
2026-04-10 23:14:09,567 INFO Epoch 2 [170/5134] loss=0.0943
2026-04-10 23:14:14,410 INFO Epoch 2 [180/5134] loss=0.1547
2026-04-10 23:14:20,294 INFO Epoch 2 [190/5134] loss=0.2815
2026-04-10 23:14:26,024 INFO Epoch 2 [200/5134] loss=0.2891
2026-04-10 23:14:32,722 INFO Epoch 2 [210/5134] loss=0.0861
2026-04-10 23:14:37,752 INFO Epoch 2 [220/5134] loss=0.2763
2026-04-10 23:14:44,960 INFO Epoch 2 [230/5134] loss=0.0491
2026-04-10 23:14:50,376 INFO Epoch 2 [240/5134] loss=0.1094
2026-04-10 23:14:57,580 INFO Epoch 2 [250/5134] loss=0.0727
2026-04-10 23:15:02,372 INFO Epoch 2 [260/5134] loss=0.1304
2026-04-10 23:15:09,152 INFO Epoch 2 [270/5134] loss=0.1170
2026-04-10 23:15:14,134 INFO Epoch 2 [280/5134] loss=0.2275
2026-04-10 23:15:22,165 INFO Epoch 2 [290/5134] loss=0.1388
2026-04-10 23:15:28,583 INFO Epoch 2 [300/5134] loss=0.0403
2026-04-10 23:15:34,105 INFO Epoch 2 [310/5134] loss=0.1144
2026-04-10 23:15:41,944 INFO Epoch 2 [320/5134] loss=0.1113
2026-04-10 23:15:47,502 INFO Epoch 2 [330/5134] loss=0.2501
2026-04-10 23:15:55,178 INFO Epoch 2 [340/5134] loss=0.1617
2026-04-10 23:16:00,243 INFO Epoch 2 [350/5134] loss=0.2767
2026-04-10 23:16:07,184 INFO Epoch 2 [360/5134] loss=0.2048
2026-04-10 23:16:12,322 INFO Epoch 2 [370/5134] loss=0.0701
2026-04-10 23:16:20,093 INFO Epoch 2 [380/5134] loss=0.1259
2026-04-10 23:16:24,562 INFO Epoch 2 [390/5134] loss=0.1105
2026-04-10 23:16:31,429 INFO Epoch 2 [400/5134] loss=0.2268
2026-04-10 23:16:37,245 INFO Epoch 2 [410/5134] loss=0.0840
2026-04-10 23:16:43,821 INFO Epoch 2 [420/5134] loss=0.2079
2026-04-10 23:16:49,707 INFO Epoch 2 [430/5134] loss=0.1418
2026-04-10 23:16:56,425 INFO Epoch 2 [440/5134] loss=0.1669
2026-04-10 23:17:02,002 INFO Epoch 2 [450/5134] loss=0.2404
2026-04-10 23:17:08,872 INFO Epoch 2 [460/5134] loss=0.0836
2026-04-10 23:17:13,954 INFO Epoch 2 [470/5134] loss=0.2408
2026-04-10 23:17:21,340 INFO Epoch 2 [480/5134] loss=0.2415
2026-04-10 23:17:25,901 INFO Epoch 2 [490/5134] loss=0.3861
2026-04-10 23:17:33,149 INFO Epoch 2 [500/5134] loss=0.1525
2026-04-10 23:17:37,975 INFO Epoch 2 [510/5134] loss=0.4350
2026-04-10 23:17:44,823 INFO Epoch 2 [520/5134] loss=0.2846
2026-04-10 23:17:49,536 INFO Epoch 2 [530/5134] loss=0.0955
2026-04-10 23:17:55,458 INFO Epoch 2 [540/5134] loss=0.2958
2026-04-10 23:18:00,928 INFO Epoch 2 [550/5134] loss=0.0712
2026-04-10 23:18:08,302 INFO Epoch 2 [560/5134] loss=0.2334
2026-04-10 23:18:13,689 INFO Epoch 2 [570/5134] loss=0.1660
2026-04-10 23:18:20,498 INFO Epoch 2 [580/5134] loss=0.1817
2026-04-10 23:18:25,049 INFO Epoch 2 [590/5134] loss=0.3881
2026-04-10 23:18:31,501 INFO Epoch 2 [600/5134] loss=0.0334
2026-04-10 23:18:36,698 INFO Epoch 2 [610/5134] loss=0.1617
2026-04-10 23:18:43,584 INFO Epoch 2 [620/5134] loss=0.0656
2026-04-10 23:18:48,519 INFO Epoch 2 [630/5134] loss=0.4536
2026-04-10 23:18:54,968 INFO Epoch 2 [640/5134] loss=0.1584
2026-04-10 23:19:00,471 INFO Epoch 2 [650/5134] loss=0.2322
2026-04-10 23:19:07,500 INFO Epoch 2 [660/5134] loss=0.1760
2026-04-10 23:19:12,363 INFO Epoch 2 [670/5134] loss=0.1752
2026-04-10 23:19:19,353 INFO Epoch 2 [680/5134] loss=0.3914
2026-04-10 23:19:24,309 INFO Epoch 2 [690/5134] loss=0.2123
2026-04-10 23:19:30,428 INFO Epoch 2 [700/5134] loss=0.4163
2026-04-10 23:19:35,882 INFO Epoch 2 [710/5134] loss=0.5287
2026-04-10 23:19:42,486 INFO Epoch 2 [720/5134] loss=0.3372
2026-04-10 23:19:47,438 INFO Epoch 2 [730/5134] loss=0.4584
2026-04-10 23:19:54,974 INFO Epoch 2 [740/5134] loss=0.4971
2026-04-10 23:20:00,159 INFO Epoch 2 [750/5134] loss=0.2925
2026-04-10 23:20:06,508 INFO Epoch 2 [760/5134] loss=0.3756
2026-04-10 23:20:11,233 INFO Epoch 2 [770/5134] loss=0.4962
2026-04-10 23:20:17,880 INFO Epoch 2 [780/5134] loss=0.2995
2026-04-10 23:20:23,121 INFO Epoch 2 [790/5134] loss=0.0768
2026-04-10 23:20:28,999 INFO Epoch 2 [800/5134] loss=0.1167
2026-04-10 23:20:34,172 INFO Epoch 2 [810/5134] loss=0.4434
2026-04-10 23:20:40,649 INFO Epoch 2 [820/5134] loss=0.4670
2026-04-10 23:20:45,590 INFO Epoch 2 [830/5134] loss=0.3589
2026-04-10 23:20:52,351 INFO Epoch 2 [840/5134] loss=0.4086
2026-04-10 23:20:57,253 INFO Epoch 2 [850/5134] loss=0.3686
2026-04-10 23:21:03,677 INFO Epoch 2 [860/5134] loss=0.3967
2026-04-10 23:21:09,027 INFO Epoch 2 [870/5134] loss=0.2189
2026-04-10 23:21:15,503 INFO Epoch 2 [880/5134] loss=0.0676
2026-04-10 23:21:20,370 INFO Epoch 2 [890/5134] loss=0.4184
2026-04-10 23:21:27,461 INFO Epoch 2 [900/5134] loss=0.2466
2026-04-10 23:21:32,264 INFO Epoch 2 [910/5134] loss=0.1694
2026-04-10 23:21:38,640 INFO Epoch 2 [920/5134] loss=0.3378
2026-04-10 23:21:43,696 INFO Epoch 2 [930/5134] loss=0.4589
2026-04-10 23:21:49,751 INFO Epoch 2 [940/5134] loss=0.3349
2026-04-10 23:21:55,875 INFO Epoch 2 [950/5134] loss=0.3149
2026-04-10 23:22:01,101 INFO Epoch 2 [960/5134] loss=0.4015
2026-04-10 23:22:07,310 INFO Epoch 2 [970/5134] loss=0.3990
2026-04-10 23:22:13,863 INFO Epoch 2 [980/5134] loss=0.4866
2026-04-10 23:22:19,422 INFO Epoch 2 [990/5134] loss=0.3193
2026-04-10 23:22:26,446 INFO Epoch 2 [1000/5134] loss=0.3409
2026-04-10 23:22:31,974 INFO Epoch 2 [1010/5134] loss=0.1836
2026-04-10 23:22:38,648 INFO Epoch 2 [1020/5134] loss=0.3120
2026-04-10 23:22:43,534 INFO Epoch 2 [1030/5134] loss=0.2763
2026-04-10 23:22:50,214 INFO Epoch 2 [1040/5134] loss=0.4844
2026-04-10 23:22:54,704 INFO Epoch 2 [1050/5134] loss=0.4210
2026-04-10 23:23:00,781 INFO Epoch 2 [1060/5134] loss=0.3627
2026-04-10 23:23:06,061 INFO Epoch 2 [1070/5134] loss=0.4196
2026-04-10 23:23:12,893 INFO Epoch 2 [1080/5134] loss=0.5127
2026-04-10 23:23:17,559 INFO Epoch 2 [1090/5134] loss=0.2934
2026-04-10 23:23:24,474 INFO Epoch 2 [1100/5134] loss=0.4395
2026-04-10 23:23:29,975 INFO Epoch 2 [1110/5134] loss=0.2796
2026-04-10 23:23:36,748 INFO Epoch 2 [1120/5134] loss=0.4915
2026-04-10 23:23:41,966 INFO Epoch 2 [1130/5134] loss=0.3961
2026-04-10 23:23:48,585 INFO Epoch 2 [1140/5134] loss=0.2321
2026-04-10 23:23:53,227 INFO Epoch 2 [1150/5134] loss=0.4340
2026-04-10 23:23:59,697 INFO Epoch 2 [1160/5134] loss=0.4185
2026-04-10 23:24:04,821 INFO Epoch 2 [1170/5134] loss=0.4654
2026-04-10 23:24:11,370 INFO Epoch 2 [1180/5134] loss=0.4283
2026-04-10 23:24:16,392 INFO Epoch 2 [1190/5134] loss=0.4238
2026-04-10 23:24:22,955 INFO Epoch 2 [1200/5134] loss=0.4629
2026-04-10 23:24:28,377 INFO Epoch 2 [1210/5134] loss=0.3623
2026-04-10 23:24:34,950 INFO Epoch 2 [1220/5134] loss=0.5416
2026-04-10 23:24:39,565 INFO Epoch 2 [1230/5134] loss=0.3470
2026-04-10 23:24:46,389 INFO Epoch 2 [1240/5134] loss=0.3470
2026-04-10 23:24:51,963 INFO Epoch 2 [1250/5134] loss=0.3275
2026-04-10 23:24:58,656 INFO Epoch 2 [1260/5134] loss=0.4944
2026-04-10 23:25:03,657 INFO Epoch 2 [1270/5134] loss=0.4537
2026-04-10 23:25:09,893 INFO Epoch 2 [1280/5134] loss=0.3583
2026-04-10 23:25:14,745 INFO Epoch 2 [1290/5134] loss=0.2589
2026-04-10 23:25:21,683 INFO Epoch 2 [1300/5134] loss=0.4737
2026-04-10 23:25:26,273 INFO Epoch 2 [1310/5134] loss=0.4977
2026-04-10 23:25:33,368 INFO Epoch 2 [1320/5134] loss=0.2964
2026-04-10 23:25:38,108 INFO Epoch 2 [1330/5134] loss=0.0215
2026-04-10 23:25:44,124 INFO Epoch 2 [1340/5134] loss=0.4759
2026-04-10 23:25:49,206 INFO Epoch 2 [1350/5134] loss=0.2270
2026-04-10 23:25:55,697 INFO Epoch 2 [1360/5134] loss=0.2377
2026-04-10 23:26:01,347 INFO Epoch 2 [1370/5134] loss=0.4397
2026-04-10 23:26:07,794 INFO Epoch 2 [1380/5134] loss=0.5284
2026-04-10 23:26:12,412 INFO Epoch 2 [1390/5134] loss=0.3285
2026-04-10 23:26:19,224 INFO Epoch 2 [1400/5134] loss=0.4829
2026-04-10 23:26:24,527 INFO Epoch 2 [1410/5134] loss=0.1263
2026-04-10 23:26:30,454 INFO Epoch 2 [1420/5134] loss=0.4260
2026-04-10 23:26:37,045 INFO Epoch 2 [1430/5134] loss=0.4197
2026-04-10 23:26:43,684 INFO Epoch 2 [1440/5134] loss=0.2634
2026-04-10 23:26:48,557 INFO Epoch 2 [1450/5134] loss=0.3046
2026-04-10 23:26:55,266 INFO Epoch 2 [1460/5134] loss=0.4883
2026-04-10 23:27:00,681 INFO Epoch 2 [1470/5134] loss=0.4721
2026-04-10 23:27:07,429 INFO Epoch 2 [1480/5134] loss=0.3898
2026-04-10 23:27:12,574 INFO Epoch 2 [1490/5134] loss=0.3135
2026-04-10 23:27:18,912 INFO Epoch 2 [1500/5134] loss=0.1561
2026-04-10 23:27:24,219 INFO Epoch 2 [1510/5134] loss=0.4453
2026-04-10 23:27:30,432 INFO Epoch 2 [1520/5134] loss=0.3195
2026-04-10 23:27:35,105 INFO Epoch 2 [1530/5134] loss=0.2937
2026-04-10 23:27:41,303 INFO Epoch 2 [1540/5134] loss=0.3150
2026-04-10 23:27:47,535 INFO Epoch 2 [1550/5134] loss=0.3169
2026-04-10 23:27:53,254 INFO Epoch 2 [1560/5134] loss=0.3296
2026-04-10 23:27:59,111 INFO Epoch 2 [1570/5134] loss=0.2539
2026-04-10 23:28:04,758 INFO Epoch 2 [1580/5134] loss=0.2886
2026-04-10 23:28:10,532 INFO Epoch 2 [1590/5134] loss=0.3996
2026-04-10 23:28:16,194 INFO Epoch 2 [1600/5134] loss=0.1740
2026-04-10 23:28:22,202 INFO Epoch 2 [1610/5134] loss=0.4444
2026-04-10 23:28:28,364 INFO Epoch 2 [1620/5134] loss=0.3954
2026-04-10 23:28:33,826 INFO Epoch 2 [1630/5134] loss=0.4089
2026-04-10 23:28:40,191 INFO Epoch 2 [1640/5134] loss=0.4910
2026-04-10 23:28:45,460 INFO Epoch 2 [1650/5134] loss=0.2742
2026-04-10 23:28:52,287 INFO Epoch 2 [1660/5134] loss=0.1500
2026-04-10 23:28:57,454 INFO Epoch 2 [1670/5134] loss=0.1130
2026-04-10 23:29:04,238 INFO Epoch 2 [1680/5134] loss=0.4267
2026-04-10 23:29:09,669 INFO Epoch 2 [1690/5134] loss=0.4616
2026-04-10 23:29:16,793 INFO Epoch 2 [1700/5134] loss=0.2285
2026-04-10 23:29:22,035 INFO Epoch 2 [1710/5134] loss=0.4601
2026-04-10 23:29:28,146 INFO Epoch 2 [1720/5134] loss=0.3696
2026-04-10 23:29:32,839 INFO Epoch 2 [1730/5134] loss=0.1973
2026-04-10 23:29:39,422 INFO Epoch 2 [1740/5134] loss=0.3160
2026-04-10 23:29:44,653 INFO Epoch 2 [1750/5134] loss=0.4707
2026-04-10 23:29:52,091 INFO Epoch 2 [1760/5134] loss=0.3355
2026-04-10 23:29:57,484 INFO Epoch 2 [1770/5134] loss=0.5023
2026-04-10 23:30:04,302 INFO Epoch 2 [1780/5134] loss=0.4386
2026-04-10 23:30:09,172 INFO Epoch 2 [1790/5134] loss=0.4354
2026-04-10 23:30:15,758 INFO Epoch 2 [1800/5134] loss=0.4408
2026-04-10 23:30:20,359 INFO Epoch 2 [1810/5134] loss=0.4799
2026-04-10 23:30:27,084 INFO Epoch 2 [1820/5134] loss=0.2941
2026-04-10 23:30:32,486 INFO Epoch 2 [1830/5134] loss=0.4284
2026-04-10 23:30:38,685 INFO Epoch 2 [1840/5134] loss=0.1465
2026-04-10 23:30:43,837 INFO Epoch 2 [1850/5134] loss=0.3056
2026-04-10 23:30:50,377 INFO Epoch 2 [1860/5134] loss=0.4045
2026-04-10 23:30:55,501 INFO Epoch 2 [1870/5134] loss=0.3101
2026-04-10 23:31:02,184 INFO Epoch 2 [1880/5134] loss=0.1003
2026-04-10 23:31:06,783 INFO Epoch 2 [1890/5134] loss=0.2043
2026-04-10 23:31:13,343 INFO Epoch 2 [1900/5134] loss=0.3815
2026-04-10 23:31:18,883 INFO Epoch 2 [1910/5134] loss=0.1072
2026-04-10 23:31:24,715 INFO Epoch 2 [1920/5134] loss=0.4252
2026-04-10 23:31:31,216 INFO Epoch 2 [1930/5134] loss=0.4804
2026-04-10 23:31:36,354 INFO Epoch 2 [1940/5134] loss=0.4979
2026-04-10 23:31:43,577 INFO Epoch 2 [1950/5134] loss=0.3459
2026-04-10 23:31:49,594 INFO Epoch 2 [1960/5134] loss=0.3438
2026-04-10 23:31:56,861 INFO Epoch 2 [1970/5134] loss=0.4784
2026-04-10 23:32:01,326 INFO Epoch 2 [1980/5134] loss=0.4973
2026-04-10 23:32:08,294 INFO Epoch 2 [1990/5134] loss=0.4282
2026-04-10 23:32:13,222 INFO Epoch 2 [2000/5134] loss=0.0812
2026-04-10 23:32:19,931 INFO Epoch 2 [2010/5134] loss=0.3940
2026-04-10 23:32:24,758 INFO Epoch 2 [2020/5134] loss=0.4298
2026-04-10 23:32:32,265 INFO Epoch 2 [2030/5134] loss=0.3728
2026-04-10 23:32:37,084 INFO Epoch 2 [2040/5134] loss=0.3891
2026-04-10 23:32:43,133 INFO Epoch 2 [2050/5134] loss=0.0655
2026-04-10 23:32:48,422 INFO Epoch 2 [2060/5134] loss=0.3815
2026-04-10 23:32:55,226 INFO Epoch 2 [2070/5134] loss=0.1620
2026-04-10 23:33:00,290 INFO Epoch 2 [2080/5134] loss=0.2967
2026-04-10 23:33:06,147 INFO Epoch 2 [2090/5134] loss=0.3677
2026-04-10 23:33:11,175 INFO Epoch 2 [2100/5134] loss=0.4931
2026-04-10 23:33:17,618 INFO Epoch 2 [2110/5134] loss=0.3485
2026-04-10 23:33:22,537 INFO Epoch 2 [2120/5134] loss=0.4570
2026-04-10 23:33:28,607 INFO Epoch 2 [2130/5134] loss=0.3364
2026-04-10 23:33:33,630 INFO Epoch 2 [2140/5134] loss=0.4070
2026-04-10 23:33:39,897 INFO Epoch 2 [2150/5134] loss=0.3829
2026-04-10 23:33:45,787 INFO Epoch 2 [2160/5134] loss=0.1568
2026-04-10 23:33:51,162 INFO Epoch 2 [2170/5134] loss=0.3783
2026-04-10 23:33:57,093 INFO Epoch 2 [2180/5134] loss=0.4233
2026-04-10 23:34:02,301 INFO Epoch 2 [2190/5134] loss=0.1032
2026-04-10 23:34:08,900 INFO Epoch 2 [2200/5134] loss=0.3515
2026-04-10 23:34:13,946 INFO Epoch 2 [2210/5134] loss=0.4686
2026-04-10 23:34:21,136 INFO Epoch 2 [2220/5134] loss=0.3448
2026-04-10 23:34:25,410 INFO Epoch 2 [2230/5134] loss=0.1669
2026-04-10 23:34:32,082 INFO Epoch 2 [2240/5134] loss=0.4108
2026-04-10 23:34:37,059 INFO Epoch 2 [2250/5134] loss=0.4834
2026-04-10 23:34:43,411 INFO Epoch 2 [2260/5134] loss=0.1648
2026-04-10 23:34:48,575 INFO Epoch 2 [2270/5134] loss=0.2436
2026-04-10 23:34:55,891 INFO Epoch 2 [2280/5134] loss=0.2085
2026-04-10 23:35:00,154 INFO Epoch 2 [2290/5134] loss=0.5045
2026-04-10 23:35:06,537 INFO Epoch 2 [2300/5134] loss=0.3545
2026-04-10 23:35:11,937 INFO Epoch 2 [2310/5134] loss=0.2706
2026-04-10 23:35:18,490 INFO Epoch 2 [2320/5134] loss=0.1604
2026-04-10 23:35:23,910 INFO Epoch 2 [2330/5134] loss=0.3466
2026-04-10 23:35:30,786 INFO Epoch 2 [2340/5134] loss=0.2542
2026-04-10 23:35:35,571 INFO Epoch 2 [2350/5134] loss=0.0985
2026-04-10 23:35:43,126 INFO Epoch 2 [2360/5134] loss=0.4801
2026-04-10 23:35:47,744 INFO Epoch 2 [2370/5134] loss=0.2931
2026-04-10 23:35:54,529 INFO Epoch 2 [2380/5134] loss=0.4492
2026-04-10 23:36:00,049 INFO Epoch 2 [2390/5134] loss=0.3416
2026-04-10 23:36:07,676 INFO Epoch 2 [2400/5134] loss=0.3618
2026-04-10 23:36:13,109 INFO Epoch 2 [2410/5134] loss=0.2418
2026-04-10 23:36:20,131 INFO Epoch 2 [2420/5134] loss=0.5013
2026-04-10 23:36:25,239 INFO Epoch 2 [2430/5134] loss=0.1235
2026-04-10 23:36:32,193 INFO Epoch 2 [2440/5134] loss=0.2735
2026-04-10 23:36:38,254 INFO Epoch 2 [2450/5134] loss=0.2417
2026-04-10 23:36:44,588 INFO Epoch 2 [2460/5134] loss=0.2454
2026-04-10 23:36:50,324 INFO Epoch 2 [2470/5134] loss=0.0863
2026-04-10 23:36:57,062 INFO Epoch 2 [2480/5134] loss=0.3351
2026-04-10 23:37:03,649 INFO Epoch 2 [2490/5134] loss=0.2631
2026-04-10 23:37:09,939 INFO Epoch 2 [2500/5134] loss=0.2242
2026-04-10 23:37:15,655 INFO Epoch 2 [2510/5134] loss=0.3251
2026-04-10 23:37:22,880 INFO Epoch 2 [2520/5134] loss=0.3006
2026-04-10 23:37:28,938 INFO Epoch 2 [2530/5134] loss=0.1901
2026-04-10 23:37:35,776 INFO Epoch 2 [2540/5134] loss=0.4353
2026-04-10 23:37:41,107 INFO Epoch 2 [2550/5134] loss=0.4528
2026-04-10 23:37:48,503 INFO Epoch 2 [2560/5134] loss=0.4053
2026-04-10 23:37:53,579 INFO Epoch 2 [2570/5134] loss=0.4889
2026-04-10 23:38:00,813 INFO Epoch 2 [2580/5134] loss=0.3919
2026-04-10 23:38:06,268 INFO Epoch 2 [2590/5134] loss=0.2781
2026-04-10 23:38:13,275 INFO Epoch 2 [2600/5134] loss=0.1542
2026-04-10 23:38:18,788 INFO Epoch 2 [2610/5134] loss=0.3572
2026-04-10 23:38:25,328 INFO Epoch 2 [2620/5134] loss=0.2603
2026-04-10 23:38:31,561 INFO Epoch 2 [2630/5134] loss=0.2684
2026-04-10 23:38:38,243 INFO Epoch 2 [2640/5134] loss=0.3217
2026-04-10 23:38:44,619 INFO Epoch 2 [2650/5134] loss=0.1802
2026-04-10 23:38:50,551 INFO Epoch 2 [2660/5134] loss=0.4415
2026-04-10 23:38:57,298 INFO Epoch 2 [2670/5134] loss=0.3521
2026-04-10 23:39:03,196 INFO Epoch 2 [2680/5134] loss=0.4990
2026-04-10 23:39:10,294 INFO Epoch 2 [2690/5134] loss=0.4538
2026-04-10 23:39:16,224 INFO Epoch 2 [2700/5134] loss=0.3111
2026-04-10 23:39:23,038 INFO Epoch 2 [2710/5134] loss=0.5019
2026-04-10 23:39:28,973 INFO Epoch 2 [2720/5134] loss=0.4182
2026-04-10 23:39:35,845 INFO Epoch 2 [2730/5134] loss=0.4890
2026-04-10 23:39:41,481 INFO Epoch 2 [2740/5134] loss=0.3827
2026-04-10 23:39:48,841 INFO Epoch 2 [2750/5134] loss=0.2027
2026-04-10 23:39:54,273 INFO Epoch 2 [2760/5134] loss=0.4489
2026-04-10 23:40:01,054 INFO Epoch 2 [2770/5134] loss=0.4076
2026-04-10 23:40:06,887 INFO Epoch 2 [2780/5134] loss=0.4918
2026-04-10 23:40:12,980 INFO Epoch 2 [2790/5134] loss=0.2784
2026-04-10 23:40:19,056 INFO Epoch 2 [2800/5134] loss=0.4667
2026-04-10 23:40:26,132 INFO Epoch 2 [2810/5134] loss=0.5104
2026-04-10 23:40:32,142 INFO Epoch 2 [2820/5134] loss=0.4652
2026-04-10 23:40:38,396 INFO Epoch 2 [2830/5134] loss=0.3584
2026-04-10 23:40:44,606 INFO Epoch 2 [2840/5134] loss=0.2241
2026-04-10 23:40:50,669 INFO Epoch 2 [2850/5134] loss=0.5005
2026-04-10 23:40:56,962 INFO Epoch 2 [2860/5134] loss=0.2197
2026-04-10 23:41:03,453 INFO Epoch 2 [2870/5134] loss=0.4052
2026-04-10 23:41:09,451 INFO Epoch 2 [2880/5134] loss=0.4772
2026-04-10 23:41:17,319 INFO Epoch 2 [2890/5134] loss=0.2291
2026-04-10 23:41:23,285 INFO Epoch 2 [2900/5134] loss=0.2272
2026-04-10 23:41:30,018 INFO Epoch 2 [2910/5134] loss=0.2517
2026-04-10 23:41:36,848 INFO Epoch 2 [2920/5134] loss=0.3474
2026-04-10 23:41:43,022 INFO Epoch 2 [2930/5134] loss=0.2478
2026-04-10 23:41:48,958 INFO Epoch 2 [2940/5134] loss=0.3060
2026-04-10 23:41:56,139 INFO Epoch 2 [2950/5134] loss=0.1313
2026-04-10 23:42:02,112 INFO Epoch 2 [2960/5134] loss=0.3251
2026-04-10 23:42:09,243 INFO Epoch 2 [2970/5134] loss=0.4046
2026-04-10 23:42:14,622 INFO Epoch 2 [2980/5134] loss=0.4627
2026-04-10 23:42:21,592 INFO Epoch 2 [2990/5134] loss=0.2847
2026-04-10 23:42:27,374 INFO Epoch 2 [3000/5134] loss=0.4355
2026-04-10 23:42:35,456 INFO Epoch 2 [3010/5134] loss=0.4687
2026-04-10 23:42:41,182 INFO Epoch 2 [3020/5134] loss=0.4170
2026-04-10 23:42:48,477 INFO Epoch 2 [3030/5134] loss=0.2613
2026-04-10 23:42:54,180 INFO Epoch 2 [3040/5134] loss=0.3027
2026-04-10 23:43:00,902 INFO Epoch 2 [3050/5134] loss=0.4396
2026-04-10 23:43:05,821 INFO Epoch 2 [3060/5134] loss=0.2677
2026-04-10 23:43:12,741 INFO Epoch 2 [3070/5134] loss=0.1481
2026-04-10 23:43:18,139 INFO Epoch 2 [3080/5134] loss=0.4557
2026-04-10 23:43:25,559 INFO Epoch 2 [3090/5134] loss=0.2952
2026-04-10 23:43:31,276 INFO Epoch 2 [3100/5134] loss=0.3780
2026-04-10 23:43:37,088 INFO Epoch 2 [3110/5134] loss=0.1832
2026-04-10 23:43:44,558 INFO Epoch 2 [3120/5134] loss=0.4855
2026-04-10 23:43:49,766 INFO Epoch 2 [3130/5134] loss=0.3769
2026-04-10 23:43:56,610 INFO Epoch 2 [3140/5134] loss=0.3017
2026-04-10 23:44:02,562 INFO Epoch 2 [3150/5134] loss=0.0457
2026-04-10 23:44:09,712 INFO Epoch 2 [3160/5134] loss=0.2572
2026-04-10 23:44:15,061 INFO Epoch 2 [3170/5134] loss=0.3860
2026-04-10 23:44:22,268 INFO Epoch 2 [3180/5134] loss=0.3212
2026-04-10 23:44:28,454 INFO Epoch 2 [3190/5134] loss=0.2486
2026-04-10 23:44:35,360 INFO Epoch 2 [3200/5134] loss=0.4315
2026-04-10 23:44:40,936 INFO Epoch 2 [3210/5134] loss=0.2649
2026-04-10 23:44:48,242 INFO Epoch 2 [3220/5134] loss=0.3699
2026-04-10 23:44:53,678 INFO Epoch 2 [3230/5134] loss=0.4601
2026-04-10 23:45:01,178 INFO Epoch 2 [3240/5134] loss=0.2742
2026-04-10 23:45:06,426 INFO Epoch 2 [3250/5134] loss=0.4541
2026-04-10 23:45:14,590 INFO Epoch 2 [3260/5134] loss=0.4594
2026-04-10 23:45:19,554 INFO Epoch 2 [3270/5134] loss=0.4828
2026-04-10 23:45:26,729 INFO Epoch 2 [3280/5134] loss=0.2580
2026-04-10 23:45:32,308 INFO Epoch 2 [3290/5134] loss=0.4045
2026-04-10 23:45:40,173 INFO Epoch 2 [3300/5134] loss=0.3072
2026-04-10 23:45:45,491 INFO Epoch 2 [3310/5134] loss=0.2847
2026-04-10 23:45:53,428 INFO Epoch 2 [3320/5134] loss=0.2565
2026-04-10 23:45:59,256 INFO Epoch 2 [3330/5134] loss=0.3997
2026-04-10 23:46:06,800 INFO Epoch 2 [3340/5134] loss=0.2353
2026-04-10 23:46:11,722 INFO Epoch 2 [3350/5134] loss=0.1309
2026-04-10 23:46:18,785 INFO Epoch 2 [3360/5134] loss=0.2493
2026-04-10 23:46:23,931 INFO Epoch 2 [3370/5134] loss=0.0703
2026-04-10 23:46:31,503 INFO Epoch 2 [3380/5134] loss=0.1755
2026-04-10 23:46:37,301 INFO Epoch 2 [3390/5134] loss=0.5019
2026-04-10 23:46:44,565 INFO Epoch 2 [3400/5134] loss=0.2511
2026-04-10 23:46:49,623 INFO Epoch 2 [3410/5134] loss=0.4292
2026-04-10 23:46:57,099 INFO Epoch 2 [3420/5134] loss=0.3121
2026-04-10 23:47:02,618 INFO Epoch 2 [3430/5134] loss=0.2878
2026-04-10 23:47:09,981 INFO Epoch 2 [3440/5134] loss=0.2155
2026-04-10 23:47:15,334 INFO Epoch 2 [3450/5134] loss=0.4559
2026-04-10 23:47:22,586 INFO Epoch 2 [3460/5134] loss=0.4689
2026-04-10 23:47:28,019 INFO Epoch 2 [3470/5134] loss=0.5393
2026-04-10 23:47:35,966 INFO Epoch 2 [3480/5134] loss=0.3823
2026-04-10 23:47:41,184 INFO Epoch 2 [3490/5134] loss=0.3135
2026-04-10 23:47:48,634 INFO Epoch 2 [3500/5134] loss=0.1979
2026-04-10 23:47:54,310 INFO Epoch 2 [3510/5134] loss=0.3099
2026-04-10 23:48:01,535 INFO Epoch 2 [3520/5134] loss=0.2424
2026-04-10 23:48:07,280 INFO Epoch 2 [3530/5134] loss=0.3613
2026-04-10 23:48:14,628 INFO Epoch 2 [3540/5134] loss=0.4185
2026-04-10 23:48:19,763 INFO Epoch 2 [3550/5134] loss=0.0322
2026-04-10 23:48:26,265 INFO Epoch 2 [3560/5134] loss=0.3006
2026-04-10 23:48:32,023 INFO Epoch 2 [3570/5134] loss=0.3291
2026-04-10 23:48:39,743 INFO Epoch 2 [3580/5134] loss=0.3611
2026-04-10 23:48:45,606 INFO Epoch 2 [3590/5134] loss=0.4169
2026-04-10 23:48:52,850 INFO Epoch 2 [3600/5134] loss=0.1932
2026-04-10 23:48:58,905 INFO Epoch 2 [3610/5134] loss=0.4532
2026-04-10 23:49:06,083 INFO Epoch 2 [3620/5134] loss=0.4571
2026-04-10 23:49:11,421 INFO Epoch 2 [3630/5134] loss=0.4135
2026-04-10 23:49:19,277 INFO Epoch 2 [3640/5134] loss=0.3748
2026-04-10 23:49:24,887 INFO Epoch 2 [3650/5134] loss=0.3335
2026-04-10 23:49:32,523 INFO Epoch 2 [3660/5134] loss=0.2576
2026-04-10 23:49:37,691 INFO Epoch 2 [3670/5134] loss=0.2466
2026-04-10 23:49:45,077 INFO Epoch 2 [3680/5134] loss=0.1717
2026-04-10 23:49:50,837 INFO Epoch 2 [3690/5134] loss=0.4412
2026-04-10 23:49:58,292 INFO Epoch 2 [3700/5134] loss=0.1918
2026-04-10 23:50:03,220 INFO Epoch 2 [3710/5134] loss=0.3719
2026-04-10 23:50:10,115 INFO Epoch 2 [3720/5134] loss=0.4130
2026-04-10 23:50:15,257 INFO Epoch 2 [3730/5134] loss=0.3512
2026-04-10 23:50:22,589 INFO Epoch 2 [3740/5134] loss=0.2361
2026-04-10 23:50:28,018 INFO Epoch 2 [3750/5134] loss=0.4073
2026-04-10 23:50:34,728 INFO Epoch 2 [3760/5134] loss=0.3723
2026-04-10 23:50:40,691 INFO Epoch 2 [3770/5134] loss=0.1261
2026-04-10 23:50:47,857 INFO Epoch 2 [3780/5134] loss=0.4306
2026-04-10 23:50:53,863 INFO Epoch 2 [3790/5134] loss=0.0984
2026-04-10 23:51:00,985 INFO Epoch 2 [3800/5134] loss=0.1235
2026-04-10 23:51:06,713 INFO Epoch 2 [3810/5134] loss=0.3620
2026-04-10 23:51:13,994 INFO Epoch 2 [3820/5134] loss=0.4713
2026-04-10 23:51:20,199 INFO Epoch 2 [3830/5134] loss=0.2089
2026-04-10 23:51:28,380 INFO Epoch 2 [3840/5134] loss=0.3495
2026-04-10 23:51:33,656 INFO Epoch 2 [3850/5134] loss=0.2127
2026-04-10 23:51:41,423 INFO Epoch 2 [3860/5134] loss=0.4650
2026-04-10 23:51:47,024 INFO Epoch 2 [3870/5134] loss=0.2917
2026-04-10 23:51:54,578 INFO Epoch 2 [3880/5134] loss=0.1668
2026-04-10 23:51:59,857 INFO Epoch 2 [3890/5134] loss=0.5059
2026-04-10 23:52:06,952 INFO Epoch 2 [3900/5134] loss=0.3774
2026-04-10 23:52:12,423 INFO Epoch 2 [3910/5134] loss=0.3202
2026-04-10 23:52:19,205 INFO Epoch 2 [3920/5134] loss=0.3808
2026-04-10 23:52:25,060 INFO Epoch 2 [3930/5134] loss=0.1206
2026-04-10 23:52:32,597 INFO Epoch 2 [3940/5134] loss=0.2749
2026-04-10 23:52:37,974 INFO Epoch 2 [3950/5134] loss=0.1909
2026-04-10 23:52:45,129 INFO Epoch 2 [3960/5134] loss=0.2448
2026-04-10 23:52:51,508 INFO Epoch 2 [3970/5134] loss=0.1825
2026-04-10 23:52:58,048 INFO Epoch 2 [3980/5134] loss=0.3343
2026-04-10 23:53:04,022 INFO Epoch 2 [3990/5134] loss=0.3842
2026-04-10 23:53:11,557 INFO Epoch 2 [4000/5134] loss=0.1788
2026-04-10 23:53:17,817 INFO Epoch 2 [4010/5134] loss=0.2555
2026-04-10 23:53:25,518 INFO Epoch 2 [4020/5134] loss=0.2618
2026-04-10 23:53:31,198 INFO Epoch 2 [4030/5134] loss=0.2739
2026-04-10 23:53:38,549 INFO Epoch 2 [4040/5134] loss=0.2630
2026-04-10 23:53:44,073 INFO Epoch 2 [4050/5134] loss=0.4873
2026-04-10 23:53:51,005 INFO Epoch 2 [4060/5134] loss=0.2409
2026-04-10 23:53:56,493 INFO Epoch 2 [4070/5134] loss=0.4821
2026-04-10 23:54:03,586 INFO Epoch 2 [4080/5134] loss=0.1670
2026-04-10 23:54:08,413 INFO Epoch 2 [4090/5134] loss=0.3999
2026-04-10 23:54:15,153 INFO Epoch 2 [4100/5134] loss=0.1262
2026-04-10 23:54:21,204 INFO Epoch 2 [4110/5134] loss=0.2318
2026-04-10 23:54:26,996 INFO Epoch 2 [4120/5134] loss=0.2402
2026-04-10 23:54:33,704 INFO Epoch 2 [4130/5134] loss=0.3660
2026-04-10 23:54:39,946 INFO Epoch 2 [4140/5134] loss=0.4164
2026-04-10 23:54:46,811 INFO Epoch 2 [4150/5134] loss=0.4488
2026-04-10 23:54:52,217 INFO Epoch 2 [4160/5134] loss=0.2566
2026-04-10 23:54:58,987 INFO Epoch 2 [4170/5134] loss=0.2583
2026-04-10 23:55:04,600 INFO Epoch 2 [4180/5134] loss=0.3411
2026-04-10 23:55:11,675 INFO Epoch 2 [4190/5134] loss=0.2539
2026-04-10 23:55:17,517 INFO Epoch 2 [4200/5134] loss=0.2580
2026-04-10 23:55:26,542 INFO Epoch 2 [4210/5134] loss=0.3889
2026-04-10 23:55:33,747 INFO Epoch 2 [4220/5134] loss=0.2960
2026-04-10 23:55:41,928 INFO Epoch 2 [4230/5134] loss=0.2057
2026-04-10 23:55:49,640 INFO Epoch 2 [4240/5134] loss=0.2416
2026-04-10 23:55:57,410 INFO Epoch 2 [4250/5134] loss=0.2502
2026-04-10 23:56:04,889 INFO Epoch 2 [4260/5134] loss=0.1807
2026-04-10 23:56:12,968 INFO Epoch 2 [4270/5134] loss=0.3915
2026-04-10 23:56:21,114 INFO Epoch 2 [4280/5134] loss=0.5047
2026-04-10 23:56:28,495 INFO Epoch 2 [4290/5134] loss=0.3074
2026-04-10 23:56:36,347 INFO Epoch 2 [4300/5134] loss=0.4375
2026-04-10 23:56:44,818 INFO Epoch 2 [4310/5134] loss=0.2494
2026-04-10 23:56:52,322 INFO Epoch 2 [4320/5134] loss=0.1718
2026-04-10 23:57:01,579 INFO Epoch 2 [4330/5134] loss=0.4131
2026-04-10 23:57:08,131 INFO Epoch 2 [4340/5134] loss=0.3675
2026-04-10 23:57:17,566 INFO Epoch 2 [4350/5134] loss=0.3620
2026-04-10 23:57:23,935 INFO Epoch 2 [4360/5134] loss=0.4795
2026-04-10 23:57:33,392 INFO Epoch 2 [4370/5134] loss=0.4346
2026-04-10 23:57:40,319 INFO Epoch 2 [4380/5134] loss=0.3070
2026-04-10 23:57:49,366 INFO Epoch 2 [4390/5134] loss=0.2884
2026-04-10 23:57:56,069 INFO Epoch 2 [4400/5134] loss=0.2444
2026-04-10 23:58:04,364 INFO Epoch 2 [4410/5134] loss=0.1858
2026-04-10 23:58:10,911 INFO Epoch 2 [4420/5134] loss=0.4353
2026-04-10 23:58:20,358 INFO Epoch 2 [4430/5134] loss=0.3052
2026-04-10 23:58:26,718 INFO Epoch 2 [4440/5134] loss=0.4684
2026-04-10 23:58:35,347 INFO Epoch 2 [4450/5134] loss=0.3268
2026-04-10 23:58:42,237 INFO Epoch 2 [4460/5134] loss=0.3299
2026-04-10 23:58:51,153 INFO Epoch 2 [4470/5134] loss=0.3405
2026-04-10 23:58:57,824 INFO Epoch 2 [4480/5134] loss=0.2402
2026-04-10 23:59:05,841 INFO Epoch 2 [4490/5134] loss=0.2717
2026-04-10 23:59:13,363 INFO Epoch 2 [4500/5134] loss=0.2764
2026-04-10 23:59:20,743 INFO Epoch 2 [4510/5134] loss=0.4572
2026-04-10 23:59:28,035 INFO Epoch 2 [4520/5134] loss=0.4303
2026-04-10 23:59:34,049 INFO Epoch 2 [4530/5134] loss=0.5154
2026-04-10 23:59:41,806 INFO Epoch 2 [4540/5134] loss=0.4595
2026-04-10 23:59:48,108 INFO Epoch 2 [4550/5134] loss=0.3087
2026-04-10 23:59:56,131 INFO Epoch 2 [4560/5134] loss=0.3835
2026-04-11 00:00:01,721 INFO Epoch 2 [4570/5134] loss=0.3868
2026-04-11 00:00:09,711 INFO Epoch 2 [4580/5134] loss=0.2973
2026-04-11 00:00:15,671 INFO Epoch 2 [4590/5134] loss=0.3548
2026-04-11 00:00:23,094 INFO Epoch 2 [4600/5134] loss=0.3930
2026-04-11 00:00:29,091 INFO Epoch 2 [4610/5134] loss=0.2730
2026-04-11 00:00:36,448 INFO Epoch 2 [4620/5134] loss=0.3179
2026-04-11 00:00:43,040 INFO Epoch 2 [4630/5134] loss=0.3807
2026-04-11 00:00:50,455 INFO Epoch 2 [4640/5134] loss=0.1073
2026-04-11 00:00:56,433 INFO Epoch 2 [4650/5134] loss=0.4378
2026-04-11 00:01:03,893 INFO Epoch 2 [4660/5134] loss=0.0661
2026-04-11 00:01:09,767 INFO Epoch 2 [4670/5134] loss=0.4041
2026-04-11 00:01:17,387 INFO Epoch 2 [4680/5134] loss=0.2314
2026-04-11 00:01:23,431 INFO Epoch 2 [4690/5134] loss=0.4715
2026-04-11 00:01:31,104 INFO Epoch 2 [4700/5134] loss=0.2701
2026-04-11 00:01:36,422 INFO Epoch 2 [4710/5134] loss=0.2900
2026-04-11 00:01:44,348 INFO Epoch 2 [4720/5134] loss=0.2172
2026-04-11 00:01:50,152 INFO Epoch 2 [4730/5134] loss=0.1922
2026-04-11 00:01:57,882 INFO Epoch 2 [4740/5134] loss=0.3408
2026-04-11 00:02:04,286 INFO Epoch 2 [4750/5134] loss=0.5315
2026-04-11 00:02:11,390 INFO Epoch 2 [4760/5134] loss=0.2777
2026-04-11 00:02:17,249 INFO Epoch 2 [4770/5134] loss=0.4956
2026-04-11 00:02:24,807 INFO Epoch 2 [4780/5134] loss=0.4772
2026-04-11 00:02:30,872 INFO Epoch 2 [4790/5134] loss=0.1861
2026-04-11 00:02:37,455 INFO Epoch 2 [4800/5134] loss=0.1293
2026-04-11 00:02:45,034 INFO Epoch 2 [4810/5134] loss=0.1487
2026-04-11 00:02:51,735 INFO Epoch 2 [4820/5134] loss=0.3550
2026-04-11 00:02:59,061 INFO Epoch 2 [4830/5134] loss=0.4446
2026-04-11 00:03:05,453 INFO Epoch 2 [4840/5134] loss=0.2713
2026-04-11 00:03:12,694 INFO Epoch 2 [4850/5134] loss=0.2805
2026-04-11 00:03:19,421 INFO Epoch 2 [4860/5134] loss=0.2521
2026-04-11 00:03:27,251 INFO Epoch 2 [4870/5134] loss=0.5335
2026-04-11 00:03:33,146 INFO Epoch 2 [4880/5134] loss=0.3101
2026-04-11 00:03:40,843 INFO Epoch 2 [4890/5134] loss=0.2246
2026-04-11 00:03:46,593 INFO Epoch 2 [4900/5134] loss=0.3787
2026-04-11 00:03:54,336 INFO Epoch 2 [4910/5134] loss=0.4491
2026-04-11 00:03:59,697 INFO Epoch 2 [4920/5134] loss=0.0997
2026-04-11 00:04:07,727 INFO Epoch 2 [4930/5134] loss=0.1718
2026-04-11 00:04:13,565 INFO Epoch 2 [4940/5134] loss=0.1481
2026-04-11 00:04:21,273 INFO Epoch 2 [4950/5134] loss=0.4229
2026-04-11 00:04:26,950 INFO Epoch 2 [4960/5134] loss=0.2866
2026-04-11 00:04:34,960 INFO Epoch 2 [4970/5134] loss=0.2596
2026-04-11 00:04:40,580 INFO Epoch 2 [4980/5134] loss=0.2084
2026-04-11 00:04:47,986 INFO Epoch 2 [4990/5134] loss=0.4789
2026-04-11 00:04:53,638 INFO Epoch 2 [5000/5134] loss=0.0876
2026-04-11 00:05:01,532 INFO Epoch 2 [5010/5134] loss=0.4223
2026-04-11 00:05:07,369 INFO Epoch 2 [5020/5134] loss=0.3730
2026-04-11 00:05:15,960 INFO Epoch 2 [5030/5134] loss=0.1733
2026-04-11 00:05:21,637 INFO Epoch 2 [5040/5134] loss=0.4308
2026-04-11 00:05:29,338 INFO Epoch 2 [5050/5134] loss=0.3609
2026-04-11 00:05:34,686 INFO Epoch 2 [5060/5134] loss=0.1704
2026-04-11 00:05:42,434 INFO Epoch 2 [5070/5134] loss=0.2249
2026-04-11 00:05:48,382 INFO Epoch 2 [5080/5134] loss=0.2183
2026-04-11 00:05:55,732 INFO Epoch 2 [5090/5134] loss=0.3214
2026-04-11 00:06:02,158 INFO Epoch 2 [5100/5134] loss=0.3454
2026-04-11 00:06:08,742 INFO Epoch 2 [5110/5134] loss=0.2792
2026-04-11 00:06:15,671 INFO Epoch 2 [5120/5134] loss=0.1248
2026-04-11 00:06:23,265 INFO Epoch 2 [5130/5134] loss=0.4923
2026-04-11 00:36:44,164 INFO Epoch 2/15 (5075s) lr=0.000096 | train_loss=0.3074 train_iou=0.2346 | val_loss=0.4587 val_iou=0.3584 val_dice=0.3690 val_f1=0.0983
2026-04-11 00:36:44,265 INFO   New best IoU: 0.3584
2026-04-11 00:57:15,262 INFO Epoch 3 [0/5134] loss=0.4022
2026-04-11 00:57:20,268 INFO Epoch 3 [10/5134] loss=0.1799
2026-04-11 00:57:27,032 INFO Epoch 3 [20/5134] loss=0.1157
2026-04-11 00:57:32,621 INFO Epoch 3 [30/5134] loss=0.1064
2026-04-11 00:57:39,329 INFO Epoch 3 [40/5134] loss=0.1044
2026-04-11 00:57:44,734 INFO Epoch 3 [50/5134] loss=0.1021
2026-04-11 00:57:51,570 INFO Epoch 3 [60/5134] loss=0.2897
2026-04-11 00:57:57,187 INFO Epoch 3 [70/5134] loss=0.1084
2026-04-11 00:58:03,436 INFO Epoch 3 [80/5134] loss=0.0799
2026-04-11 00:58:09,193 INFO Epoch 3 [90/5134] loss=0.2427
2026-04-11 00:58:14,865 INFO Epoch 3 [100/5134] loss=0.2364
2026-04-11 00:58:21,446 INFO Epoch 3 [110/5134] loss=0.3126
2026-04-11 00:58:27,268 INFO Epoch 3 [120/5134] loss=0.0961
2026-04-11 00:58:32,686 INFO Epoch 3 [130/5134] loss=0.1518
2026-04-11 00:58:38,241 INFO Epoch 3 [140/5134] loss=0.1838
2026-04-11 00:58:44,398 INFO Epoch 3 [150/5134] loss=0.0713
2026-04-11 00:58:50,974 INFO Epoch 3 [160/5134] loss=0.1107
2026-04-11 00:58:57,701 INFO Epoch 3 [170/5134] loss=0.1349
2026-04-11 00:59:03,480 INFO Epoch 3 [180/5134] loss=0.1248
2026-04-11 00:59:09,771 INFO Epoch 3 [190/5134] loss=0.1619
2026-04-11 00:59:16,044 INFO Epoch 3 [200/5134] loss=0.1333
2026-04-11 00:59:21,892 INFO Epoch 3 [210/5134] loss=0.0557
2026-04-11 00:59:30,024 INFO Epoch 3 [220/5134] loss=0.1168
2026-04-11 00:59:35,489 INFO Epoch 3 [230/5134] loss=0.1204
2026-04-11 00:59:43,306 INFO Epoch 3 [240/5134] loss=0.0800
2026-04-11 00:59:48,533 INFO Epoch 3 [250/5134] loss=0.0687
2026-04-11 00:59:55,568 INFO Epoch 3 [260/5134] loss=0.0288
2026-04-11 01:00:00,162 INFO Epoch 3 [270/5134] loss=0.1769
2026-04-11 01:00:07,347 INFO Epoch 3 [280/5134] loss=0.1411
2026-04-11 01:00:12,283 INFO Epoch 3 [290/5134] loss=0.2663
2026-04-11 01:00:19,267 INFO Epoch 3 [300/5134] loss=0.1148
2026-04-11 01:00:25,117 INFO Epoch 3 [310/5134] loss=0.2177
2026-04-11 01:00:32,220 INFO Epoch 3 [320/5134] loss=0.0610
2026-04-11 01:00:38,050 INFO Epoch 3 [330/5134] loss=0.1993
2026-04-11 01:00:45,120 INFO Epoch 3 [340/5134] loss=0.1149
2026-04-11 01:00:51,479 INFO Epoch 3 [350/5134] loss=0.1744
2026-04-11 01:00:56,818 INFO Epoch 3 [360/5134] loss=0.2044
2026-04-11 01:01:03,735 INFO Epoch 3 [370/5134] loss=0.2105
2026-04-11 01:01:09,650 INFO Epoch 3 [380/5134] loss=0.0940
2026-04-11 01:01:16,060 INFO Epoch 3 [390/5134] loss=0.2612
2026-04-11 01:01:21,567 INFO Epoch 3 [400/5134] loss=0.1347
2026-04-11 01:01:27,368 INFO Epoch 3 [410/5134] loss=0.0987
2026-04-11 01:01:33,343 INFO Epoch 3 [420/5134] loss=0.1779
2026-04-11 01:01:39,152 INFO Epoch 3 [430/5134] loss=0.3403
2026-04-11 01:01:44,342 INFO Epoch 3 [440/5134] loss=0.2286
2026-04-11 01:01:50,025 INFO Epoch 3 [450/5134] loss=0.2828
2026-04-11 01:01:57,922 INFO Epoch 3 [460/5134] loss=0.0654
2026-04-11 01:02:02,779 INFO Epoch 3 [470/5134] loss=0.0776
2026-04-11 01:02:09,195 INFO Epoch 3 [480/5134] loss=0.3089
2026-04-11 01:02:14,258 INFO Epoch 3 [490/5134] loss=0.1032
2026-04-11 01:02:20,920 INFO Epoch 3 [500/5134] loss=0.1493
2026-04-11 01:02:26,423 INFO Epoch 3 [510/5134] loss=0.1572
2026-04-11 01:02:32,570 INFO Epoch 3 [520/5134] loss=0.3453
2026-04-11 01:02:37,543 INFO Epoch 3 [530/5134] loss=0.4084
2026-04-11 01:02:44,779 INFO Epoch 3 [540/5134] loss=0.3089
2026-04-11 01:02:49,970 INFO Epoch 3 [550/5134] loss=0.1620
2026-04-11 01:02:56,563 INFO Epoch 3 [560/5134] loss=0.2637
2026-04-11 01:03:01,333 INFO Epoch 3 [570/5134] loss=0.1722
2026-04-11 01:03:07,931 INFO Epoch 3 [580/5134] loss=0.1697
2026-04-11 01:03:13,106 INFO Epoch 3 [590/5134] loss=0.1196
2026-04-11 01:03:20,274 INFO Epoch 3 [600/5134] loss=0.4281
2026-04-11 01:03:25,831 INFO Epoch 3 [610/5134] loss=0.1423
2026-04-11 01:03:32,655 INFO Epoch 3 [620/5134] loss=0.0907
2026-04-11 01:03:37,313 INFO Epoch 3 [630/5134] loss=0.0909
2026-04-11 01:03:44,034 INFO Epoch 3 [640/5134] loss=0.1628
2026-04-11 01:03:48,549 INFO Epoch 3 [650/5134] loss=0.2652
2026-04-11 01:03:54,963 INFO Epoch 3 [660/5134] loss=0.1235
2026-04-11 01:04:00,231 INFO Epoch 3 [670/5134] loss=0.2929
2026-04-11 01:04:07,143 INFO Epoch 3 [680/5134] loss=0.3318
2026-04-11 01:04:12,840 INFO Epoch 3 [690/5134] loss=0.4872
2026-04-11 01:04:19,563 INFO Epoch 3 [700/5134] loss=0.1054
2026-04-11 01:04:24,652 INFO Epoch 3 [710/5134] loss=0.2412
2026-04-11 01:04:30,709 INFO Epoch 3 [720/5134] loss=0.2563
2026-04-11 01:04:35,636 INFO Epoch 3 [730/5134] loss=0.4618
2026-04-11 01:04:41,709 INFO Epoch 3 [740/5134] loss=0.1742
2026-04-11 01:04:46,757 INFO Epoch 3 [750/5134] loss=0.3854
2026-04-11 01:04:54,209 INFO Epoch 3 [760/5134] loss=0.4571
2026-04-11 01:04:59,346 INFO Epoch 3 [770/5134] loss=0.4015
2026-04-11 01:05:05,658 INFO Epoch 3 [780/5134] loss=0.4689
2026-04-11 01:05:10,277 INFO Epoch 3 [790/5134] loss=0.4393
2026-04-11 01:05:16,202 INFO Epoch 3 [800/5134] loss=0.2759
2026-04-11 01:05:21,351 INFO Epoch 3 [810/5134] loss=0.4078
2026-04-11 01:05:28,283 INFO Epoch 3 [820/5134] loss=0.2682
2026-04-11 01:05:32,996 INFO Epoch 3 [830/5134] loss=0.4046
2026-04-11 01:05:39,594 INFO Epoch 3 [840/5134] loss=0.2742
2026-04-11 01:05:44,322 INFO Epoch 3 [850/5134] loss=0.2552
2026-04-11 01:05:50,856 INFO Epoch 3 [860/5134] loss=0.3721
2026-04-11 01:05:55,869 INFO Epoch 3 [870/5134] loss=0.4626
2026-04-11 01:06:02,292 INFO Epoch 3 [880/5134] loss=0.3583
2026-04-11 01:06:07,094 INFO Epoch 3 [890/5134] loss=0.2544
2026-04-11 01:06:13,116 INFO Epoch 3 [900/5134] loss=0.1748
2026-04-11 01:06:18,552 INFO Epoch 3 [910/5134] loss=0.1182
2026-04-11 01:06:24,997 INFO Epoch 3 [920/5134] loss=0.2574
2026-04-11 01:06:30,152 INFO Epoch 3 [930/5134] loss=0.3801
2026-04-11 01:06:36,664 INFO Epoch 3 [940/5134] loss=0.4582
2026-04-11 01:06:41,299 INFO Epoch 3 [950/5134] loss=0.4485
2026-04-11 01:06:47,356 INFO Epoch 3 [960/5134] loss=0.2566
2026-04-11 01:06:52,927 INFO Epoch 3 [970/5134] loss=0.2147
2026-04-11 01:06:59,413 INFO Epoch 3 [980/5134] loss=0.4175
2026-04-11 01:07:04,093 INFO Epoch 3 [990/5134] loss=0.4449
2026-04-11 01:07:10,433 INFO Epoch 3 [1000/5134] loss=0.3853
2026-04-11 01:07:15,244 INFO Epoch 3 [1010/5134] loss=0.3258
2026-04-11 01:07:21,647 INFO Epoch 3 [1020/5134] loss=0.4155
2026-04-11 01:07:27,343 INFO Epoch 3 [1030/5134] loss=0.0877
2026-04-11 01:07:33,430 INFO Epoch 3 [1040/5134] loss=0.3241
2026-04-11 01:07:38,956 INFO Epoch 3 [1050/5134] loss=0.3471
2026-04-11 01:07:45,181 INFO Epoch 3 [1060/5134] loss=0.3873
2026-04-11 01:07:50,268 INFO Epoch 3 [1070/5134] loss=0.4820
2026-04-11 01:07:57,003 INFO Epoch 3 [1080/5134] loss=0.2321
2026-04-11 01:08:01,884 INFO Epoch 3 [1090/5134] loss=0.3931
2026-04-11 01:08:08,758 INFO Epoch 3 [1100/5134] loss=0.3335
2026-04-11 01:08:13,925 INFO Epoch 3 [1110/5134] loss=0.3966
2026-04-11 01:08:20,581 INFO Epoch 3 [1120/5134] loss=0.1354
2026-04-11 01:08:25,729 INFO Epoch 3 [1130/5134] loss=0.1797
2026-04-11 01:08:32,075 INFO Epoch 3 [1140/5134] loss=0.3143
2026-04-11 01:08:38,119 INFO Epoch 3 [1150/5134] loss=0.2107
2026-04-11 01:08:43,625 INFO Epoch 3 [1160/5134] loss=0.2090
2026-04-11 01:08:49,038 INFO Epoch 3 [1170/5134] loss=0.1225
2026-04-11 01:08:55,788 INFO Epoch 3 [1180/5134] loss=0.2285
2026-04-11 01:09:01,266 INFO Epoch 3 [1190/5134] loss=0.4885
2026-04-11 01:09:07,572 INFO Epoch 3 [1200/5134] loss=0.1533
2026-04-11 01:09:13,414 INFO Epoch 3 [1210/5134] loss=0.3349
2026-04-11 01:09:19,669 INFO Epoch 3 [1220/5134] loss=0.2472
2026-04-11 01:09:25,918 INFO Epoch 3 [1230/5134] loss=0.3221
2026-04-11 01:09:32,437 INFO Epoch 3 [1240/5134] loss=0.2971
2026-04-11 01:09:37,475 INFO Epoch 3 [1250/5134] loss=0.2337
2026-04-11 01:09:43,956 INFO Epoch 3 [1260/5134] loss=0.2816
2026-04-11 01:09:49,916 INFO Epoch 3 [1270/5134] loss=0.4837
2026-04-11 01:09:55,681 INFO Epoch 3 [1280/5134] loss=0.5003
2026-04-11 01:10:01,274 INFO Epoch 3 [1290/5134] loss=0.4677
2026-04-11 01:10:06,991 INFO Epoch 3 [1300/5134] loss=0.0542
2026-04-11 01:10:12,271 INFO Epoch 3 [1310/5134] loss=0.2005
2026-04-11 01:10:18,423 INFO Epoch 3 [1320/5134] loss=0.4896
2026-04-11 01:10:24,550 INFO Epoch 3 [1330/5134] loss=0.4949
2026-04-11 01:10:29,657 INFO Epoch 3 [1340/5134] loss=0.2226
2026-04-11 01:10:36,388 INFO Epoch 3 [1350/5134] loss=0.0737
2026-04-11 01:10:41,953 INFO Epoch 3 [1360/5134] loss=0.3628
2026-04-11 01:10:48,575 INFO Epoch 3 [1370/5134] loss=0.3872
2026-04-11 01:10:53,925 INFO Epoch 3 [1380/5134] loss=0.2037
2026-04-11 01:11:00,797 INFO Epoch 3 [1390/5134] loss=0.4056
2026-04-11 01:11:06,124 INFO Epoch 3 [1400/5134] loss=0.4217
2026-04-11 01:11:13,376 INFO Epoch 3 [1410/5134] loss=0.4580
2026-04-11 01:11:18,539 INFO Epoch 3 [1420/5134] loss=0.4861
2026-04-11 01:11:25,138 INFO Epoch 3 [1430/5134] loss=0.3970
2026-04-11 01:11:30,142 INFO Epoch 3 [1440/5134] loss=0.0774
2026-04-11 01:11:37,074 INFO Epoch 3 [1450/5134] loss=0.2790
2026-04-11 01:11:42,340 INFO Epoch 3 [1460/5134] loss=0.0941
2026-04-11 01:11:49,196 INFO Epoch 3 [1470/5134] loss=0.3221
2026-04-11 01:11:54,654 INFO Epoch 3 [1480/5134] loss=0.1879
2026-04-11 01:12:01,139 INFO Epoch 3 [1490/5134] loss=0.4852
2026-04-11 01:12:05,940 INFO Epoch 3 [1500/5134] loss=0.4504
2026-04-11 01:12:12,631 INFO Epoch 3 [1510/5134] loss=0.5016
2026-04-11 01:12:17,793 INFO Epoch 3 [1520/5134] loss=0.0649
2026-04-11 01:12:24,694 INFO Epoch 3 [1530/5134] loss=0.1954
2026-04-11 01:12:29,220 INFO Epoch 3 [1540/5134] loss=0.1831
2026-04-11 01:12:36,451 INFO Epoch 3 [1550/5134] loss=0.4567
2026-04-11 01:12:41,113 INFO Epoch 3 [1560/5134] loss=0.3149
2026-04-11 01:12:46,775 INFO Epoch 3 [1570/5134] loss=0.4798
2026-04-11 01:12:51,852 INFO Epoch 3 [1580/5134] loss=0.3028
2026-04-11 01:12:58,523 INFO Epoch 3 [1590/5134] loss=0.2242
2026-04-11 01:13:02,857 INFO Epoch 3 [1600/5134] loss=0.5059
2026-04-11 01:13:09,444 INFO Epoch 3 [1610/5134] loss=0.3028
2026-04-11 01:13:14,838 INFO Epoch 3 [1620/5134] loss=0.4354
2026-04-11 01:13:21,110 INFO Epoch 3 [1630/5134] loss=0.3305
2026-04-11 01:13:26,087 INFO Epoch 3 [1640/5134] loss=0.3689
2026-04-11 01:13:32,520 INFO Epoch 3 [1650/5134] loss=0.2313
2026-04-11 01:13:37,393 INFO Epoch 3 [1660/5134] loss=0.3564
2026-04-11 01:13:44,095 INFO Epoch 3 [1670/5134] loss=0.4596
2026-04-11 01:13:49,054 INFO Epoch 3 [1680/5134] loss=0.3626
2026-04-11 01:13:55,112 INFO Epoch 3 [1690/5134] loss=0.3800
2026-04-11 01:14:00,594 INFO Epoch 3 [1700/5134] loss=0.3601
2026-04-11 01:14:06,213 INFO Epoch 3 [1710/5134] loss=0.3271
2026-04-11 01:14:12,022 INFO Epoch 3 [1720/5134] loss=0.4247
2026-04-11 01:14:18,845 INFO Epoch 3 [1730/5134] loss=0.4399
2026-04-11 01:14:23,759 INFO Epoch 3 [1740/5134] loss=0.4314
2026-04-11 01:14:29,316 INFO Epoch 3 [1750/5134] loss=0.3764
2026-04-11 01:14:34,948 INFO Epoch 3 [1760/5134] loss=0.4418
2026-04-11 01:14:40,675 INFO Epoch 3 [1770/5134] loss=0.3394
2026-04-11 01:14:46,953 INFO Epoch 3 [1780/5134] loss=0.4679
2026-04-11 01:14:52,175 INFO Epoch 3 [1790/5134] loss=0.1663
2026-04-11 01:14:58,637 INFO Epoch 3 [1800/5134] loss=0.3283
2026-04-11 01:15:04,326 INFO Epoch 3 [1810/5134] loss=0.3753
2026-04-11 01:15:10,701 INFO Epoch 3 [1820/5134] loss=0.4529
2026-04-11 01:15:15,632 INFO Epoch 3 [1830/5134] loss=0.2794
2026-04-11 01:15:21,930 INFO Epoch 3 [1840/5134] loss=0.1531
2026-04-11 01:15:27,154 INFO Epoch 3 [1850/5134] loss=0.5119
2026-04-11 01:15:33,140 INFO Epoch 3 [1860/5134] loss=0.1838
2026-04-11 01:15:39,009 INFO Epoch 3 [1870/5134] loss=0.1383
2026-04-11 01:15:45,322 INFO Epoch 3 [1880/5134] loss=0.2764
2026-04-11 01:15:50,941 INFO Epoch 3 [1890/5134] loss=0.3021
2026-04-11 01:15:57,245 INFO Epoch 3 [1900/5134] loss=0.1842
2026-04-11 01:16:02,254 INFO Epoch 3 [1910/5134] loss=0.4662
2026-04-11 01:16:08,711 INFO Epoch 3 [1920/5134] loss=0.3757
2026-04-11 01:16:14,000 INFO Epoch 3 [1930/5134] loss=0.3774
2026-04-11 01:16:21,203 INFO Epoch 3 [1940/5134] loss=0.4006
2026-04-11 01:16:26,299 INFO Epoch 3 [1950/5134] loss=0.2776
2026-04-11 01:16:33,233 INFO Epoch 3 [1960/5134] loss=0.3077
2026-04-11 01:16:38,528 INFO Epoch 3 [1970/5134] loss=0.1315
2026-04-11 01:16:44,845 INFO Epoch 3 [1980/5134] loss=0.3092
2026-04-11 01:16:49,995 INFO Epoch 3 [1990/5134] loss=0.1421
2026-04-11 01:16:56,042 INFO Epoch 3 [2000/5134] loss=0.4266
2026-04-11 01:17:00,853 INFO Epoch 3 [2010/5134] loss=0.1711
2026-04-11 01:17:08,179 INFO Epoch 3 [2020/5134] loss=0.4446
2026-04-11 01:17:13,398 INFO Epoch 3 [2030/5134] loss=0.1050
2026-04-11 01:17:20,163 INFO Epoch 3 [2040/5134] loss=0.1313
2026-04-11 01:17:24,685 INFO Epoch 3 [2050/5134] loss=0.1514
2026-04-11 01:17:31,288 INFO Epoch 3 [2060/5134] loss=0.3756
2026-04-11 01:17:36,959 INFO Epoch 3 [2070/5134] loss=0.3178
2026-04-11 01:17:43,128 INFO Epoch 3 [2080/5134] loss=0.3000
2026-04-11 01:17:47,838 INFO Epoch 3 [2090/5134] loss=0.1743
2026-04-11 01:17:55,011 INFO Epoch 3 [2100/5134] loss=0.3917
2026-04-11 01:17:59,562 INFO Epoch 3 [2110/5134] loss=0.4143
2026-04-11 01:18:06,448 INFO Epoch 3 [2120/5134] loss=0.1130
2026-04-11 01:18:11,678 INFO Epoch 3 [2130/5134] loss=0.1930
2026-04-11 01:18:18,611 INFO Epoch 3 [2140/5134] loss=0.3472
2026-04-11 01:18:23,954 INFO Epoch 3 [2150/5134] loss=0.3147
2026-04-11 01:18:30,943 INFO Epoch 3 [2160/5134] loss=0.3970
2026-04-11 01:18:35,771 INFO Epoch 3 [2170/5134] loss=0.1528
2026-04-11 01:18:41,869 INFO Epoch 3 [2180/5134] loss=0.1575
2026-04-11 01:18:47,212 INFO Epoch 3 [2190/5134] loss=0.2962
2026-04-11 01:18:53,117 INFO Epoch 3 [2200/5134] loss=0.2153
2026-04-11 01:18:58,452 INFO Epoch 3 [2210/5134] loss=0.2943
2026-04-11 01:19:05,110 INFO Epoch 3 [2220/5134] loss=0.2450
2026-04-11 01:19:10,266 INFO Epoch 3 [2230/5134] loss=0.2226
2026-04-11 01:19:16,770 INFO Epoch 3 [2240/5134] loss=0.1388
2026-04-11 01:19:21,660 INFO Epoch 3 [2250/5134] loss=0.1299
2026-04-11 01:19:28,593 INFO Epoch 3 [2260/5134] loss=0.2711
2026-04-11 01:19:33,805 INFO Epoch 3 [2270/5134] loss=0.3451
2026-04-11 01:19:39,923 INFO Epoch 3 [2280/5134] loss=0.3953
2026-04-11 01:19:45,117 INFO Epoch 3 [2290/5134] loss=0.3310
2026-04-11 01:19:51,306 INFO Epoch 3 [2300/5134] loss=0.1153
2026-04-11 01:19:56,835 INFO Epoch 3 [2310/5134] loss=0.3166
2026-04-11 01:20:03,303 INFO Epoch 3 [2320/5134] loss=0.3286
2026-04-11 01:20:08,740 INFO Epoch 3 [2330/5134] loss=0.4907
2026-04-11 01:20:15,026 INFO Epoch 3 [2340/5134] loss=0.1871
2026-04-11 01:20:20,917 INFO Epoch 3 [2350/5134] loss=0.3083
2026-04-11 01:20:29,339 INFO Epoch 3 [2360/5134] loss=0.2094
2026-04-11 01:20:34,760 INFO Epoch 3 [2370/5134] loss=0.3685
2026-04-11 01:20:42,176 INFO Epoch 3 [2380/5134] loss=0.3457
2026-04-11 01:20:47,719 INFO Epoch 3 [2390/5134] loss=0.4523
2026-04-11 01:20:55,164 INFO Epoch 3 [2400/5134] loss=0.3506
2026-04-11 01:21:01,094 INFO Epoch 3 [2410/5134] loss=0.2786
2026-04-11 01:21:07,591 INFO Epoch 3 [2420/5134] loss=0.3435
2026-04-11 01:21:12,891 INFO Epoch 3 [2430/5134] loss=0.3432
2026-04-11 01:21:20,923 INFO Epoch 3 [2440/5134] loss=0.1574
2026-04-11 01:21:26,254 INFO Epoch 3 [2450/5134] loss=0.2079
2026-04-11 01:21:33,631 INFO Epoch 3 [2460/5134] loss=0.1859
2026-04-11 01:21:38,595 INFO Epoch 3 [2470/5134] loss=0.4320
2026-04-11 01:21:46,496 INFO Epoch 3 [2480/5134] loss=0.2084
2026-04-11 01:21:51,615 INFO Epoch 3 [2490/5134] loss=0.1527
2026-04-11 01:21:59,316 INFO Epoch 3 [2500/5134] loss=0.3073
2026-04-11 01:22:04,659 INFO Epoch 3 [2510/5134] loss=0.3590
2026-04-11 01:22:11,396 INFO Epoch 3 [2520/5134] loss=0.4633
2026-04-11 01:22:16,911 INFO Epoch 3 [2530/5134] loss=0.1358
2026-04-11 01:22:23,459 INFO Epoch 3 [2540/5134] loss=0.1733
2026-04-11 01:22:28,802 INFO Epoch 3 [2550/5134] loss=0.4218
2026-04-11 01:22:35,650 INFO Epoch 3 [2560/5134] loss=0.1700
2026-04-11 01:22:41,404 INFO Epoch 3 [2570/5134] loss=0.3069
2026-04-11 01:22:48,716 INFO Epoch 3 [2580/5134] loss=0.2700
2026-04-11 01:22:54,221 INFO Epoch 3 [2590/5134] loss=0.3164
2026-04-11 01:23:00,745 INFO Epoch 3 [2600/5134] loss=0.3215
2026-04-11 01:23:06,301 INFO Epoch 3 [2610/5134] loss=0.2430
2026-04-11 01:23:13,037 INFO Epoch 3 [2620/5134] loss=0.2025
2026-04-11 01:23:19,029 INFO Epoch 3 [2630/5134] loss=0.0978
2026-04-11 01:23:26,494 INFO Epoch 3 [2640/5134] loss=0.3616
2026-04-11 01:23:31,906 INFO Epoch 3 [2650/5134] loss=0.4109
2026-04-11 01:23:38,527 INFO Epoch 3 [2660/5134] loss=0.3925
2026-04-11 01:23:44,968 INFO Epoch 3 [2670/5134] loss=0.4116
2026-04-11 01:23:51,767 INFO Epoch 3 [2680/5134] loss=0.2346
2026-04-11 01:23:58,191 INFO Epoch 3 [2690/5134] loss=0.4671
2026-04-11 01:24:04,757 INFO Epoch 3 [2700/5134] loss=0.1150
2026-04-11 01:24:10,885 INFO Epoch 3 [2710/5134] loss=0.2085
2026-04-11 01:24:17,588 INFO Epoch 3 [2720/5134] loss=0.1815
2026-04-11 01:24:23,128 INFO Epoch 3 [2730/5134] loss=0.1969
2026-04-11 01:24:30,409 INFO Epoch 3 [2740/5134] loss=0.4496
2026-04-11 01:24:36,968 INFO Epoch 3 [2750/5134] loss=0.2945
2026-04-11 01:24:43,808 INFO Epoch 3 [2760/5134] loss=0.4966
2026-04-11 01:24:49,660 INFO Epoch 3 [2770/5134] loss=0.4441
2026-04-11 01:24:57,197 INFO Epoch 3 [2780/5134] loss=0.4997
2026-04-11 01:25:02,353 INFO Epoch 3 [2790/5134] loss=0.3226
2026-04-11 01:25:09,872 INFO Epoch 3 [2800/5134] loss=0.2167
2026-04-11 01:25:15,606 INFO Epoch 3 [2810/5134] loss=0.1249
2026-04-11 01:25:22,700 INFO Epoch 3 [2820/5134] loss=0.2293
2026-04-11 01:25:28,221 INFO Epoch 3 [2830/5134] loss=0.4763
2026-04-11 01:25:35,275 INFO Epoch 3 [2840/5134] loss=0.2383
2026-04-11 01:25:40,532 INFO Epoch 3 [2850/5134] loss=0.2254
2026-04-11 01:25:47,265 INFO Epoch 3 [2860/5134] loss=0.4889
2026-04-11 01:25:52,886 INFO Epoch 3 [2870/5134] loss=0.2795
2026-04-11 01:25:59,560 INFO Epoch 3 [2880/5134] loss=0.1111
2026-04-11 01:26:05,413 INFO Epoch 3 [2890/5134] loss=0.1355
2026-04-11 01:26:12,362 INFO Epoch 3 [2900/5134] loss=0.4203
2026-04-11 01:26:18,151 INFO Epoch 3 [2910/5134] loss=0.3950
2026-04-11 01:26:24,952 INFO Epoch 3 [2920/5134] loss=0.2778
2026-04-11 01:26:31,558 INFO Epoch 3 [2930/5134] loss=0.1622
2026-04-11 01:26:37,820 INFO Epoch 3 [2940/5134] loss=0.3996
2026-04-11 01:26:43,907 INFO Epoch 3 [2950/5134] loss=0.4119
2026-04-11 01:26:51,059 INFO Epoch 3 [2960/5134] loss=0.1559
2026-04-11 01:26:57,078 INFO Epoch 3 [2970/5134] loss=0.4440
2026-04-11 01:27:03,575 INFO Epoch 3 [2980/5134] loss=0.2510
2026-04-11 01:27:09,690 INFO Epoch 3 [2990/5134] loss=0.3821
2026-04-11 01:27:16,038 INFO Epoch 3 [3000/5134] loss=0.4149
2026-04-11 01:27:22,165 INFO Epoch 3 [3010/5134] loss=0.4915
2026-04-11 01:27:28,499 INFO Epoch 3 [3020/5134] loss=0.3751
2026-04-11 01:27:35,020 INFO Epoch 3 [3030/5134] loss=0.3100
2026-04-11 01:27:42,193 INFO Epoch 3 [3040/5134] loss=0.2534
2026-04-11 01:27:48,222 INFO Epoch 3 [3050/5134] loss=0.4895
2026-04-11 01:27:55,034 INFO Epoch 3 [3060/5134] loss=0.4147
2026-04-11 01:28:00,874 INFO Epoch 3 [3070/5134] loss=0.2428
2026-04-11 01:28:07,589 INFO Epoch 3 [3080/5134] loss=0.3583
2026-04-11 01:28:13,713 INFO Epoch 3 [3090/5134] loss=0.4801
2026-04-11 01:28:21,624 INFO Epoch 3 [3100/5134] loss=0.1784
2026-04-11 01:28:26,991 INFO Epoch 3 [3110/5134] loss=0.4407
2026-04-11 01:28:33,745 INFO Epoch 3 [3120/5134] loss=0.3645
2026-04-11 01:28:39,359 INFO Epoch 3 [3130/5134] loss=0.3047
2026-04-11 01:28:46,168 INFO Epoch 3 [3140/5134] loss=0.3763
2026-04-11 01:28:51,211 INFO Epoch 3 [3150/5134] loss=0.2650
2026-04-11 01:28:58,053 INFO Epoch 3 [3160/5134] loss=0.0526
2026-04-11 01:29:03,696 INFO Epoch 3 [3170/5134] loss=0.2532
2026-04-11 01:29:10,854 INFO Epoch 3 [3180/5134] loss=0.1600
2026-04-11 01:29:16,775 INFO Epoch 3 [3190/5134] loss=0.4733
2026-04-11 01:29:24,556 INFO Epoch 3 [3200/5134] loss=0.3023
2026-04-11 01:29:29,789 INFO Epoch 3 [3210/5134] loss=0.3048
2026-04-11 01:29:37,248 INFO Epoch 3 [3220/5134] loss=0.1965
2026-04-11 01:29:42,696 INFO Epoch 3 [3230/5134] loss=0.4055
2026-04-11 01:29:50,376 INFO Epoch 3 [3240/5134] loss=0.2795
2026-04-11 01:29:56,101 INFO Epoch 3 [3250/5134] loss=0.3182
2026-04-11 01:30:04,002 INFO Epoch 3 [3260/5134] loss=0.2808
2026-04-11 01:30:09,531 INFO Epoch 3 [3270/5134] loss=0.2444
2026-04-11 01:30:17,308 INFO Epoch 3 [3280/5134] loss=0.2647
2026-04-11 01:30:22,714 INFO Epoch 3 [3290/5134] loss=0.1944
2026-04-11 01:30:29,747 INFO Epoch 3 [3300/5134] loss=0.4813
2026-04-11 01:30:35,540 INFO Epoch 3 [3310/5134] loss=0.4256
2026-04-11 01:30:42,345 INFO Epoch 3 [3320/5134] loss=0.2225
2026-04-11 01:30:48,235 INFO Epoch 3 [3330/5134] loss=0.2291
2026-04-11 01:30:55,236 INFO Epoch 3 [3340/5134] loss=0.1943
2026-04-11 01:31:01,146 INFO Epoch 3 [3350/5134] loss=0.1904
2026-04-11 01:31:09,472 INFO Epoch 3 [3360/5134] loss=0.3519
2026-04-11 01:31:15,060 INFO Epoch 3 [3370/5134] loss=0.3162
2026-04-11 01:31:22,180 INFO Epoch 3 [3380/5134] loss=0.2653
2026-04-11 01:31:27,765 INFO Epoch 3 [3390/5134] loss=0.0915
2026-04-11 01:31:35,348 INFO Epoch 3 [3400/5134] loss=0.1258
2026-04-11 01:31:40,396 INFO Epoch 3 [3410/5134] loss=0.3893
2026-04-11 01:31:47,686 INFO Epoch 3 [3420/5134] loss=0.3361
2026-04-11 01:31:53,155 INFO Epoch 3 [3430/5134] loss=0.0835
2026-04-11 01:32:00,739 INFO Epoch 3 [3440/5134] loss=0.1703
2026-04-11 01:32:05,746 INFO Epoch 3 [3450/5134] loss=0.4385
2026-04-11 01:32:12,660 INFO Epoch 3 [3460/5134] loss=0.4863
2026-04-11 01:32:19,311 INFO Epoch 3 [3470/5134] loss=0.0987
2026-04-11 01:32:25,948 INFO Epoch 3 [3480/5134] loss=0.4857
2026-04-11 01:32:31,209 INFO Epoch 3 [3490/5134] loss=0.3455
2026-04-11 01:32:38,744 INFO Epoch 3 [3500/5134] loss=0.1206
2026-04-11 01:32:44,360 INFO Epoch 3 [3510/5134] loss=0.3371
2026-04-11 01:32:52,323 INFO Epoch 3 [3520/5134] loss=0.1222
2026-04-11 01:32:57,904 INFO Epoch 3 [3530/5134] loss=0.4501
2026-04-11 01:33:04,896 INFO Epoch 3 [3540/5134] loss=0.3964
2026-04-11 01:33:10,129 INFO Epoch 3 [3550/5134] loss=0.3372
2026-04-11 01:33:18,132 INFO Epoch 3 [3560/5134] loss=0.2978
2026-04-11 01:33:23,360 INFO Epoch 3 [3570/5134] loss=0.4201
2026-04-11 01:33:31,171 INFO Epoch 3 [3580/5134] loss=0.5193
2026-04-11 01:33:36,143 INFO Epoch 3 [3590/5134] loss=0.4013
2026-04-11 01:33:42,382 INFO Epoch 3 [3600/5134] loss=0.4627
2026-04-11 01:33:48,145 INFO Epoch 3 [3610/5134] loss=0.2391
2026-04-11 01:33:55,272 INFO Epoch 3 [3620/5134] loss=0.2606
2026-04-11 01:34:01,416 INFO Epoch 3 [3630/5134] loss=0.4619
2026-04-11 01:34:07,667 INFO Epoch 3 [3640/5134] loss=0.3356
2026-04-11 01:34:13,875 INFO Epoch 3 [3650/5134] loss=0.4177
2026-04-11 01:34:20,220 INFO Epoch 3 [3660/5134] loss=0.4564
2026-04-11 01:34:26,964 INFO Epoch 3 [3670/5134] loss=0.3750
2026-04-11 01:34:33,221 INFO Epoch 3 [3680/5134] loss=0.2322
2026-04-11 01:34:39,733 INFO Epoch 3 [3690/5134] loss=0.4719
2026-04-11 01:34:45,535 INFO Epoch 3 [3700/5134] loss=0.5076
2026-04-11 01:34:52,252 INFO Epoch 3 [3710/5134] loss=0.4206
2026-04-11 01:34:58,722 INFO Epoch 3 [3720/5134] loss=0.2594
2026-04-11 01:35:04,536 INFO Epoch 3 [3730/5134] loss=0.4406
2026-04-11 01:35:10,790 INFO Epoch 3 [3740/5134] loss=0.3403
2026-04-11 01:35:17,364 INFO Epoch 3 [3750/5134] loss=0.4289
2026-04-11 01:35:23,445 INFO Epoch 3 [3760/5134] loss=0.3954
2026-04-11 01:35:30,687 INFO Epoch 3 [3770/5134] loss=0.1233
2026-04-11 01:35:35,834 INFO Epoch 3 [3780/5134] loss=0.5099
2026-04-11 01:35:42,279 INFO Epoch 3 [3790/5134] loss=0.1134
2026-04-11 01:35:48,412 INFO Epoch 3 [3800/5134] loss=0.2989
2026-04-11 01:35:54,976 INFO Epoch 3 [3810/5134] loss=0.1841
2026-04-11 01:36:00,768 INFO Epoch 3 [3820/5134] loss=0.2920
2026-04-11 01:36:06,991 INFO Epoch 3 [3830/5134] loss=0.3989
2026-04-11 01:36:12,406 INFO Epoch 3 [3840/5134] loss=0.2009
2026-04-11 01:36:19,264 INFO Epoch 3 [3850/5134] loss=0.1495
2026-04-11 01:36:25,119 INFO Epoch 3 [3860/5134] loss=0.3011
2026-04-11 01:36:32,698 INFO Epoch 3 [3870/5134] loss=0.2229
2026-04-11 01:36:38,235 INFO Epoch 3 [3880/5134] loss=0.3687
2026-04-11 01:36:45,069 INFO Epoch 3 [3890/5134] loss=0.3364
2026-04-11 01:36:51,308 INFO Epoch 3 [3900/5134] loss=0.4617
2026-04-11 01:36:58,368 INFO Epoch 3 [3910/5134] loss=0.2907
2026-04-11 01:37:03,713 INFO Epoch 3 [3920/5134] loss=0.3400
2026-04-11 01:37:10,818 INFO Epoch 3 [3930/5134] loss=0.1296
2026-04-11 01:37:16,635 INFO Epoch 3 [3940/5134] loss=0.2338
2026-04-11 01:37:23,356 INFO Epoch 3 [3950/5134] loss=0.2436
2026-04-11 01:37:29,592 INFO Epoch 3 [3960/5134] loss=0.4924
2026-04-11 01:37:36,921 INFO Epoch 3 [3970/5134] loss=0.3581
2026-04-11 01:37:42,861 INFO Epoch 3 [3980/5134] loss=0.3889
2026-04-11 01:37:50,204 INFO Epoch 3 [3990/5134] loss=0.1411
2026-04-11 01:37:55,735 INFO Epoch 3 [4000/5134] loss=0.5001
2026-04-11 01:38:02,364 INFO Epoch 3 [4010/5134] loss=0.4685
2026-04-11 01:38:07,810 INFO Epoch 3 [4020/5134] loss=0.0755
2026-04-11 01:38:15,025 INFO Epoch 3 [4030/5134] loss=0.4137
2026-04-11 01:38:20,693 INFO Epoch 3 [4040/5134] loss=0.2889
2026-04-11 01:38:28,313 INFO Epoch 3 [4050/5134] loss=0.5389
2026-04-11 01:38:33,758 INFO Epoch 3 [4060/5134] loss=0.4247
2026-04-11 01:38:40,717 INFO Epoch 3 [4070/5134] loss=0.4392
2026-04-11 01:38:46,184 INFO Epoch 3 [4080/5134] loss=0.4856
2026-04-11 01:38:53,397 INFO Epoch 3 [4090/5134] loss=0.2068
2026-04-11 01:38:59,183 INFO Epoch 3 [4100/5134] loss=0.1723
2026-04-11 01:39:06,743 INFO Epoch 3 [4110/5134] loss=0.3565
2026-04-11 01:39:11,976 INFO Epoch 3 [4120/5134] loss=0.4264
2026-04-11 01:39:19,227 INFO Epoch 3 [4130/5134] loss=0.3452
2026-04-11 01:39:24,908 INFO Epoch 3 [4140/5134] loss=0.1840
2026-04-11 01:39:31,943 INFO Epoch 3 [4150/5134] loss=0.2933
2026-04-11 01:39:37,565 INFO Epoch 3 [4160/5134] loss=0.3924
2026-04-11 01:39:45,015 INFO Epoch 3 [4170/5134] loss=0.2484
2026-04-11 01:39:50,950 INFO Epoch 3 [4180/5134] loss=0.1657
2026-04-11 01:39:58,607 INFO Epoch 3 [4190/5134] loss=0.4021
2026-04-11 01:40:04,296 INFO Epoch 3 [4200/5134] loss=0.4144
2026-04-11 01:40:12,582 INFO Epoch 3 [4210/5134] loss=0.4637
2026-04-11 01:40:18,908 INFO Epoch 3 [4220/5134] loss=0.3476
2026-04-11 01:40:28,775 INFO Epoch 3 [4230/5134] loss=0.2417
2026-04-11 01:40:35,698 INFO Epoch 3 [4240/5134] loss=0.2962
2026-04-11 01:40:44,944 INFO Epoch 3 [4250/5134] loss=0.4625
2026-04-11 01:40:51,939 INFO Epoch 3 [4260/5134] loss=0.2661
2026-04-11 01:41:00,940 INFO Epoch 3 [4270/5134] loss=0.3836
2026-04-11 01:41:07,536 INFO Epoch 3 [4280/5134] loss=0.2392
2026-04-11 01:41:17,322 INFO Epoch 3 [4290/5134] loss=0.4039
2026-04-11 01:41:24,111 INFO Epoch 3 [4300/5134] loss=0.4125
2026-04-11 01:41:32,773 INFO Epoch 3 [4310/5134] loss=0.4277
2026-04-11 01:41:39,328 INFO Epoch 3 [4320/5134] loss=0.2588
2026-04-11 01:41:48,573 INFO Epoch 3 [4330/5134] loss=0.3400
2026-04-11 01:41:55,504 INFO Epoch 3 [4340/5134] loss=0.2878
2026-04-11 01:42:04,762 INFO Epoch 3 [4350/5134] loss=0.3920
2026-04-11 01:42:11,491 INFO Epoch 3 [4360/5134] loss=0.2091
2026-04-11 01:42:20,940 INFO Epoch 3 [4370/5134] loss=0.2066
2026-04-11 01:42:27,088 INFO Epoch 3 [4380/5134] loss=0.3513
2026-04-11 01:42:36,341 INFO Epoch 3 [4390/5134] loss=0.1579
2026-04-11 01:42:42,308 INFO Epoch 3 [4400/5134] loss=0.4328
2026-04-11 01:42:51,314 INFO Epoch 3 [4410/5134] loss=0.3907
2026-04-11 01:42:58,218 INFO Epoch 3 [4420/5134] loss=0.1518
2026-04-11 01:43:07,335 INFO Epoch 3 [4430/5134] loss=0.2405
2026-04-11 01:43:14,279 INFO Epoch 3 [4440/5134] loss=0.2494
2026-04-11 01:43:23,328 INFO Epoch 3 [4450/5134] loss=0.5253
2026-04-11 01:43:30,464 INFO Epoch 3 [4460/5134] loss=0.3825
2026-04-11 01:43:39,135 INFO Epoch 3 [4470/5134] loss=0.1372
2026-04-11 01:43:45,887 INFO Epoch 3 [4480/5134] loss=0.2453
2026-04-11 01:43:54,708 INFO Epoch 3 [4490/5134] loss=0.4449
2026-04-11 01:44:01,571 INFO Epoch 3 [4500/5134] loss=0.3534
2026-04-11 01:44:10,248 INFO Epoch 3 [4510/5134] loss=0.3631
2026-04-11 01:44:16,598 INFO Epoch 3 [4520/5134] loss=0.4831
2026-04-11 01:44:24,512 INFO Epoch 3 [4530/5134] loss=0.3305
2026-04-11 01:44:29,918 INFO Epoch 3 [4540/5134] loss=0.2463
2026-04-11 01:44:37,476 INFO Epoch 3 [4550/5134] loss=0.3674
2026-04-11 01:44:43,320 INFO Epoch 3 [4560/5134] loss=0.2305
2026-04-11 01:44:51,006 INFO Epoch 3 [4570/5134] loss=0.0905
2026-04-11 01:44:57,199 INFO Epoch 3 [4580/5134] loss=0.3078
2026-04-11 01:45:04,822 INFO Epoch 3 [4590/5134] loss=0.2124
2026-04-11 01:45:10,032 INFO Epoch 3 [4600/5134] loss=0.4045
2026-04-11 01:45:17,686 INFO Epoch 3 [4610/5134] loss=0.2352
2026-04-11 01:45:23,348 INFO Epoch 3 [4620/5134] loss=0.1901
2026-04-11 01:45:30,887 INFO Epoch 3 [4630/5134] loss=0.1357
2026-04-11 01:45:36,851 INFO Epoch 3 [4640/5134] loss=0.4446
2026-04-11 01:45:44,465 INFO Epoch 3 [4650/5134] loss=0.4831
2026-04-11 01:45:49,950 INFO Epoch 3 [4660/5134] loss=0.4842
2026-04-11 01:45:58,235 INFO Epoch 3 [4670/5134] loss=0.2248
2026-04-11 01:46:03,756 INFO Epoch 3 [4680/5134] loss=0.3883
2026-04-11 01:46:11,286 INFO Epoch 3 [4690/5134] loss=0.2778
2026-04-11 01:46:16,664 INFO Epoch 3 [4700/5134] loss=0.1525
2026-04-11 01:46:24,281 INFO Epoch 3 [4710/5134] loss=0.2231
2026-04-11 01:46:30,241 INFO Epoch 3 [4720/5134] loss=0.1957
2026-04-11 01:46:37,821 INFO Epoch 3 [4730/5134] loss=0.0675
2026-04-11 01:46:43,838 INFO Epoch 3 [4740/5134] loss=0.3684
2026-04-11 01:46:51,814 INFO Epoch 3 [4750/5134] loss=0.2479
2026-04-11 01:46:57,238 INFO Epoch 3 [4760/5134] loss=0.0935
2026-04-11 01:47:05,232 INFO Epoch 3 [4770/5134] loss=0.1929
2026-04-11 01:47:11,188 INFO Epoch 3 [4780/5134] loss=0.3440
2026-04-11 01:47:18,576 INFO Epoch 3 [4790/5134] loss=0.2621
2026-04-11 01:47:23,998 INFO Epoch 3 [4800/5134] loss=0.2359
2026-04-11 01:47:31,453 INFO Epoch 3 [4810/5134] loss=0.2263
2026-04-11 01:47:37,034 INFO Epoch 3 [4820/5134] loss=0.3920
2026-04-11 01:47:44,399 INFO Epoch 3 [4830/5134] loss=0.4481
2026-04-11 01:47:50,463 INFO Epoch 3 [4840/5134] loss=0.3672
2026-04-11 01:47:57,876 INFO Epoch 3 [4850/5134] loss=0.4127
2026-04-11 01:48:03,918 INFO Epoch 3 [4860/5134] loss=0.4316
2026-04-11 01:48:11,779 INFO Epoch 3 [4870/5134] loss=0.1065
2026-04-11 01:48:17,405 INFO Epoch 3 [4880/5134] loss=0.3666
2026-04-11 01:48:25,392 INFO Epoch 3 [4890/5134] loss=0.2023
2026-04-11 01:48:30,966 INFO Epoch 3 [4900/5134] loss=0.0802
2026-04-11 01:48:39,202 INFO Epoch 3 [4910/5134] loss=0.1887
2026-04-11 01:48:44,977 INFO Epoch 3 [4920/5134] loss=0.2045
2026-04-11 01:48:52,963 INFO Epoch 3 [4930/5134] loss=0.3218
2026-04-11 01:48:58,268 INFO Epoch 3 [4940/5134] loss=0.3122
2026-04-11 01:49:06,028 INFO Epoch 3 [4950/5134] loss=0.4532
2026-04-11 01:49:12,100 INFO Epoch 3 [4960/5134] loss=0.2492
2026-04-11 01:49:19,890 INFO Epoch 3 [4970/5134] loss=0.3321
2026-04-11 01:49:25,834 INFO Epoch 3 [4980/5134] loss=0.3413
2026-04-11 01:49:34,196 INFO Epoch 3 [4990/5134] loss=0.4109
2026-04-11 01:49:40,125 INFO Epoch 3 [5000/5134] loss=0.3142
2026-04-11 01:49:47,386 INFO Epoch 3 [5010/5134] loss=0.2475
2026-04-11 01:49:53,329 INFO Epoch 3 [5020/5134] loss=0.1444
2026-04-11 01:50:00,996 INFO Epoch 3 [5030/5134] loss=0.2567
2026-04-11 01:50:06,444 INFO Epoch 3 [5040/5134] loss=0.3821
2026-04-11 01:50:14,713 INFO Epoch 3 [5050/5134] loss=0.2426
2026-04-11 01:50:20,518 INFO Epoch 3 [5060/5134] loss=0.3149
2026-04-11 01:50:28,345 INFO Epoch 3 [5070/5134] loss=0.5008
2026-04-11 01:50:34,491 INFO Epoch 3 [5080/5134] loss=0.2702
2026-04-11 01:50:42,780 INFO Epoch 3 [5090/5134] loss=0.2337
2026-04-11 01:50:48,278 INFO Epoch 3 [5100/5134] loss=0.2736
2026-04-11 01:50:56,579 INFO Epoch 3 [5110/5134] loss=0.4644
2026-04-11 01:51:02,244 INFO Epoch 3 [5120/5134] loss=0.3630
2026-04-11 01:51:09,759 INFO Epoch 3 [5130/5134] loss=0.3659
2026-04-11 02:21:17,118 INFO Epoch 3/15 (5056s) lr=0.000090 | train_loss=0.2881 train_iou=0.2484 | val_loss=0.4555 val_iou=0.3848 val_dice=0.3955 val_f1=0.1004
2026-04-11 02:21:17,222 INFO   New best IoU: 0.3848
2026-04-11 02:21:31,252 INFO Epoch 4 [0/5134] loss=0.7237
2026-04-11 02:21:36,481 INFO Epoch 4 [10/5134] loss=0.1628
2026-04-11 02:21:43,425 INFO Epoch 4 [20/5134] loss=0.1182
2026-04-11 02:21:48,830 INFO Epoch 4 [30/5134] loss=0.2648
2026-04-11 02:21:55,843 INFO Epoch 4 [40/5134] loss=0.1368
2026-04-11 02:22:01,361 INFO Epoch 4 [50/5134] loss=0.1046
2026-04-11 02:22:07,425 INFO Epoch 4 [60/5134] loss=0.3098
2026-04-11 02:22:12,981 INFO Epoch 4 [70/5134] loss=0.1952
2026-04-11 02:22:19,801 INFO Epoch 4 [80/5134] loss=0.1893
2026-04-11 02:22:24,972 INFO Epoch 4 [90/5134] loss=0.1432
2026-04-11 02:22:32,099 INFO Epoch 4 [100/5134] loss=0.0880
2026-04-11 02:22:37,186 INFO Epoch 4 [110/5134] loss=0.2612
2026-04-11 02:22:43,435 INFO Epoch 4 [120/5134] loss=0.0532
2026-04-11 02:22:49,592 INFO Epoch 4 [130/5134] loss=0.1415
2026-04-11 02:22:55,278 INFO Epoch 4 [140/5134] loss=0.1075
2026-04-11 02:23:01,655 INFO Epoch 4 [150/5134] loss=0.2568
2026-04-11 02:23:08,103 INFO Epoch 4 [160/5134] loss=0.1081
2026-04-11 02:23:13,633 INFO Epoch 4 [170/5134] loss=0.0483
2026-04-11 02:23:20,110 INFO Epoch 4 [180/5134] loss=0.2238
2026-04-11 02:23:25,792 INFO Epoch 4 [190/5134] loss=0.0811
2026-04-11 02:23:32,155 INFO Epoch 4 [200/5134] loss=0.2098
2026-04-11 02:23:38,010 INFO Epoch 4 [210/5134] loss=0.1607
2026-04-11 02:23:44,470 INFO Epoch 4 [220/5134] loss=0.0638
2026-04-11 02:23:49,734 INFO Epoch 4 [230/5134] loss=0.0732
2026-04-11 02:23:57,177 INFO Epoch 4 [240/5134] loss=0.0731
2026-04-11 02:24:02,372 INFO Epoch 4 [250/5134] loss=0.1105
2026-04-11 02:24:08,476 INFO Epoch 4 [260/5134] loss=0.3981
2026-04-11 02:24:14,120 INFO Epoch 4 [270/5134] loss=0.0756
2026-04-11 02:24:20,809 INFO Epoch 4 [280/5134] loss=0.0653
2026-04-11 02:24:25,807 INFO Epoch 4 [290/5134] loss=0.2502
2026-04-11 02:24:32,188 INFO Epoch 4 [300/5134] loss=0.1346
2026-04-11 02:24:38,476 INFO Epoch 4 [310/5134] loss=0.0772
2026-04-11 02:24:44,929 INFO Epoch 4 [320/5134] loss=0.0720
2026-04-11 02:24:51,068 INFO Epoch 4 [330/5134] loss=0.0818
2026-04-11 02:24:57,004 INFO Epoch 4 [340/5134] loss=0.1367
2026-04-11 02:25:03,073 INFO Epoch 4 [350/5134] loss=0.1155
2026-04-11 02:25:10,503 INFO Epoch 4 [360/5134] loss=0.1788
2026-04-11 02:25:15,962 INFO Epoch 4 [370/5134] loss=0.0823
2026-04-11 02:25:22,667 INFO Epoch 4 [380/5134] loss=0.1242
2026-04-11 02:25:28,566 INFO Epoch 4 [390/5134] loss=0.0810
2026-04-11 02:25:34,852 INFO Epoch 4 [400/5134] loss=0.2341
2026-04-11 02:25:40,110 INFO Epoch 4 [410/5134] loss=0.1487
2026-04-11 02:25:47,011 INFO Epoch 4 [420/5134] loss=0.0774
2026-04-11 02:25:52,641 INFO Epoch 4 [430/5134] loss=0.1466
2026-04-11 02:25:59,865 INFO Epoch 4 [440/5134] loss=0.1405
2026-04-11 02:26:04,947 INFO Epoch 4 [450/5134] loss=0.1018
2026-04-11 02:26:11,960 INFO Epoch 4 [460/5134] loss=0.4142
2026-04-11 02:26:17,574 INFO Epoch 4 [470/5134] loss=0.2614
2026-04-11 02:26:24,124 INFO Epoch 4 [480/5134] loss=0.1432
2026-04-11 02:26:28,708 INFO Epoch 4 [490/5134] loss=0.2409
2026-04-11 02:26:35,486 INFO Epoch 4 [500/5134] loss=0.1623
2026-04-11 02:26:40,753 INFO Epoch 4 [510/5134] loss=0.0666
2026-04-11 02:26:48,432 INFO Epoch 4 [520/5134] loss=0.5065
2026-04-11 02:26:52,900 INFO Epoch 4 [530/5134] loss=0.1203
2026-04-11 02:26:59,577 INFO Epoch 4 [540/5134] loss=0.1646
2026-04-11 02:27:03,999 INFO Epoch 4 [550/5134] loss=0.0629
2026-04-11 02:27:10,640 INFO Epoch 4 [560/5134] loss=0.0883
2026-04-11 02:27:15,408 INFO Epoch 4 [570/5134] loss=0.2566
2026-04-11 02:27:22,193 INFO Epoch 4 [580/5134] loss=0.2287
2026-04-11 02:27:26,985 INFO Epoch 4 [590/5134] loss=0.2027
2026-04-11 02:27:33,727 INFO Epoch 4 [600/5134] loss=0.2029
2026-04-11 02:27:38,663 INFO Epoch 4 [610/5134] loss=0.1962
2026-04-11 02:27:44,919 INFO Epoch 4 [620/5134] loss=0.2686
2026-04-11 02:27:50,346 INFO Epoch 4 [630/5134] loss=0.2513
2026-04-11 02:27:56,956 INFO Epoch 4 [640/5134] loss=0.2179
2026-04-11 02:28:02,634 INFO Epoch 4 [650/5134] loss=0.1899
2026-04-11 02:28:09,285 INFO Epoch 4 [660/5134] loss=0.3115
2026-04-11 02:28:14,611 INFO Epoch 4 [670/5134] loss=0.4558
2026-04-11 02:28:20,984 INFO Epoch 4 [680/5134] loss=0.1321
2026-04-11 02:28:25,749 INFO Epoch 4 [690/5134] loss=0.1296
2026-04-11 02:28:33,044 INFO Epoch 4 [700/5134] loss=0.4369
2026-04-11 02:28:38,114 INFO Epoch 4 [710/5134] loss=0.2798
2026-04-11 02:28:45,253 INFO Epoch 4 [720/5134] loss=0.2264
2026-04-11 02:28:50,770 INFO Epoch 4 [730/5134] loss=0.3380
2026-04-11 02:28:57,144 INFO Epoch 4 [740/5134] loss=0.3126
2026-04-11 02:29:01,845 INFO Epoch 4 [750/5134] loss=0.3876
2026-04-11 02:29:08,294 INFO Epoch 4 [760/5134] loss=0.3334
2026-04-11 02:29:13,447 INFO Epoch 4 [770/5134] loss=0.2580
2026-04-11 02:29:20,090 INFO Epoch 4 [780/5134] loss=0.4599
2026-04-11 02:29:25,215 INFO Epoch 4 [790/5134] loss=0.3588
2026-04-11 02:29:32,028 INFO Epoch 4 [800/5134] loss=0.1636
2026-04-11 02:29:37,236 INFO Epoch 4 [810/5134] loss=0.3108
2026-04-11 02:29:44,325 INFO Epoch 4 [820/5134] loss=0.3521
2026-04-11 02:29:49,244 INFO Epoch 4 [830/5134] loss=0.4347
2026-04-11 02:29:55,741 INFO Epoch 4 [840/5134] loss=0.1993
2026-04-11 02:30:00,776 INFO Epoch 4 [850/5134] loss=0.2933
2026-04-11 02:30:07,152 INFO Epoch 4 [860/5134] loss=0.3590
2026-04-11 02:30:12,208 INFO Epoch 4 [870/5134] loss=0.4124
2026-04-11 02:30:19,461 INFO Epoch 4 [880/5134] loss=0.3718
2026-04-11 02:30:24,795 INFO Epoch 4 [890/5134] loss=0.3788
2026-04-11 02:30:30,829 INFO Epoch 4 [900/5134] loss=0.2916
2026-04-11 02:30:35,375 INFO Epoch 4 [910/5134] loss=0.4707
2026-04-11 02:30:41,996 INFO Epoch 4 [920/5134] loss=0.1759
2026-04-11 02:30:47,202 INFO Epoch 4 [930/5134] loss=0.2385
2026-04-11 02:30:53,616 INFO Epoch 4 [940/5134] loss=0.1672
2026-04-11 02:30:59,137 INFO Epoch 4 [950/5134] loss=0.3378
2026-04-11 02:31:05,053 INFO Epoch 4 [960/5134] loss=0.2291
2026-04-11 02:31:10,768 INFO Epoch 4 [970/5134] loss=0.4528
2026-04-11 02:31:17,367 INFO Epoch 4 [980/5134] loss=0.2975
2026-04-11 02:31:22,191 INFO Epoch 4 [990/5134] loss=0.1832
2026-04-11 02:31:28,502 INFO Epoch 4 [1000/5134] loss=0.3515
2026-04-11 02:31:33,787 INFO Epoch 4 [1010/5134] loss=0.2289
2026-04-11 02:31:39,104 INFO Epoch 4 [1020/5134] loss=0.4273
2026-04-11 02:31:45,114 INFO Epoch 4 [1030/5134] loss=0.4595
2026-04-11 02:31:50,537 INFO Epoch 4 [1040/5134] loss=0.0968
2026-04-11 02:31:56,432 INFO Epoch 4 [1050/5134] loss=0.4255
2026-04-11 02:32:02,668 INFO Epoch 4 [1060/5134] loss=0.4404
2026-04-11 02:32:08,276 INFO Epoch 4 [1070/5134] loss=0.4143
2026-04-11 02:32:15,520 INFO Epoch 4 [1080/5134] loss=0.2750
2026-04-11 02:32:20,808 INFO Epoch 4 [1090/5134] loss=0.1990
2026-04-11 02:32:27,498 INFO Epoch 4 [1100/5134] loss=0.2484
2026-04-11 02:32:32,782 INFO Epoch 4 [1110/5134] loss=0.2303
2026-04-11 02:32:38,785 INFO Epoch 4 [1120/5134] loss=0.2905
2026-04-11 02:32:43,417 INFO Epoch 4 [1130/5134] loss=0.1050
2026-04-11 02:32:49,595 INFO Epoch 4 [1140/5134] loss=0.1900
2026-04-11 02:32:54,796 INFO Epoch 4 [1150/5134] loss=0.4768
2026-04-11 02:33:01,787 INFO Epoch 4 [1160/5134] loss=0.3184
2026-04-11 02:33:06,821 INFO Epoch 4 [1170/5134] loss=0.3383
2026-04-11 02:33:13,433 INFO Epoch 4 [1180/5134] loss=0.3981
2026-04-11 02:33:18,881 INFO Epoch 4 [1190/5134] loss=0.4517
2026-04-11 02:33:25,268 INFO Epoch 4 [1200/5134] loss=0.0621
2026-04-11 02:33:30,316 INFO Epoch 4 [1210/5134] loss=0.4572
2026-04-11 02:33:36,824 INFO Epoch 4 [1220/5134] loss=0.1542
2026-04-11 02:33:41,312 INFO Epoch 4 [1230/5134] loss=0.1947
2026-04-11 02:33:46,952 INFO Epoch 4 [1240/5134] loss=0.1602
2026-04-11 02:33:52,143 INFO Epoch 4 [1250/5134] loss=0.4690
2026-04-11 02:33:58,459 INFO Epoch 4 [1260/5134] loss=0.4666
2026-04-11 02:34:04,758 INFO Epoch 4 [1270/5134] loss=0.2303
2026-04-11 02:34:10,619 INFO Epoch 4 [1280/5134] loss=0.2578
2026-04-11 02:34:16,375 INFO Epoch 4 [1290/5134] loss=0.2785
2026-04-11 02:34:22,686 INFO Epoch 4 [1300/5134] loss=0.3163
2026-04-11 02:34:28,455 INFO Epoch 4 [1310/5134] loss=0.4281
2026-04-11 02:34:35,403 INFO Epoch 4 [1320/5134] loss=0.1275
2026-04-11 02:34:40,469 INFO Epoch 4 [1330/5134] loss=0.2603
2026-04-11 02:34:47,830 INFO Epoch 4 [1340/5134] loss=0.3807
2026-04-11 02:34:52,836 INFO Epoch 4 [1350/5134] loss=0.4561
2026-04-11 02:34:59,000 INFO Epoch 4 [1360/5134] loss=0.2390
2026-04-11 02:35:03,808 INFO Epoch 4 [1370/5134] loss=0.3609
2026-04-11 02:35:09,935 INFO Epoch 4 [1380/5134] loss=0.1936
2026-04-11 02:35:14,904 INFO Epoch 4 [1390/5134] loss=0.3438
2026-04-11 02:35:21,200 INFO Epoch 4 [1400/5134] loss=0.2434
2026-04-11 02:35:26,933 INFO Epoch 4 [1410/5134] loss=0.3215
2026-04-11 02:35:33,808 INFO Epoch 4 [1420/5134] loss=0.1664
2026-04-11 02:35:39,031 INFO Epoch 4 [1430/5134] loss=0.3052
2026-04-11 02:35:45,015 INFO Epoch 4 [1440/5134] loss=0.2964
2026-04-11 02:35:50,295 INFO Epoch 4 [1450/5134] loss=0.1737
2026-04-11 02:35:57,317 INFO Epoch 4 [1460/5134] loss=0.4929
2026-04-11 02:36:02,341 INFO Epoch 4 [1470/5134] loss=0.1282
2026-04-11 02:36:08,726 INFO Epoch 4 [1480/5134] loss=0.0485
2026-04-11 02:36:13,718 INFO Epoch 4 [1490/5134] loss=0.2331
2026-04-11 02:36:20,331 INFO Epoch 4 [1500/5134] loss=0.2413
2026-04-11 02:36:25,394 INFO Epoch 4 [1510/5134] loss=0.4266
2026-04-11 02:36:31,756 INFO Epoch 4 [1520/5134] loss=0.2695
2026-04-11 02:36:36,772 INFO Epoch 4 [1530/5134] loss=0.1747
2026-04-11 02:36:43,579 INFO Epoch 4 [1540/5134] loss=0.1035
2026-04-11 02:36:48,535 INFO Epoch 4 [1550/5134] loss=0.2233
2026-04-11 02:36:55,884 INFO Epoch 4 [1560/5134] loss=0.1191
2026-04-11 02:37:00,390 INFO Epoch 4 [1570/5134] loss=0.3843
2026-04-11 02:37:06,608 INFO Epoch 4 [1580/5134] loss=0.3802
2026-04-11 02:37:11,138 INFO Epoch 4 [1590/5134] loss=0.2274
2026-04-11 02:37:17,517 INFO Epoch 4 [1600/5134] loss=0.3282
2026-04-11 02:37:21,914 INFO Epoch 4 [1610/5134] loss=0.2153
2026-04-11 02:37:28,778 INFO Epoch 4 [1620/5134] loss=0.0989
2026-04-11 02:37:33,788 INFO Epoch 4 [1630/5134] loss=0.3895
2026-04-11 02:37:40,505 INFO Epoch 4 [1640/5134] loss=0.4735
2026-04-11 02:37:45,527 INFO Epoch 4 [1650/5134] loss=0.4585
2026-04-11 02:37:51,979 INFO Epoch 4 [1660/5134] loss=0.4300
2026-04-11 02:37:57,184 INFO Epoch 4 [1670/5134] loss=0.3558
2026-04-11 02:38:04,272 INFO Epoch 4 [1680/5134] loss=0.3542
2026-04-11 02:38:08,515 INFO Epoch 4 [1690/5134] loss=0.2598
2026-04-11 02:38:15,541 INFO Epoch 4 [1700/5134] loss=0.2555
2026-04-11 02:38:20,559 INFO Epoch 4 [1710/5134] loss=0.2964
2026-04-11 02:38:26,575 INFO Epoch 4 [1720/5134] loss=0.3772
2026-04-11 02:38:31,274 INFO Epoch 4 [1730/5134] loss=0.1110
2026-04-11 02:38:38,360 INFO Epoch 4 [1740/5134] loss=0.4495
2026-04-11 02:38:43,041 INFO Epoch 4 [1750/5134] loss=0.2094
2026-04-11 02:38:49,189 INFO Epoch 4 [1760/5134] loss=0.2374
2026-04-11 02:38:54,503 INFO Epoch 4 [1770/5134] loss=0.1995
2026-04-11 02:39:01,497 INFO Epoch 4 [1780/5134] loss=0.5035
2026-04-11 02:39:06,321 INFO Epoch 4 [1790/5134] loss=0.1935
2026-04-11 02:39:13,384 INFO Epoch 4 [1800/5134] loss=0.0729
2026-04-11 02:39:17,720 INFO Epoch 4 [1810/5134] loss=0.3690
2026-04-11 02:39:23,789 INFO Epoch 4 [1820/5134] loss=0.2290
2026-04-11 02:39:29,458 INFO Epoch 4 [1830/5134] loss=0.3552
2026-04-11 02:39:35,314 INFO Epoch 4 [1840/5134] loss=0.2433
2026-04-11 02:39:41,829 INFO Epoch 4 [1850/5134] loss=0.0970
2026-04-11 02:39:46,933 INFO Epoch 4 [1860/5134] loss=0.3280
2026-04-11 02:39:52,664 INFO Epoch 4 [1870/5134] loss=0.0813
2026-04-11 02:39:58,981 INFO Epoch 4 [1880/5134] loss=0.2061
2026-04-11 02:40:03,873 INFO Epoch 4 [1890/5134] loss=0.0737
2026-04-11 02:40:09,921 INFO Epoch 4 [1900/5134] loss=0.4394
2026-04-11 02:40:15,264 INFO Epoch 4 [1910/5134] loss=0.2066
2026-04-11 02:40:20,751 INFO Epoch 4 [1920/5134] loss=0.4570
2026-04-11 02:40:27,118 INFO Epoch 4 [1930/5134] loss=0.3088
2026-04-11 02:40:32,456 INFO Epoch 4 [1940/5134] loss=0.3100
2026-04-11 02:40:38,774 INFO Epoch 4 [1950/5134] loss=0.3016
2026-04-11 02:40:44,313 INFO Epoch 4 [1960/5134] loss=0.2208
2026-04-11 02:40:50,078 INFO Epoch 4 [1970/5134] loss=0.3224
2026-04-11 02:40:56,796 INFO Epoch 4 [1980/5134] loss=0.1625
2026-04-11 02:41:02,669 INFO Epoch 4 [1990/5134] loss=0.1776
2026-04-11 02:41:07,843 INFO Epoch 4 [2000/5134] loss=0.4942
2026-04-11 02:41:15,208 INFO Epoch 4 [2010/5134] loss=0.2839
2026-04-11 02:41:20,134 INFO Epoch 4 [2020/5134] loss=0.1564
2026-04-11 02:41:26,622 INFO Epoch 4 [2030/5134] loss=0.3050
2026-04-11 02:41:31,039 INFO Epoch 4 [2040/5134] loss=0.2726
2026-04-11 02:41:37,318 INFO Epoch 4 [2050/5134] loss=0.3313
2026-04-11 02:41:42,750 INFO Epoch 4 [2060/5134] loss=0.1725
2026-04-11 02:41:49,454 INFO Epoch 4 [2070/5134] loss=0.4536
2026-04-11 02:41:54,669 INFO Epoch 4 [2080/5134] loss=0.2181
2026-04-11 02:42:01,030 INFO Epoch 4 [2090/5134] loss=0.2672
2026-04-11 02:42:06,232 INFO Epoch 4 [2100/5134] loss=0.0901
2026-04-11 02:42:12,568 INFO Epoch 4 [2110/5134] loss=0.3908
2026-04-11 02:42:16,932 INFO Epoch 4 [2120/5134] loss=0.2684
2026-04-11 02:42:24,722 INFO Epoch 4 [2130/5134] loss=0.2794
2026-04-11 02:42:29,567 INFO Epoch 4 [2140/5134] loss=0.3052
2026-04-11 02:42:36,719 INFO Epoch 4 [2150/5134] loss=0.3229
2026-04-11 02:42:42,267 INFO Epoch 4 [2160/5134] loss=0.1846
2026-04-11 02:42:48,726 INFO Epoch 4 [2170/5134] loss=0.2219
2026-04-11 02:42:53,246 INFO Epoch 4 [2180/5134] loss=0.4643
2026-04-11 02:43:00,318 INFO Epoch 4 [2190/5134] loss=0.4096
2026-04-11 02:43:05,541 INFO Epoch 4 [2200/5134] loss=0.2127
2026-04-11 02:43:12,246 INFO Epoch 4 [2210/5134] loss=0.3569
2026-04-11 02:43:17,503 INFO Epoch 4 [2220/5134] loss=0.2952
2026-04-11 02:43:24,464 INFO Epoch 4 [2230/5134] loss=0.2920
2026-04-11 02:43:29,419 INFO Epoch 4 [2240/5134] loss=0.1510
2026-04-11 02:43:36,434 INFO Epoch 4 [2250/5134] loss=0.3710
2026-04-11 02:43:41,007 INFO Epoch 4 [2260/5134] loss=0.1884
2026-04-11 02:43:47,838 INFO Epoch 4 [2270/5134] loss=0.3998
2026-04-11 02:43:52,914 INFO Epoch 4 [2280/5134] loss=0.2414
2026-04-11 02:43:59,487 INFO Epoch 4 [2290/5134] loss=0.0426
2026-04-11 02:44:04,426 INFO Epoch 4 [2300/5134] loss=0.4741
2026-04-11 02:44:11,364 INFO Epoch 4 [2310/5134] loss=0.1386
2026-04-11 02:44:17,089 INFO Epoch 4 [2320/5134] loss=0.2148
2026-04-11 02:44:24,537 INFO Epoch 4 [2330/5134] loss=0.3610
2026-04-11 02:44:29,909 INFO Epoch 4 [2340/5134] loss=0.3547
2026-04-11 02:44:36,899 INFO Epoch 4 [2350/5134] loss=0.3046
2026-04-11 02:44:42,281 INFO Epoch 4 [2360/5134] loss=0.4545
2026-04-11 02:44:50,093 INFO Epoch 4 [2370/5134] loss=0.3696
2026-04-11 02:44:55,564 INFO Epoch 4 [2380/5134] loss=0.4270
2026-04-11 02:45:02,363 INFO Epoch 4 [2390/5134] loss=0.3744
2026-04-11 02:45:07,854 INFO Epoch 4 [2400/5134] loss=0.4247
2026-04-11 02:45:15,477 INFO Epoch 4 [2410/5134] loss=0.1077
2026-04-11 02:45:20,841 INFO Epoch 4 [2420/5134] loss=0.2126
2026-04-11 02:45:27,438 INFO Epoch 4 [2430/5134] loss=0.3378
2026-04-11 02:45:32,997 INFO Epoch 4 [2440/5134] loss=0.1581
2026-04-11 02:45:40,855 INFO Epoch 4 [2450/5134] loss=0.2736
2026-04-11 02:45:46,406 INFO Epoch 4 [2460/5134] loss=0.3030
2026-04-11 02:45:53,933 INFO Epoch 4 [2470/5134] loss=0.2922
2026-04-11 02:45:59,274 INFO Epoch 4 [2480/5134] loss=0.3946
2026-04-11 02:46:06,634 INFO Epoch 4 [2490/5134] loss=0.2548
2026-04-11 02:46:12,058 INFO Epoch 4 [2500/5134] loss=0.0940
2026-04-11 02:46:19,282 INFO Epoch 4 [2510/5134] loss=0.1590
2026-04-11 02:46:24,646 INFO Epoch 4 [2520/5134] loss=0.3993
2026-04-11 02:46:31,853 INFO Epoch 4 [2530/5134] loss=0.2197
2026-04-11 02:46:36,758 INFO Epoch 4 [2540/5134] loss=0.1674
2026-04-11 02:46:45,079 INFO Epoch 4 [2550/5134] loss=0.2539
2026-04-11 02:46:50,461 INFO Epoch 4 [2560/5134] loss=0.1786
2026-04-11 02:46:57,140 INFO Epoch 4 [2570/5134] loss=0.4324
2026-04-11 02:47:02,783 INFO Epoch 4 [2580/5134] loss=0.3602
2026-04-11 02:47:10,683 INFO Epoch 4 [2590/5134] loss=0.3226
2026-04-11 02:47:16,046 INFO Epoch 4 [2600/5134] loss=0.4132
2026-04-11 02:47:22,861 INFO Epoch 4 [2610/5134] loss=0.4116
2026-04-11 02:47:28,436 INFO Epoch 4 [2620/5134] loss=0.2523
2026-04-11 02:47:35,607 INFO Epoch 4 [2630/5134] loss=0.1207
2026-04-11 02:47:41,437 INFO Epoch 4 [2640/5134] loss=0.4236
2026-04-11 02:47:49,035 INFO Epoch 4 [2650/5134] loss=0.4128
2026-04-11 02:47:55,028 INFO Epoch 4 [2660/5134] loss=0.5043
2026-04-11 02:48:02,659 INFO Epoch 4 [2670/5134] loss=0.3486
2026-04-11 02:48:07,626 INFO Epoch 4 [2680/5134] loss=0.1550
2026-04-11 02:48:15,490 INFO Epoch 4 [2690/5134] loss=0.3860
2026-04-11 02:48:20,634 INFO Epoch 4 [2700/5134] loss=0.4572
2026-04-11 02:48:27,673 INFO Epoch 4 [2710/5134] loss=0.2916
2026-04-11 02:48:33,002 INFO Epoch 4 [2720/5134] loss=0.2640
2026-04-11 02:48:40,425 INFO Epoch 4 [2730/5134] loss=0.3752
2026-04-11 02:48:45,756 INFO Epoch 4 [2740/5134] loss=0.2784
2026-04-11 02:48:52,655 INFO Epoch 4 [2750/5134] loss=0.2198
2026-04-11 02:48:57,616 INFO Epoch 4 [2760/5134] loss=0.3733
2026-04-11 02:49:05,154 INFO Epoch 4 [2770/5134] loss=0.3171
2026-04-11 02:49:10,849 INFO Epoch 4 [2780/5134] loss=0.3567
2026-04-11 02:49:18,201 INFO Epoch 4 [2790/5134] loss=0.3054
2026-04-11 02:49:23,782 INFO Epoch 4 [2800/5134] loss=0.2675
2026-04-11 02:49:31,118 INFO Epoch 4 [2810/5134] loss=0.1589
2026-04-11 02:49:36,793 INFO Epoch 4 [2820/5134] loss=0.2764
2026-04-11 02:49:44,574 INFO Epoch 4 [2830/5134] loss=0.2728
2026-04-11 02:49:50,112 INFO Epoch 4 [2840/5134] loss=0.4689
2026-04-11 02:49:56,595 INFO Epoch 4 [2850/5134] loss=0.1516
2026-04-11 02:50:02,328 INFO Epoch 4 [2860/5134] loss=0.3129
2026-04-11 02:50:09,554 INFO Epoch 4 [2870/5134] loss=0.1268
2026-04-11 02:50:14,569 INFO Epoch 4 [2880/5134] loss=0.3172
2026-04-11 02:50:21,772 INFO Epoch 4 [2890/5134] loss=0.3576
2026-04-11 02:50:27,337 INFO Epoch 4 [2900/5134] loss=0.1850
2026-04-11 02:50:34,755 INFO Epoch 4 [2910/5134] loss=0.1355
2026-04-11 02:50:40,183 INFO Epoch 4 [2920/5134] loss=0.3306
2026-04-11 02:50:47,227 INFO Epoch 4 [2930/5134] loss=0.3088
2026-04-11 02:50:51,673 INFO Epoch 4 [2940/5134] loss=0.4471
2026-04-11 02:50:58,751 INFO Epoch 4 [2950/5134] loss=0.3921
2026-04-11 02:51:04,169 INFO Epoch 4 [2960/5134] loss=0.3477
2026-04-11 02:51:11,216 INFO Epoch 4 [2970/5134] loss=0.2069
2026-04-11 02:51:16,516 INFO Epoch 4 [2980/5134] loss=0.2677
2026-04-11 02:51:23,701 INFO Epoch 4 [2990/5134] loss=0.3202
2026-04-11 02:51:29,712 INFO Epoch 4 [3000/5134] loss=0.1234
2026-04-11 02:51:37,563 INFO Epoch 4 [3010/5134] loss=0.2337
2026-04-11 02:51:43,664 INFO Epoch 4 [3020/5134] loss=0.1998
2026-04-11 02:51:50,981 INFO Epoch 4 [3030/5134] loss=0.3058
2026-04-11 02:51:57,070 INFO Epoch 4 [3040/5134] loss=0.2121
2026-04-11 02:52:04,804 INFO Epoch 4 [3050/5134] loss=0.2522
2026-04-11 02:52:09,621 INFO Epoch 4 [3060/5134] loss=0.1969
2026-04-11 02:52:17,091 INFO Epoch 4 [3070/5134] loss=0.2158
2026-04-11 02:52:22,485 INFO Epoch 4 [3080/5134] loss=0.4370
2026-04-11 02:52:29,985 INFO Epoch 4 [3090/5134] loss=0.4498
2026-04-11 02:52:35,467 INFO Epoch 4 [3100/5134] loss=0.2055
2026-04-11 02:52:42,610 INFO Epoch 4 [3110/5134] loss=0.3209
2026-04-11 02:52:47,760 INFO Epoch 4 [3120/5134] loss=0.1444
2026-04-11 02:52:55,517 INFO Epoch 4 [3130/5134] loss=0.4108
2026-04-11 02:53:00,511 INFO Epoch 4 [3140/5134] loss=0.3983
2026-04-11 02:53:08,393 INFO Epoch 4 [3150/5134] loss=0.2491
2026-04-11 02:53:13,750 INFO Epoch 4 [3160/5134] loss=0.1801
2026-04-11 02:53:21,338 INFO Epoch 4 [3170/5134] loss=0.2186
2026-04-11 02:53:26,687 INFO Epoch 4 [3180/5134] loss=0.3176
2026-04-11 02:53:33,766 INFO Epoch 4 [3190/5134] loss=0.3370
2026-04-11 02:53:38,501 INFO Epoch 4 [3200/5134] loss=0.1601
2026-04-11 02:53:46,128 INFO Epoch 4 [3210/5134] loss=0.2167
2026-04-11 02:53:50,851 INFO Epoch 4 [3220/5134] loss=0.0797
2026-04-11 02:53:57,741 INFO Epoch 4 [3230/5134] loss=0.2921
2026-04-11 02:54:02,822 INFO Epoch 4 [3240/5134] loss=0.2534
2026-04-11 02:54:09,384 INFO Epoch 4 [3250/5134] loss=0.1193
2026-04-11 02:54:15,793 INFO Epoch 4 [3260/5134] loss=0.2004
2026-04-11 02:54:22,003 INFO Epoch 4 [3270/5134] loss=0.2699
2026-04-11 02:54:28,118 INFO Epoch 4 [3280/5134] loss=0.1675
2026-04-11 02:54:34,765 INFO Epoch 4 [3290/5134] loss=0.1815
2026-04-11 02:54:40,949 INFO Epoch 4 [3300/5134] loss=0.2047
2026-04-11 02:54:47,083 INFO Epoch 4 [3310/5134] loss=0.3613
2026-04-11 02:54:53,498 INFO Epoch 4 [3320/5134] loss=0.1030
2026-04-11 02:54:59,980 INFO Epoch 4 [3330/5134] loss=0.3320
2026-04-11 02:55:06,920 INFO Epoch 4 [3340/5134] loss=0.3718
2026-04-11 02:55:13,010 INFO Epoch 4 [3350/5134] loss=0.1211
2026-04-11 02:55:19,470 INFO Epoch 4 [3360/5134] loss=0.4709
2026-04-11 02:55:25,575 INFO Epoch 4 [3370/5134] loss=0.2884
2026-04-11 02:55:32,943 INFO Epoch 4 [3380/5134] loss=0.2269
2026-04-11 02:55:38,290 INFO Epoch 4 [3390/5134] loss=0.2149
2026-04-11 02:55:44,945 INFO Epoch 4 [3400/5134] loss=0.1467
2026-04-11 02:55:50,548 INFO Epoch 4 [3410/5134] loss=0.2777
2026-04-11 02:55:56,922 INFO Epoch 4 [3420/5134] loss=0.3572
2026-04-11 02:56:02,682 INFO Epoch 4 [3430/5134] loss=0.4150
2026-04-11 02:56:10,048 INFO Epoch 4 [3440/5134] loss=0.2984
2026-04-11 02:56:15,385 INFO Epoch 4 [3450/5134] loss=0.3245
2026-04-11 02:56:22,745 INFO Epoch 4 [3460/5134] loss=0.3791
2026-04-11 02:56:28,648 INFO Epoch 4 [3470/5134] loss=0.3592
2026-04-11 02:56:35,966 INFO Epoch 4 [3480/5134] loss=0.0808
2026-04-11 02:56:41,358 INFO Epoch 4 [3490/5134] loss=0.1579
2026-04-11 02:56:48,464 INFO Epoch 4 [3500/5134] loss=0.2205
2026-04-11 02:56:54,005 INFO Epoch 4 [3510/5134] loss=0.1848
2026-04-11 02:57:00,671 INFO Epoch 4 [3520/5134] loss=0.4582
2026-04-11 02:57:06,193 INFO Epoch 4 [3530/5134] loss=0.1959
2026-04-11 02:57:12,815 INFO Epoch 4 [3540/5134] loss=0.0769
2026-04-11 02:57:18,154 INFO Epoch 4 [3550/5134] loss=0.1269
2026-04-11 02:57:25,487 INFO Epoch 4 [3560/5134] loss=0.3558
2026-04-11 02:57:31,045 INFO Epoch 4 [3570/5134] loss=0.3384
2026-04-11 02:57:38,223 INFO Epoch 4 [3580/5134] loss=0.3876
2026-04-11 02:57:43,473 INFO Epoch 4 [3590/5134] loss=0.4760
2026-04-11 02:57:51,093 INFO Epoch 4 [3600/5134] loss=0.3759
2026-04-11 02:57:56,268 INFO Epoch 4 [3610/5134] loss=0.2566
2026-04-11 02:58:04,172 INFO Epoch 4 [3620/5134] loss=0.3316
2026-04-11 02:58:09,918 INFO Epoch 4 [3630/5134] loss=0.0428
2026-04-11 02:58:17,694 INFO Epoch 4 [3640/5134] loss=0.3381
2026-04-11 02:58:23,449 INFO Epoch 4 [3650/5134] loss=0.2407
2026-04-11 02:58:29,999 INFO Epoch 4 [3660/5134] loss=0.3366
2026-04-11 02:58:35,651 INFO Epoch 4 [3670/5134] loss=0.4019
2026-04-11 02:58:42,873 INFO Epoch 4 [3680/5134] loss=0.1889
2026-04-11 02:58:48,647 INFO Epoch 4 [3690/5134] loss=0.2100
2026-04-11 02:58:55,417 INFO Epoch 4 [3700/5134] loss=0.1940
2026-04-11 02:59:00,379 INFO Epoch 4 [3710/5134] loss=0.4571
2026-04-11 02:59:07,614 INFO Epoch 4 [3720/5134] loss=0.1492
2026-04-11 02:59:13,566 INFO Epoch 4 [3730/5134] loss=0.2735
2026-04-11 02:59:21,251 INFO Epoch 4 [3740/5134] loss=0.1029
2026-04-11 02:59:26,437 INFO Epoch 4 [3750/5134] loss=0.1366
2026-04-11 02:59:33,990 INFO Epoch 4 [3760/5134] loss=0.5121
2026-04-11 02:59:39,192 INFO Epoch 4 [3770/5134] loss=0.3215
2026-04-11 02:59:45,518 INFO Epoch 4 [3780/5134] loss=0.2904
2026-04-11 02:59:50,814 INFO Epoch 4 [3790/5134] loss=0.1496
2026-04-11 02:59:57,312 INFO Epoch 4 [3800/5134] loss=0.1599
2026-04-11 03:00:03,377 INFO Epoch 4 [3810/5134] loss=0.4455
2026-04-11 03:00:09,980 INFO Epoch 4 [3820/5134] loss=0.3397
2026-04-11 03:00:16,337 INFO Epoch 4 [3830/5134] loss=0.2276
2026-04-11 03:00:22,738 INFO Epoch 4 [3840/5134] loss=0.1188
2026-04-11 03:00:29,737 INFO Epoch 4 [3850/5134] loss=0.2437
2026-04-11 03:00:34,830 INFO Epoch 4 [3860/5134] loss=0.1782
2026-04-11 03:00:41,827 INFO Epoch 4 [3870/5134] loss=0.2999
2026-04-11 03:00:47,649 INFO Epoch 4 [3880/5134] loss=0.0762
2026-04-11 03:00:54,633 INFO Epoch 4 [3890/5134] loss=0.4583
2026-04-11 03:01:00,501 INFO Epoch 4 [3900/5134] loss=0.4687
2026-04-11 03:01:07,340 INFO Epoch 4 [3910/5134] loss=0.1619
2026-04-11 03:01:13,309 INFO Epoch 4 [3920/5134] loss=0.3073
2026-04-11 03:01:20,811 INFO Epoch 4 [3930/5134] loss=0.2722
2026-04-11 03:01:25,948 INFO Epoch 4 [3940/5134] loss=0.3604
2026-04-11 03:01:32,858 INFO Epoch 4 [3950/5134] loss=0.4432
2026-04-11 03:01:38,393 INFO Epoch 4 [3960/5134] loss=0.1489
2026-04-11 03:01:45,113 INFO Epoch 4 [3970/5134] loss=0.2791
2026-04-11 03:01:50,283 INFO Epoch 4 [3980/5134] loss=0.4060
2026-04-11 03:01:57,841 INFO Epoch 4 [3990/5134] loss=0.3279
2026-04-11 03:02:03,131 INFO Epoch 4 [4000/5134] loss=0.2746
2026-04-11 03:02:10,723 INFO Epoch 4 [4010/5134] loss=0.3881
2026-04-11 03:02:16,563 INFO Epoch 4 [4020/5134] loss=0.3000
2026-04-11 03:02:24,389 INFO Epoch 4 [4030/5134] loss=0.3865
2026-04-11 03:02:30,186 INFO Epoch 4 [4040/5134] loss=0.2423
2026-04-11 03:02:36,812 INFO Epoch 4 [4050/5134] loss=0.4583
2026-04-11 03:02:42,254 INFO Epoch 4 [4060/5134] loss=0.3313
2026-04-11 03:02:49,798 INFO Epoch 4 [4070/5134] loss=0.3407
2026-04-11 03:02:55,682 INFO Epoch 4 [4080/5134] loss=0.1108
2026-04-11 03:03:03,007 INFO Epoch 4 [4090/5134] loss=0.0710
2026-04-11 03:03:07,709 INFO Epoch 4 [4100/5134] loss=0.3837
2026-04-11 03:03:14,575 INFO Epoch 4 [4110/5134] loss=0.3727
2026-04-11 03:03:20,046 INFO Epoch 4 [4120/5134] loss=0.1377
2026-04-11 03:03:27,519 INFO Epoch 4 [4130/5134] loss=0.1154
2026-04-11 03:03:33,255 INFO Epoch 4 [4140/5134] loss=0.2583
2026-04-11 03:03:40,419 INFO Epoch 4 [4150/5134] loss=0.2515
2026-04-11 03:03:45,788 INFO Epoch 4 [4160/5134] loss=0.1842
2026-04-11 03:03:53,571 INFO Epoch 4 [4170/5134] loss=0.2044
2026-04-11 03:04:00,111 INFO Epoch 4 [4180/5134] loss=0.2191
2026-04-11 03:04:09,597 INFO Epoch 4 [4190/5134] loss=0.2606
2026-04-11 03:04:16,328 INFO Epoch 4 [4200/5134] loss=0.3745
2026-04-11 03:04:25,692 INFO Epoch 4 [4210/5134] loss=0.4228
2026-04-11 03:04:32,109 INFO Epoch 4 [4220/5134] loss=0.0681
2026-04-11 03:04:40,745 INFO Epoch 4 [4230/5134] loss=0.2789
2026-04-11 03:04:47,222 INFO Epoch 4 [4240/5134] loss=0.3786
2026-04-11 03:04:55,830 INFO Epoch 4 [4250/5134] loss=0.2641
2026-04-11 03:05:02,223 INFO Epoch 4 [4260/5134] loss=0.4359
2026-04-11 03:05:11,121 INFO Epoch 4 [4270/5134] loss=0.4404
2026-04-11 03:05:18,552 INFO Epoch 4 [4280/5134] loss=0.1961
2026-04-11 03:05:26,831 INFO Epoch 4 [4290/5134] loss=0.3395
2026-04-11 03:05:34,594 INFO Epoch 4 [4300/5134] loss=0.1289
2026-04-11 03:05:42,045 INFO Epoch 4 [4310/5134] loss=0.4389
2026-04-11 03:05:49,540 INFO Epoch 4 [4320/5134] loss=0.4128
2026-04-11 03:05:58,513 INFO Epoch 4 [4330/5134] loss=0.2869
2026-04-11 03:06:04,883 INFO Epoch 4 [4340/5134] loss=0.1519
2026-04-11 03:06:13,707 INFO Epoch 4 [4350/5134] loss=0.4696
2026-04-11 03:06:20,981 INFO Epoch 4 [4360/5134] loss=0.2683
2026-04-11 03:06:28,571 INFO Epoch 4 [4370/5134] loss=0.1869
2026-04-11 03:06:37,260 INFO Epoch 4 [4380/5134] loss=0.4672
2026-04-11 03:06:43,822 INFO Epoch 4 [4390/5134] loss=0.2367
2026-04-11 03:06:51,901 INFO Epoch 4 [4400/5134] loss=0.2503
2026-04-11 03:06:59,531 INFO Epoch 4 [4410/5134] loss=0.2816
2026-04-11 03:07:08,293 INFO Epoch 4 [4420/5134] loss=0.3421
2026-04-11 03:07:14,853 INFO Epoch 4 [4430/5134] loss=0.3920
2026-04-11 03:07:23,673 INFO Epoch 4 [4440/5134] loss=0.0602
2026-04-11 03:07:30,394 INFO Epoch 4 [4450/5134] loss=0.4079
2026-04-11 03:07:39,051 INFO Epoch 4 [4460/5134] loss=0.2036
2026-04-11 03:07:45,997 INFO Epoch 4 [4470/5134] loss=0.4334
2026-04-11 03:07:54,221 INFO Epoch 4 [4480/5134] loss=0.1067
2026-04-11 03:08:02,022 INFO Epoch 4 [4490/5134] loss=0.3930
2026-04-11 03:08:10,488 INFO Epoch 4 [4500/5134] loss=0.0908
2026-04-11 03:08:17,431 INFO Epoch 4 [4510/5134] loss=0.4724
2026-04-11 03:08:24,741 INFO Epoch 4 [4520/5134] loss=0.3877
2026-04-11 03:08:30,924 INFO Epoch 4 [4530/5134] loss=0.3708
2026-04-11 03:08:38,295 INFO Epoch 4 [4540/5134] loss=0.4138
2026-04-11 03:08:44,879 INFO Epoch 4 [4550/5134] loss=0.1958
2026-04-11 03:08:52,121 INFO Epoch 4 [4560/5134] loss=0.1606
2026-04-11 03:08:58,556 INFO Epoch 4 [4570/5134] loss=0.4279
2026-04-11 03:09:04,905 INFO Epoch 4 [4580/5134] loss=0.2357
2026-04-11 03:09:11,748 INFO Epoch 4 [4590/5134] loss=0.4385
2026-04-11 03:09:18,945 INFO Epoch 4 [4600/5134] loss=0.3966
2026-04-11 03:09:25,061 INFO Epoch 4 [4610/5134] loss=0.1015
2026-04-11 03:09:32,440 INFO Epoch 4 [4620/5134] loss=0.3686
2026-04-11 03:09:38,271 INFO Epoch 4 [4630/5134] loss=0.2431
2026-04-11 03:09:46,226 INFO Epoch 4 [4640/5134] loss=0.1935
2026-04-11 03:09:51,951 INFO Epoch 4 [4650/5134] loss=0.4286
2026-04-11 03:09:59,738 INFO Epoch 4 [4660/5134] loss=0.1761
2026-04-11 03:10:05,205 INFO Epoch 4 [4670/5134] loss=0.1819
2026-04-11 03:10:13,388 INFO Epoch 4 [4680/5134] loss=0.3119
2026-04-11 03:10:18,852 INFO Epoch 4 [4690/5134] loss=0.2737
2026-04-11 03:10:26,000 INFO Epoch 4 [4700/5134] loss=0.2925
2026-04-11 03:10:32,642 INFO Epoch 4 [4710/5134] loss=0.1739
2026-04-11 03:10:39,542 INFO Epoch 4 [4720/5134] loss=0.4074
2026-04-11 03:10:46,163 INFO Epoch 4 [4730/5134] loss=0.2786
2026-04-11 03:10:53,356 INFO Epoch 4 [4740/5134] loss=0.4079
2026-04-11 03:10:59,197 INFO Epoch 4 [4750/5134] loss=0.1205
2026-04-11 03:11:06,815 INFO Epoch 4 [4760/5134] loss=0.4154
2026-04-11 03:11:12,549 INFO Epoch 4 [4770/5134] loss=0.2826
2026-04-11 03:11:20,410 INFO Epoch 4 [4780/5134] loss=0.4284
2026-04-11 03:11:26,139 INFO Epoch 4 [4790/5134] loss=0.5216
2026-04-11 03:11:33,315 INFO Epoch 4 [4800/5134] loss=0.1366
2026-04-11 03:11:39,885 INFO Epoch 4 [4810/5134] loss=0.1752
2026-04-11 03:11:46,778 INFO Epoch 4 [4820/5134] loss=0.1047
2026-04-11 03:11:52,922 INFO Epoch 4 [4830/5134] loss=0.0792
2026-04-11 03:12:00,048 INFO Epoch 4 [4840/5134] loss=0.0326
2026-04-11 03:12:06,453 INFO Epoch 4 [4850/5134] loss=0.0837
2026-04-11 03:12:13,777 INFO Epoch 4 [4860/5134] loss=0.2862
2026-04-11 03:12:20,049 INFO Epoch 4 [4870/5134] loss=0.3263
2026-04-11 03:12:27,584 INFO Epoch 4 [4880/5134] loss=0.3290
2026-04-11 03:12:33,236 INFO Epoch 4 [4890/5134] loss=0.4481
2026-04-11 03:12:40,513 INFO Epoch 4 [4900/5134] loss=0.0917
2026-04-11 03:12:46,774 INFO Epoch 4 [4910/5134] loss=0.1607
2026-04-11 03:12:53,519 INFO Epoch 4 [4920/5134] loss=0.3849
2026-04-11 03:12:59,852 INFO Epoch 4 [4930/5134] loss=0.2579
2026-04-11 03:13:07,194 INFO Epoch 4 [4940/5134] loss=0.3040
2026-04-11 03:13:13,650 INFO Epoch 4 [4950/5134] loss=0.2607
2026-04-11 03:13:21,346 INFO Epoch 4 [4960/5134] loss=0.3132
2026-04-11 03:13:27,496 INFO Epoch 4 [4970/5134] loss=0.3163
2026-04-11 03:13:35,276 INFO Epoch 4 [4980/5134] loss=0.2187
2026-04-11 03:13:40,886 INFO Epoch 4 [4990/5134] loss=0.2479
2026-04-11 03:13:48,385 INFO Epoch 4 [5000/5134] loss=0.3309
2026-04-11 03:13:54,160 INFO Epoch 4 [5010/5134] loss=0.4630
2026-04-11 03:14:01,506 INFO Epoch 4 [5020/5134] loss=0.0778
2026-04-11 03:14:08,290 INFO Epoch 4 [5030/5134] loss=0.5310
2026-04-11 03:14:16,071 INFO Epoch 4 [5040/5134] loss=0.4439
2026-04-11 03:14:21,839 INFO Epoch 4 [5050/5134] loss=0.2529
2026-04-11 03:14:29,601 INFO Epoch 4 [5060/5134] loss=0.3855
2026-04-11 03:14:35,195 INFO Epoch 4 [5070/5134] loss=0.1350
2026-04-11 03:14:43,176 INFO Epoch 4 [5080/5134] loss=0.1768
2026-04-11 03:14:48,567 INFO Epoch 4 [5090/5134] loss=0.1196
2026-04-11 03:14:56,411 INFO Epoch 4 [5100/5134] loss=0.2399
2026-04-11 03:15:01,991 INFO Epoch 4 [5110/5134] loss=0.2931
2026-04-11 03:15:09,886 INFO Epoch 4 [5120/5134] loss=0.4715
2026-04-11 03:15:15,890 INFO Epoch 4 [5130/5134] loss=0.3026
2026-04-11 03:45:34,534 INFO Epoch 4/15 (5057s) lr=0.000083 | train_loss=0.2733 train_iou=0.2613 | val_loss=0.4521 val_iou=0.3134 val_dice=0.3249 val_f1=0.1108
2026-04-11 04:05:59,236 INFO Epoch 5 [0/5134] loss=0.5178
2026-04-11 04:06:04,583 INFO Epoch 5 [10/5134] loss=0.4233
2026-04-11 04:06:10,529 INFO Epoch 5 [20/5134] loss=0.4232
2026-04-11 04:06:15,900 INFO Epoch 5 [30/5134] loss=0.1026
2026-04-11 04:06:22,647 INFO Epoch 5 [40/5134] loss=0.0459
2026-04-11 04:06:27,980 INFO Epoch 5 [50/5134] loss=0.1119
2026-04-11 04:06:34,665 INFO Epoch 5 [60/5134] loss=0.1052
2026-04-11 04:06:39,548 INFO Epoch 5 [70/5134] loss=0.0919
2026-04-11 04:06:46,444 INFO Epoch 5 [80/5134] loss=0.0875
2026-04-11 04:06:51,725 INFO Epoch 5 [90/5134] loss=0.3320
2026-04-11 04:06:59,104 INFO Epoch 5 [100/5134] loss=0.0518
2026-04-11 04:07:04,160 INFO Epoch 5 [110/5134] loss=0.1733
2026-04-11 04:07:11,275 INFO Epoch 5 [120/5134] loss=0.0588
2026-04-11 04:07:17,551 INFO Epoch 5 [130/5134] loss=0.1218
2026-04-11 04:07:23,525 INFO Epoch 5 [140/5134] loss=0.0873
2026-04-11 04:07:29,784 INFO Epoch 5 [150/5134] loss=0.1284
2026-04-11 04:07:36,564 INFO Epoch 5 [160/5134] loss=0.0809
2026-04-11 04:07:42,039 INFO Epoch 5 [170/5134] loss=0.0683
2026-04-11 04:07:48,829 INFO Epoch 5 [180/5134] loss=0.0556
2026-04-11 04:07:54,987 INFO Epoch 5 [190/5134] loss=0.0538
2026-04-11 04:08:01,547 INFO Epoch 5 [200/5134] loss=0.1665
2026-04-11 04:08:07,047 INFO Epoch 5 [210/5134] loss=0.0644
2026-04-11 04:08:14,135 INFO Epoch 5 [220/5134] loss=0.0409
2026-04-11 04:08:19,400 INFO Epoch 5 [230/5134] loss=0.1730
2026-04-11 04:08:25,871 INFO Epoch 5 [240/5134] loss=0.0654
2026-04-11 04:08:31,554 INFO Epoch 5 [250/5134] loss=0.1742
2026-04-11 04:08:38,282 INFO Epoch 5 [260/5134] loss=0.0771
2026-04-11 04:08:43,573 INFO Epoch 5 [270/5134] loss=0.0294
2026-04-11 04:08:49,981 INFO Epoch 5 [280/5134] loss=0.1081
2026-04-11 04:08:55,638 INFO Epoch 5 [290/5134] loss=0.2243
2026-04-11 04:09:03,419 INFO Epoch 5 [300/5134] loss=0.1424
2026-04-11 04:09:08,384 INFO Epoch 5 [310/5134] loss=0.0731
2026-04-11 04:09:16,298 INFO Epoch 5 [320/5134] loss=0.1416
2026-04-11 04:09:21,387 INFO Epoch 5 [330/5134] loss=0.1781
2026-04-11 04:09:28,529 INFO Epoch 5 [340/5134] loss=0.1782
2026-04-11 04:09:34,465 INFO Epoch 5 [350/5134] loss=0.1390
2026-04-11 04:09:42,485 INFO Epoch 5 [360/5134] loss=0.1551
2026-04-11 04:09:47,367 INFO Epoch 5 [370/5134] loss=0.1327
2026-04-11 04:09:54,095 INFO Epoch 5 [380/5134] loss=0.1768
2026-04-11 04:09:59,460 INFO Epoch 5 [390/5134] loss=0.3584
2026-04-11 04:10:06,848 INFO Epoch 5 [400/5134] loss=0.1103
2026-04-11 04:10:11,856 INFO Epoch 5 [410/5134] loss=0.2183
2026-04-11 04:10:18,293 INFO Epoch 5 [420/5134] loss=0.2084
2026-04-11 04:10:23,828 INFO Epoch 5 [430/5134] loss=0.3088
2026-04-11 04:10:30,340 INFO Epoch 5 [440/5134] loss=0.1554
2026-04-11 04:10:35,337 INFO Epoch 5 [450/5134] loss=0.0830
2026-04-11 04:10:41,050 INFO Epoch 5 [460/5134] loss=0.2150
2026-04-11 04:10:48,172 INFO Epoch 5 [470/5134] loss=0.1483
2026-04-11 04:10:53,511 INFO Epoch 5 [480/5134] loss=0.2199
2026-04-11 04:10:59,645 INFO Epoch 5 [490/5134] loss=0.1640
2026-04-11 04:11:04,934 INFO Epoch 5 [500/5134] loss=0.1691
2026-04-11 04:11:10,586 INFO Epoch 5 [510/5134] loss=0.0614
2026-04-11 04:11:16,675 INFO Epoch 5 [520/5134] loss=0.0843
2026-04-11 04:11:22,199 INFO Epoch 5 [530/5134] loss=0.1970
2026-04-11 04:11:28,730 INFO Epoch 5 [540/5134] loss=0.1017
2026-04-11 04:11:34,184 INFO Epoch 5 [550/5134] loss=0.0792
2026-04-11 04:11:40,770 INFO Epoch 5 [560/5134] loss=0.1819
2026-04-11 04:11:45,735 INFO Epoch 5 [570/5134] loss=0.1998
2026-04-11 04:11:52,550 INFO Epoch 5 [580/5134] loss=0.4336
2026-04-11 04:11:57,812 INFO Epoch 5 [590/5134] loss=0.2285
2026-04-11 04:12:03,933 INFO Epoch 5 [600/5134] loss=0.1166
2026-04-11 04:12:08,667 INFO Epoch 5 [610/5134] loss=0.1264
2026-04-11 04:12:15,473 INFO Epoch 5 [620/5134] loss=0.1020
2026-04-11 04:12:20,655 INFO Epoch 5 [630/5134] loss=0.3444
2026-04-11 04:12:27,566 INFO Epoch 5 [640/5134] loss=0.0838
2026-04-11 04:12:33,527 INFO Epoch 5 [650/5134] loss=0.1508
2026-04-11 04:12:40,119 INFO Epoch 5 [660/5134] loss=0.1655
2026-04-11 04:12:45,576 INFO Epoch 5 [670/5134] loss=0.3257
2026-04-11 04:12:53,021 INFO Epoch 5 [680/5134] loss=0.1285
2026-04-11 04:12:57,579 INFO Epoch 5 [690/5134] loss=0.2693
2026-04-11 04:13:04,367 INFO Epoch 5 [700/5134] loss=0.3076
2026-04-11 04:13:09,619 INFO Epoch 5 [710/5134] loss=0.2244
2026-04-11 04:13:15,256 INFO Epoch 5 [720/5134] loss=0.2584
2026-04-11 04:13:20,165 INFO Epoch 5 [730/5134] loss=0.1692
2026-04-11 04:13:27,454 INFO Epoch 5 [740/5134] loss=0.4322
2026-04-11 04:13:32,471 INFO Epoch 5 [750/5134] loss=0.3583
2026-04-11 04:13:39,642 INFO Epoch 5 [760/5134] loss=0.3155
2026-04-11 04:13:43,789 INFO Epoch 5 [770/5134] loss=0.4965
2026-04-11 04:13:50,413 INFO Epoch 5 [780/5134] loss=0.0893
2026-04-11 04:13:55,192 INFO Epoch 5 [790/5134] loss=0.3622
2026-04-11 04:14:01,679 INFO Epoch 5 [800/5134] loss=0.3492
2026-04-11 04:14:06,989 INFO Epoch 5 [810/5134] loss=0.2866
2026-04-11 04:14:14,420 INFO Epoch 5 [820/5134] loss=0.4805
2026-04-11 04:14:19,791 INFO Epoch 5 [830/5134] loss=0.3512
2026-04-11 04:14:25,753 INFO Epoch 5 [840/5134] loss=0.2334
2026-04-11 04:14:30,994 INFO Epoch 5 [850/5134] loss=0.3681
2026-04-11 04:14:37,224 INFO Epoch 5 [860/5134] loss=0.2474
2026-04-11 04:14:41,939 INFO Epoch 5 [870/5134] loss=0.2615
2026-04-11 04:14:48,444 INFO Epoch 5 [880/5134] loss=0.3955
2026-04-11 04:14:53,081 INFO Epoch 5 [890/5134] loss=0.4073
2026-04-11 04:15:00,523 INFO Epoch 5 [900/5134] loss=0.4643
2026-04-11 04:15:05,401 INFO Epoch 5 [910/5134] loss=0.1738
2026-04-11 04:15:12,993 INFO Epoch 5 [920/5134] loss=0.2887
2026-04-11 04:15:18,360 INFO Epoch 5 [930/5134] loss=0.4105
2026-04-11 04:15:25,173 INFO Epoch 5 [940/5134] loss=0.1249
2026-04-11 04:15:29,972 INFO Epoch 5 [950/5134] loss=0.2142
2026-04-11 04:15:36,352 INFO Epoch 5 [960/5134] loss=0.4245
2026-04-11 04:15:41,927 INFO Epoch 5 [970/5134] loss=0.4425
2026-04-11 04:15:48,602 INFO Epoch 5 [980/5134] loss=0.1433
2026-04-11 04:15:53,069 INFO Epoch 5 [990/5134] loss=0.2160
2026-04-11 04:15:59,929 INFO Epoch 5 [1000/5134] loss=0.1362
2026-04-11 04:16:05,693 INFO Epoch 5 [1010/5134] loss=0.1915
2026-04-11 04:16:12,682 INFO Epoch 5 [1020/5134] loss=0.2993
2026-04-11 04:16:17,276 INFO Epoch 5 [1030/5134] loss=0.1010
2026-04-11 04:16:23,430 INFO Epoch 5 [1040/5134] loss=0.4430
2026-04-11 04:16:28,451 INFO Epoch 5 [1050/5134] loss=0.2783
2026-04-11 04:16:34,590 INFO Epoch 5 [1060/5134] loss=0.4691
2026-04-11 04:16:39,514 INFO Epoch 5 [1070/5134] loss=0.1553
2026-04-11 04:16:45,802 INFO Epoch 5 [1080/5134] loss=0.3614
2026-04-11 04:16:51,145 INFO Epoch 5 [1090/5134] loss=0.3462
2026-04-11 04:16:57,301 INFO Epoch 5 [1100/5134] loss=0.1258
2026-04-11 04:17:02,462 INFO Epoch 5 [1110/5134] loss=0.4016
2026-04-11 04:17:08,958 INFO Epoch 5 [1120/5134] loss=0.3020
2026-04-11 04:17:14,492 INFO Epoch 5 [1130/5134] loss=0.5043
2026-04-11 04:17:20,332 INFO Epoch 5 [1140/5134] loss=0.4526
2026-04-11 04:17:25,442 INFO Epoch 5 [1150/5134] loss=0.3144
2026-04-11 04:17:31,625 INFO Epoch 5 [1160/5134] loss=0.3315
2026-04-11 04:17:37,076 INFO Epoch 5 [1170/5134] loss=0.5139
2026-04-11 04:17:43,035 INFO Epoch 5 [1180/5134] loss=0.4970
2026-04-11 04:17:49,036 INFO Epoch 5 [1190/5134] loss=0.3458
2026-04-11 04:17:55,069 INFO Epoch 5 [1200/5134] loss=0.5186
2026-04-11 04:18:00,267 INFO Epoch 5 [1210/5134] loss=0.3045
2026-04-11 04:18:07,118 INFO Epoch 5 [1220/5134] loss=0.4768
2026-04-11 04:18:12,017 INFO Epoch 5 [1230/5134] loss=0.1540
2026-04-11 04:18:18,374 INFO Epoch 5 [1240/5134] loss=0.3851
2026-04-11 04:18:23,736 INFO Epoch 5 [1250/5134] loss=0.3446
2026-04-11 04:18:30,136 INFO Epoch 5 [1260/5134] loss=0.0933
2026-04-11 04:18:35,513 INFO Epoch 5 [1270/5134] loss=0.3176
2026-04-11 04:18:42,167 INFO Epoch 5 [1280/5134] loss=0.4933
2026-04-11 04:18:47,364 INFO Epoch 5 [1290/5134] loss=0.3046
2026-04-11 04:18:54,081 INFO Epoch 5 [1300/5134] loss=0.3293
2026-04-11 04:18:59,478 INFO Epoch 5 [1310/5134] loss=0.2663
2026-04-11 04:19:05,665 INFO Epoch 5 [1320/5134] loss=0.1290
2026-04-11 04:19:11,101 INFO Epoch 5 [1330/5134] loss=0.4587
2026-04-11 04:19:18,204 INFO Epoch 5 [1340/5134] loss=0.1311
2026-04-11 04:19:23,173 INFO Epoch 5 [1350/5134] loss=0.2481
2026-04-11 04:19:30,001 INFO Epoch 5 [1360/5134] loss=0.1512
2026-04-11 04:19:34,688 INFO Epoch 5 [1370/5134] loss=0.1753
2026-04-11 04:19:40,868 INFO Epoch 5 [1380/5134] loss=0.1790
2026-04-11 04:19:45,634 INFO Epoch 5 [1390/5134] loss=0.1053
2026-04-11 04:19:52,647 INFO Epoch 5 [1400/5134] loss=0.4674
2026-04-11 04:19:58,483 INFO Epoch 5 [1410/5134] loss=0.2611
2026-04-11 04:20:05,476 INFO Epoch 5 [1420/5134] loss=0.3735
2026-04-11 04:20:10,743 INFO Epoch 5 [1430/5134] loss=0.3696
2026-04-11 04:20:16,851 INFO Epoch 5 [1440/5134] loss=0.1212
2026-04-11 04:20:21,460 INFO Epoch 5 [1450/5134] loss=0.1993
2026-04-11 04:20:27,288 INFO Epoch 5 [1460/5134] loss=0.5105
2026-04-11 04:20:33,067 INFO Epoch 5 [1470/5134] loss=0.3183
2026-04-11 04:20:39,024 INFO Epoch 5 [1480/5134] loss=0.3187
2026-04-11 04:20:44,359 INFO Epoch 5 [1490/5134] loss=0.1028
2026-04-11 04:20:49,857 INFO Epoch 5 [1500/5134] loss=0.3079
2026-04-11 04:20:55,587 INFO Epoch 5 [1510/5134] loss=0.2044
2026-04-11 04:21:01,917 INFO Epoch 5 [1520/5134] loss=0.4157
2026-04-11 04:21:07,472 INFO Epoch 5 [1530/5134] loss=0.1484
2026-04-11 04:21:13,186 INFO Epoch 5 [1540/5134] loss=0.1197
2026-04-11 04:21:19,370 INFO Epoch 5 [1550/5134] loss=0.3909
2026-04-11 04:21:24,153 INFO Epoch 5 [1560/5134] loss=0.0408
2026-04-11 04:21:31,403 INFO Epoch 5 [1570/5134] loss=0.2044
2026-04-11 04:21:36,317 INFO Epoch 5 [1580/5134] loss=0.1423
2026-04-11 04:21:43,216 INFO Epoch 5 [1590/5134] loss=0.3781
2026-04-11 04:21:48,582 INFO Epoch 5 [1600/5134] loss=0.1845
2026-04-11 04:21:55,608 INFO Epoch 5 [1610/5134] loss=0.3166
2026-04-11 04:22:00,351 INFO Epoch 5 [1620/5134] loss=0.0882
2026-04-11 04:22:07,394 INFO Epoch 5 [1630/5134] loss=0.2131
2026-04-11 04:22:12,146 INFO Epoch 5 [1640/5134] loss=0.1740
2026-04-11 04:22:18,615 INFO Epoch 5 [1650/5134] loss=0.4057
2026-04-11 04:22:23,808 INFO Epoch 5 [1660/5134] loss=0.3300
2026-04-11 04:22:30,976 INFO Epoch 5 [1670/5134] loss=0.2194
2026-04-11 04:22:35,732 INFO Epoch 5 [1680/5134] loss=0.1886
2026-04-11 04:22:41,590 INFO Epoch 5 [1690/5134] loss=0.3986
2026-04-11 04:22:46,864 INFO Epoch 5 [1700/5134] loss=0.2280
2026-04-11 04:22:52,630 INFO Epoch 5 [1710/5134] loss=0.2484
2026-04-11 04:22:57,969 INFO Epoch 5 [1720/5134] loss=0.3295
2026-04-11 04:23:04,249 INFO Epoch 5 [1730/5134] loss=0.3764
2026-04-11 04:23:09,482 INFO Epoch 5 [1740/5134] loss=0.3548
2026-04-11 04:23:15,365 INFO Epoch 5 [1750/5134] loss=0.1793
2026-04-11 04:23:21,246 INFO Epoch 5 [1760/5134] loss=0.2098
2026-04-11 04:23:27,441 INFO Epoch 5 [1770/5134] loss=0.4753
2026-04-11 04:23:33,008 INFO Epoch 5 [1780/5134] loss=0.2748
2026-04-11 04:23:37,985 INFO Epoch 5 [1790/5134] loss=0.3333
2026-04-11 04:23:43,886 INFO Epoch 5 [1800/5134] loss=0.3970
2026-04-11 04:23:49,297 INFO Epoch 5 [1810/5134] loss=0.1807
2026-04-11 04:23:56,103 INFO Epoch 5 [1820/5134] loss=0.3072
2026-04-11 04:24:00,977 INFO Epoch 5 [1830/5134] loss=0.2870
2026-04-11 04:24:08,013 INFO Epoch 5 [1840/5134] loss=0.3447
2026-04-11 04:24:13,176 INFO Epoch 5 [1850/5134] loss=0.2022
2026-04-11 04:24:20,349 INFO Epoch 5 [1860/5134] loss=0.3271
2026-04-11 04:24:24,910 INFO Epoch 5 [1870/5134] loss=0.1097
2026-04-11 04:24:30,744 INFO Epoch 5 [1880/5134] loss=0.3951
2026-04-11 04:24:36,305 INFO Epoch 5 [1890/5134] loss=0.2689
2026-04-11 04:24:42,767 INFO Epoch 5 [1900/5134] loss=0.2567
2026-04-11 04:24:48,740 INFO Epoch 5 [1910/5134] loss=0.3418
2026-04-11 04:24:54,754 INFO Epoch 5 [1920/5134] loss=0.3160
2026-04-11 04:25:00,979 INFO Epoch 5 [1930/5134] loss=0.3435
2026-04-11 04:25:06,721 INFO Epoch 5 [1940/5134] loss=0.3015
2026-04-11 04:25:12,826 INFO Epoch 5 [1950/5134] loss=0.3971
2026-04-11 04:25:17,805 INFO Epoch 5 [1960/5134] loss=0.3220
2026-04-11 04:25:24,756 INFO Epoch 5 [1970/5134] loss=0.2106
2026-04-11 04:25:30,010 INFO Epoch 5 [1980/5134] loss=0.3057
2026-04-11 04:25:35,380 INFO Epoch 5 [1990/5134] loss=0.3197
2026-04-11 04:25:41,427 INFO Epoch 5 [2000/5134] loss=0.2915
2026-04-11 04:25:47,380 INFO Epoch 5 [2010/5134] loss=0.4882
2026-04-11 04:25:53,114 INFO Epoch 5 [2020/5134] loss=0.1531
2026-04-11 04:25:58,993 INFO Epoch 5 [2030/5134] loss=0.3149
2026-04-11 04:26:05,260 INFO Epoch 5 [2040/5134] loss=0.2090
2026-04-11 04:26:11,080 INFO Epoch 5 [2050/5134] loss=0.1484
2026-04-11 04:26:16,735 INFO Epoch 5 [2060/5134] loss=0.1121
2026-04-11 04:26:23,691 INFO Epoch 5 [2070/5134] loss=0.3791
2026-04-11 04:26:29,523 INFO Epoch 5 [2080/5134] loss=0.2966
2026-04-11 04:26:36,169 INFO Epoch 5 [2090/5134] loss=0.1987
2026-04-11 04:26:41,442 INFO Epoch 5 [2100/5134] loss=0.4939
2026-04-11 04:26:47,797 INFO Epoch 5 [2110/5134] loss=0.2323
2026-04-11 04:26:52,459 INFO Epoch 5 [2120/5134] loss=0.1652
2026-04-11 04:26:59,895 INFO Epoch 5 [2130/5134] loss=0.4682
2026-04-11 04:27:04,667 INFO Epoch 5 [2140/5134] loss=0.3572
2026-04-11 04:27:11,371 INFO Epoch 5 [2150/5134] loss=0.1931
2026-04-11 04:27:16,013 INFO Epoch 5 [2160/5134] loss=0.2789
2026-04-11 04:27:22,384 INFO Epoch 5 [2170/5134] loss=0.2102
2026-04-11 04:27:27,145 INFO Epoch 5 [2180/5134] loss=0.3309
2026-04-11 04:27:33,303 INFO Epoch 5 [2190/5134] loss=0.0989
2026-04-11 04:27:38,678 INFO Epoch 5 [2200/5134] loss=0.0968
2026-04-11 04:27:45,524 INFO Epoch 5 [2210/5134] loss=0.3628
2026-04-11 04:27:50,300 INFO Epoch 5 [2220/5134] loss=0.4064
2026-04-11 04:27:57,291 INFO Epoch 5 [2230/5134] loss=0.1200
2026-04-11 04:28:01,880 INFO Epoch 5 [2240/5134] loss=0.3969
2026-04-11 04:28:08,277 INFO Epoch 5 [2250/5134] loss=0.3823
2026-04-11 04:28:13,036 INFO Epoch 5 [2260/5134] loss=0.4868
2026-04-11 04:28:19,306 INFO Epoch 5 [2270/5134] loss=0.2238
2026-04-11 04:28:24,322 INFO Epoch 5 [2280/5134] loss=0.4575
2026-04-11 04:28:30,942 INFO Epoch 5 [2290/5134] loss=0.1880
2026-04-11 04:28:36,503 INFO Epoch 5 [2300/5134] loss=0.1009
2026-04-11 04:28:42,728 INFO Epoch 5 [2310/5134] loss=0.3382
2026-04-11 04:28:47,857 INFO Epoch 5 [2320/5134] loss=0.2109
2026-04-11 04:28:54,422 INFO Epoch 5 [2330/5134] loss=0.4767
2026-04-11 04:28:59,468 INFO Epoch 5 [2340/5134] loss=0.2734
2026-04-11 04:29:06,338 INFO Epoch 5 [2350/5134] loss=0.4427
2026-04-11 04:29:11,772 INFO Epoch 5 [2360/5134] loss=0.3319
2026-04-11 04:29:19,681 INFO Epoch 5 [2370/5134] loss=0.3138
2026-04-11 04:29:24,815 INFO Epoch 5 [2380/5134] loss=0.2784
2026-04-11 04:29:31,473 INFO Epoch 5 [2390/5134] loss=0.4388
2026-04-11 04:29:36,851 INFO Epoch 5 [2400/5134] loss=0.1357
2026-04-11 04:29:44,434 INFO Epoch 5 [2410/5134] loss=0.4348
2026-04-11 04:29:50,011 INFO Epoch 5 [2420/5134] loss=0.2889
2026-04-11 04:29:57,919 INFO Epoch 5 [2430/5134] loss=0.2090
2026-04-11 04:30:03,471 INFO Epoch 5 [2440/5134] loss=0.4274
2026-04-11 04:30:11,318 INFO Epoch 5 [2450/5134] loss=0.3801
2026-04-11 04:30:16,582 INFO Epoch 5 [2460/5134] loss=0.3142
2026-04-11 04:30:23,575 INFO Epoch 5 [2470/5134] loss=0.4449
2026-04-11 04:30:28,722 INFO Epoch 5 [2480/5134] loss=0.2418
2026-04-11 04:30:36,747 INFO Epoch 5 [2490/5134] loss=0.3301
2026-04-11 04:30:42,134 INFO Epoch 5 [2500/5134] loss=0.4973
2026-04-11 04:30:49,053 INFO Epoch 5 [2510/5134] loss=0.3860
2026-04-11 04:30:55,068 INFO Epoch 5 [2520/5134] loss=0.3746
2026-04-11 04:31:02,273 INFO Epoch 5 [2530/5134] loss=0.0324
2026-04-11 04:31:07,866 INFO Epoch 5 [2540/5134] loss=0.3142
2026-04-11 04:31:14,942 INFO Epoch 5 [2550/5134] loss=0.0970
2026-04-11 04:31:20,444 INFO Epoch 5 [2560/5134] loss=0.2968
2026-04-11 04:31:28,013 INFO Epoch 5 [2570/5134] loss=0.3865
2026-04-11 04:31:33,038 INFO Epoch 5 [2580/5134] loss=0.0606
2026-04-11 04:31:40,285 INFO Epoch 5 [2590/5134] loss=0.1403
2026-04-11 04:31:45,675 INFO Epoch 5 [2600/5134] loss=0.2356
2026-04-11 04:31:52,778 INFO Epoch 5 [2610/5134] loss=0.3853
2026-04-11 04:31:58,788 INFO Epoch 5 [2620/5134] loss=0.1329
2026-04-11 04:32:05,569 INFO Epoch 5 [2630/5134] loss=0.0656
2026-04-11 04:32:10,542 INFO Epoch 5 [2640/5134] loss=0.2702
2026-04-11 04:32:17,307 INFO Epoch 5 [2650/5134] loss=0.2907
2026-04-11 04:32:23,192 INFO Epoch 5 [2660/5134] loss=0.1332
2026-04-11 04:32:30,195 INFO Epoch 5 [2670/5134] loss=0.4857
2026-04-11 04:32:35,252 INFO Epoch 5 [2680/5134] loss=0.0903
2026-04-11 04:32:41,942 INFO Epoch 5 [2690/5134] loss=0.2853
2026-04-11 04:32:47,584 INFO Epoch 5 [2700/5134] loss=0.2468
2026-04-11 04:32:54,685 INFO Epoch 5 [2710/5134] loss=0.2323
2026-04-11 04:33:00,371 INFO Epoch 5 [2720/5134] loss=0.0936
2026-04-11 04:33:07,326 INFO Epoch 5 [2730/5134] loss=0.1396
2026-04-11 04:33:13,002 INFO Epoch 5 [2740/5134] loss=0.1273
2026-04-11 04:33:19,610 INFO Epoch 5 [2750/5134] loss=0.3559
2026-04-11 04:33:25,553 INFO Epoch 5 [2760/5134] loss=0.2922
2026-04-11 04:33:31,738 INFO Epoch 5 [2770/5134] loss=0.1235
2026-04-11 04:33:38,320 INFO Epoch 5 [2780/5134] loss=0.3086
2026-04-11 04:33:44,521 INFO Epoch 5 [2790/5134] loss=0.1775
2026-04-11 04:33:50,570 INFO Epoch 5 [2800/5134] loss=0.3452
2026-04-11 04:33:56,874 INFO Epoch 5 [2810/5134] loss=0.4828
2026-04-11 04:34:02,795 INFO Epoch 5 [2820/5134] loss=0.2298
2026-04-11 04:34:09,702 INFO Epoch 5 [2830/5134] loss=0.1598
2026-04-11 04:34:16,194 INFO Epoch 5 [2840/5134] loss=0.0991
2026-04-11 04:34:22,188 INFO Epoch 5 [2850/5134] loss=0.2434
2026-04-11 04:34:28,634 INFO Epoch 5 [2860/5134] loss=0.4481
2026-04-11 04:34:34,242 INFO Epoch 5 [2870/5134] loss=0.2535
2026-04-11 04:34:41,551 INFO Epoch 5 [2880/5134] loss=0.1549
2026-04-11 04:34:47,425 INFO Epoch 5 [2890/5134] loss=0.1174
2026-04-11 04:34:53,574 INFO Epoch 5 [2900/5134] loss=0.0820
2026-04-11 04:35:00,293 INFO Epoch 5 [2910/5134] loss=0.2974
2026-04-11 04:35:06,086 INFO Epoch 5 [2920/5134] loss=0.2283
2026-04-11 04:35:13,186 INFO Epoch 5 [2930/5134] loss=0.2483
2026-04-11 04:35:18,565 INFO Epoch 5 [2940/5134] loss=0.3360
2026-04-11 04:35:26,035 INFO Epoch 5 [2950/5134] loss=0.3461
2026-04-11 04:35:30,941 INFO Epoch 5 [2960/5134] loss=0.3246
2026-04-11 04:35:38,273 INFO Epoch 5 [2970/5134] loss=0.2027
2026-04-11 04:35:43,927 INFO Epoch 5 [2980/5134] loss=0.1453
2026-04-11 04:35:50,620 INFO Epoch 5 [2990/5134] loss=0.1535
2026-04-11 04:35:56,586 INFO Epoch 5 [3000/5134] loss=0.1053
2026-04-11 04:36:03,642 INFO Epoch 5 [3010/5134] loss=0.0803
2026-04-11 04:36:09,745 INFO Epoch 5 [3020/5134] loss=0.3432
2026-04-11 04:36:16,735 INFO Epoch 5 [3030/5134] loss=0.2582
2026-04-11 04:36:21,896 INFO Epoch 5 [3040/5134] loss=0.4561
2026-04-11 04:36:28,534 INFO Epoch 5 [3050/5134] loss=0.1857
2026-04-11 04:36:34,551 INFO Epoch 5 [3060/5134] loss=0.0909
2026-04-11 04:36:40,533 INFO Epoch 5 [3070/5134] loss=0.2046
2026-04-11 04:36:48,215 INFO Epoch 5 [3080/5134] loss=0.1814
2026-04-11 04:36:53,927 INFO Epoch 5 [3090/5134] loss=0.2342
2026-04-11 04:37:01,371 INFO Epoch 5 [3100/5134] loss=0.3789
2026-04-11 04:37:06,729 INFO Epoch 5 [3110/5134] loss=0.1246
2026-04-11 04:37:14,389 INFO Epoch 5 [3120/5134] loss=0.3095
2026-04-11 04:37:19,531 INFO Epoch 5 [3130/5134] loss=0.2964
2026-04-11 04:37:26,005 INFO Epoch 5 [3140/5134] loss=0.3954
2026-04-11 04:37:31,948 INFO Epoch 5 [3150/5134] loss=0.1989
2026-04-11 04:37:38,976 INFO Epoch 5 [3160/5134] loss=0.2316
2026-04-11 04:37:44,189 INFO Epoch 5 [3170/5134] loss=0.2122
2026-04-11 04:37:52,155 INFO Epoch 5 [3180/5134] loss=0.1034
2026-04-11 04:37:57,739 INFO Epoch 5 [3190/5134] loss=0.2977
2026-04-11 04:38:04,511 INFO Epoch 5 [3200/5134] loss=0.2077
2026-04-11 04:38:10,184 INFO Epoch 5 [3210/5134] loss=0.3764
2026-04-11 04:38:17,212 INFO Epoch 5 [3220/5134] loss=0.1202
2026-04-11 04:38:23,332 INFO Epoch 5 [3230/5134] loss=0.1445
2026-04-11 04:38:29,544 INFO Epoch 5 [3240/5134] loss=0.4453
2026-04-11 04:38:36,081 INFO Epoch 5 [3250/5134] loss=0.2112
2026-04-11 04:38:42,225 INFO Epoch 5 [3260/5134] loss=0.3144
2026-04-11 04:38:48,422 INFO Epoch 5 [3270/5134] loss=0.2268
2026-04-11 04:38:53,970 INFO Epoch 5 [3280/5134] loss=0.4669
2026-04-11 04:39:00,404 INFO Epoch 5 [3290/5134] loss=0.3702
2026-04-11 04:39:06,442 INFO Epoch 5 [3300/5134] loss=0.3553
2026-04-11 04:39:14,383 INFO Epoch 5 [3310/5134] loss=0.1724
2026-04-11 04:39:19,686 INFO Epoch 5 [3320/5134] loss=0.4705
2026-04-11 04:39:27,545 INFO Epoch 5 [3330/5134] loss=0.4999
2026-04-11 04:39:32,841 INFO Epoch 5 [3340/5134] loss=0.0507
2026-04-11 04:39:40,344 INFO Epoch 5 [3350/5134] loss=0.3138
2026-04-11 04:39:45,726 INFO Epoch 5 [3360/5134] loss=0.3241
2026-04-11 04:39:52,948 INFO Epoch 5 [3370/5134] loss=0.3626
2026-04-11 04:39:58,119 INFO Epoch 5 [3380/5134] loss=0.1506
2026-04-11 04:40:05,007 INFO Epoch 5 [3390/5134] loss=0.2540
2026-04-11 04:40:10,911 INFO Epoch 5 [3400/5134] loss=0.1865
2026-04-11 04:40:17,943 INFO Epoch 5 [3410/5134] loss=0.4319
2026-04-11 04:40:22,751 INFO Epoch 5 [3420/5134] loss=0.1507
2026-04-11 04:40:29,602 INFO Epoch 5 [3430/5134] loss=0.4635
2026-04-11 04:40:35,288 INFO Epoch 5 [3440/5134] loss=0.4081
2026-04-11 04:40:42,776 INFO Epoch 5 [3450/5134] loss=0.1210
2026-04-11 04:40:47,889 INFO Epoch 5 [3460/5134] loss=0.4261
2026-04-11 04:40:54,808 INFO Epoch 5 [3470/5134] loss=0.3120
2026-04-11 04:41:00,062 INFO Epoch 5 [3480/5134] loss=0.4844
2026-04-11 04:41:07,530 INFO Epoch 5 [3490/5134] loss=0.4441
2026-04-11 04:41:12,953 INFO Epoch 5 [3500/5134] loss=0.1109
2026-04-11 04:41:19,875 INFO Epoch 5 [3510/5134] loss=0.4987
2026-04-11 04:41:25,599 INFO Epoch 5 [3520/5134] loss=0.0996
2026-04-11 04:41:32,820 INFO Epoch 5 [3530/5134] loss=0.3904
2026-04-11 04:41:38,042 INFO Epoch 5 [3540/5134] loss=0.1514
2026-04-11 04:41:45,205 INFO Epoch 5 [3550/5134] loss=0.3934
2026-04-11 04:41:51,052 INFO Epoch 5 [3560/5134] loss=0.1356
2026-04-11 04:41:57,968 INFO Epoch 5 [3570/5134] loss=0.3158
2026-04-11 04:42:03,702 INFO Epoch 5 [3580/5134] loss=0.4628
2026-04-11 04:42:10,958 INFO Epoch 5 [3590/5134] loss=0.1850
2026-04-11 04:42:16,675 INFO Epoch 5 [3600/5134] loss=0.2951
2026-04-11 04:42:24,233 INFO Epoch 5 [3610/5134] loss=0.4756
2026-04-11 04:42:30,159 INFO Epoch 5 [3620/5134] loss=0.1384
2026-04-11 04:42:37,050 INFO Epoch 5 [3630/5134] loss=0.0558
2026-04-11 04:42:42,465 INFO Epoch 5 [3640/5134] loss=0.1117
2026-04-11 04:42:50,011 INFO Epoch 5 [3650/5134] loss=0.3140
2026-04-11 04:42:55,640 INFO Epoch 5 [3660/5134] loss=0.4355
2026-04-11 04:43:02,844 INFO Epoch 5 [3670/5134] loss=0.2667
2026-04-11 04:43:08,462 INFO Epoch 5 [3680/5134] loss=0.2636
2026-04-11 04:43:15,078 INFO Epoch 5 [3690/5134] loss=0.2937
2026-04-11 04:43:20,323 INFO Epoch 5 [3700/5134] loss=0.4143
2026-04-11 04:43:28,228 INFO Epoch 5 [3710/5134] loss=0.2290
2026-04-11 04:43:33,194 INFO Epoch 5 [3720/5134] loss=0.1059
2026-04-11 04:43:40,640 INFO Epoch 5 [3730/5134] loss=0.0967
2026-04-11 04:43:45,535 INFO Epoch 5 [3740/5134] loss=0.1551
2026-04-11 04:43:52,323 INFO Epoch 5 [3750/5134] loss=0.2410
2026-04-11 04:43:57,858 INFO Epoch 5 [3760/5134] loss=0.2672
2026-04-11 04:44:05,978 INFO Epoch 5 [3770/5134] loss=0.2912
2026-04-11 04:44:11,203 INFO Epoch 5 [3780/5134] loss=0.2463
2026-04-11 04:44:18,819 INFO Epoch 5 [3790/5134] loss=0.1821
2026-04-11 04:44:23,966 INFO Epoch 5 [3800/5134] loss=0.2802
2026-04-11 04:44:32,192 INFO Epoch 5 [3810/5134] loss=0.1076
2026-04-11 04:44:38,171 INFO Epoch 5 [3820/5134] loss=0.2864
2026-04-11 04:44:45,835 INFO Epoch 5 [3830/5134] loss=0.2314
2026-04-11 04:44:50,847 INFO Epoch 5 [3840/5134] loss=0.0355
2026-04-11 04:44:57,794 INFO Epoch 5 [3850/5134] loss=0.4018
2026-04-11 04:45:03,191 INFO Epoch 5 [3860/5134] loss=0.1091
2026-04-11 04:45:10,202 INFO Epoch 5 [3870/5134] loss=0.2285
2026-04-11 04:45:15,702 INFO Epoch 5 [3880/5134] loss=0.3179
2026-04-11 04:45:22,342 INFO Epoch 5 [3890/5134] loss=0.4360
2026-04-11 04:45:27,237 INFO Epoch 5 [3900/5134] loss=0.1132
2026-04-11 04:45:34,283 INFO Epoch 5 [3910/5134] loss=0.3302
2026-04-11 04:45:39,810 INFO Epoch 5 [3920/5134] loss=0.0331
2026-04-11 04:45:47,576 INFO Epoch 5 [3930/5134] loss=0.1327
2026-04-11 04:45:52,492 INFO Epoch 5 [3940/5134] loss=0.3727
2026-04-11 04:46:00,041 INFO Epoch 5 [3950/5134] loss=0.3696
2026-04-11 04:46:05,511 INFO Epoch 5 [3960/5134] loss=0.2450
2026-04-11 04:46:12,961 INFO Epoch 5 [3970/5134] loss=0.0584
2026-04-11 04:46:18,245 INFO Epoch 5 [3980/5134] loss=0.2985
2026-04-11 04:46:25,731 INFO Epoch 5 [3990/5134] loss=0.2291
2026-04-11 04:46:30,970 INFO Epoch 5 [4000/5134] loss=0.1026
2026-04-11 04:46:37,583 INFO Epoch 5 [4010/5134] loss=0.3680
2026-04-11 04:46:43,407 INFO Epoch 5 [4020/5134] loss=0.3601
2026-04-11 04:46:51,187 INFO Epoch 5 [4030/5134] loss=0.3312
2026-04-11 04:46:56,521 INFO Epoch 5 [4040/5134] loss=0.2956
2026-04-11 04:47:03,587 INFO Epoch 5 [4050/5134] loss=0.2407
2026-04-11 04:47:08,323 INFO Epoch 5 [4060/5134] loss=0.0382
2026-04-11 04:47:15,854 INFO Epoch 5 [4070/5134] loss=0.1179
2026-04-11 04:47:21,474 INFO Epoch 5 [4080/5134] loss=0.1605
2026-04-11 04:47:28,797 INFO Epoch 5 [4090/5134] loss=0.1520
2026-04-11 04:47:34,156 INFO Epoch 5 [4100/5134] loss=0.3159
2026-04-11 04:47:42,156 INFO Epoch 5 [4110/5134] loss=0.2224
2026-04-11 04:47:47,186 INFO Epoch 5 [4120/5134] loss=0.3441
2026-04-11 04:47:54,761 INFO Epoch 5 [4130/5134] loss=0.2579
2026-04-11 04:48:00,076 INFO Epoch 5 [4140/5134] loss=0.3548
2026-04-11 04:48:07,366 INFO Epoch 5 [4150/5134] loss=0.2261
2026-04-11 04:48:12,958 INFO Epoch 5 [4160/5134] loss=0.1966
2026-04-11 04:48:20,154 INFO Epoch 5 [4170/5134] loss=0.0800
2026-04-11 04:48:25,245 INFO Epoch 5 [4180/5134] loss=0.0638
2026-04-11 04:48:31,733 INFO Epoch 5 [4190/5134] loss=0.4062
2026-04-11 04:48:37,699 INFO Epoch 5 [4200/5134] loss=0.1393
2026-04-11 04:48:46,332 INFO Epoch 5 [4210/5134] loss=0.4794
2026-04-11 04:48:52,922 INFO Epoch 5 [4220/5134] loss=0.4161
2026-04-11 04:49:01,921 INFO Epoch 5 [4230/5134] loss=0.2853
2026-04-11 04:49:08,701 INFO Epoch 5 [4240/5134] loss=0.4174
2026-04-11 04:49:17,157 INFO Epoch 5 [4250/5134] loss=0.2872
2026-04-11 04:49:24,073 INFO Epoch 5 [4260/5134] loss=0.2888
2026-04-11 04:49:32,730 INFO Epoch 5 [4270/5134] loss=0.1983
2026-04-11 04:49:39,098 INFO Epoch 5 [4280/5134] loss=0.1809
2026-04-11 04:49:48,298 INFO Epoch 5 [4290/5134] loss=0.4168
2026-04-11 04:49:54,862 INFO Epoch 5 [4300/5134] loss=0.5059
2026-04-11 04:50:03,168 INFO Epoch 5 [4310/5134] loss=0.4025
2026-04-11 04:50:10,121 INFO Epoch 5 [4320/5134] loss=0.2448
2026-04-11 04:50:18,420 INFO Epoch 5 [4330/5134] loss=0.1779
2026-04-11 04:50:25,786 INFO Epoch 5 [4340/5134] loss=0.4168
2026-04-11 04:50:34,304 INFO Epoch 5 [4350/5134] loss=0.3208
2026-04-11 04:50:41,415 INFO Epoch 5 [4360/5134] loss=0.1064
2026-04-11 04:50:50,355 INFO Epoch 5 [4370/5134] loss=0.4091
2026-04-11 04:50:57,225 INFO Epoch 5 [4380/5134] loss=0.4210
2026-04-11 04:51:05,343 INFO Epoch 5 [4390/5134] loss=0.2961
2026-04-11 04:51:13,045 INFO Epoch 5 [4400/5134] loss=0.2899
2026-04-11 04:51:21,739 INFO Epoch 5 [4410/5134] loss=0.2383
2026-04-11 04:51:28,644 INFO Epoch 5 [4420/5134] loss=0.4391
2026-04-11 04:51:37,660 INFO Epoch 5 [4430/5134] loss=0.2605
2026-04-11 04:51:44,027 INFO Epoch 5 [4440/5134] loss=0.2888
2026-04-11 04:51:53,132 INFO Epoch 5 [4450/5134] loss=0.2591
2026-04-11 04:51:59,954 INFO Epoch 5 [4460/5134] loss=0.1507
2026-04-11 04:52:08,341 INFO Epoch 5 [4470/5134] loss=0.4732
2026-04-11 04:52:16,439 INFO Epoch 5 [4480/5134] loss=0.1813
2026-04-11 04:52:23,270 INFO Epoch 5 [4490/5134] loss=0.1384
2026-04-11 04:52:31,122 INFO Epoch 5 [4500/5134] loss=0.2956
2026-04-11 04:52:39,511 INFO Epoch 5 [4510/5134] loss=0.1674
2026-04-11 04:52:44,962 INFO Epoch 5 [4520/5134] loss=0.2043
2026-04-11 04:52:52,691 INFO Epoch 5 [4530/5134] loss=0.4512
2026-04-11 04:52:58,824 INFO Epoch 5 [4540/5134] loss=0.3641
2026-04-11 04:53:06,582 INFO Epoch 5 [4550/5134] loss=0.1627
2026-04-11 04:53:12,658 INFO Epoch 5 [4560/5134] loss=0.4042
2026-04-11 04:53:20,387 INFO Epoch 5 [4570/5134] loss=0.1022
2026-04-11 04:53:26,179 INFO Epoch 5 [4580/5134] loss=0.0982
2026-04-11 04:53:33,719 INFO Epoch 5 [4590/5134] loss=0.1559
2026-04-11 04:53:39,767 INFO Epoch 5 [4600/5134] loss=0.3292
2026-04-11 04:53:48,066 INFO Epoch 5 [4610/5134] loss=0.1860
2026-04-11 04:53:53,930 INFO Epoch 5 [4620/5134] loss=0.3039
2026-04-11 04:54:01,182 INFO Epoch 5 [4630/5134] loss=0.2330
2026-04-11 04:54:06,992 INFO Epoch 5 [4640/5134] loss=0.3600
2026-04-11 04:54:14,018 INFO Epoch 5 [4650/5134] loss=0.4654
2026-04-11 04:54:19,624 INFO Epoch 5 [4660/5134] loss=0.0998
2026-04-11 04:54:28,034 INFO Epoch 5 [4670/5134] loss=0.1272
2026-04-11 04:54:33,945 INFO Epoch 5 [4680/5134] loss=0.3868
2026-04-11 04:54:41,675 INFO Epoch 5 [4690/5134] loss=0.2751
2026-04-11 04:54:47,082 INFO Epoch 5 [4700/5134] loss=0.2124
2026-04-11 04:54:55,259 INFO Epoch 5 [4710/5134] loss=0.1557
2026-04-11 04:55:01,015 INFO Epoch 5 [4720/5134] loss=0.4765
2026-04-11 04:55:08,843 INFO Epoch 5 [4730/5134] loss=0.1281
2026-04-11 04:55:14,325 INFO Epoch 5 [4740/5134] loss=0.1292
2026-04-11 04:55:22,455 INFO Epoch 5 [4750/5134] loss=0.1518
2026-04-11 04:55:28,137 INFO Epoch 5 [4760/5134] loss=0.3251
2026-04-11 04:55:35,631 INFO Epoch 5 [4770/5134] loss=0.4497
2026-04-11 04:55:41,415 INFO Epoch 5 [4780/5134] loss=0.2225
2026-04-11 04:55:48,851 INFO Epoch 5 [4790/5134] loss=0.2755
2026-04-11 04:55:54,723 INFO Epoch 5 [4800/5134] loss=0.3249
2026-04-11 04:56:02,021 INFO Epoch 5 [4810/5134] loss=0.3991
2026-04-11 04:56:07,994 INFO Epoch 5 [4820/5134] loss=0.4467
2026-04-11 04:56:15,625 INFO Epoch 5 [4830/5134] loss=0.4685
2026-04-11 04:56:20,842 INFO Epoch 5 [4840/5134] loss=0.1393
2026-04-11 04:56:28,235 INFO Epoch 5 [4850/5134] loss=0.1682
2026-04-11 04:56:34,011 INFO Epoch 5 [4860/5134] loss=0.2177
2026-04-11 04:56:42,213 INFO Epoch 5 [4870/5134] loss=0.3902
2026-04-11 04:56:48,306 INFO Epoch 5 [4880/5134] loss=0.1360
2026-04-11 04:56:56,593 INFO Epoch 5 [4890/5134] loss=0.1591
2026-04-11 04:57:02,042 INFO Epoch 5 [4900/5134] loss=0.1544
2026-04-11 04:57:09,336 INFO Epoch 5 [4910/5134] loss=0.1163
2026-04-11 04:57:15,606 INFO Epoch 5 [4920/5134] loss=0.0244
2026-04-11 04:57:22,400 INFO Epoch 5 [4930/5134] loss=0.0820
2026-04-11 04:57:28,892 INFO Epoch 5 [4940/5134] loss=0.3426
2026-04-11 04:57:35,336 INFO Epoch 5 [4950/5134] loss=0.0116
2026-04-11 04:57:42,480 INFO Epoch 5 [4960/5134] loss=0.1902
2026-04-11 04:57:48,639 INFO Epoch 5 [4970/5134] loss=0.1864
2026-04-11 04:57:55,229 INFO Epoch 5 [4980/5134] loss=0.4917
2026-04-11 04:58:02,809 INFO Epoch 5 [4990/5134] loss=0.4174
2026-04-11 04:58:08,651 INFO Epoch 5 [5000/5134] loss=0.1920
2026-04-11 04:58:16,185 INFO Epoch 5 [5010/5134] loss=0.1758
2026-04-11 04:58:21,869 INFO Epoch 5 [5020/5134] loss=0.4460
2026-04-11 04:58:28,811 INFO Epoch 5 [5030/5134] loss=0.0876
2026-04-11 04:58:35,027 INFO Epoch 5 [5040/5134] loss=0.2554
2026-04-11 04:58:42,990 INFO Epoch 5 [5050/5134] loss=0.1379
2026-04-11 04:58:48,744 INFO Epoch 5 [5060/5134] loss=0.2045
2026-04-11 04:58:56,144 INFO Epoch 5 [5070/5134] loss=0.4393
2026-04-11 04:59:01,930 INFO Epoch 5 [5080/5134] loss=0.2321
2026-04-11 04:59:09,774 INFO Epoch 5 [5090/5134] loss=0.0966
2026-04-11 04:59:15,088 INFO Epoch 5 [5100/5134] loss=0.4157
2026-04-11 04:59:23,188 INFO Epoch 5 [5110/5134] loss=0.4614
2026-04-11 04:59:28,758 INFO Epoch 5 [5120/5134] loss=0.3936
2026-04-11 04:59:36,329 INFO Epoch 5 [5130/5134] loss=0.2764
2026-04-11 05:29:47,112 INFO Epoch 5/15 (5042s) lr=0.000075 | train_loss=0.2562 train_iou=0.2701 | val_loss=0.4647 val_iou=0.1770 val_dice=0.1889 val_f1=0.1021
2026-04-11 05:30:01,270 INFO Epoch 6 [0/5134] loss=0.7151
2026-04-11 05:30:06,110 INFO Epoch 6 [10/5134] loss=0.5155
2026-04-11 05:30:12,901 INFO Epoch 6 [20/5134] loss=0.0777
2026-04-11 05:30:18,709 INFO Epoch 6 [30/5134] loss=0.0696
2026-04-11 05:30:24,959 INFO Epoch 6 [40/5134] loss=0.1386
2026-04-11 05:30:31,099 INFO Epoch 6 [50/5134] loss=0.0660
2026-04-11 05:30:36,625 INFO Epoch 6 [60/5134] loss=0.1321
2026-04-11 05:30:43,504 INFO Epoch 6 [70/5134] loss=0.0642
2026-04-11 05:30:49,744 INFO Epoch 6 [80/5134] loss=0.0611
2026-04-11 05:30:55,883 INFO Epoch 6 [90/5134] loss=0.0652
2026-04-11 05:31:02,669 INFO Epoch 6 [100/5134] loss=0.0958
2026-04-11 05:31:08,236 INFO Epoch 6 [110/5134] loss=0.1192
2026-04-11 05:31:14,486 INFO Epoch 6 [120/5134] loss=0.0890
2026-04-11 05:31:20,221 INFO Epoch 6 [130/5134] loss=0.1385
2026-04-11 05:31:26,076 INFO Epoch 6 [140/5134] loss=0.1499
2026-04-11 05:31:32,775 INFO Epoch 6 [150/5134] loss=0.3936
2026-04-11 05:31:38,670 INFO Epoch 6 [160/5134] loss=0.2062
2026-04-11 05:31:45,376 INFO Epoch 6 [170/5134] loss=0.1337
2026-04-11 05:31:50,320 INFO Epoch 6 [180/5134] loss=0.0205
2026-04-11 05:31:57,231 INFO Epoch 6 [190/5134] loss=0.0735
2026-04-11 05:32:03,703 INFO Epoch 6 [200/5134] loss=0.0272
2026-04-11 05:32:10,330 INFO Epoch 6 [210/5134] loss=0.0578
2026-04-11 05:32:16,699 INFO Epoch 6 [220/5134] loss=0.0454
2026-04-11 05:32:22,852 INFO Epoch 6 [230/5134] loss=0.0598
2026-04-11 05:32:28,684 INFO Epoch 6 [240/5134] loss=0.0439
2026-04-11 05:32:34,845 INFO Epoch 6 [250/5134] loss=0.0466
2026-04-11 05:32:42,373 INFO Epoch 6 [260/5134] loss=0.2544
2026-04-11 05:32:47,637 INFO Epoch 6 [270/5134] loss=0.2326
2026-04-11 05:32:55,107 INFO Epoch 6 [280/5134] loss=0.1889
2026-04-11 05:33:00,623 INFO Epoch 6 [290/5134] loss=0.1614
2026-04-11 05:33:07,957 INFO Epoch 6 [300/5134] loss=0.1910
2026-04-11 05:33:13,445 INFO Epoch 6 [310/5134] loss=0.0852
2026-04-11 05:33:20,925 INFO Epoch 6 [320/5134] loss=0.0680
2026-04-11 05:33:25,766 INFO Epoch 6 [330/5134] loss=0.0441
2026-04-11 05:33:33,700 INFO Epoch 6 [340/5134] loss=0.0246
2026-04-11 05:33:38,459 INFO Epoch 6 [350/5134] loss=0.0903
2026-04-11 05:33:45,547 INFO Epoch 6 [360/5134] loss=0.1068
2026-04-11 05:33:50,829 INFO Epoch 6 [370/5134] loss=0.1992
2026-04-11 05:33:57,701 INFO Epoch 6 [380/5134] loss=0.0686
2026-04-11 05:34:02,578 INFO Epoch 6 [390/5134] loss=0.1095
2026-04-11 05:34:08,944 INFO Epoch 6 [400/5134] loss=0.2115
2026-04-11 05:34:14,221 INFO Epoch 6 [410/5134] loss=0.0292
2026-04-11 05:34:22,131 INFO Epoch 6 [420/5134] loss=0.1045
2026-04-11 05:34:27,622 INFO Epoch 6 [430/5134] loss=0.1067
2026-04-11 05:34:33,937 INFO Epoch 6 [440/5134] loss=0.1242
2026-04-11 05:34:39,280 INFO Epoch 6 [450/5134] loss=0.0987
2026-04-11 05:34:46,284 INFO Epoch 6 [460/5134] loss=0.1044
2026-04-11 05:34:51,468 INFO Epoch 6 [470/5134] loss=0.2807
2026-04-11 05:34:58,561 INFO Epoch 6 [480/5134] loss=0.1457
2026-04-11 05:35:03,581 INFO Epoch 6 [490/5134] loss=0.0220
2026-04-11 05:35:10,523 INFO Epoch 6 [500/5134] loss=0.1621
2026-04-11 05:35:15,843 INFO Epoch 6 [510/5134] loss=0.1242
2026-04-11 05:35:22,627 INFO Epoch 6 [520/5134] loss=0.2045
2026-04-11 05:35:28,193 INFO Epoch 6 [530/5134] loss=0.1265
2026-04-11 05:35:34,800 INFO Epoch 6 [540/5134] loss=0.0996
2026-04-11 05:35:39,642 INFO Epoch 6 [550/5134] loss=0.1019
2026-04-11 05:35:46,350 INFO Epoch 6 [560/5134] loss=0.1646
2026-04-11 05:35:51,154 INFO Epoch 6 [570/5134] loss=0.1475
2026-04-11 05:35:57,797 INFO Epoch 6 [580/5134] loss=0.0839
2026-04-11 05:36:02,721 INFO Epoch 6 [590/5134] loss=0.2337
2026-04-11 05:36:09,605 INFO Epoch 6 [600/5134] loss=0.1744
2026-04-11 05:36:14,635 INFO Epoch 6 [610/5134] loss=0.2292
2026-04-11 05:36:20,906 INFO Epoch 6 [620/5134] loss=0.2757
2026-04-11 05:36:25,721 INFO Epoch 6 [630/5134] loss=0.1071
2026-04-11 05:36:31,776 INFO Epoch 6 [640/5134] loss=0.1081
2026-04-11 05:36:36,518 INFO Epoch 6 [650/5134] loss=0.0563
2026-04-11 05:36:42,730 INFO Epoch 6 [660/5134] loss=0.0921
2026-04-11 05:36:47,915 INFO Epoch 6 [670/5134] loss=0.1667
2026-04-11 05:36:54,464 INFO Epoch 6 [680/5134] loss=0.2638
2026-04-11 05:36:59,679 INFO Epoch 6 [690/5134] loss=0.0780
2026-04-11 05:37:06,009 INFO Epoch 6 [700/5134] loss=0.2886
2026-04-11 05:37:11,518 INFO Epoch 6 [710/5134] loss=0.2908
2026-04-11 05:37:18,257 INFO Epoch 6 [720/5134] loss=0.4846
2026-04-11 05:37:23,228 INFO Epoch 6 [730/5134] loss=0.1873
2026-04-11 05:37:29,499 INFO Epoch 6 [740/5134] loss=0.4744
2026-04-11 05:37:35,039 INFO Epoch 6 [750/5134] loss=0.0976
2026-04-11 05:37:42,048 INFO Epoch 6 [760/5134] loss=0.1860
2026-04-11 05:37:47,248 INFO Epoch 6 [770/5134] loss=0.4811
2026-04-11 05:37:52,944 INFO Epoch 6 [780/5134] loss=0.2979
2026-04-11 05:37:57,928 INFO Epoch 6 [790/5134] loss=0.4877
2026-04-11 05:38:04,326 INFO Epoch 6 [800/5134] loss=0.2741
2026-04-11 05:38:09,562 INFO Epoch 6 [810/5134] loss=0.2958
2026-04-11 05:38:16,055 INFO Epoch 6 [820/5134] loss=0.4965
2026-04-11 05:38:21,547 INFO Epoch 6 [830/5134] loss=0.3100
2026-04-11 05:38:27,601 INFO Epoch 6 [840/5134] loss=0.3349
2026-04-11 05:38:33,372 INFO Epoch 6 [850/5134] loss=0.4021
2026-04-11 05:38:40,176 INFO Epoch 6 [860/5134] loss=0.5012
2026-04-11 05:38:45,172 INFO Epoch 6 [870/5134] loss=0.1221
2026-04-11 05:38:51,899 INFO Epoch 6 [880/5134] loss=0.3126
2026-04-11 05:38:57,055 INFO Epoch 6 [890/5134] loss=0.2912
2026-04-11 05:39:03,520 INFO Epoch 6 [900/5134] loss=0.3578
2026-04-11 05:39:08,497 INFO Epoch 6 [910/5134] loss=0.1147
2026-04-11 05:39:15,061 INFO Epoch 6 [920/5134] loss=0.1181
2026-04-11 05:39:19,468 INFO Epoch 6 [930/5134] loss=0.2121
2026-04-11 05:39:26,369 INFO Epoch 6 [940/5134] loss=0.3354
2026-04-11 05:39:30,977 INFO Epoch 6 [950/5134] loss=0.4176
2026-04-11 05:39:38,600 INFO Epoch 6 [960/5134] loss=0.3311
2026-04-11 05:39:43,299 INFO Epoch 6 [970/5134] loss=0.4893
2026-04-11 05:39:49,826 INFO Epoch 6 [980/5134] loss=0.2110
2026-04-11 05:39:54,952 INFO Epoch 6 [990/5134] loss=0.1616
2026-04-11 05:40:01,435 INFO Epoch 6 [1000/5134] loss=0.3386
2026-04-11 05:40:07,529 INFO Epoch 6 [1010/5134] loss=0.2584
2026-04-11 05:40:13,363 INFO Epoch 6 [1020/5134] loss=0.1515
2026-04-11 05:40:18,422 INFO Epoch 6 [1030/5134] loss=0.2054
2026-04-11 05:40:24,471 INFO Epoch 6 [1040/5134] loss=0.3303
2026-04-11 05:40:29,791 INFO Epoch 6 [1050/5134] loss=0.1425
2026-04-11 05:40:36,163 INFO Epoch 6 [1060/5134] loss=0.0874
2026-04-11 05:40:41,030 INFO Epoch 6 [1070/5134] loss=0.2196
2026-04-11 05:40:47,460 INFO Epoch 6 [1080/5134] loss=0.3471
2026-04-11 05:40:52,269 INFO Epoch 6 [1090/5134] loss=0.1521
2026-04-11 05:40:58,601 INFO Epoch 6 [1100/5134] loss=0.4254
2026-04-11 05:41:04,155 INFO Epoch 6 [1110/5134] loss=0.1630
2026-04-11 05:41:10,666 INFO Epoch 6 [1120/5134] loss=0.3721
2026-04-11 05:41:15,573 INFO Epoch 6 [1130/5134] loss=0.1020
2026-04-11 05:41:22,131 INFO Epoch 6 [1140/5134] loss=0.2224
2026-04-11 05:41:27,248 INFO Epoch 6 [1150/5134] loss=0.2229
2026-04-11 05:41:33,848 INFO Epoch 6 [1160/5134] loss=0.3067
2026-04-11 05:41:39,972 INFO Epoch 6 [1170/5134] loss=0.0174
2026-04-11 05:41:45,533 INFO Epoch 6 [1180/5134] loss=0.2149
2026-04-11 05:41:51,693 INFO Epoch 6 [1190/5134] loss=0.3170
2026-04-11 05:41:57,346 INFO Epoch 6 [1200/5134] loss=0.1562
2026-04-11 05:42:02,738 INFO Epoch 6 [1210/5134] loss=0.2229
2026-04-11 05:42:08,431 INFO Epoch 6 [1220/5134] loss=0.4346
2026-04-11 05:42:13,963 INFO Epoch 6 [1230/5134] loss=0.4658
2026-04-11 05:42:19,586 INFO Epoch 6 [1240/5134] loss=0.2850
2026-04-11 05:42:24,847 INFO Epoch 6 [1250/5134] loss=0.2222
2026-04-11 05:42:31,088 INFO Epoch 6 [1260/5134] loss=0.3023
2026-04-11 05:42:36,103 INFO Epoch 6 [1270/5134] loss=0.4566
2026-04-11 05:42:42,326 INFO Epoch 6 [1280/5134] loss=0.3887
2026-04-11 05:42:48,241 INFO Epoch 6 [1290/5134] loss=0.2133
2026-04-11 05:42:53,743 INFO Epoch 6 [1300/5134] loss=0.3786
2026-04-11 05:42:59,986 INFO Epoch 6 [1310/5134] loss=0.2253
2026-04-11 05:43:05,177 INFO Epoch 6 [1320/5134] loss=0.4411
2026-04-11 05:43:11,942 INFO Epoch 6 [1330/5134] loss=0.1332
2026-04-11 05:43:16,994 INFO Epoch 6 [1340/5134] loss=0.4189
2026-04-11 05:43:23,816 INFO Epoch 6 [1350/5134] loss=0.3681
2026-04-11 05:43:28,994 INFO Epoch 6 [1360/5134] loss=0.1578
2026-04-11 05:43:34,852 INFO Epoch 6 [1370/5134] loss=0.2404
2026-04-11 05:43:40,627 INFO Epoch 6 [1380/5134] loss=0.1740
2026-04-11 05:43:46,525 INFO Epoch 6 [1390/5134] loss=0.4423
2026-04-11 05:43:52,385 INFO Epoch 6 [1400/5134] loss=0.4392
2026-04-11 05:43:57,724 INFO Epoch 6 [1410/5134] loss=0.0956
2026-04-11 05:44:04,171 INFO Epoch 6 [1420/5134] loss=0.3694
2026-04-11 05:44:10,103 INFO Epoch 6 [1430/5134] loss=0.1660
2026-04-11 05:44:17,554 INFO Epoch 6 [1440/5134] loss=0.2436
2026-04-11 05:44:22,083 INFO Epoch 6 [1450/5134] loss=0.2684
2026-04-11 05:44:29,143 INFO Epoch 6 [1460/5134] loss=0.2010
2026-04-11 05:44:33,630 INFO Epoch 6 [1470/5134] loss=0.3581
2026-04-11 05:44:39,363 INFO Epoch 6 [1480/5134] loss=0.2053
2026-04-11 05:44:44,618 INFO Epoch 6 [1490/5134] loss=0.2914
2026-04-11 05:44:51,182 INFO Epoch 6 [1500/5134] loss=0.3318
2026-04-11 05:44:55,946 INFO Epoch 6 [1510/5134] loss=0.3705
2026-04-11 05:45:02,459 INFO Epoch 6 [1520/5134] loss=0.4398
2026-04-11 05:45:07,430 INFO Epoch 6 [1530/5134] loss=0.2895
2026-04-11 05:45:13,820 INFO Epoch 6 [1540/5134] loss=0.1574
2026-04-11 05:45:18,869 INFO Epoch 6 [1550/5134] loss=0.4278
2026-04-11 05:45:25,164 INFO Epoch 6 [1560/5134] loss=0.2640
2026-04-11 05:45:31,595 INFO Epoch 6 [1570/5134] loss=0.2707
2026-04-11 05:45:37,005 INFO Epoch 6 [1580/5134] loss=0.2893
2026-04-11 05:45:43,409 INFO Epoch 6 [1590/5134] loss=0.3205
2026-04-11 05:45:48,833 INFO Epoch 6 [1600/5134] loss=0.2048
2026-04-11 05:45:54,619 INFO Epoch 6 [1610/5134] loss=0.4293
2026-04-11 05:46:00,155 INFO Epoch 6 [1620/5134] loss=0.4456
2026-04-11 05:46:06,071 INFO Epoch 6 [1630/5134] loss=0.3518
2026-04-11 05:46:12,141 INFO Epoch 6 [1640/5134] loss=0.4182
2026-04-11 05:46:16,980 INFO Epoch 6 [1650/5134] loss=0.4522
2026-04-11 05:46:23,307 INFO Epoch 6 [1660/5134] loss=0.2040
2026-04-11 05:46:28,934 INFO Epoch 6 [1670/5134] loss=0.3500
2026-04-11 05:46:35,671 INFO Epoch 6 [1680/5134] loss=0.0752
2026-04-11 05:46:40,914 INFO Epoch 6 [1690/5134] loss=0.4643
2026-04-11 05:46:48,187 INFO Epoch 6 [1700/5134] loss=0.3292
2026-04-11 05:46:53,126 INFO Epoch 6 [1710/5134] loss=0.2352
2026-04-11 05:47:00,063 INFO Epoch 6 [1720/5134] loss=0.1819
2026-04-11 05:47:04,810 INFO Epoch 6 [1730/5134] loss=0.1555
2026-04-11 05:47:11,786 INFO Epoch 6 [1740/5134] loss=0.3045
2026-04-11 05:47:16,872 INFO Epoch 6 [1750/5134] loss=0.4055
2026-04-11 05:47:23,318 INFO Epoch 6 [1760/5134] loss=0.1920
2026-04-11 05:47:28,536 INFO Epoch 6 [1770/5134] loss=0.2366
2026-04-11 05:47:34,988 INFO Epoch 6 [1780/5134] loss=0.3088
2026-04-11 05:47:39,596 INFO Epoch 6 [1790/5134] loss=0.2478
2026-04-11 05:47:46,870 INFO Epoch 6 [1800/5134] loss=0.4900
2026-04-11 05:47:51,794 INFO Epoch 6 [1810/5134] loss=0.1353
2026-04-11 05:47:58,308 INFO Epoch 6 [1820/5134] loss=0.1236
2026-04-11 05:48:03,352 INFO Epoch 6 [1830/5134] loss=0.2187
2026-04-11 05:48:10,107 INFO Epoch 6 [1840/5134] loss=0.0666
2026-04-11 05:48:15,389 INFO Epoch 6 [1850/5134] loss=0.3469
2026-04-11 05:48:22,555 INFO Epoch 6 [1860/5134] loss=0.4655
2026-04-11 05:48:27,549 INFO Epoch 6 [1870/5134] loss=0.4096
2026-04-11 05:48:34,479 INFO Epoch 6 [1880/5134] loss=0.4590
2026-04-11 05:48:39,518 INFO Epoch 6 [1890/5134] loss=0.2845
2026-04-11 05:48:45,439 INFO Epoch 6 [1900/5134] loss=0.4584
2026-04-11 05:48:50,824 INFO Epoch 6 [1910/5134] loss=0.2470
2026-04-11 05:48:58,067 INFO Epoch 6 [1920/5134] loss=0.2100
2026-04-11 05:49:02,475 INFO Epoch 6 [1930/5134] loss=0.3076
2026-04-11 05:49:08,981 INFO Epoch 6 [1940/5134] loss=0.0219
2026-04-11 05:49:14,080 INFO Epoch 6 [1950/5134] loss=0.3160
2026-04-11 05:49:19,803 INFO Epoch 6 [1960/5134] loss=0.2509
2026-04-11 05:49:25,216 INFO Epoch 6 [1970/5134] loss=0.4270
2026-04-11 05:49:31,345 INFO Epoch 6 [1980/5134] loss=0.3426
2026-04-11 05:49:36,522 INFO Epoch 6 [1990/5134] loss=0.2589
2026-04-11 05:49:42,659 INFO Epoch 6 [2000/5134] loss=0.1759
2026-04-11 05:49:48,521 INFO Epoch 6 [2010/5134] loss=0.0853
2026-04-11 05:49:53,954 INFO Epoch 6 [2020/5134] loss=0.3679
2026-04-11 05:49:59,316 INFO Epoch 6 [2030/5134] loss=0.2681
2026-04-11 05:50:06,170 INFO Epoch 6 [2040/5134] loss=0.3379
2026-04-11 05:50:11,117 INFO Epoch 6 [2050/5134] loss=0.4257
2026-04-11 05:50:17,004 INFO Epoch 6 [2060/5134] loss=0.4112
2026-04-11 05:50:24,211 INFO Epoch 6 [2070/5134] loss=0.1346
2026-04-11 05:50:29,585 INFO Epoch 6 [2080/5134] loss=0.3141
2026-04-11 05:50:36,524 INFO Epoch 6 [2090/5134] loss=0.3981
2026-04-11 05:50:41,752 INFO Epoch 6 [2100/5134] loss=0.2950
2026-04-11 05:50:47,861 INFO Epoch 6 [2110/5134] loss=0.2678
2026-04-11 05:50:52,677 INFO Epoch 6 [2120/5134] loss=0.2485
2026-04-11 05:50:59,809 INFO Epoch 6 [2130/5134] loss=0.2817
2026-04-11 05:51:04,387 INFO Epoch 6 [2140/5134] loss=0.1165
2026-04-11 05:51:10,825 INFO Epoch 6 [2150/5134] loss=0.2250
2026-04-11 05:51:15,997 INFO Epoch 6 [2160/5134] loss=0.3855
2026-04-11 05:51:22,743 INFO Epoch 6 [2170/5134] loss=0.4593
2026-04-11 05:51:27,543 INFO Epoch 6 [2180/5134] loss=0.3869
2026-04-11 05:51:35,176 INFO Epoch 6 [2190/5134] loss=0.4186
2026-04-11 05:51:39,819 INFO Epoch 6 [2200/5134] loss=0.3147
2026-04-11 05:51:46,515 INFO Epoch 6 [2210/5134] loss=0.2830
2026-04-11 05:51:51,249 INFO Epoch 6 [2220/5134] loss=0.2556
2026-04-11 05:51:57,760 INFO Epoch 6 [2230/5134] loss=0.4554
2026-04-11 05:52:02,927 INFO Epoch 6 [2240/5134] loss=0.2899
2026-04-11 05:52:09,269 INFO Epoch 6 [2250/5134] loss=0.2418
2026-04-11 05:52:14,826 INFO Epoch 6 [2260/5134] loss=0.2685
2026-04-11 05:52:21,075 INFO Epoch 6 [2270/5134] loss=0.2576
2026-04-11 05:52:26,270 INFO Epoch 6 [2280/5134] loss=0.3076
2026-04-11 05:52:33,376 INFO Epoch 6 [2290/5134] loss=0.3872
2026-04-11 05:52:38,888 INFO Epoch 6 [2300/5134] loss=0.3708
2026-04-11 05:52:45,182 INFO Epoch 6 [2310/5134] loss=0.2874
2026-04-11 05:52:50,651 INFO Epoch 6 [2320/5134] loss=0.0777
2026-04-11 05:52:56,881 INFO Epoch 6 [2330/5134] loss=0.1525
2026-04-11 05:53:01,966 INFO Epoch 6 [2340/5134] loss=0.0844
2026-04-11 05:53:08,200 INFO Epoch 6 [2350/5134] loss=0.0954
2026-04-11 05:53:13,863 INFO Epoch 6 [2360/5134] loss=0.2439
2026-04-11 05:53:20,939 INFO Epoch 6 [2370/5134] loss=0.2878
2026-04-11 05:53:26,540 INFO Epoch 6 [2380/5134] loss=0.1197
2026-04-11 05:53:33,690 INFO Epoch 6 [2390/5134] loss=0.2608
2026-04-11 05:53:39,695 INFO Epoch 6 [2400/5134] loss=0.1719
2026-04-11 05:53:46,159 INFO Epoch 6 [2410/5134] loss=0.0693
2026-04-11 05:53:51,248 INFO Epoch 6 [2420/5134] loss=0.4763
2026-04-11 05:53:59,135 INFO Epoch 6 [2430/5134] loss=0.4475
2026-04-11 05:54:04,318 INFO Epoch 6 [2440/5134] loss=0.4488
2026-04-11 05:54:11,952 INFO Epoch 6 [2450/5134] loss=0.2216
2026-04-11 05:54:17,662 INFO Epoch 6 [2460/5134] loss=0.2475
2026-04-11 05:54:25,047 INFO Epoch 6 [2470/5134] loss=0.4753
2026-04-11 05:54:30,789 INFO Epoch 6 [2480/5134] loss=0.2864
2026-04-11 05:54:37,858 INFO Epoch 6 [2490/5134] loss=0.2434
2026-04-11 05:54:43,079 INFO Epoch 6 [2500/5134] loss=0.3810
2026-04-11 05:54:49,846 INFO Epoch 6 [2510/5134] loss=0.2241
2026-04-11 05:54:55,223 INFO Epoch 6 [2520/5134] loss=0.1311
2026-04-11 05:55:02,645 INFO Epoch 6 [2530/5134] loss=0.3518
2026-04-11 05:55:07,723 INFO Epoch 6 [2540/5134] loss=0.1054
2026-04-11 05:55:14,860 INFO Epoch 6 [2550/5134] loss=0.0732
2026-04-11 05:55:20,276 INFO Epoch 6 [2560/5134] loss=0.3364
2026-04-11 05:55:27,882 INFO Epoch 6 [2570/5134] loss=0.2088
2026-04-11 05:55:32,729 INFO Epoch 6 [2580/5134] loss=0.2545
2026-04-11 05:55:40,010 INFO Epoch 6 [2590/5134] loss=0.1029
2026-04-11 05:55:45,783 INFO Epoch 6 [2600/5134] loss=0.1365
2026-04-11 05:55:52,902 INFO Epoch 6 [2610/5134] loss=0.1818
2026-04-11 05:55:58,686 INFO Epoch 6 [2620/5134] loss=0.2354
2026-04-11 05:56:05,788 INFO Epoch 6 [2630/5134] loss=0.1919
2026-04-11 05:56:11,064 INFO Epoch 6 [2640/5134] loss=0.4725
2026-04-11 05:56:17,739 INFO Epoch 6 [2650/5134] loss=0.1119
2026-04-11 05:56:23,273 INFO Epoch 6 [2660/5134] loss=0.1069
2026-04-11 05:56:30,266 INFO Epoch 6 [2670/5134] loss=0.2456
2026-04-11 05:56:36,453 INFO Epoch 6 [2680/5134] loss=0.5299
2026-04-11 05:56:43,248 INFO Epoch 6 [2690/5134] loss=0.1133
2026-04-11 05:56:48,581 INFO Epoch 6 [2700/5134] loss=0.1902
2026-04-11 05:56:55,662 INFO Epoch 6 [2710/5134] loss=0.4300
2026-04-11 05:57:01,199 INFO Epoch 6 [2720/5134] loss=0.3616
2026-04-11 05:57:08,174 INFO Epoch 6 [2730/5134] loss=0.2569
2026-04-11 05:57:13,689 INFO Epoch 6 [2740/5134] loss=0.4721
2026-04-11 05:57:20,718 INFO Epoch 6 [2750/5134] loss=0.3025
2026-04-11 05:57:26,643 INFO Epoch 6 [2760/5134] loss=0.4114
2026-04-11 05:57:33,692 INFO Epoch 6 [2770/5134] loss=0.2857
2026-04-11 05:57:38,790 INFO Epoch 6 [2780/5134] loss=0.0304
2026-04-11 05:57:46,499 INFO Epoch 6 [2790/5134] loss=0.2628
2026-04-11 05:57:51,643 INFO Epoch 6 [2800/5134] loss=0.2348
2026-04-11 05:57:59,397 INFO Epoch 6 [2810/5134] loss=0.1865
2026-04-11 05:58:04,716 INFO Epoch 6 [2820/5134] loss=0.1551
2026-04-11 05:58:11,762 INFO Epoch 6 [2830/5134] loss=0.3511
2026-04-11 05:58:16,770 INFO Epoch 6 [2840/5134] loss=0.2557
2026-04-11 05:58:23,774 INFO Epoch 6 [2850/5134] loss=0.3709
2026-04-11 05:58:29,323 INFO Epoch 6 [2860/5134] loss=0.3906
2026-04-11 05:58:37,261 INFO Epoch 6 [2870/5134] loss=0.4508
2026-04-11 05:58:42,266 INFO Epoch 6 [2880/5134] loss=0.1857
2026-04-11 05:58:49,630 INFO Epoch 6 [2890/5134] loss=0.1781
2026-04-11 05:58:54,940 INFO Epoch 6 [2900/5134] loss=0.3329
2026-04-11 05:59:01,945 INFO Epoch 6 [2910/5134] loss=0.2213
2026-04-11 05:59:07,571 INFO Epoch 6 [2920/5134] loss=0.1278
2026-04-11 05:59:14,266 INFO Epoch 6 [2930/5134] loss=0.3225
2026-04-11 05:59:20,138 INFO Epoch 6 [2940/5134] loss=0.3300
2026-04-11 05:59:26,677 INFO Epoch 6 [2950/5134] loss=0.2640
2026-04-11 05:59:32,238 INFO Epoch 6 [2960/5134] loss=0.3343
2026-04-11 05:59:38,590 INFO Epoch 6 [2970/5134] loss=0.1261
2026-04-11 05:59:44,398 INFO Epoch 6 [2980/5134] loss=0.1862
2026-04-11 05:59:51,345 INFO Epoch 6 [2990/5134] loss=0.4120
2026-04-11 05:59:57,416 INFO Epoch 6 [3000/5134] loss=0.1175
2026-04-11 06:00:04,143 INFO Epoch 6 [3010/5134] loss=0.2556
2026-04-11 06:00:09,559 INFO Epoch 6 [3020/5134] loss=0.3877
2026-04-11 06:00:16,377 INFO Epoch 6 [3030/5134] loss=0.1609
2026-04-11 06:00:21,615 INFO Epoch 6 [3040/5134] loss=0.1169
2026-04-11 06:00:28,861 INFO Epoch 6 [3050/5134] loss=0.2973
2026-04-11 06:00:34,959 INFO Epoch 6 [3060/5134] loss=0.2653
2026-04-11 06:00:41,434 INFO Epoch 6 [3070/5134] loss=0.0931
2026-04-11 06:00:46,532 INFO Epoch 6 [3080/5134] loss=0.1895
2026-04-11 06:00:54,424 INFO Epoch 6 [3090/5134] loss=0.3469
2026-04-11 06:00:59,731 INFO Epoch 6 [3100/5134] loss=0.3594
2026-04-11 06:01:06,872 INFO Epoch 6 [3110/5134] loss=0.2412
2026-04-11 06:01:11,913 INFO Epoch 6 [3120/5134] loss=0.2076
2026-04-11 06:01:18,916 INFO Epoch 6 [3130/5134] loss=0.1332
2026-04-11 06:01:24,553 INFO Epoch 6 [3140/5134] loss=0.1033
2026-04-11 06:01:31,323 INFO Epoch 6 [3150/5134] loss=0.4711
2026-04-11 06:01:36,768 INFO Epoch 6 [3160/5134] loss=0.3177
2026-04-11 06:01:44,153 INFO Epoch 6 [3170/5134] loss=0.1063
2026-04-11 06:01:49,283 INFO Epoch 6 [3180/5134] loss=0.1520
2026-04-11 06:01:56,547 INFO Epoch 6 [3190/5134] loss=0.3139
2026-04-11 06:02:02,299 INFO Epoch 6 [3200/5134] loss=0.0978
2026-04-11 06:02:09,356 INFO Epoch 6 [3210/5134] loss=0.0353
2026-04-11 06:02:15,140 INFO Epoch 6 [3220/5134] loss=0.3114
2026-04-11 06:02:22,778 INFO Epoch 6 [3230/5134] loss=0.2127
2026-04-11 06:02:28,747 INFO Epoch 6 [3240/5134] loss=0.4086
2026-04-11 06:02:36,188 INFO Epoch 6 [3250/5134] loss=0.2198
2026-04-11 06:02:41,237 INFO Epoch 6 [3260/5134] loss=0.2992
2026-04-11 06:02:49,180 INFO Epoch 6 [3270/5134] loss=0.4237
2026-04-11 06:02:54,244 INFO Epoch 6 [3280/5134] loss=0.1759
2026-04-11 06:03:01,877 INFO Epoch 6 [3290/5134] loss=0.2638
2026-04-11 06:03:07,257 INFO Epoch 6 [3300/5134] loss=0.1015
2026-04-11 06:03:14,972 INFO Epoch 6 [3310/5134] loss=0.4780
2026-04-11 06:03:20,426 INFO Epoch 6 [3320/5134] loss=0.1611
2026-04-11 06:03:27,577 INFO Epoch 6 [3330/5134] loss=0.2601
2026-04-11 06:03:32,938 INFO Epoch 6 [3340/5134] loss=0.1571
2026-04-11 06:03:40,306 INFO Epoch 6 [3350/5134] loss=0.2656
2026-04-11 06:03:45,798 INFO Epoch 6 [3360/5134] loss=0.3403
2026-04-11 06:03:53,283 INFO Epoch 6 [3370/5134] loss=0.0993
2026-04-11 06:03:59,229 INFO Epoch 6 [3380/5134] loss=0.2803
2026-04-11 06:04:06,941 INFO Epoch 6 [3390/5134] loss=0.0890
2026-04-11 06:04:12,931 INFO Epoch 6 [3400/5134] loss=0.2611
2026-04-11 06:04:19,243 INFO Epoch 6 [3410/5134] loss=0.3011
2026-04-11 06:04:24,482 INFO Epoch 6 [3420/5134] loss=0.3663
2026-04-11 06:04:31,511 INFO Epoch 6 [3430/5134] loss=0.3723
2026-04-11 06:04:37,020 INFO Epoch 6 [3440/5134] loss=0.2736
2026-04-11 06:04:44,814 INFO Epoch 6 [3450/5134] loss=0.0846
2026-04-11 06:04:50,520 INFO Epoch 6 [3460/5134] loss=0.0927
2026-04-11 06:04:57,597 INFO Epoch 6 [3470/5134] loss=0.1887
2026-04-11 06:05:03,068 INFO Epoch 6 [3480/5134] loss=0.4969
2026-04-11 06:05:09,920 INFO Epoch 6 [3490/5134] loss=0.2267
2026-04-11 06:05:15,410 INFO Epoch 6 [3500/5134] loss=0.2321
2026-04-11 06:05:22,710 INFO Epoch 6 [3510/5134] loss=0.1427
2026-04-11 06:05:28,219 INFO Epoch 6 [3520/5134] loss=0.4907
2026-04-11 06:05:34,673 INFO Epoch 6 [3530/5134] loss=0.1894
2026-04-11 06:05:40,318 INFO Epoch 6 [3540/5134] loss=0.4652
2026-04-11 06:05:46,938 INFO Epoch 6 [3550/5134] loss=0.4453
2026-04-11 06:05:52,653 INFO Epoch 6 [3560/5134] loss=0.1836
2026-04-11 06:05:59,755 INFO Epoch 6 [3570/5134] loss=0.2501
2026-04-11 06:06:05,136 INFO Epoch 6 [3580/5134] loss=0.2837
2026-04-11 06:06:12,679 INFO Epoch 6 [3590/5134] loss=0.2492
2026-04-11 06:06:17,707 INFO Epoch 6 [3600/5134] loss=0.1577
2026-04-11 06:06:24,731 INFO Epoch 6 [3610/5134] loss=0.2827
2026-04-11 06:06:30,049 INFO Epoch 6 [3620/5134] loss=0.1558
2026-04-11 06:06:37,545 INFO Epoch 6 [3630/5134] loss=0.2876
2026-04-11 06:06:42,673 INFO Epoch 6 [3640/5134] loss=0.1224
2026-04-11 06:06:50,158 INFO Epoch 6 [3650/5134] loss=0.4699
2026-04-11 06:06:55,270 INFO Epoch 6 [3660/5134] loss=0.2321
2026-04-11 06:07:02,076 INFO Epoch 6 [3670/5134] loss=0.3215
2026-04-11 06:07:07,313 INFO Epoch 6 [3680/5134] loss=0.1246
2026-04-11 06:07:14,490 INFO Epoch 6 [3690/5134] loss=0.3368
2026-04-11 06:07:20,834 INFO Epoch 6 [3700/5134] loss=0.1349
2026-04-11 06:07:28,083 INFO Epoch 6 [3710/5134] loss=0.4728
2026-04-11 06:07:33,467 INFO Epoch 6 [3720/5134] loss=0.1235
2026-04-11 06:07:41,434 INFO Epoch 6 [3730/5134] loss=0.1442
2026-04-11 06:07:46,895 INFO Epoch 6 [3740/5134] loss=0.2533
2026-04-11 06:07:54,142 INFO Epoch 6 [3750/5134] loss=0.1129
2026-04-11 06:08:00,214 INFO Epoch 6 [3760/5134] loss=0.3398
2026-04-11 06:08:07,260 INFO Epoch 6 [3770/5134] loss=0.1239
2026-04-11 06:08:13,028 INFO Epoch 6 [3780/5134] loss=0.2754
2026-04-11 06:08:19,725 INFO Epoch 6 [3790/5134] loss=0.2729
2026-04-11 06:08:24,892 INFO Epoch 6 [3800/5134] loss=0.1728
2026-04-11 06:08:32,386 INFO Epoch 6 [3810/5134] loss=0.3654
2026-04-11 06:08:37,843 INFO Epoch 6 [3820/5134] loss=0.2727
2026-04-11 06:08:45,142 INFO Epoch 6 [3830/5134] loss=0.4170
2026-04-11 06:08:50,625 INFO Epoch 6 [3840/5134] loss=0.4678
2026-04-11 06:08:57,638 INFO Epoch 6 [3850/5134] loss=0.2424
2026-04-11 06:09:02,907 INFO Epoch 6 [3860/5134] loss=0.3461
2026-04-11 06:09:10,289 INFO Epoch 6 [3870/5134] loss=0.1434
2026-04-11 06:09:15,535 INFO Epoch 6 [3880/5134] loss=0.3701
2026-04-11 06:09:23,016 INFO Epoch 6 [3890/5134] loss=0.1058
2026-04-11 06:09:28,984 INFO Epoch 6 [3900/5134] loss=0.3300
2026-04-11 06:09:36,749 INFO Epoch 6 [3910/5134] loss=0.2704
2026-04-11 06:09:42,565 INFO Epoch 6 [3920/5134] loss=0.3620
2026-04-11 06:09:49,737 INFO Epoch 6 [3930/5134] loss=0.1397
2026-04-11 06:09:55,122 INFO Epoch 6 [3940/5134] loss=0.4805
2026-04-11 06:10:02,804 INFO Epoch 6 [3950/5134] loss=0.4267
2026-04-11 06:10:08,428 INFO Epoch 6 [3960/5134] loss=0.4393
2026-04-11 06:10:15,377 INFO Epoch 6 [3970/5134] loss=0.1750
2026-04-11 06:10:20,995 INFO Epoch 6 [3980/5134] loss=0.0782
2026-04-11 06:10:28,794 INFO Epoch 6 [3990/5134] loss=0.0824
2026-04-11 06:10:33,980 INFO Epoch 6 [4000/5134] loss=0.3456
2026-04-11 06:10:41,738 INFO Epoch 6 [4010/5134] loss=0.2742
2026-04-11 06:10:47,611 INFO Epoch 6 [4020/5134] loss=0.2476
2026-04-11 06:10:55,219 INFO Epoch 6 [4030/5134] loss=0.3047
2026-04-11 06:11:00,400 INFO Epoch 6 [4040/5134] loss=0.1933
2026-04-11 06:11:07,491 INFO Epoch 6 [4050/5134] loss=0.3297
2026-04-11 06:11:13,195 INFO Epoch 6 [4060/5134] loss=0.1653
2026-04-11 06:11:19,902 INFO Epoch 6 [4070/5134] loss=0.2138
2026-04-11 06:11:25,338 INFO Epoch 6 [4080/5134] loss=0.0822
2026-04-11 06:11:32,226 INFO Epoch 6 [4090/5134] loss=0.1410
2026-04-11 06:11:37,825 INFO Epoch 6 [4100/5134] loss=0.3041
2026-04-11 06:11:44,864 INFO Epoch 6 [4110/5134] loss=0.2569
2026-04-11 06:11:51,408 INFO Epoch 6 [4120/5134] loss=0.2254
2026-04-11 06:11:58,114 INFO Epoch 6 [4130/5134] loss=0.1142
2026-04-11 06:12:04,146 INFO Epoch 6 [4140/5134] loss=0.4952
2026-04-11 06:12:11,018 INFO Epoch 6 [4150/5134] loss=0.1303
2026-04-11 06:12:17,067 INFO Epoch 6 [4160/5134] loss=0.4380
2026-04-11 06:12:23,486 INFO Epoch 6 [4170/5134] loss=0.3805
2026-04-11 06:12:30,274 INFO Epoch 6 [4180/5134] loss=0.1304
2026-04-11 06:12:36,518 INFO Epoch 6 [4190/5134] loss=0.3410
2026-04-11 06:12:43,629 INFO Epoch 6 [4200/5134] loss=0.4366
2026-04-11 06:12:52,182 INFO Epoch 6 [4210/5134] loss=0.0735
2026-04-11 06:12:58,638 INFO Epoch 6 [4220/5134] loss=0.3332
2026-04-11 06:13:07,527 INFO Epoch 6 [4230/5134] loss=0.2794
2026-04-11 06:13:14,759 INFO Epoch 6 [4240/5134] loss=0.2498
2026-04-11 06:13:24,314 INFO Epoch 6 [4250/5134] loss=0.2161
2026-04-11 06:13:30,522 INFO Epoch 6 [4260/5134] loss=0.2793
2026-04-11 06:13:39,582 INFO Epoch 6 [4270/5134] loss=0.2998
2026-04-11 06:13:46,547 INFO Epoch 6 [4280/5134] loss=0.4221
2026-04-11 06:13:55,292 INFO Epoch 6 [4290/5134] loss=0.1363
2026-04-11 06:14:02,155 INFO Epoch 6 [4300/5134] loss=0.3666
2026-04-11 06:14:11,147 INFO Epoch 6 [4310/5134] loss=0.2311
2026-04-11 06:14:18,118 INFO Epoch 6 [4320/5134] loss=0.4598
2026-04-11 06:14:26,958 INFO Epoch 6 [4330/5134] loss=0.1724
2026-04-11 06:14:33,470 INFO Epoch 6 [4340/5134] loss=0.2395
2026-04-11 06:14:42,561 INFO Epoch 6 [4350/5134] loss=0.2844
2026-04-11 06:14:48,996 INFO Epoch 6 [4360/5134] loss=0.1559
2026-04-11 06:14:58,372 INFO Epoch 6 [4370/5134] loss=0.1663
2026-04-11 06:15:05,089 INFO Epoch 6 [4380/5134] loss=0.3480
2026-04-11 06:15:13,722 INFO Epoch 6 [4390/5134] loss=0.0867
2026-04-11 06:15:20,426 INFO Epoch 6 [4400/5134] loss=0.1438
2026-04-11 06:15:28,722 INFO Epoch 6 [4410/5134] loss=0.2887
2026-04-11 06:15:35,225 INFO Epoch 6 [4420/5134] loss=0.0979
2026-04-11 06:15:44,521 INFO Epoch 6 [4430/5134] loss=0.5326
2026-04-11 06:15:51,033 INFO Epoch 6 [4440/5134] loss=0.4544
2026-04-11 06:16:00,754 INFO Epoch 6 [4450/5134] loss=0.1175
2026-04-11 06:16:07,640 INFO Epoch 6 [4460/5134] loss=0.1588
2026-04-11 06:16:17,328 INFO Epoch 6 [4470/5134] loss=0.0876
2026-04-11 06:16:24,258 INFO Epoch 6 [4480/5134] loss=0.1378
2026-04-11 06:16:33,898 INFO Epoch 6 [4490/5134] loss=0.2156
2026-04-11 06:16:40,297 INFO Epoch 6 [4500/5134] loss=0.1498
2026-04-11 06:16:49,744 INFO Epoch 6 [4510/5134] loss=0.1104
2026-04-11 06:16:55,541 INFO Epoch 6 [4520/5134] loss=0.2039
2026-04-11 06:17:03,496 INFO Epoch 6 [4530/5134] loss=0.1372
2026-04-11 06:17:09,251 INFO Epoch 6 [4540/5134] loss=0.1080
2026-04-11 06:17:17,849 INFO Epoch 6 [4550/5134] loss=0.2347
2026-04-11 06:17:23,062 INFO Epoch 6 [4560/5134] loss=0.2715
2026-04-11 06:17:30,520 INFO Epoch 6 [4570/5134] loss=0.3962
2026-04-11 06:17:36,466 INFO Epoch 6 [4580/5134] loss=0.2218
2026-04-11 06:17:44,495 INFO Epoch 6 [4590/5134] loss=0.3843
2026-04-11 06:17:50,829 INFO Epoch 6 [4600/5134] loss=0.3123
2026-04-11 06:17:58,475 INFO Epoch 6 [4610/5134] loss=0.2207
2026-04-11 06:18:03,850 INFO Epoch 6 [4620/5134] loss=0.2266
2026-04-11 06:18:11,552 INFO Epoch 6 [4630/5134] loss=0.4645
2026-04-11 06:18:17,246 INFO Epoch 6 [4640/5134] loss=0.2337
2026-04-11 06:18:25,238 INFO Epoch 6 [4650/5134] loss=0.1424
2026-04-11 06:18:30,658 INFO Epoch 6 [4660/5134] loss=0.3657
2026-04-11 06:18:38,632 INFO Epoch 6 [4670/5134] loss=0.2788
2026-04-11 06:18:44,186 INFO Epoch 6 [4680/5134] loss=0.2114
2026-04-11 06:18:51,473 INFO Epoch 6 [4690/5134] loss=0.3290
2026-04-11 06:18:58,213 INFO Epoch 6 [4700/5134] loss=0.2475
2026-04-11 06:19:04,872 INFO Epoch 6 [4710/5134] loss=0.2776
2026-04-11 06:19:11,390 INFO Epoch 6 [4720/5134] loss=0.3112
2026-04-11 06:19:19,675 INFO Epoch 6 [4730/5134] loss=0.3439
2026-04-11 06:19:25,741 INFO Epoch 6 [4740/5134] loss=0.2016
2026-04-11 06:19:33,821 INFO Epoch 6 [4750/5134] loss=0.3542
2026-04-11 06:19:39,587 INFO Epoch 6 [4760/5134] loss=0.4872
2026-04-11 06:19:47,559 INFO Epoch 6 [4770/5134] loss=0.1484
2026-04-11 06:19:52,568 INFO Epoch 6 [4780/5134] loss=0.2066
2026-04-11 06:20:00,651 INFO Epoch 6 [4790/5134] loss=0.4771
2026-04-11 06:20:06,159 INFO Epoch 6 [4800/5134] loss=0.5044
2026-04-11 06:20:13,376 INFO Epoch 6 [4810/5134] loss=0.2365
2026-04-11 06:20:19,005 INFO Epoch 6 [4820/5134] loss=0.1091
2026-04-11 06:20:27,045 INFO Epoch 6 [4830/5134] loss=0.1672
2026-04-11 06:20:32,815 INFO Epoch 6 [4840/5134] loss=0.2167
2026-04-11 06:20:40,409 INFO Epoch 6 [4850/5134] loss=0.2931
2026-04-11 06:20:46,016 INFO Epoch 6 [4860/5134] loss=0.2792
2026-04-11 06:20:53,447 INFO Epoch 6 [4870/5134] loss=0.2159
2026-04-11 06:20:59,179 INFO Epoch 6 [4880/5134] loss=0.1207
2026-04-11 06:21:06,634 INFO Epoch 6 [4890/5134] loss=0.1345
2026-04-11 06:21:12,572 INFO Epoch 6 [4900/5134] loss=0.1763
2026-04-11 06:21:19,968 INFO Epoch 6 [4910/5134] loss=0.3646
2026-04-11 06:21:26,185 INFO Epoch 6 [4920/5134] loss=0.3399
2026-04-11 06:21:33,600 INFO Epoch 6 [4930/5134] loss=0.4256
2026-04-11 06:21:39,008 INFO Epoch 6 [4940/5134] loss=0.3464
2026-04-11 06:21:46,220 INFO Epoch 6 [4950/5134] loss=0.2066
2026-04-11 06:21:52,458 INFO Epoch 6 [4960/5134] loss=0.3486
2026-04-11 06:21:59,445 INFO Epoch 6 [4970/5134] loss=0.3206
2026-04-11 06:22:05,955 INFO Epoch 6 [4980/5134] loss=0.0657
2026-04-11 06:22:13,305 INFO Epoch 6 [4990/5134] loss=0.2084
2026-04-11 06:22:19,765 INFO Epoch 6 [5000/5134] loss=0.2235
2026-04-11 06:22:26,661 INFO Epoch 6 [5010/5134] loss=0.2479
2026-04-11 06:22:33,170 INFO Epoch 6 [5020/5134] loss=0.1873
2026-04-11 06:22:40,618 INFO Epoch 6 [5030/5134] loss=0.3769
2026-04-11 06:22:46,601 INFO Epoch 6 [5040/5134] loss=0.1721
2026-04-11 06:22:53,263 INFO Epoch 6 [5050/5134] loss=0.1586
2026-04-11 06:23:00,256 INFO Epoch 6 [5060/5134] loss=0.3348
2026-04-11 06:23:07,038 INFO Epoch 6 [5070/5134] loss=0.4121
2026-04-11 06:23:13,171 INFO Epoch 6 [5080/5134] loss=0.2038
2026-04-11 06:23:20,442 INFO Epoch 6 [5090/5134] loss=0.2426
2026-04-11 06:23:26,834 INFO Epoch 6 [5100/5134] loss=0.1783
2026-04-11 06:23:33,613 INFO Epoch 6 [5110/5134] loss=0.5162
2026-04-11 06:23:40,901 INFO Epoch 6 [5120/5134] loss=0.1835
2026-04-11 06:23:47,165 INFO Epoch 6 [5130/5134] loss=0.0711
2026-04-11 06:53:56,776 INFO Epoch 6/15 (5050s) lr=0.000065 | train_loss=0.2480 train_iou=0.2771 | val_loss=0.4454 val_iou=0.2732 val_dice=0.2853 val_f1=0.1241
2026-04-11 07:14:28,073 INFO Epoch 7 [0/5134] loss=0.4219
2026-04-11 07:14:33,038 INFO Epoch 7 [10/5134] loss=0.6537
2026-04-11 07:14:39,710 INFO Epoch 7 [20/5134] loss=0.3749
2026-04-11 07:14:45,861 INFO Epoch 7 [30/5134] loss=0.1980
2026-04-11 07:14:51,853 INFO Epoch 7 [40/5134] loss=0.1024
2026-04-11 07:14:57,331 INFO Epoch 7 [50/5134] loss=0.0652
2026-04-11 07:15:04,278 INFO Epoch 7 [60/5134] loss=0.1369
2026-04-11 07:15:09,987 INFO Epoch 7 [70/5134] loss=0.0337
2026-04-11 07:15:16,625 INFO Epoch 7 [80/5134] loss=0.0416
2026-04-11 07:15:22,340 INFO Epoch 7 [90/5134] loss=0.0731
2026-04-11 07:15:29,305 INFO Epoch 7 [100/5134] loss=0.0779
2026-04-11 07:15:34,435 INFO Epoch 7 [110/5134] loss=0.0740
2026-04-11 07:15:40,921 INFO Epoch 7 [120/5134] loss=0.0474
2026-04-11 07:15:46,388 INFO Epoch 7 [130/5134] loss=0.0606
2026-04-11 07:15:53,904 INFO Epoch 7 [140/5134] loss=0.0721
2026-04-11 07:15:59,060 INFO Epoch 7 [150/5134] loss=0.1216
2026-04-11 07:16:06,336 INFO Epoch 7 [160/5134] loss=0.0526
2026-04-11 07:16:11,271 INFO Epoch 7 [170/5134] loss=0.2483
2026-04-11 07:16:17,436 INFO Epoch 7 [180/5134] loss=0.0520
2026-04-11 07:16:23,957 INFO Epoch 7 [190/5134] loss=0.0865
2026-04-11 07:16:31,269 INFO Epoch 7 [200/5134] loss=0.1402
2026-04-11 07:16:35,926 INFO Epoch 7 [210/5134] loss=0.0695
2026-04-11 07:16:43,084 INFO Epoch 7 [220/5134] loss=0.0712
2026-04-11 07:16:48,543 INFO Epoch 7 [230/5134] loss=0.1346
2026-04-11 07:16:54,171 INFO Epoch 7 [240/5134] loss=0.0758
2026-04-11 07:17:00,751 INFO Epoch 7 [250/5134] loss=0.0242
2026-04-11 07:17:06,508 INFO Epoch 7 [260/5134] loss=0.0484
2026-04-11 07:17:12,546 INFO Epoch 7 [270/5134] loss=0.0260
2026-04-11 07:17:19,013 INFO Epoch 7 [280/5134] loss=0.0511
2026-04-11 07:17:24,868 INFO Epoch 7 [290/5134] loss=0.1502
2026-04-11 07:17:31,436 INFO Epoch 7 [300/5134] loss=0.0647
2026-04-11 07:17:38,535 INFO Epoch 7 [310/5134] loss=0.0728
2026-04-11 07:17:44,470 INFO Epoch 7 [320/5134] loss=0.0713
2026-04-11 07:17:50,764 INFO Epoch 7 [330/5134] loss=0.2104
2026-04-11 07:17:57,412 INFO Epoch 7 [340/5134] loss=0.2881
2026-04-11 07:18:03,462 INFO Epoch 7 [350/5134] loss=0.1502
2026-04-11 07:18:10,104 INFO Epoch 7 [360/5134] loss=0.0363
2026-04-11 07:18:16,019 INFO Epoch 7 [370/5134] loss=0.0853
2026-04-11 07:18:22,460 INFO Epoch 7 [380/5134] loss=0.1026
2026-04-11 07:18:28,165 INFO Epoch 7 [390/5134] loss=0.0586
2026-04-11 07:18:35,544 INFO Epoch 7 [400/5134] loss=0.1086
2026-04-11 07:18:40,730 INFO Epoch 7 [410/5134] loss=0.0608
2026-04-11 07:18:47,337 INFO Epoch 7 [420/5134] loss=0.2636
2026-04-11 07:18:52,619 INFO Epoch 7 [430/5134] loss=0.0725
2026-04-11 07:18:58,292 INFO Epoch 7 [440/5134] loss=0.0374
2026-04-11 07:19:03,785 INFO Epoch 7 [450/5134] loss=0.0541
2026-04-11 07:19:10,488 INFO Epoch 7 [460/5134] loss=0.1360
2026-04-11 07:19:17,109 INFO Epoch 7 [470/5134] loss=0.1708
2026-04-11 07:19:22,172 INFO Epoch 7 [480/5134] loss=0.0694
2026-04-11 07:19:28,336 INFO Epoch 7 [490/5134] loss=0.1583
2026-04-11 07:19:33,602 INFO Epoch 7 [500/5134] loss=0.1951
2026-04-11 07:19:39,694 INFO Epoch 7 [510/5134] loss=0.2439
2026-04-11 07:19:45,332 INFO Epoch 7 [520/5134] loss=0.2322
2026-04-11 07:19:50,518 INFO Epoch 7 [530/5134] loss=0.2382
2026-04-11 07:19:56,276 INFO Epoch 7 [540/5134] loss=0.1182
2026-04-11 07:20:01,771 INFO Epoch 7 [550/5134] loss=0.0791
2026-04-11 07:20:08,520 INFO Epoch 7 [560/5134] loss=0.0839
2026-04-11 07:20:13,854 INFO Epoch 7 [570/5134] loss=0.0624
2026-04-11 07:20:19,484 INFO Epoch 7 [580/5134] loss=0.1000
2026-04-11 07:20:25,075 INFO Epoch 7 [590/5134] loss=0.6095
2026-04-11 07:20:30,910 INFO Epoch 7 [600/5134] loss=0.1334
2026-04-11 07:20:36,091 INFO Epoch 7 [610/5134] loss=0.1071
2026-04-11 07:20:41,879 INFO Epoch 7 [620/5134] loss=0.1957
2026-04-11 07:20:48,012 INFO Epoch 7 [630/5134] loss=0.1942
2026-04-11 07:20:53,658 INFO Epoch 7 [640/5134] loss=0.3514
2026-04-11 07:20:59,862 INFO Epoch 7 [650/5134] loss=0.1889
2026-04-11 07:21:05,075 INFO Epoch 7 [660/5134] loss=0.1607
2026-04-11 07:21:11,818 INFO Epoch 7 [670/5134] loss=0.2050
2026-04-11 07:21:17,493 INFO Epoch 7 [680/5134] loss=0.3400
2026-04-11 07:21:24,133 INFO Epoch 7 [690/5134] loss=0.4872
2026-04-11 07:21:29,268 INFO Epoch 7 [700/5134] loss=0.3809
2026-04-11 07:21:35,953 INFO Epoch 7 [710/5134] loss=0.4652
2026-04-11 07:21:41,155 INFO Epoch 7 [720/5134] loss=0.2114
2026-04-11 07:21:47,743 INFO Epoch 7 [730/5134] loss=0.4084
2026-04-11 07:21:52,939 INFO Epoch 7 [740/5134] loss=0.2613
2026-04-11 07:21:59,876 INFO Epoch 7 [750/5134] loss=0.3123
2026-04-11 07:22:05,148 INFO Epoch 7 [760/5134] loss=0.0917
2026-04-11 07:22:12,643 INFO Epoch 7 [770/5134] loss=0.2887
2026-04-11 07:22:17,797 INFO Epoch 7 [780/5134] loss=0.2966
2026-04-11 07:22:23,878 INFO Epoch 7 [790/5134] loss=0.2321
2026-04-11 07:22:30,229 INFO Epoch 7 [800/5134] loss=0.4336
2026-04-11 07:22:37,280 INFO Epoch 7 [810/5134] loss=0.2352
2026-04-11 07:22:43,406 INFO Epoch 7 [820/5134] loss=0.1930
2026-04-11 07:22:51,021 INFO Epoch 7 [830/5134] loss=0.2310
2026-04-11 07:22:55,935 INFO Epoch 7 [840/5134] loss=0.3928
2026-04-11 07:23:02,579 INFO Epoch 7 [850/5134] loss=0.1089
2026-04-11 07:23:07,322 INFO Epoch 7 [860/5134] loss=0.4309
2026-04-11 07:23:13,998 INFO Epoch 7 [870/5134] loss=0.1278
2026-04-11 07:23:18,699 INFO Epoch 7 [880/5134] loss=0.2352
2026-04-11 07:23:25,931 INFO Epoch 7 [890/5134] loss=0.1866
2026-04-11 07:23:30,372 INFO Epoch 7 [900/5134] loss=0.3863
2026-04-11 07:23:36,799 INFO Epoch 7 [910/5134] loss=0.0820
2026-04-11 07:23:41,937 INFO Epoch 7 [920/5134] loss=0.2417
2026-04-11 07:23:48,461 INFO Epoch 7 [930/5134] loss=0.4181
2026-04-11 07:23:53,295 INFO Epoch 7 [940/5134] loss=0.1577
2026-04-11 07:23:59,822 INFO Epoch 7 [950/5134] loss=0.3955
2026-04-11 07:24:05,029 INFO Epoch 7 [960/5134] loss=0.4908
2026-04-11 07:24:11,829 INFO Epoch 7 [970/5134] loss=0.0585
2026-04-11 07:24:17,240 INFO Epoch 7 [980/5134] loss=0.1810
2026-04-11 07:24:23,979 INFO Epoch 7 [990/5134] loss=0.2244
2026-04-11 07:24:28,743 INFO Epoch 7 [1000/5134] loss=0.2160
2026-04-11 07:24:36,235 INFO Epoch 7 [1010/5134] loss=0.2592
2026-04-11 07:24:40,825 INFO Epoch 7 [1020/5134] loss=0.2365
2026-04-11 07:24:47,571 INFO Epoch 7 [1030/5134] loss=0.4025
2026-04-11 07:24:52,851 INFO Epoch 7 [1040/5134] loss=0.1816
2026-04-11 07:24:59,410 INFO Epoch 7 [1050/5134] loss=0.0416
2026-04-11 07:25:04,278 INFO Epoch 7 [1060/5134] loss=0.1553
2026-04-11 07:25:10,989 INFO Epoch 7 [1070/5134] loss=0.2862
2026-04-11 07:25:15,495 INFO Epoch 7 [1080/5134] loss=0.0782
2026-04-11 07:25:21,891 INFO Epoch 7 [1090/5134] loss=0.4879
2026-04-11 07:25:27,420 INFO Epoch 7 [1100/5134] loss=0.0994
2026-04-11 07:25:34,183 INFO Epoch 7 [1110/5134] loss=0.1781
2026-04-11 07:25:39,123 INFO Epoch 7 [1120/5134] loss=0.4203
2026-04-11 07:25:46,460 INFO Epoch 7 [1130/5134] loss=0.4549
2026-04-11 07:25:51,949 INFO Epoch 7 [1140/5134] loss=0.3274
2026-04-11 07:25:58,439 INFO Epoch 7 [1150/5134] loss=0.3936
2026-04-11 07:26:03,722 INFO Epoch 7 [1160/5134] loss=0.2658
2026-04-11 07:26:10,932 INFO Epoch 7 [1170/5134] loss=0.3216
2026-04-11 07:26:15,541 INFO Epoch 7 [1180/5134] loss=0.0588
2026-04-11 07:26:21,947 INFO Epoch 7 [1190/5134] loss=0.1057
2026-04-11 07:26:26,670 INFO Epoch 7 [1200/5134] loss=0.1313
2026-04-11 07:26:33,785 INFO Epoch 7 [1210/5134] loss=0.3211
2026-04-11 07:26:38,429 INFO Epoch 7 [1220/5134] loss=0.4373
2026-04-11 07:26:44,726 INFO Epoch 7 [1230/5134] loss=0.0600
2026-04-11 07:26:50,069 INFO Epoch 7 [1240/5134] loss=0.3474
2026-04-11 07:26:56,616 INFO Epoch 7 [1250/5134] loss=0.2164
2026-04-11 07:27:01,598 INFO Epoch 7 [1260/5134] loss=0.1270
2026-04-11 07:27:08,275 INFO Epoch 7 [1270/5134] loss=0.2305
2026-04-11 07:27:12,833 INFO Epoch 7 [1280/5134] loss=0.0353
2026-04-11 07:27:19,508 INFO Epoch 7 [1290/5134] loss=0.3521
2026-04-11 07:27:24,743 INFO Epoch 7 [1300/5134] loss=0.3421
2026-04-11 07:27:31,363 INFO Epoch 7 [1310/5134] loss=0.0787
2026-04-11 07:27:36,718 INFO Epoch 7 [1320/5134] loss=0.2178
2026-04-11 07:27:43,419 INFO Epoch 7 [1330/5134] loss=0.2261
2026-04-11 07:27:48,409 INFO Epoch 7 [1340/5134] loss=0.2362
2026-04-11 07:27:55,696 INFO Epoch 7 [1350/5134] loss=0.4624
2026-04-11 07:28:00,846 INFO Epoch 7 [1360/5134] loss=0.4377
2026-04-11 07:28:06,492 INFO Epoch 7 [1370/5134] loss=0.2110
2026-04-11 07:28:11,361 INFO Epoch 7 [1380/5134] loss=0.4648
2026-04-11 07:28:17,820 INFO Epoch 7 [1390/5134] loss=0.1336
2026-04-11 07:28:23,195 INFO Epoch 7 [1400/5134] loss=0.4137
2026-04-11 07:28:29,043 INFO Epoch 7 [1410/5134] loss=0.1596
2026-04-11 07:28:34,260 INFO Epoch 7 [1420/5134] loss=0.1720
2026-04-11 07:28:39,750 INFO Epoch 7 [1430/5134] loss=0.2534
2026-04-11 07:28:46,319 INFO Epoch 7 [1440/5134] loss=0.2480
2026-04-11 07:28:51,142 INFO Epoch 7 [1450/5134] loss=0.2326
2026-04-11 07:28:58,249 INFO Epoch 7 [1460/5134] loss=0.1808
2026-04-11 07:29:03,042 INFO Epoch 7 [1470/5134] loss=0.3453
2026-04-11 07:29:09,162 INFO Epoch 7 [1480/5134] loss=0.2221
2026-04-11 07:29:14,196 INFO Epoch 7 [1490/5134] loss=0.1606
2026-04-11 07:29:20,349 INFO Epoch 7 [1500/5134] loss=0.0824
2026-04-11 07:29:25,828 INFO Epoch 7 [1510/5134] loss=0.3221
2026-04-11 07:29:32,447 INFO Epoch 7 [1520/5134] loss=0.2905
2026-04-11 07:29:37,677 INFO Epoch 7 [1530/5134] loss=0.0808
2026-04-11 07:29:44,155 INFO Epoch 7 [1540/5134] loss=0.1780
2026-04-11 07:29:49,171 INFO Epoch 7 [1550/5134] loss=0.0396
2026-04-11 07:29:54,888 INFO Epoch 7 [1560/5134] loss=0.2603
2026-04-11 07:30:01,328 INFO Epoch 7 [1570/5134] loss=0.2198
2026-04-11 07:30:06,883 INFO Epoch 7 [1580/5134] loss=0.3859
2026-04-11 07:30:13,708 INFO Epoch 7 [1590/5134] loss=0.2740
2026-04-11 07:30:18,798 INFO Epoch 7 [1600/5134] loss=0.2308
2026-04-11 07:30:25,099 INFO Epoch 7 [1610/5134] loss=0.2390
2026-04-11 07:30:29,627 INFO Epoch 7 [1620/5134] loss=0.2137
2026-04-11 07:30:36,876 INFO Epoch 7 [1630/5134] loss=0.0916
2026-04-11 07:30:41,221 INFO Epoch 7 [1640/5134] loss=0.3217
2026-04-11 07:30:47,933 INFO Epoch 7 [1650/5134] loss=0.4178
2026-04-11 07:30:52,983 INFO Epoch 7 [1660/5134] loss=0.2027
2026-04-11 07:30:59,835 INFO Epoch 7 [1670/5134] loss=0.1908
2026-04-11 07:31:05,133 INFO Epoch 7 [1680/5134] loss=0.2267
2026-04-11 07:31:10,718 INFO Epoch 7 [1690/5134] loss=0.1196
2026-04-11 07:31:16,248 INFO Epoch 7 [1700/5134] loss=0.1388
2026-04-11 07:31:23,054 INFO Epoch 7 [1710/5134] loss=0.1278
2026-04-11 07:31:28,155 INFO Epoch 7 [1720/5134] loss=0.1947
2026-04-11 07:31:34,595 INFO Epoch 7 [1730/5134] loss=0.1946
2026-04-11 07:31:39,478 INFO Epoch 7 [1740/5134] loss=0.2068
2026-04-11 07:31:47,070 INFO Epoch 7 [1750/5134] loss=0.1379
2026-04-11 07:31:51,564 INFO Epoch 7 [1760/5134] loss=0.3271
2026-04-11 07:31:58,245 INFO Epoch 7 [1770/5134] loss=0.2775
2026-04-11 07:32:03,363 INFO Epoch 7 [1780/5134] loss=0.3337
2026-04-11 07:32:10,553 INFO Epoch 7 [1790/5134] loss=0.1157
2026-04-11 07:32:15,699 INFO Epoch 7 [1800/5134] loss=0.1442
2026-04-11 07:32:21,542 INFO Epoch 7 [1810/5134] loss=0.2032
2026-04-11 07:32:26,819 INFO Epoch 7 [1820/5134] loss=0.3053
2026-04-11 07:32:32,627 INFO Epoch 7 [1830/5134] loss=0.2914
2026-04-11 07:32:36,983 INFO Epoch 7 [1840/5134] loss=0.0607
2026-04-11 07:32:43,167 INFO Epoch 7 [1850/5134] loss=0.3817
2026-04-11 07:32:48,669 INFO Epoch 7 [1860/5134] loss=0.3021
2026-04-11 07:32:55,161 INFO Epoch 7 [1870/5134] loss=0.2294
2026-04-11 07:33:00,473 INFO Epoch 7 [1880/5134] loss=0.2893
2026-04-11 07:33:07,634 INFO Epoch 7 [1890/5134] loss=0.1795
2026-04-11 07:33:12,303 INFO Epoch 7 [1900/5134] loss=0.2937
2026-04-11 07:33:18,427 INFO Epoch 7 [1910/5134] loss=0.1734
2026-04-11 07:33:23,411 INFO Epoch 7 [1920/5134] loss=0.1112
2026-04-11 07:33:30,437 INFO Epoch 7 [1930/5134] loss=0.2328
2026-04-11 07:33:35,024 INFO Epoch 7 [1940/5134] loss=0.1764
2026-04-11 07:33:41,291 INFO Epoch 7 [1950/5134] loss=0.1761
2026-04-11 07:33:46,288 INFO Epoch 7 [1960/5134] loss=0.2142
2026-04-11 07:33:53,022 INFO Epoch 7 [1970/5134] loss=0.0487
2026-04-11 07:33:57,718 INFO Epoch 7 [1980/5134] loss=0.1060
2026-04-11 07:34:03,879 INFO Epoch 7 [1990/5134] loss=0.3384
2026-04-11 07:34:08,657 INFO Epoch 7 [2000/5134] loss=0.1766
2026-04-11 07:34:16,362 INFO Epoch 7 [2010/5134] loss=0.3974
2026-04-11 07:34:21,389 INFO Epoch 7 [2020/5134] loss=0.2567
2026-04-11 07:34:27,913 INFO Epoch 7 [2030/5134] loss=0.2234
2026-04-11 07:34:32,792 INFO Epoch 7 [2040/5134] loss=0.2708
2026-04-11 07:34:39,479 INFO Epoch 7 [2050/5134] loss=0.3992
2026-04-11 07:34:44,753 INFO Epoch 7 [2060/5134] loss=0.1005
2026-04-11 07:34:51,775 INFO Epoch 7 [2070/5134] loss=0.2103
2026-04-11 07:34:56,361 INFO Epoch 7 [2080/5134] loss=0.1060
2026-04-11 07:35:02,689 INFO Epoch 7 [2090/5134] loss=0.4862
2026-04-11 07:35:08,090 INFO Epoch 7 [2100/5134] loss=0.2788
2026-04-11 07:35:14,350 INFO Epoch 7 [2110/5134] loss=0.5158
2026-04-11 07:35:19,666 INFO Epoch 7 [2120/5134] loss=0.1297
2026-04-11 07:35:26,597 INFO Epoch 7 [2130/5134] loss=0.2047
2026-04-11 07:35:31,652 INFO Epoch 7 [2140/5134] loss=0.3171
2026-04-11 07:35:38,509 INFO Epoch 7 [2150/5134] loss=0.3080
2026-04-11 07:35:43,348 INFO Epoch 7 [2160/5134] loss=0.0964
2026-04-11 07:35:49,651 INFO Epoch 7 [2170/5134] loss=0.2162
2026-04-11 07:35:55,054 INFO Epoch 7 [2180/5134] loss=0.3464
2026-04-11 07:36:01,929 INFO Epoch 7 [2190/5134] loss=0.0487
2026-04-11 07:36:06,791 INFO Epoch 7 [2200/5134] loss=0.3463
2026-04-11 07:36:12,750 INFO Epoch 7 [2210/5134] loss=0.1156
2026-04-11 07:36:17,854 INFO Epoch 7 [2220/5134] loss=0.2220
2026-04-11 07:36:24,521 INFO Epoch 7 [2230/5134] loss=0.1452
2026-04-11 07:36:29,658 INFO Epoch 7 [2240/5134] loss=0.3141
2026-04-11 07:36:36,228 INFO Epoch 7 [2250/5134] loss=0.2889
2026-04-11 07:36:40,896 INFO Epoch 7 [2260/5134] loss=0.1748
2026-04-11 07:36:48,495 INFO Epoch 7 [2270/5134] loss=0.4371
2026-04-11 07:36:52,943 INFO Epoch 7 [2280/5134] loss=0.1871
2026-04-11 07:36:59,670 INFO Epoch 7 [2290/5134] loss=0.1502
2026-04-11 07:37:05,236 INFO Epoch 7 [2300/5134] loss=0.2474
2026-04-11 07:37:11,345 INFO Epoch 7 [2310/5134] loss=0.3175
2026-04-11 07:37:16,481 INFO Epoch 7 [2320/5134] loss=0.4069
2026-04-11 07:37:22,966 INFO Epoch 7 [2330/5134] loss=0.0666
2026-04-11 07:37:28,910 INFO Epoch 7 [2340/5134] loss=0.4075
2026-04-11 07:37:35,201 INFO Epoch 7 [2350/5134] loss=0.1989
2026-04-11 07:37:40,930 INFO Epoch 7 [2360/5134] loss=0.2373
2026-04-11 07:37:48,247 INFO Epoch 7 [2370/5134] loss=0.1848
2026-04-11 07:37:53,641 INFO Epoch 7 [2380/5134] loss=0.0314
2026-04-11 07:38:01,496 INFO Epoch 7 [2390/5134] loss=0.3376
2026-04-11 07:38:06,404 INFO Epoch 7 [2400/5134] loss=0.3471
2026-04-11 07:38:13,479 INFO Epoch 7 [2410/5134] loss=0.0879
2026-04-11 07:38:18,321 INFO Epoch 7 [2420/5134] loss=0.4704
2026-04-11 07:38:25,641 INFO Epoch 7 [2430/5134] loss=0.2940
2026-04-11 07:38:31,156 INFO Epoch 7 [2440/5134] loss=0.0515
2026-04-11 07:38:38,682 INFO Epoch 7 [2450/5134] loss=0.0738
2026-04-11 07:38:44,267 INFO Epoch 7 [2460/5134] loss=0.1486
2026-04-11 07:38:51,283 INFO Epoch 7 [2470/5134] loss=0.3985
2026-04-11 07:38:56,541 INFO Epoch 7 [2480/5134] loss=0.4306
2026-04-11 07:39:03,202 INFO Epoch 7 [2490/5134] loss=0.1093
2026-04-11 07:39:08,820 INFO Epoch 7 [2500/5134] loss=0.2293
2026-04-11 07:39:16,110 INFO Epoch 7 [2510/5134] loss=0.1817
2026-04-11 07:39:21,698 INFO Epoch 7 [2520/5134] loss=0.2657
2026-04-11 07:39:29,634 INFO Epoch 7 [2530/5134] loss=0.1773
2026-04-11 07:39:34,904 INFO Epoch 7 [2540/5134] loss=0.1565
2026-04-11 07:39:42,287 INFO Epoch 7 [2550/5134] loss=0.1068
2026-04-11 07:39:47,774 INFO Epoch 7 [2560/5134] loss=0.2004
2026-04-11 07:39:54,704 INFO Epoch 7 [2570/5134] loss=0.1002
2026-04-11 07:40:00,161 INFO Epoch 7 [2580/5134] loss=0.1419
2026-04-11 07:40:07,261 INFO Epoch 7 [2590/5134] loss=0.2479
2026-04-11 07:40:13,247 INFO Epoch 7 [2600/5134] loss=0.4411
2026-04-11 07:40:20,519 INFO Epoch 7 [2610/5134] loss=0.4311
2026-04-11 07:40:25,646 INFO Epoch 7 [2620/5134] loss=0.4242
2026-04-11 07:40:32,213 INFO Epoch 7 [2630/5134] loss=0.0376
2026-04-11 07:40:37,686 INFO Epoch 7 [2640/5134] loss=0.2714
2026-04-11 07:40:45,190 INFO Epoch 7 [2650/5134] loss=0.1941
2026-04-11 07:40:50,793 INFO Epoch 7 [2660/5134] loss=0.1254
2026-04-11 07:40:58,487 INFO Epoch 7 [2670/5134] loss=0.2368
2026-04-11 07:41:03,490 INFO Epoch 7 [2680/5134] loss=0.2223
2026-04-11 07:41:10,607 INFO Epoch 7 [2690/5134] loss=0.1436
2026-04-11 07:41:16,090 INFO Epoch 7 [2700/5134] loss=0.0837
2026-04-11 07:41:22,708 INFO Epoch 7 [2710/5134] loss=0.3480
2026-04-11 07:41:28,296 INFO Epoch 7 [2720/5134] loss=0.2216
2026-04-11 07:41:36,392 INFO Epoch 7 [2730/5134] loss=0.3328
2026-04-11 07:41:41,488 INFO Epoch 7 [2740/5134] loss=0.2599
2026-04-11 07:41:48,314 INFO Epoch 7 [2750/5134] loss=0.2455
2026-04-11 07:41:53,966 INFO Epoch 7 [2760/5134] loss=0.1666
2026-04-11 07:42:00,773 INFO Epoch 7 [2770/5134] loss=0.1881
2026-04-11 07:42:06,659 INFO Epoch 7 [2780/5134] loss=0.3611
2026-04-11 07:42:13,458 INFO Epoch 7 [2790/5134] loss=0.1492
2026-04-11 07:42:18,867 INFO Epoch 7 [2800/5134] loss=0.1549
2026-04-11 07:42:26,331 INFO Epoch 7 [2810/5134] loss=0.2666
2026-04-11 07:42:31,677 INFO Epoch 7 [2820/5134] loss=0.2017
2026-04-11 07:42:39,023 INFO Epoch 7 [2830/5134] loss=0.1074
2026-04-11 07:42:43,854 INFO Epoch 7 [2840/5134] loss=0.4524
2026-04-11 07:42:51,083 INFO Epoch 7 [2850/5134] loss=0.2167
2026-04-11 07:42:56,439 INFO Epoch 7 [2860/5134] loss=0.0350
2026-04-11 07:43:02,850 INFO Epoch 7 [2870/5134] loss=0.3287
2026-04-11 07:43:08,130 INFO Epoch 7 [2880/5134] loss=0.4605
2026-04-11 07:43:14,998 INFO Epoch 7 [2890/5134] loss=0.1216
2026-04-11 07:43:20,428 INFO Epoch 7 [2900/5134] loss=0.3159
2026-04-11 07:43:28,246 INFO Epoch 7 [2910/5134] loss=0.1383
2026-04-11 07:43:33,252 INFO Epoch 7 [2920/5134] loss=0.3465
2026-04-11 07:43:40,108 INFO Epoch 7 [2930/5134] loss=0.4834
2026-04-11 07:43:46,709 INFO Epoch 7 [2940/5134] loss=0.3391
2026-04-11 07:43:52,955 INFO Epoch 7 [2950/5134] loss=0.2478
2026-04-11 07:43:59,771 INFO Epoch 7 [2960/5134] loss=0.2202
2026-04-11 07:44:05,282 INFO Epoch 7 [2970/5134] loss=0.2678
2026-04-11 07:44:12,653 INFO Epoch 7 [2980/5134] loss=0.1035
2026-04-11 07:44:18,171 INFO Epoch 7 [2990/5134] loss=0.4010
2026-04-11 07:44:25,424 INFO Epoch 7 [3000/5134] loss=0.0598
2026-04-11 07:44:30,458 INFO Epoch 7 [3010/5134] loss=0.4141
2026-04-11 07:44:37,213 INFO Epoch 7 [3020/5134] loss=0.3240
2026-04-11 07:44:43,139 INFO Epoch 7 [3030/5134] loss=0.3040
2026-04-11 07:44:50,000 INFO Epoch 7 [3040/5134] loss=0.0950
2026-04-11 07:44:56,591 INFO Epoch 7 [3050/5134] loss=0.3253
2026-04-11 07:45:03,298 INFO Epoch 7 [3060/5134] loss=0.1924
2026-04-11 07:45:09,241 INFO Epoch 7 [3070/5134] loss=0.0635
2026-04-11 07:45:15,946 INFO Epoch 7 [3080/5134] loss=0.2274
2026-04-11 07:45:21,284 INFO Epoch 7 [3090/5134] loss=0.0896
2026-04-11 07:45:27,570 INFO Epoch 7 [3100/5134] loss=0.1783
2026-04-11 07:45:34,509 INFO Epoch 7 [3110/5134] loss=0.1422
2026-04-11 07:45:40,193 INFO Epoch 7 [3120/5134] loss=0.1067
2026-04-11 07:45:47,620 INFO Epoch 7 [3130/5134] loss=0.1707
2026-04-11 07:45:52,399 INFO Epoch 7 [3140/5134] loss=0.0926
2026-04-11 07:45:59,130 INFO Epoch 7 [3150/5134] loss=0.0689
2026-04-11 07:46:04,151 INFO Epoch 7 [3160/5134] loss=0.2390
2026-04-11 07:46:11,194 INFO Epoch 7 [3170/5134] loss=0.0591
2026-04-11 07:46:16,887 INFO Epoch 7 [3180/5134] loss=0.1113
2026-04-11 07:46:23,074 INFO Epoch 7 [3190/5134] loss=0.3841
2026-04-11 07:46:29,444 INFO Epoch 7 [3200/5134] loss=0.1570
2026-04-11 07:46:35,682 INFO Epoch 7 [3210/5134] loss=0.3047
2026-04-11 07:46:42,260 INFO Epoch 7 [3220/5134] loss=0.4007
2026-04-11 07:46:48,594 INFO Epoch 7 [3230/5134] loss=0.4385
2026-04-11 07:46:54,954 INFO Epoch 7 [3240/5134] loss=0.1828
2026-04-11 07:47:00,727 INFO Epoch 7 [3250/5134] loss=0.2705
2026-04-11 07:47:07,102 INFO Epoch 7 [3260/5134] loss=0.0640
2026-04-11 07:47:14,312 INFO Epoch 7 [3270/5134] loss=0.1208
2026-04-11 07:47:20,744 INFO Epoch 7 [3280/5134] loss=0.3131
2026-04-11 07:47:28,189 INFO Epoch 7 [3290/5134] loss=0.4493
2026-04-11 07:47:33,522 INFO Epoch 7 [3300/5134] loss=0.0327
2026-04-11 07:47:40,970 INFO Epoch 7 [3310/5134] loss=0.0426
2026-04-11 07:47:46,938 INFO Epoch 7 [3320/5134] loss=0.2469
2026-04-11 07:47:54,099 INFO Epoch 7 [3330/5134] loss=0.3982
2026-04-11 07:47:59,262 INFO Epoch 7 [3340/5134] loss=0.3215
2026-04-11 07:48:07,112 INFO Epoch 7 [3350/5134] loss=0.2977
2026-04-11 07:48:11,977 INFO Epoch 7 [3360/5134] loss=0.4730
2026-04-11 07:48:19,414 INFO Epoch 7 [3370/5134] loss=0.1888
2026-04-11 07:48:24,982 INFO Epoch 7 [3380/5134] loss=0.3955
2026-04-11 07:48:32,098 INFO Epoch 7 [3390/5134] loss=0.4173
2026-04-11 07:48:37,451 INFO Epoch 7 [3400/5134] loss=0.5347
2026-04-11 07:48:44,304 INFO Epoch 7 [3410/5134] loss=0.0999
2026-04-11 07:48:49,763 INFO Epoch 7 [3420/5134] loss=0.1759
2026-04-11 07:48:56,341 INFO Epoch 7 [3430/5134] loss=0.1943
2026-04-11 07:49:01,935 INFO Epoch 7 [3440/5134] loss=0.1412
2026-04-11 07:49:08,975 INFO Epoch 7 [3450/5134] loss=0.1168
2026-04-11 07:49:14,256 INFO Epoch 7 [3460/5134] loss=0.0850
2026-04-11 07:49:21,299 INFO Epoch 7 [3470/5134] loss=0.1850
2026-04-11 07:49:26,717 INFO Epoch 7 [3480/5134] loss=0.4947
2026-04-11 07:49:33,917 INFO Epoch 7 [3490/5134] loss=0.1986
2026-04-11 07:49:39,115 INFO Epoch 7 [3500/5134] loss=0.3319
2026-04-11 07:49:46,244 INFO Epoch 7 [3510/5134] loss=0.2889
2026-04-11 07:49:52,089 INFO Epoch 7 [3520/5134] loss=0.4577
2026-04-11 07:49:58,276 INFO Epoch 7 [3530/5134] loss=0.2350
2026-04-11 07:50:03,892 INFO Epoch 7 [3540/5134] loss=0.4202
2026-04-11 07:50:10,619 INFO Epoch 7 [3550/5134] loss=0.3145
2026-04-11 07:50:16,484 INFO Epoch 7 [3560/5134] loss=0.1436
2026-04-11 07:50:23,461 INFO Epoch 7 [3570/5134] loss=0.4834
2026-04-11 07:50:28,819 INFO Epoch 7 [3580/5134] loss=0.1349
2026-04-11 07:50:35,823 INFO Epoch 7 [3590/5134] loss=0.2669
2026-04-11 07:50:41,301 INFO Epoch 7 [3600/5134] loss=0.0732
2026-04-11 07:50:49,218 INFO Epoch 7 [3610/5134] loss=0.2848
2026-04-11 07:50:54,755 INFO Epoch 7 [3620/5134] loss=0.4822
2026-04-11 07:51:01,833 INFO Epoch 7 [3630/5134] loss=0.3489
2026-04-11 07:51:07,341 INFO Epoch 7 [3640/5134] loss=0.3681
2026-04-11 07:51:15,113 INFO Epoch 7 [3650/5134] loss=0.1706
2026-04-11 07:51:20,020 INFO Epoch 7 [3660/5134] loss=0.1671
2026-04-11 07:51:27,291 INFO Epoch 7 [3670/5134] loss=0.1046
2026-04-11 07:51:32,370 INFO Epoch 7 [3680/5134] loss=0.3088
2026-04-11 07:51:39,304 INFO Epoch 7 [3690/5134] loss=0.1342
2026-04-11 07:51:44,239 INFO Epoch 7 [3700/5134] loss=0.1061
2026-04-11 07:51:50,881 INFO Epoch 7 [3710/5134] loss=0.0931
2026-04-11 07:51:57,096 INFO Epoch 7 [3720/5134] loss=0.2343
2026-04-11 07:52:03,256 INFO Epoch 7 [3730/5134] loss=0.1621
2026-04-11 07:52:10,008 INFO Epoch 7 [3740/5134] loss=0.3133
2026-04-11 07:52:16,091 INFO Epoch 7 [3750/5134] loss=0.1388
2026-04-11 07:52:22,547 INFO Epoch 7 [3760/5134] loss=0.3462
2026-04-11 07:52:29,153 INFO Epoch 7 [3770/5134] loss=0.1806
2026-04-11 07:52:35,483 INFO Epoch 7 [3780/5134] loss=0.0623
2026-04-11 07:52:41,944 INFO Epoch 7 [3790/5134] loss=0.2007
2026-04-11 07:52:47,630 INFO Epoch 7 [3800/5134] loss=0.4401
2026-04-11 07:52:54,634 INFO Epoch 7 [3810/5134] loss=0.1186
2026-04-11 07:53:00,542 INFO Epoch 7 [3820/5134] loss=0.1539
2026-04-11 07:53:06,751 INFO Epoch 7 [3830/5134] loss=0.1345
2026-04-11 07:53:13,716 INFO Epoch 7 [3840/5134] loss=0.0965
2026-04-11 07:53:19,651 INFO Epoch 7 [3850/5134] loss=0.2033
2026-04-11 07:53:25,783 INFO Epoch 7 [3860/5134] loss=0.3460
2026-04-11 07:53:31,695 INFO Epoch 7 [3870/5134] loss=0.1749
2026-04-11 07:53:39,097 INFO Epoch 7 [3880/5134] loss=0.4422
2026-04-11 07:53:44,318 INFO Epoch 7 [3890/5134] loss=0.3504
2026-04-11 07:53:51,705 INFO Epoch 7 [3900/5134] loss=0.1628
2026-04-11 07:53:57,280 INFO Epoch 7 [3910/5134] loss=0.4108
2026-04-11 07:54:04,339 INFO Epoch 7 [3920/5134] loss=0.1390
2026-04-11 07:54:10,037 INFO Epoch 7 [3930/5134] loss=0.3622
2026-04-11 07:54:17,324 INFO Epoch 7 [3940/5134] loss=0.3162
2026-04-11 07:54:22,960 INFO Epoch 7 [3950/5134] loss=0.3404
2026-04-11 07:54:30,209 INFO Epoch 7 [3960/5134] loss=0.3100
2026-04-11 07:54:36,034 INFO Epoch 7 [3970/5134] loss=0.3562
2026-04-11 07:54:43,225 INFO Epoch 7 [3980/5134] loss=0.0956
2026-04-11 07:54:48,894 INFO Epoch 7 [3990/5134] loss=0.2912
2026-04-11 07:54:55,311 INFO Epoch 7 [4000/5134] loss=0.3152
2026-04-11 07:55:01,839 INFO Epoch 7 [4010/5134] loss=0.3501
2026-04-11 07:55:08,401 INFO Epoch 7 [4020/5134] loss=0.3411
2026-04-11 07:55:14,335 INFO Epoch 7 [4030/5134] loss=0.1843
2026-04-11 07:55:20,804 INFO Epoch 7 [4040/5134] loss=0.2918
2026-04-11 07:55:26,396 INFO Epoch 7 [4050/5134] loss=0.1676
2026-04-11 07:55:33,833 INFO Epoch 7 [4060/5134] loss=0.3945
2026-04-11 07:55:39,038 INFO Epoch 7 [4070/5134] loss=0.3278
2026-04-11 07:55:46,752 INFO Epoch 7 [4080/5134] loss=0.0845
2026-04-11 07:55:51,697 INFO Epoch 7 [4090/5134] loss=0.4687
2026-04-11 07:55:59,357 INFO Epoch 7 [4100/5134] loss=0.3366
2026-04-11 07:56:04,489 INFO Epoch 7 [4110/5134] loss=0.3992
2026-04-11 07:56:11,701 INFO Epoch 7 [4120/5134] loss=0.4435
2026-04-11 07:56:17,666 INFO Epoch 7 [4130/5134] loss=0.2041
2026-04-11 07:56:24,777 INFO Epoch 7 [4140/5134] loss=0.3379
2026-04-11 07:56:30,546 INFO Epoch 7 [4150/5134] loss=0.2711
2026-04-11 07:56:37,999 INFO Epoch 7 [4160/5134] loss=0.2165
2026-04-11 07:56:43,359 INFO Epoch 7 [4170/5134] loss=0.2540
2026-04-11 07:56:50,588 INFO Epoch 7 [4180/5134] loss=0.0527
2026-04-11 07:56:56,377 INFO Epoch 7 [4190/5134] loss=0.3300
2026-04-11 07:57:03,329 INFO Epoch 7 [4200/5134] loss=0.0698
2026-04-11 07:57:10,035 INFO Epoch 7 [4210/5134] loss=0.2338
2026-04-11 07:57:18,941 INFO Epoch 7 [4220/5134] loss=0.1404
2026-04-11 07:57:25,275 INFO Epoch 7 [4230/5134] loss=0.4465
2026-04-11 07:57:34,195 INFO Epoch 7 [4240/5134] loss=0.4763
2026-04-11 07:57:40,337 INFO Epoch 7 [4250/5134] loss=0.1872
2026-04-11 07:57:49,354 INFO Epoch 7 [4260/5134] loss=0.3315
2026-04-11 07:57:56,479 INFO Epoch 7 [4270/5134] loss=0.3007
2026-04-11 07:58:04,578 INFO Epoch 7 [4280/5134] loss=0.3058
2026-04-11 07:58:11,238 INFO Epoch 7 [4290/5134] loss=0.2505
2026-04-11 07:58:20,143 INFO Epoch 7 [4300/5134] loss=0.2279
2026-04-11 07:58:26,522 INFO Epoch 7 [4310/5134] loss=0.0930
2026-04-11 07:58:35,108 INFO Epoch 7 [4320/5134] loss=0.4683
2026-04-11 07:58:42,344 INFO Epoch 7 [4330/5134] loss=0.3263
2026-04-11 07:58:50,157 INFO Epoch 7 [4340/5134] loss=0.1095
2026-04-11 07:58:57,891 INFO Epoch 7 [4350/5134] loss=0.2616
2026-04-11 07:59:06,060 INFO Epoch 7 [4360/5134] loss=0.1792
2026-04-11 07:59:13,492 INFO Epoch 7 [4370/5134] loss=0.3751
2026-04-11 07:59:21,522 INFO Epoch 7 [4380/5134] loss=0.3448
2026-04-11 07:59:29,198 INFO Epoch 7 [4390/5134] loss=0.1097
2026-04-11 07:59:36,997 INFO Epoch 7 [4400/5134] loss=0.3479
2026-04-11 07:59:44,754 INFO Epoch 7 [4410/5134] loss=0.1487
2026-04-11 07:59:52,455 INFO Epoch 7 [4420/5134] loss=0.1828
2026-04-11 08:00:00,652 INFO Epoch 7 [4430/5134] loss=0.2213
2026-04-11 08:00:07,465 INFO Epoch 7 [4440/5134] loss=0.4096
2026-04-11 08:00:15,891 INFO Epoch 7 [4450/5134] loss=0.2481
2026-04-11 08:00:23,048 INFO Epoch 7 [4460/5134] loss=0.2248
2026-04-11 08:00:31,084 INFO Epoch 7 [4470/5134] loss=0.2727
2026-04-11 08:00:39,096 INFO Epoch 7 [4480/5134] loss=0.4942
2026-04-11 08:00:46,759 INFO Epoch 7 [4490/5134] loss=0.1400
2026-04-11 08:00:54,573 INFO Epoch 7 [4500/5134] loss=0.1926
2026-04-11 08:01:02,503 INFO Epoch 7 [4510/5134] loss=0.2936
2026-04-11 08:01:09,731 INFO Epoch 7 [4520/5134] loss=0.2294
2026-04-11 08:01:16,779 INFO Epoch 7 [4530/5134] loss=0.1132
2026-04-11 08:01:23,377 INFO Epoch 7 [4540/5134] loss=0.2249
2026-04-11 08:01:30,237 INFO Epoch 7 [4550/5134] loss=0.1492
2026-04-11 08:01:36,193 INFO Epoch 7 [4560/5134] loss=0.3166
2026-04-11 08:01:43,314 INFO Epoch 7 [4570/5134] loss=0.2036
2026-04-11 08:01:50,524 INFO Epoch 7 [4580/5134] loss=0.2040
2026-04-11 08:01:56,474 INFO Epoch 7 [4590/5134] loss=0.3898
2026-04-11 08:02:03,943 INFO Epoch 7 [4600/5134] loss=0.3079
2026-04-11 08:02:09,511 INFO Epoch 7 [4610/5134] loss=0.3876
2026-04-11 08:02:17,682 INFO Epoch 7 [4620/5134] loss=0.4608
2026-04-11 08:02:23,231 INFO Epoch 7 [4630/5134] loss=0.2274
2026-04-11 08:02:30,674 INFO Epoch 7 [4640/5134] loss=0.1347
2026-04-11 08:02:36,730 INFO Epoch 7 [4650/5134] loss=0.3358
2026-04-11 08:02:44,201 INFO Epoch 7 [4660/5134] loss=0.1437
2026-04-11 08:02:50,433 INFO Epoch 7 [4670/5134] loss=0.2433
2026-04-11 08:02:57,541 INFO Epoch 7 [4680/5134] loss=0.2185
2026-04-11 08:03:04,016 INFO Epoch 7 [4690/5134] loss=0.2097
2026-04-11 08:03:11,210 INFO Epoch 7 [4700/5134] loss=0.1127
2026-04-11 08:03:17,520 INFO Epoch 7 [4710/5134] loss=0.2242
2026-04-11 08:03:24,257 INFO Epoch 7 [4720/5134] loss=0.1537
2026-04-11 08:03:30,657 INFO Epoch 7 [4730/5134] loss=0.0913
2026-04-11 08:03:37,620 INFO Epoch 7 [4740/5134] loss=0.3233
2026-04-11 08:03:43,868 INFO Epoch 7 [4750/5134] loss=0.3671
2026-04-11 08:03:50,478 INFO Epoch 7 [4760/5134] loss=0.2173
2026-04-11 08:03:57,228 INFO Epoch 7 [4770/5134] loss=0.4632
2026-04-11 08:04:04,229 INFO Epoch 7 [4780/5134] loss=0.2119
2026-04-11 08:04:10,659 INFO Epoch 7 [4790/5134] loss=0.2844
2026-04-11 08:04:16,940 INFO Epoch 7 [4800/5134] loss=0.0705
2026-04-11 08:04:23,631 INFO Epoch 7 [4810/5134] loss=0.4208
2026-04-11 08:04:30,427 INFO Epoch 7 [4820/5134] loss=0.4953
2026-04-11 08:04:36,734 INFO Epoch 7 [4830/5134] loss=0.4651
2026-04-11 08:04:43,268 INFO Epoch 7 [4840/5134] loss=0.3140
2026-04-11 08:04:50,261 INFO Epoch 7 [4850/5134] loss=0.4643
2026-04-11 08:04:57,073 INFO Epoch 7 [4860/5134] loss=0.3086
2026-04-11 08:05:03,006 INFO Epoch 7 [4870/5134] loss=0.2856
2026-04-11 08:05:10,279 INFO Epoch 7 [4880/5134] loss=0.1628
2026-04-11 08:05:16,477 INFO Epoch 7 [4890/5134] loss=0.4089
2026-04-11 08:05:23,742 INFO Epoch 7 [4900/5134] loss=0.2974
2026-04-11 08:05:30,536 INFO Epoch 7 [4910/5134] loss=0.2572
2026-04-11 08:05:37,502 INFO Epoch 7 [4920/5134] loss=0.2450
2026-04-11 08:05:44,560 INFO Epoch 7 [4930/5134] loss=0.2352
2026-04-11 08:05:50,685 INFO Epoch 7 [4940/5134] loss=0.1197
2026-04-11 08:05:57,974 INFO Epoch 7 [4950/5134] loss=0.2879
2026-04-11 08:06:04,230 INFO Epoch 7 [4960/5134] loss=0.0619
2026-04-11 08:06:11,347 INFO Epoch 7 [4970/5134] loss=0.2004
2026-04-11 08:06:17,339 INFO Epoch 7 [4980/5134] loss=0.0665
2026-04-11 08:06:25,159 INFO Epoch 7 [4990/5134] loss=0.0760
2026-04-11 08:06:30,715 INFO Epoch 7 [5000/5134] loss=0.4278
2026-04-11 08:06:38,530 INFO Epoch 7 [5010/5134] loss=0.2026
2026-04-11 08:06:44,247 INFO Epoch 7 [5020/5134] loss=0.0809
2026-04-11 08:06:51,656 INFO Epoch 7 [5030/5134] loss=0.0678
2026-04-11 08:06:57,983 INFO Epoch 7 [5040/5134] loss=0.2059
2026-04-11 08:07:05,753 INFO Epoch 7 [5050/5134] loss=0.1555
2026-04-11 08:07:11,348 INFO Epoch 7 [5060/5134] loss=0.0631
2026-04-11 08:07:19,559 INFO Epoch 7 [5070/5134] loss=0.1280
2026-04-11 08:07:25,703 INFO Epoch 7 [5080/5134] loss=0.1917
2026-04-11 08:07:33,885 INFO Epoch 7 [5090/5134] loss=0.3795
2026-04-11 08:07:39,495 INFO Epoch 7 [5100/5134] loss=0.2065
2026-04-11 08:07:47,198 INFO Epoch 7 [5110/5134] loss=0.3512
2026-04-11 08:07:52,901 INFO Epoch 7 [5120/5134] loss=0.2565
2026-04-11 08:08:00,286 INFO Epoch 7 [5130/5134] loss=0.1883
2026-04-11 08:38:05,971 INFO Epoch 7/15 (5032s) lr=0.000055 | train_loss=0.2360 train_iou=0.2834 | val_loss=0.4530 val_iou=0.2613 val_dice=0.2734 val_f1=0.1129
2026-04-11 08:38:20,435 INFO Epoch 8 [0/5134] loss=0.0519
2026-04-11 08:38:24,956 INFO Epoch 8 [10/5134] loss=0.2394
2026-04-11 08:38:32,191 INFO Epoch 8 [20/5134] loss=0.1325
2026-04-11 08:38:37,288 INFO Epoch 8 [30/5134] loss=0.0900
2026-04-11 08:38:43,935 INFO Epoch 8 [40/5134] loss=0.0955
2026-04-11 08:38:48,884 INFO Epoch 8 [50/5134] loss=0.3154
2026-04-11 08:38:55,526 INFO Epoch 8 [60/5134] loss=0.1750
2026-04-11 08:39:00,806 INFO Epoch 8 [70/5134] loss=0.0455
2026-04-11 08:39:07,753 INFO Epoch 8 [80/5134] loss=0.0916
2026-04-11 08:39:14,904 INFO Epoch 8 [90/5134] loss=0.1233
2026-04-11 08:39:19,805 INFO Epoch 8 [100/5134] loss=0.0721
2026-04-11 08:39:27,158 INFO Epoch 8 [110/5134] loss=0.1712
2026-04-11 08:39:31,464 INFO Epoch 8 [120/5134] loss=0.1001
2026-04-11 08:39:38,510 INFO Epoch 8 [130/5134] loss=0.0999
2026-04-11 08:39:43,222 INFO Epoch 8 [140/5134] loss=0.0504
2026-04-11 08:39:49,909 INFO Epoch 8 [150/5134] loss=0.1318
2026-04-11 08:39:55,379 INFO Epoch 8 [160/5134] loss=0.0498
2026-04-11 08:40:03,025 INFO Epoch 8 [170/5134] loss=0.1238
2026-04-11 08:40:08,775 INFO Epoch 8 [180/5134] loss=0.1308
2026-04-11 08:40:14,960 INFO Epoch 8 [190/5134] loss=0.0677
2026-04-11 08:40:20,442 INFO Epoch 8 [200/5134] loss=0.0837
2026-04-11 08:40:26,391 INFO Epoch 8 [210/5134] loss=0.0615
2026-04-11 08:40:32,429 INFO Epoch 8 [220/5134] loss=0.0295
2026-04-11 08:40:38,372 INFO Epoch 8 [230/5134] loss=0.1126
2026-04-11 08:40:45,076 INFO Epoch 8 [240/5134] loss=0.1160
2026-04-11 08:40:51,009 INFO Epoch 8 [250/5134] loss=0.0345
2026-04-11 08:40:57,424 INFO Epoch 8 [260/5134] loss=0.3027
2026-04-11 08:41:03,023 INFO Epoch 8 [270/5134] loss=0.1021
2026-04-11 08:41:09,873 INFO Epoch 8 [280/5134] loss=0.2112
2026-04-11 08:41:14,718 INFO Epoch 8 [290/5134] loss=0.0719
2026-04-11 08:41:21,560 INFO Epoch 8 [300/5134] loss=0.0570
2026-04-11 08:41:28,226 INFO Epoch 8 [310/5134] loss=0.4198
2026-04-11 08:41:34,316 INFO Epoch 8 [320/5134] loss=0.1581
2026-04-11 08:41:40,667 INFO Epoch 8 [330/5134] loss=0.1065
2026-04-11 08:41:47,006 INFO Epoch 8 [340/5134] loss=0.1616
2026-04-11 08:41:53,081 INFO Epoch 8 [350/5134] loss=0.1163
2026-04-11 08:42:00,165 INFO Epoch 8 [360/5134] loss=0.1155
2026-04-11 08:42:06,156 INFO Epoch 8 [370/5134] loss=0.0912
2026-04-11 08:42:11,871 INFO Epoch 8 [380/5134] loss=0.0918
2026-04-11 08:42:19,633 INFO Epoch 8 [390/5134] loss=0.2583
2026-04-11 08:42:25,380 INFO Epoch 8 [400/5134] loss=0.0407
2026-04-11 08:42:32,634 INFO Epoch 8 [410/5134] loss=0.0359
2026-04-11 08:42:37,765 INFO Epoch 8 [420/5134] loss=0.0479
2026-04-11 08:42:43,902 INFO Epoch 8 [430/5134] loss=0.0594
2026-04-11 08:42:49,394 INFO Epoch 8 [440/5134] loss=0.1356
2026-04-11 08:42:55,919 INFO Epoch 8 [450/5134] loss=0.0811
2026-04-11 08:43:01,314 INFO Epoch 8 [460/5134] loss=0.1513
2026-04-11 08:43:08,389 INFO Epoch 8 [470/5134] loss=0.0701
2026-04-11 08:43:13,320 INFO Epoch 8 [480/5134] loss=0.0840
2026-04-11 08:43:19,667 INFO Epoch 8 [490/5134] loss=0.1636
2026-04-11 08:43:25,010 INFO Epoch 8 [500/5134] loss=0.0661
2026-04-11 08:43:31,384 INFO Epoch 8 [510/5134] loss=0.1136
2026-04-11 08:43:36,370 INFO Epoch 8 [520/5134] loss=0.1375
2026-04-11 08:43:42,989 INFO Epoch 8 [530/5134] loss=0.2149
2026-04-11 08:43:48,193 INFO Epoch 8 [540/5134] loss=0.0854
2026-04-11 08:43:54,204 INFO Epoch 8 [550/5134] loss=0.0582
2026-04-11 08:43:59,351 INFO Epoch 8 [560/5134] loss=0.3610
2026-04-11 08:44:05,766 INFO Epoch 8 [570/5134] loss=0.0979
2026-04-11 08:44:09,880 INFO Epoch 8 [580/5134] loss=0.1105
2026-04-11 08:44:16,319 INFO Epoch 8 [590/5134] loss=0.0607
2026-04-11 08:44:20,592 INFO Epoch 8 [600/5134] loss=0.1116
2026-04-11 08:44:26,787 INFO Epoch 8 [610/5134] loss=0.2217
2026-04-11 08:44:31,306 INFO Epoch 8 [620/5134] loss=0.2765
2026-04-11 08:44:37,837 INFO Epoch 8 [630/5134] loss=0.1732
2026-04-11 08:44:42,712 INFO Epoch 8 [640/5134] loss=0.2741
2026-04-11 08:44:48,238 INFO Epoch 8 [650/5134] loss=0.0509
2026-04-11 08:44:53,744 INFO Epoch 8 [660/5134] loss=0.1290
2026-04-11 08:45:00,183 INFO Epoch 8 [670/5134] loss=0.4850
2026-04-11 08:45:05,030 INFO Epoch 8 [680/5134] loss=0.2297
2026-04-11 08:45:11,079 INFO Epoch 8 [690/5134] loss=0.3751
2026-04-11 08:45:16,934 INFO Epoch 8 [700/5134] loss=0.0608
2026-04-11 08:45:22,591 INFO Epoch 8 [710/5134] loss=0.1718
2026-04-11 08:45:28,516 INFO Epoch 8 [720/5134] loss=0.3216
2026-04-11 08:45:34,204 INFO Epoch 8 [730/5134] loss=0.2782
2026-04-11 08:45:40,201 INFO Epoch 8 [740/5134] loss=0.1674
2026-04-11 08:45:46,787 INFO Epoch 8 [750/5134] loss=0.2108
2026-04-11 08:45:51,719 INFO Epoch 8 [760/5134] loss=0.1916
2026-04-11 08:45:58,614 INFO Epoch 8 [770/5134] loss=0.1596
2026-04-11 08:46:04,373 INFO Epoch 8 [780/5134] loss=0.3398
2026-04-11 08:46:10,395 INFO Epoch 8 [790/5134] loss=0.1092
2026-04-11 08:46:15,512 INFO Epoch 8 [800/5134] loss=0.1849
2026-04-11 08:46:21,539 INFO Epoch 8 [810/5134] loss=0.3311
2026-04-11 08:46:26,760 INFO Epoch 8 [820/5134] loss=0.1940
2026-04-11 08:46:33,455 INFO Epoch 8 [830/5134] loss=0.3827
2026-04-11 08:46:38,421 INFO Epoch 8 [840/5134] loss=0.0957
2026-04-11 08:46:43,786 INFO Epoch 8 [850/5134] loss=0.4348
2026-04-11 08:46:51,054 INFO Epoch 8 [860/5134] loss=0.1685
2026-04-11 08:46:56,930 INFO Epoch 8 [870/5134] loss=0.1938
2026-04-11 08:47:03,144 INFO Epoch 8 [880/5134] loss=0.1654
2026-04-11 08:47:07,706 INFO Epoch 8 [890/5134] loss=0.4524
2026-04-11 08:47:15,127 INFO Epoch 8 [900/5134] loss=0.3988
2026-04-11 08:47:19,847 INFO Epoch 8 [910/5134] loss=0.3453
2026-04-11 08:47:26,344 INFO Epoch 8 [920/5134] loss=0.1760
2026-04-11 08:47:31,619 INFO Epoch 8 [930/5134] loss=0.1182
2026-04-11 08:47:38,371 INFO Epoch 8 [940/5134] loss=0.1269
2026-04-11 08:47:43,856 INFO Epoch 8 [950/5134] loss=0.2195
2026-04-11 08:47:50,768 INFO Epoch 8 [960/5134] loss=0.3988
2026-04-11 08:47:55,199 INFO Epoch 8 [970/5134] loss=0.3460
2026-04-11 08:48:01,572 INFO Epoch 8 [980/5134] loss=0.3174
2026-04-11 08:48:06,656 INFO Epoch 8 [990/5134] loss=0.1530
2026-04-11 08:48:12,627 INFO Epoch 8 [1000/5134] loss=0.1654
2026-04-11 08:48:17,348 INFO Epoch 8 [1010/5134] loss=0.2659
2026-04-11 08:48:23,717 INFO Epoch 8 [1020/5134] loss=0.1355
2026-04-11 08:48:28,177 INFO Epoch 8 [1030/5134] loss=0.3767
2026-04-11 08:48:34,598 INFO Epoch 8 [1040/5134] loss=0.2319
2026-04-11 08:48:40,765 INFO Epoch 8 [1050/5134] loss=0.1023
2026-04-11 08:48:46,214 INFO Epoch 8 [1060/5134] loss=0.0910
2026-04-11 08:48:51,997 INFO Epoch 8 [1070/5134] loss=0.2173
2026-04-11 08:48:57,757 INFO Epoch 8 [1080/5134] loss=0.2715
2026-04-11 08:49:03,849 INFO Epoch 8 [1090/5134] loss=0.2052
2026-04-11 08:49:09,442 INFO Epoch 8 [1100/5134] loss=0.3916
2026-04-11 08:49:16,232 INFO Epoch 8 [1110/5134] loss=0.3856
2026-04-11 08:49:21,188 INFO Epoch 8 [1120/5134] loss=0.2698
2026-04-11 08:49:27,880 INFO Epoch 8 [1130/5134] loss=0.3832
2026-04-11 08:49:32,797 INFO Epoch 8 [1140/5134] loss=0.3166
2026-04-11 08:49:39,396 INFO Epoch 8 [1150/5134] loss=0.2246
2026-04-11 08:49:44,019 INFO Epoch 8 [1160/5134] loss=0.2154
2026-04-11 08:49:50,508 INFO Epoch 8 [1170/5134] loss=0.3394
2026-04-11 08:49:55,569 INFO Epoch 8 [1180/5134] loss=0.3449
2026-04-11 08:50:01,797 INFO Epoch 8 [1190/5134] loss=0.2630
2026-04-11 08:50:06,624 INFO Epoch 8 [1200/5134] loss=0.2413
2026-04-11 08:50:12,975 INFO Epoch 8 [1210/5134] loss=0.2259
2026-04-11 08:50:17,739 INFO Epoch 8 [1220/5134] loss=0.2370
2026-04-11 08:50:24,628 INFO Epoch 8 [1230/5134] loss=0.3454
2026-04-11 08:50:30,241 INFO Epoch 8 [1240/5134] loss=0.2038
2026-04-11 08:50:37,340 INFO Epoch 8 [1250/5134] loss=0.1279
2026-04-11 08:50:41,956 INFO Epoch 8 [1260/5134] loss=0.1243
2026-04-11 08:50:49,075 INFO Epoch 8 [1270/5134] loss=0.4260
2026-04-11 08:50:54,244 INFO Epoch 8 [1280/5134] loss=0.1922
2026-04-11 08:51:00,417 INFO Epoch 8 [1290/5134] loss=0.3007
2026-04-11 08:51:05,173 INFO Epoch 8 [1300/5134] loss=0.1331
2026-04-11 08:51:11,250 INFO Epoch 8 [1310/5134] loss=0.2123
2026-04-11 08:51:16,683 INFO Epoch 8 [1320/5134] loss=0.3618
2026-04-11 08:51:22,795 INFO Epoch 8 [1330/5134] loss=0.1715
2026-04-11 08:51:28,464 INFO Epoch 8 [1340/5134] loss=0.3185
2026-04-11 08:51:34,370 INFO Epoch 8 [1350/5134] loss=0.1719
2026-04-11 08:51:39,762 INFO Epoch 8 [1360/5134] loss=0.0978
2026-04-11 08:51:46,732 INFO Epoch 8 [1370/5134] loss=0.4291
2026-04-11 08:51:51,467 INFO Epoch 8 [1380/5134] loss=0.1413
2026-04-11 08:51:58,004 INFO Epoch 8 [1390/5134] loss=0.2261
2026-04-11 08:52:03,204 INFO Epoch 8 [1400/5134] loss=0.2072
2026-04-11 08:52:09,646 INFO Epoch 8 [1410/5134] loss=0.4857
2026-04-11 08:52:14,657 INFO Epoch 8 [1420/5134] loss=0.2360
2026-04-11 08:52:22,175 INFO Epoch 8 [1430/5134] loss=0.1755
2026-04-11 08:52:26,945 INFO Epoch 8 [1440/5134] loss=0.0712
2026-04-11 08:52:32,769 INFO Epoch 8 [1450/5134] loss=0.1465
2026-04-11 08:52:37,743 INFO Epoch 8 [1460/5134] loss=0.3901
2026-04-11 08:52:44,321 INFO Epoch 8 [1470/5134] loss=0.3134
2026-04-11 08:52:49,838 INFO Epoch 8 [1480/5134] loss=0.1565
2026-04-11 08:52:56,411 INFO Epoch 8 [1490/5134] loss=0.3568
2026-04-11 08:53:01,668 INFO Epoch 8 [1500/5134] loss=0.3024
2026-04-11 08:53:08,694 INFO Epoch 8 [1510/5134] loss=0.1548
2026-04-11 08:53:13,703 INFO Epoch 8 [1520/5134] loss=0.2813
2026-04-11 08:53:20,398 INFO Epoch 8 [1530/5134] loss=0.1628
2026-04-11 08:53:25,792 INFO Epoch 8 [1540/5134] loss=0.0342
2026-04-11 08:53:31,911 INFO Epoch 8 [1550/5134] loss=0.1149
2026-04-11 08:53:36,652 INFO Epoch 8 [1560/5134] loss=0.2835
2026-04-11 08:53:44,070 INFO Epoch 8 [1570/5134] loss=0.2479
2026-04-11 08:53:48,696 INFO Epoch 8 [1580/5134] loss=0.1502
2026-04-11 08:53:55,168 INFO Epoch 8 [1590/5134] loss=0.3013
2026-04-11 08:54:00,084 INFO Epoch 8 [1600/5134] loss=0.3283
2026-04-11 08:54:07,080 INFO Epoch 8 [1610/5134] loss=0.2345
2026-04-11 08:54:11,968 INFO Epoch 8 [1620/5134] loss=0.1617
2026-04-11 08:54:18,448 INFO Epoch 8 [1630/5134] loss=0.3617
2026-04-11 08:54:23,691 INFO Epoch 8 [1640/5134] loss=0.0288
2026-04-11 08:54:30,721 INFO Epoch 8 [1650/5134] loss=0.1631
2026-04-11 08:54:35,588 INFO Epoch 8 [1660/5134] loss=0.4275
2026-04-11 08:54:42,027 INFO Epoch 8 [1670/5134] loss=0.1696
2026-04-11 08:54:47,267 INFO Epoch 8 [1680/5134] loss=0.1060
2026-04-11 08:54:53,239 INFO Epoch 8 [1690/5134] loss=0.1910
2026-04-11 08:54:58,129 INFO Epoch 8 [1700/5134] loss=0.2511
2026-04-11 08:55:04,230 INFO Epoch 8 [1710/5134] loss=0.1333
2026-04-11 08:55:08,949 INFO Epoch 8 [1720/5134] loss=0.2991
2026-04-11 08:55:15,509 INFO Epoch 8 [1730/5134] loss=0.2352
2026-04-11 08:55:20,747 INFO Epoch 8 [1740/5134] loss=0.3621
2026-04-11 08:55:27,318 INFO Epoch 8 [1750/5134] loss=0.3065
2026-04-11 08:55:32,668 INFO Epoch 8 [1760/5134] loss=0.2219
2026-04-11 08:55:39,405 INFO Epoch 8 [1770/5134] loss=0.0879
2026-04-11 08:55:44,177 INFO Epoch 8 [1780/5134] loss=0.2477
2026-04-11 08:55:51,093 INFO Epoch 8 [1790/5134] loss=0.2420
2026-04-11 08:55:55,746 INFO Epoch 8 [1800/5134] loss=0.4059
2026-04-11 08:56:02,405 INFO Epoch 8 [1810/5134] loss=0.2063
2026-04-11 08:56:07,562 INFO Epoch 8 [1820/5134] loss=0.1457
2026-04-11 08:56:14,974 INFO Epoch 8 [1830/5134] loss=0.1287
2026-04-11 08:56:20,007 INFO Epoch 8 [1840/5134] loss=0.3734
2026-04-11 08:56:26,393 INFO Epoch 8 [1850/5134] loss=0.0958
2026-04-11 08:56:31,030 INFO Epoch 8 [1860/5134] loss=0.1044
2026-04-11 08:56:37,851 INFO Epoch 8 [1870/5134] loss=0.2728
2026-04-11 08:56:42,654 INFO Epoch 8 [1880/5134] loss=0.1431
2026-04-11 08:56:50,141 INFO Epoch 8 [1890/5134] loss=0.4435
2026-04-11 08:56:55,124 INFO Epoch 8 [1900/5134] loss=0.0740
2026-04-11 08:57:01,985 INFO Epoch 8 [1910/5134] loss=0.2417
2026-04-11 08:57:06,557 INFO Epoch 8 [1920/5134] loss=0.1266
2026-04-11 08:57:13,499 INFO Epoch 8 [1930/5134] loss=0.3554
2026-04-11 08:57:18,344 INFO Epoch 8 [1940/5134] loss=0.0925
2026-04-11 08:57:24,498 INFO Epoch 8 [1950/5134] loss=0.1740
2026-04-11 08:57:30,178 INFO Epoch 8 [1960/5134] loss=0.2860
2026-04-11 08:57:36,380 INFO Epoch 8 [1970/5134] loss=0.0948
2026-04-11 08:57:40,870 INFO Epoch 8 [1980/5134] loss=0.1779
2026-04-11 08:57:47,024 INFO Epoch 8 [1990/5134] loss=0.1738
2026-04-11 08:57:52,269 INFO Epoch 8 [2000/5134] loss=0.2711
2026-04-11 08:57:58,068 INFO Epoch 8 [2010/5134] loss=0.1412
2026-04-11 08:58:02,997 INFO Epoch 8 [2020/5134] loss=0.0891
2026-04-11 08:58:09,091 INFO Epoch 8 [2030/5134] loss=0.1541
2026-04-11 08:58:15,353 INFO Epoch 8 [2040/5134] loss=0.1256
2026-04-11 08:58:20,454 INFO Epoch 8 [2050/5134] loss=0.1534
2026-04-11 08:58:25,937 INFO Epoch 8 [2060/5134] loss=0.1503
2026-04-11 08:58:32,368 INFO Epoch 8 [2070/5134] loss=0.4185
2026-04-11 08:58:38,456 INFO Epoch 8 [2080/5134] loss=0.1115
2026-04-11 08:58:44,152 INFO Epoch 8 [2090/5134] loss=0.3163
2026-04-11 08:58:49,825 INFO Epoch 8 [2100/5134] loss=0.2627
2026-04-11 08:58:55,919 INFO Epoch 8 [2110/5134] loss=0.1942
2026-04-11 08:59:01,582 INFO Epoch 8 [2120/5134] loss=0.4692
2026-04-11 08:59:07,486 INFO Epoch 8 [2130/5134] loss=0.4596
2026-04-11 08:59:13,160 INFO Epoch 8 [2140/5134] loss=0.1263
2026-04-11 08:59:18,653 INFO Epoch 8 [2150/5134] loss=0.3832
2026-04-11 08:59:24,613 INFO Epoch 8 [2160/5134] loss=0.1189
2026-04-11 08:59:30,561 INFO Epoch 8 [2170/5134] loss=0.4200
2026-04-11 08:59:36,420 INFO Epoch 8 [2180/5134] loss=0.1398
2026-04-11 08:59:41,789 INFO Epoch 8 [2190/5134] loss=0.2475
2026-04-11 08:59:48,887 INFO Epoch 8 [2200/5134] loss=0.0193
2026-04-11 08:59:53,417 INFO Epoch 8 [2210/5134] loss=0.4726
2026-04-11 08:59:59,503 INFO Epoch 8 [2220/5134] loss=0.0977
2026-04-11 09:00:04,212 INFO Epoch 8 [2230/5134] loss=0.2180
2026-04-11 09:00:11,127 INFO Epoch 8 [2240/5134] loss=0.1910
2026-04-11 09:00:16,192 INFO Epoch 8 [2250/5134] loss=0.2523
2026-04-11 09:00:22,755 INFO Epoch 8 [2260/5134] loss=0.3042
2026-04-11 09:00:27,797 INFO Epoch 8 [2270/5134] loss=0.1905
2026-04-11 09:00:34,409 INFO Epoch 8 [2280/5134] loss=0.2692
2026-04-11 09:00:39,954 INFO Epoch 8 [2290/5134] loss=0.0676
2026-04-11 09:00:45,990 INFO Epoch 8 [2300/5134] loss=0.4496
2026-04-11 09:00:51,081 INFO Epoch 8 [2310/5134] loss=0.0931
2026-04-11 09:00:57,154 INFO Epoch 8 [2320/5134] loss=0.1546
2026-04-11 09:01:02,443 INFO Epoch 8 [2330/5134] loss=0.4595
2026-04-11 09:01:09,352 INFO Epoch 8 [2340/5134] loss=0.1628
2026-04-11 09:01:14,889 INFO Epoch 8 [2350/5134] loss=0.4791
2026-04-11 09:01:21,566 INFO Epoch 8 [2360/5134] loss=0.2322
2026-04-11 09:01:26,809 INFO Epoch 8 [2370/5134] loss=0.0518
2026-04-11 09:01:34,050 INFO Epoch 8 [2380/5134] loss=0.1089
2026-04-11 09:01:39,560 INFO Epoch 8 [2390/5134] loss=0.4476
2026-04-11 09:01:47,079 INFO Epoch 8 [2400/5134] loss=0.1374
2026-04-11 09:01:52,674 INFO Epoch 8 [2410/5134] loss=0.3594
2026-04-11 09:01:59,870 INFO Epoch 8 [2420/5134] loss=0.1098
2026-04-11 09:02:05,390 INFO Epoch 8 [2430/5134] loss=0.3250
2026-04-11 09:02:13,062 INFO Epoch 8 [2440/5134] loss=0.2424
2026-04-11 09:02:18,643 INFO Epoch 8 [2450/5134] loss=0.2597
2026-04-11 09:02:26,278 INFO Epoch 8 [2460/5134] loss=0.1630
2026-04-11 09:02:31,732 INFO Epoch 8 [2470/5134] loss=0.0888
2026-04-11 09:02:38,061 INFO Epoch 8 [2480/5134] loss=0.2073
2026-04-11 09:02:44,866 INFO Epoch 8 [2490/5134] loss=0.3057
2026-04-11 09:02:50,002 INFO Epoch 8 [2500/5134] loss=0.3142
2026-04-11 09:02:56,990 INFO Epoch 8 [2510/5134] loss=0.2592
2026-04-11 09:03:02,836 INFO Epoch 8 [2520/5134] loss=0.1095
2026-04-11 09:03:09,132 INFO Epoch 8 [2530/5134] loss=0.2450
2026-04-11 09:03:14,892 INFO Epoch 8 [2540/5134] loss=0.2445
2026-04-11 09:03:22,014 INFO Epoch 8 [2550/5134] loss=0.2294
2026-04-11 09:03:26,777 INFO Epoch 8 [2560/5134] loss=0.2040
2026-04-11 09:03:33,825 INFO Epoch 8 [2570/5134] loss=0.0525
2026-04-11 09:03:39,553 INFO Epoch 8 [2580/5134] loss=0.1988
2026-04-11 09:03:46,269 INFO Epoch 8 [2590/5134] loss=0.1888
2026-04-11 09:03:51,936 INFO Epoch 8 [2600/5134] loss=0.3297
2026-04-11 09:03:59,065 INFO Epoch 8 [2610/5134] loss=0.3392
2026-04-11 09:04:04,716 INFO Epoch 8 [2620/5134] loss=0.1710
2026-04-11 09:04:11,263 INFO Epoch 8 [2630/5134] loss=0.1162
2026-04-11 09:04:17,086 INFO Epoch 8 [2640/5134] loss=0.2234
2026-04-11 09:04:23,829 INFO Epoch 8 [2650/5134] loss=0.4126
2026-04-11 09:04:30,155 INFO Epoch 8 [2660/5134] loss=0.1977
2026-04-11 09:04:36,906 INFO Epoch 8 [2670/5134] loss=0.0321
2026-04-11 09:04:42,666 INFO Epoch 8 [2680/5134] loss=0.0837
2026-04-11 09:04:49,980 INFO Epoch 8 [2690/5134] loss=0.3424
2026-04-11 09:04:55,358 INFO Epoch 8 [2700/5134] loss=0.0677
2026-04-11 09:05:03,470 INFO Epoch 8 [2710/5134] loss=0.0426
2026-04-11 09:05:08,600 INFO Epoch 8 [2720/5134] loss=0.1947
2026-04-11 09:05:15,911 INFO Epoch 8 [2730/5134] loss=0.1208
2026-04-11 09:05:21,382 INFO Epoch 8 [2740/5134] loss=0.4324
2026-04-11 09:05:29,049 INFO Epoch 8 [2750/5134] loss=0.3738
2026-04-11 09:05:33,923 INFO Epoch 8 [2760/5134] loss=0.2471
2026-04-11 09:05:41,826 INFO Epoch 8 [2770/5134] loss=0.3087
2026-04-11 09:05:47,189 INFO Epoch 8 [2780/5134] loss=0.3686
2026-04-11 09:05:53,889 INFO Epoch 8 [2790/5134] loss=0.1393
2026-04-11 09:05:59,182 INFO Epoch 8 [2800/5134] loss=0.1922
2026-04-11 09:06:06,593 INFO Epoch 8 [2810/5134] loss=0.4615
2026-04-11 09:06:12,061 INFO Epoch 8 [2820/5134] loss=0.0946
2026-04-11 09:06:19,419 INFO Epoch 8 [2830/5134] loss=0.1530
2026-04-11 09:06:24,804 INFO Epoch 8 [2840/5134] loss=0.0363
2026-04-11 09:06:31,588 INFO Epoch 8 [2850/5134] loss=0.0694
2026-04-11 09:06:36,689 INFO Epoch 8 [2860/5134] loss=0.1615
2026-04-11 09:06:43,432 INFO Epoch 8 [2870/5134] loss=0.4450
2026-04-11 09:06:48,762 INFO Epoch 8 [2880/5134] loss=0.4658
2026-04-11 09:06:56,043 INFO Epoch 8 [2890/5134] loss=0.1165
2026-04-11 09:07:01,795 INFO Epoch 8 [2900/5134] loss=0.1462
2026-04-11 09:07:09,040 INFO Epoch 8 [2910/5134] loss=0.1850
2026-04-11 09:07:14,758 INFO Epoch 8 [2920/5134] loss=0.0452
2026-04-11 09:07:22,005 INFO Epoch 8 [2930/5134] loss=0.2603
2026-04-11 09:07:27,755 INFO Epoch 8 [2940/5134] loss=0.2868
2026-04-11 09:07:35,206 INFO Epoch 8 [2950/5134] loss=0.1345
2026-04-11 09:07:40,496 INFO Epoch 8 [2960/5134] loss=0.3064
2026-04-11 09:07:47,533 INFO Epoch 8 [2970/5134] loss=0.4260
2026-04-11 09:07:52,747 INFO Epoch 8 [2980/5134] loss=0.1893
2026-04-11 09:07:59,701 INFO Epoch 8 [2990/5134] loss=0.0557
2026-04-11 09:08:04,939 INFO Epoch 8 [3000/5134] loss=0.0681
2026-04-11 09:08:12,771 INFO Epoch 8 [3010/5134] loss=0.1120
2026-04-11 09:08:18,199 INFO Epoch 8 [3020/5134] loss=0.0743
2026-04-11 09:08:25,170 INFO Epoch 8 [3030/5134] loss=0.3572
2026-04-11 09:08:30,475 INFO Epoch 8 [3040/5134] loss=0.1492
2026-04-11 09:08:38,586 INFO Epoch 8 [3050/5134] loss=0.1302
2026-04-11 09:08:43,967 INFO Epoch 8 [3060/5134] loss=0.0652
2026-04-11 09:08:51,149 INFO Epoch 8 [3070/5134] loss=0.4240
2026-04-11 09:08:56,087 INFO Epoch 8 [3080/5134] loss=0.0777
2026-04-11 09:09:03,796 INFO Epoch 8 [3090/5134] loss=0.1381
2026-04-11 09:09:09,063 INFO Epoch 8 [3100/5134] loss=0.3396
2026-04-11 09:09:16,526 INFO Epoch 8 [3110/5134] loss=0.2124
2026-04-11 09:09:21,237 INFO Epoch 8 [3120/5134] loss=0.2318
2026-04-11 09:09:28,535 INFO Epoch 8 [3130/5134] loss=0.0894
2026-04-11 09:09:34,391 INFO Epoch 8 [3140/5134] loss=0.1450
2026-04-11 09:09:41,455 INFO Epoch 8 [3150/5134] loss=0.4350
2026-04-11 09:09:46,901 INFO Epoch 8 [3160/5134] loss=0.0510
2026-04-11 09:09:54,389 INFO Epoch 8 [3170/5134] loss=0.3850
2026-04-11 09:09:59,888 INFO Epoch 8 [3180/5134] loss=0.4028
2026-04-11 09:10:07,140 INFO Epoch 8 [3190/5134] loss=0.4416
2026-04-11 09:10:12,909 INFO Epoch 8 [3200/5134] loss=0.3911
2026-04-11 09:10:19,637 INFO Epoch 8 [3210/5134] loss=0.1543
2026-04-11 09:10:25,081 INFO Epoch 8 [3220/5134] loss=0.1026
2026-04-11 09:10:32,551 INFO Epoch 8 [3230/5134] loss=0.4702
2026-04-11 09:10:37,950 INFO Epoch 8 [3240/5134] loss=0.1860
2026-04-11 09:10:45,712 INFO Epoch 8 [3250/5134] loss=0.3304
2026-04-11 09:10:51,100 INFO Epoch 8 [3260/5134] loss=0.2790
2026-04-11 09:10:58,320 INFO Epoch 8 [3270/5134] loss=0.1234
2026-04-11 09:11:03,113 INFO Epoch 8 [3280/5134] loss=0.1770
2026-04-11 09:11:09,737 INFO Epoch 8 [3290/5134] loss=0.2136
2026-04-11 09:11:14,724 INFO Epoch 8 [3300/5134] loss=0.1922
2026-04-11 09:11:21,952 INFO Epoch 8 [3310/5134] loss=0.4343
2026-04-11 09:11:27,746 INFO Epoch 8 [3320/5134] loss=0.4610
2026-04-11 09:11:35,365 INFO Epoch 8 [3330/5134] loss=0.3810
2026-04-11 09:11:40,678 INFO Epoch 8 [3340/5134] loss=0.1423
2026-04-11 09:11:47,831 INFO Epoch 8 [3350/5134] loss=0.2250
2026-04-11 09:11:53,734 INFO Epoch 8 [3360/5134] loss=0.3205
2026-04-11 09:12:00,709 INFO Epoch 8 [3370/5134] loss=0.1677
2026-04-11 09:12:06,146 INFO Epoch 8 [3380/5134] loss=0.1431
2026-04-11 09:12:13,211 INFO Epoch 8 [3390/5134] loss=0.2554
2026-04-11 09:12:18,825 INFO Epoch 8 [3400/5134] loss=0.3439
2026-04-11 09:12:25,496 INFO Epoch 8 [3410/5134] loss=0.2655
2026-04-11 09:12:31,152 INFO Epoch 8 [3420/5134] loss=0.4022
2026-04-11 09:12:38,546 INFO Epoch 8 [3430/5134] loss=0.2483
2026-04-11 09:12:44,093 INFO Epoch 8 [3440/5134] loss=0.1226
2026-04-11 09:12:50,355 INFO Epoch 8 [3450/5134] loss=0.4212
2026-04-11 09:12:55,798 INFO Epoch 8 [3460/5134] loss=0.3450
2026-04-11 09:13:03,481 INFO Epoch 8 [3470/5134] loss=0.3410
2026-04-11 09:13:08,714 INFO Epoch 8 [3480/5134] loss=0.1733
2026-04-11 09:13:15,723 INFO Epoch 8 [3490/5134] loss=0.1087
2026-04-11 09:13:21,147 INFO Epoch 8 [3500/5134] loss=0.1226
2026-04-11 09:13:27,607 INFO Epoch 8 [3510/5134] loss=0.3034
2026-04-11 09:13:32,963 INFO Epoch 8 [3520/5134] loss=0.3000
2026-04-11 09:13:39,900 INFO Epoch 8 [3530/5134] loss=0.0711
2026-04-11 09:13:45,189 INFO Epoch 8 [3540/5134] loss=0.2122
2026-04-11 09:13:51,698 INFO Epoch 8 [3550/5134] loss=0.3533
2026-04-11 09:13:58,316 INFO Epoch 8 [3560/5134] loss=0.1424
2026-04-11 09:14:03,723 INFO Epoch 8 [3570/5134] loss=0.2274
2026-04-11 09:14:10,618 INFO Epoch 8 [3580/5134] loss=0.1605
2026-04-11 09:14:16,507 INFO Epoch 8 [3590/5134] loss=0.3791
2026-04-11 09:14:22,704 INFO Epoch 8 [3600/5134] loss=0.3017
2026-04-11 09:14:28,831 INFO Epoch 8 [3610/5134] loss=0.0227
2026-04-11 09:14:35,245 INFO Epoch 8 [3620/5134] loss=0.5003
2026-04-11 09:14:40,916 INFO Epoch 8 [3630/5134] loss=0.2094
2026-04-11 09:14:48,813 INFO Epoch 8 [3640/5134] loss=0.0962
2026-04-11 09:14:53,721 INFO Epoch 8 [3650/5134] loss=0.0479
2026-04-11 09:15:00,784 INFO Epoch 8 [3660/5134] loss=0.4661
2026-04-11 09:15:06,637 INFO Epoch 8 [3670/5134] loss=0.2061
2026-04-11 09:15:13,823 INFO Epoch 8 [3680/5134] loss=0.0957
2026-04-11 09:15:18,971 INFO Epoch 8 [3690/5134] loss=0.4845
2026-04-11 09:15:25,788 INFO Epoch 8 [3700/5134] loss=0.1344
2026-04-11 09:15:30,970 INFO Epoch 8 [3710/5134] loss=0.4434
2026-04-11 09:15:38,336 INFO Epoch 8 [3720/5134] loss=0.0812
2026-04-11 09:15:43,701 INFO Epoch 8 [3730/5134] loss=0.1729
2026-04-11 09:15:51,278 INFO Epoch 8 [3740/5134] loss=0.1270
2026-04-11 09:15:56,344 INFO Epoch 8 [3750/5134] loss=0.2560
2026-04-11 09:16:03,385 INFO Epoch 8 [3760/5134] loss=0.3092
2026-04-11 09:16:09,641 INFO Epoch 8 [3770/5134] loss=0.3388
2026-04-11 09:16:17,235 INFO Epoch 8 [3780/5134] loss=0.2289
2026-04-11 09:16:22,242 INFO Epoch 8 [3790/5134] loss=0.2826
2026-04-11 09:16:29,623 INFO Epoch 8 [3800/5134] loss=0.2660
2026-04-11 09:16:34,919 INFO Epoch 8 [3810/5134] loss=0.3972
2026-04-11 09:16:42,392 INFO Epoch 8 [3820/5134] loss=0.0733
2026-04-11 09:16:48,014 INFO Epoch 8 [3830/5134] loss=0.5804
2026-04-11 09:16:54,936 INFO Epoch 8 [3840/5134] loss=0.0888
2026-04-11 09:17:00,379 INFO Epoch 8 [3850/5134] loss=0.1254
2026-04-11 09:17:07,313 INFO Epoch 8 [3860/5134] loss=0.2405
2026-04-11 09:17:13,004 INFO Epoch 8 [3870/5134] loss=0.1654
2026-04-11 09:17:19,842 INFO Epoch 8 [3880/5134] loss=0.0857
2026-04-11 09:17:25,690 INFO Epoch 8 [3890/5134] loss=0.2568
2026-04-11 09:17:31,998 INFO Epoch 8 [3900/5134] loss=0.4510
2026-04-11 09:17:38,169 INFO Epoch 8 [3910/5134] loss=0.3303
2026-04-11 09:17:43,844 INFO Epoch 8 [3920/5134] loss=0.1966
2026-04-11 09:17:50,894 INFO Epoch 8 [3930/5134] loss=0.2512
2026-04-11 09:17:55,961 INFO Epoch 8 [3940/5134] loss=0.1580
2026-04-11 09:18:02,463 INFO Epoch 8 [3950/5134] loss=0.2254
2026-04-11 09:18:07,814 INFO Epoch 8 [3960/5134] loss=0.1389
2026-04-11 09:18:14,505 INFO Epoch 8 [3970/5134] loss=0.2336
2026-04-11 09:18:19,681 INFO Epoch 8 [3980/5134] loss=0.1381
2026-04-11 09:18:26,711 INFO Epoch 8 [3990/5134] loss=0.2235
2026-04-11 09:18:32,630 INFO Epoch 8 [4000/5134] loss=0.2441
2026-04-11 09:18:38,536 INFO Epoch 8 [4010/5134] loss=0.1338
2026-04-11 09:18:45,294 INFO Epoch 8 [4020/5134] loss=0.0967
2026-04-11 09:18:51,857 INFO Epoch 8 [4030/5134] loss=0.3741
2026-04-11 09:18:57,961 INFO Epoch 8 [4040/5134] loss=0.3843
2026-04-11 09:19:04,568 INFO Epoch 8 [4050/5134] loss=0.4245
2026-04-11 09:19:10,900 INFO Epoch 8 [4060/5134] loss=0.1384
2026-04-11 09:19:17,785 INFO Epoch 8 [4070/5134] loss=0.1549
2026-04-11 09:19:24,174 INFO Epoch 8 [4080/5134] loss=0.1839
2026-04-11 09:19:30,465 INFO Epoch 8 [4090/5134] loss=0.3099
2026-04-11 09:19:37,698 INFO Epoch 8 [4100/5134] loss=0.1520
2026-04-11 09:19:43,386 INFO Epoch 8 [4110/5134] loss=0.2000
2026-04-11 09:19:49,969 INFO Epoch 8 [4120/5134] loss=0.0936
2026-04-11 09:19:55,521 INFO Epoch 8 [4130/5134] loss=0.2375
2026-04-11 09:20:02,009 INFO Epoch 8 [4140/5134] loss=0.0374
2026-04-11 09:20:07,396 INFO Epoch 8 [4150/5134] loss=0.2480
2026-04-11 09:20:14,430 INFO Epoch 8 [4160/5134] loss=0.1426
2026-04-11 09:20:19,625 INFO Epoch 8 [4170/5134] loss=0.1889
2026-04-11 09:20:27,034 INFO Epoch 8 [4180/5134] loss=0.3366
2026-04-11 09:20:32,258 INFO Epoch 8 [4190/5134] loss=0.3616
2026-04-11 09:20:39,735 INFO Epoch 8 [4200/5134] loss=0.4525
2026-04-11 09:20:46,934 INFO Epoch 8 [4210/5134] loss=0.1817
2026-04-11 09:20:55,093 INFO Epoch 8 [4220/5134] loss=0.1023
2026-04-11 09:21:01,824 INFO Epoch 8 [4230/5134] loss=0.3505
2026-04-11 09:21:11,035 INFO Epoch 8 [4240/5134] loss=0.3089
2026-04-11 09:21:17,917 INFO Epoch 8 [4250/5134] loss=0.1051
2026-04-11 09:21:26,254 INFO Epoch 8 [4260/5134] loss=0.1855
2026-04-11 09:21:33,217 INFO Epoch 8 [4270/5134] loss=0.1785
2026-04-11 09:21:41,699 INFO Epoch 8 [4280/5134] loss=0.3808
2026-04-11 09:21:49,146 INFO Epoch 8 [4290/5134] loss=0.1684
2026-04-11 09:21:57,532 INFO Epoch 8 [4300/5134] loss=0.1924
2026-04-11 09:22:03,929 INFO Epoch 8 [4310/5134] loss=0.2203
2026-04-11 09:22:12,994 INFO Epoch 8 [4320/5134] loss=0.1307
2026-04-11 09:22:20,337 INFO Epoch 8 [4330/5134] loss=0.2669
2026-04-11 09:22:29,563 INFO Epoch 8 [4340/5134] loss=0.3024
2026-04-11 09:22:36,094 INFO Epoch 8 [4350/5134] loss=0.2552
2026-04-11 09:22:44,821 INFO Epoch 8 [4360/5134] loss=0.3154
2026-04-11 09:22:51,671 INFO Epoch 8 [4370/5134] loss=0.3685
2026-04-11 09:22:59,990 INFO Epoch 8 [4380/5134] loss=0.4422
2026-04-11 09:23:07,468 INFO Epoch 8 [4390/5134] loss=0.1536
2026-04-11 09:23:15,347 INFO Epoch 8 [4400/5134] loss=0.3517
2026-04-11 09:23:23,229 INFO Epoch 8 [4410/5134] loss=0.2088
2026-04-11 09:23:31,574 INFO Epoch 8 [4420/5134] loss=0.1612
2026-04-11 09:23:39,066 INFO Epoch 8 [4430/5134] loss=0.3042
2026-04-11 09:23:47,922 INFO Epoch 8 [4440/5134] loss=0.4188
2026-04-11 09:23:55,161 INFO Epoch 8 [4450/5134] loss=0.4104
2026-04-11 09:24:02,938 INFO Epoch 8 [4460/5134] loss=0.4380
2026-04-11 09:24:10,815 INFO Epoch 8 [4470/5134] loss=0.4967
2026-04-11 09:24:18,546 INFO Epoch 8 [4480/5134] loss=0.4833
2026-04-11 09:24:26,328 INFO Epoch 8 [4490/5134] loss=0.3738
2026-04-11 09:24:33,873 INFO Epoch 8 [4500/5134] loss=0.1144
2026-04-11 09:24:42,515 INFO Epoch 8 [4510/5134] loss=0.2281
2026-04-11 09:24:48,662 INFO Epoch 8 [4520/5134] loss=0.3758
2026-04-11 09:24:56,648 INFO Epoch 8 [4530/5134] loss=0.2587
2026-04-11 09:25:02,421 INFO Epoch 8 [4540/5134] loss=0.3793
2026-04-11 09:25:10,292 INFO Epoch 8 [4550/5134] loss=0.2983
2026-04-11 09:25:15,995 INFO Epoch 8 [4560/5134] loss=0.0940
2026-04-11 09:25:23,151 INFO Epoch 8 [4570/5134] loss=0.1145
2026-04-11 09:25:29,445 INFO Epoch 8 [4580/5134] loss=0.1755
2026-04-11 09:25:36,523 INFO Epoch 8 [4590/5134] loss=0.5094
2026-04-11 09:25:43,158 INFO Epoch 8 [4600/5134] loss=0.1730
2026-04-11 09:25:50,660 INFO Epoch 8 [4610/5134] loss=0.0174
2026-04-11 09:25:56,456 INFO Epoch 8 [4620/5134] loss=0.0899
2026-04-11 09:26:04,080 INFO Epoch 8 [4630/5134] loss=0.1335
2026-04-11 09:26:09,628 INFO Epoch 8 [4640/5134] loss=0.2260
2026-04-11 09:26:16,757 INFO Epoch 8 [4650/5134] loss=0.2195
2026-04-11 09:26:22,740 INFO Epoch 8 [4660/5134] loss=0.1383
2026-04-11 09:26:30,607 INFO Epoch 8 [4670/5134] loss=0.1021
2026-04-11 09:26:36,607 INFO Epoch 8 [4680/5134] loss=0.3262
2026-04-11 09:26:44,645 INFO Epoch 8 [4690/5134] loss=0.1625
2026-04-11 09:26:50,428 INFO Epoch 8 [4700/5134] loss=0.1153
2026-04-11 09:26:58,228 INFO Epoch 8 [4710/5134] loss=0.0964
2026-04-11 09:27:03,777 INFO Epoch 8 [4720/5134] loss=0.2864
2026-04-11 09:27:11,279 INFO Epoch 8 [4730/5134] loss=0.3194
2026-04-11 09:27:16,986 INFO Epoch 8 [4740/5134] loss=0.1324
2026-04-11 09:27:24,505 INFO Epoch 8 [4750/5134] loss=0.4072
2026-04-11 09:27:29,935 INFO Epoch 8 [4760/5134] loss=0.2047
2026-04-11 09:27:38,199 INFO Epoch 8 [4770/5134] loss=0.2995
2026-04-11 09:27:43,530 INFO Epoch 8 [4780/5134] loss=0.4239
2026-04-11 09:27:51,243 INFO Epoch 8 [4790/5134] loss=0.4050
2026-04-11 09:27:56,769 INFO Epoch 8 [4800/5134] loss=0.3108
2026-04-11 09:28:04,337 INFO Epoch 8 [4810/5134] loss=0.0678
2026-04-11 09:28:10,372 INFO Epoch 8 [4820/5134] loss=0.3130
2026-04-11 09:28:17,851 INFO Epoch 8 [4830/5134] loss=0.0763
2026-04-11 09:28:23,267 INFO Epoch 8 [4840/5134] loss=0.3006
2026-04-11 09:28:30,532 INFO Epoch 8 [4850/5134] loss=0.3076
2026-04-11 09:28:36,434 INFO Epoch 8 [4860/5134] loss=0.0966
2026-04-11 09:28:43,618 INFO Epoch 8 [4870/5134] loss=0.4127
2026-04-11 09:28:49,418 INFO Epoch 8 [4880/5134] loss=0.4288
2026-04-11 09:28:57,062 INFO Epoch 8 [4890/5134] loss=0.2051
2026-04-11 09:29:03,078 INFO Epoch 8 [4900/5134] loss=0.0674
2026-04-11 09:29:10,865 INFO Epoch 8 [4910/5134] loss=0.2972
2026-04-11 09:29:16,340 INFO Epoch 8 [4920/5134] loss=0.4537
2026-04-11 09:29:24,798 INFO Epoch 8 [4930/5134] loss=0.1463
2026-04-11 09:29:30,450 INFO Epoch 8 [4940/5134] loss=0.1769
2026-04-11 09:29:38,012 INFO Epoch 8 [4950/5134] loss=0.1045
2026-04-11 09:29:43,924 INFO Epoch 8 [4960/5134] loss=0.3567
2026-04-11 09:29:51,171 INFO Epoch 8 [4970/5134] loss=0.2505
2026-04-11 09:29:56,862 INFO Epoch 8 [4980/5134] loss=0.3855
2026-04-11 09:30:04,767 INFO Epoch 8 [4990/5134] loss=0.3308
2026-04-11 09:30:10,336 INFO Epoch 8 [5000/5134] loss=0.2648
2026-04-11 09:30:17,389 INFO Epoch 8 [5010/5134] loss=0.2875
2026-04-11 09:30:22,957 INFO Epoch 8 [5020/5134] loss=0.3960
2026-04-11 09:30:30,787 INFO Epoch 8 [5030/5134] loss=0.1771
2026-04-11 09:30:36,149 INFO Epoch 8 [5040/5134] loss=0.0931
2026-04-11 09:30:43,625 INFO Epoch 8 [5050/5134] loss=0.1057
2026-04-11 09:30:48,962 INFO Epoch 8 [5060/5134] loss=0.3374
2026-04-11 09:30:56,499 INFO Epoch 8 [5070/5134] loss=0.2626
2026-04-11 09:31:02,866 INFO Epoch 8 [5080/5134] loss=0.2423
2026-04-11 09:31:10,189 INFO Epoch 8 [5090/5134] loss=0.0349
2026-04-11 09:31:16,558 INFO Epoch 8 [5100/5134] loss=0.1622
2026-04-11 09:31:23,021 INFO Epoch 8 [5110/5134] loss=0.3456
2026-04-11 09:31:30,173 INFO Epoch 8 [5120/5134] loss=0.2625
2026-04-11 09:31:36,246 INFO Epoch 8 [5130/5134] loss=0.0697
2026-04-11 10:01:36,266 INFO Epoch 8/15 (5010s) lr=0.000045 | train_loss=0.2263 train_iou=0.2903 | val_loss=0.4455 val_iou=0.3001 val_dice=0.3122 val_f1=0.1227
2026-04-11 10:22:05,843 INFO Epoch 9 [0/5134] loss=0.3515
2026-04-11 10:22:11,060 INFO Epoch 9 [10/5134] loss=0.0667
2026-04-11 10:22:17,536 INFO Epoch 9 [20/5134] loss=0.0849
2026-04-11 10:22:22,821 INFO Epoch 9 [30/5134] loss=0.1363
2026-04-11 10:22:30,114 INFO Epoch 9 [40/5134] loss=0.0423
2026-04-11 10:22:35,261 INFO Epoch 9 [50/5134] loss=0.0577
2026-04-11 10:22:41,723 INFO Epoch 9 [60/5134] loss=0.0385
2026-04-11 10:22:47,725 INFO Epoch 9 [70/5134] loss=0.1279
2026-04-11 10:22:54,216 INFO Epoch 9 [80/5134] loss=0.0454
2026-04-11 10:23:00,694 INFO Epoch 9 [90/5134] loss=0.1250
2026-04-11 10:23:05,510 INFO Epoch 9 [100/5134] loss=0.0577
2026-04-11 10:23:13,369 INFO Epoch 9 [110/5134] loss=0.0347
2026-04-11 10:23:17,831 INFO Epoch 9 [120/5134] loss=0.0768
2026-04-11 10:23:25,645 INFO Epoch 9 [130/5134] loss=0.0257
2026-04-11 10:23:31,264 INFO Epoch 9 [140/5134] loss=0.0280
2026-04-11 10:23:37,312 INFO Epoch 9 [150/5134] loss=0.1023
2026-04-11 10:23:42,027 INFO Epoch 9 [160/5134] loss=0.0540
2026-04-11 10:23:49,119 INFO Epoch 9 [170/5134] loss=0.0808
2026-04-11 10:23:54,480 INFO Epoch 9 [180/5134] loss=0.3447
2026-04-11 10:24:00,970 INFO Epoch 9 [190/5134] loss=0.0609
2026-04-11 10:24:05,784 INFO Epoch 9 [200/5134] loss=0.0538
2026-04-11 10:24:12,412 INFO Epoch 9 [210/5134] loss=0.0370
2026-04-11 10:24:18,245 INFO Epoch 9 [220/5134] loss=0.0468
2026-04-11 10:24:24,727 INFO Epoch 9 [230/5134] loss=0.0510
2026-04-11 10:24:30,443 INFO Epoch 9 [240/5134] loss=0.0701
2026-04-11 10:24:37,022 INFO Epoch 9 [250/5134] loss=0.1647
2026-04-11 10:24:43,348 INFO Epoch 9 [260/5134] loss=0.1351
2026-04-11 10:24:48,881 INFO Epoch 9 [270/5134] loss=0.3522
2026-04-11 10:24:55,580 INFO Epoch 9 [280/5134] loss=0.1990
2026-04-11 10:25:00,910 INFO Epoch 9 [290/5134] loss=0.0866
2026-04-11 10:25:07,208 INFO Epoch 9 [300/5134] loss=0.1177
2026-04-11 10:25:12,182 INFO Epoch 9 [310/5134] loss=0.1837
2026-04-11 10:25:19,501 INFO Epoch 9 [320/5134] loss=0.1301
2026-04-11 10:25:25,572 INFO Epoch 9 [330/5134] loss=0.0737
2026-04-11 10:25:31,863 INFO Epoch 9 [340/5134] loss=0.0897
2026-04-11 10:25:38,747 INFO Epoch 9 [350/5134] loss=0.0607
2026-04-11 10:25:44,430 INFO Epoch 9 [360/5134] loss=0.0368
2026-04-11 10:25:51,824 INFO Epoch 9 [370/5134] loss=0.1519
2026-04-11 10:25:57,233 INFO Epoch 9 [380/5134] loss=0.2154
2026-04-11 10:26:03,863 INFO Epoch 9 [390/5134] loss=0.1476
2026-04-11 10:26:09,026 INFO Epoch 9 [400/5134] loss=0.0574
2026-04-11 10:26:16,487 INFO Epoch 9 [410/5134] loss=0.0783
2026-04-11 10:26:20,746 INFO Epoch 9 [420/5134] loss=0.2548
2026-04-11 10:26:27,384 INFO Epoch 9 [430/5134] loss=0.0506
2026-04-11 10:26:33,074 INFO Epoch 9 [440/5134] loss=0.0714
2026-04-11 10:26:39,903 INFO Epoch 9 [450/5134] loss=0.2939
2026-04-11 10:26:44,833 INFO Epoch 9 [460/5134] loss=0.1555
2026-04-11 10:26:51,805 INFO Epoch 9 [470/5134] loss=0.1094
2026-04-11 10:26:57,494 INFO Epoch 9 [480/5134] loss=0.1353
2026-04-11 10:27:04,655 INFO Epoch 9 [490/5134] loss=0.1447
2026-04-11 10:27:09,819 INFO Epoch 9 [500/5134] loss=0.0631
2026-04-11 10:27:17,890 INFO Epoch 9 [510/5134] loss=0.1121
2026-04-11 10:27:22,433 INFO Epoch 9 [520/5134] loss=0.1104
2026-04-11 10:27:29,395 INFO Epoch 9 [530/5134] loss=0.0689
2026-04-11 10:27:33,969 INFO Epoch 9 [540/5134] loss=0.0577
2026-04-11 10:27:40,166 INFO Epoch 9 [550/5134] loss=0.0716
2026-04-11 10:27:45,785 INFO Epoch 9 [560/5134] loss=0.1796
2026-04-11 10:27:50,944 INFO Epoch 9 [570/5134] loss=0.2620
2026-04-11 10:27:56,959 INFO Epoch 9 [580/5134] loss=0.1888
2026-04-11 10:28:02,512 INFO Epoch 9 [590/5134] loss=0.0642
2026-04-11 10:28:08,459 INFO Epoch 9 [600/5134] loss=0.0299
2026-04-11 10:28:14,358 INFO Epoch 9 [610/5134] loss=0.1016
2026-04-11 10:28:19,724 INFO Epoch 9 [620/5134] loss=0.1149
2026-04-11 10:28:25,774 INFO Epoch 9 [630/5134] loss=0.0446
2026-04-11 10:28:31,908 INFO Epoch 9 [640/5134] loss=0.1316
2026-04-11 10:28:36,435 INFO Epoch 9 [650/5134] loss=0.3341
2026-04-11 10:28:42,512 INFO Epoch 9 [660/5134] loss=0.1270
2026-04-11 10:28:47,836 INFO Epoch 9 [670/5134] loss=0.0244
2026-04-11 10:28:53,459 INFO Epoch 9 [680/5134] loss=0.0705
2026-04-11 10:28:59,269 INFO Epoch 9 [690/5134] loss=0.0550
2026-04-11 10:29:04,583 INFO Epoch 9 [700/5134] loss=0.2065
2026-04-11 10:29:10,800 INFO Epoch 9 [710/5134] loss=0.3371
2026-04-11 10:29:16,426 INFO Epoch 9 [720/5134] loss=0.1113
2026-04-11 10:29:22,921 INFO Epoch 9 [730/5134] loss=0.1689
2026-04-11 10:29:28,783 INFO Epoch 9 [740/5134] loss=0.3313
2026-04-11 10:29:35,763 INFO Epoch 9 [750/5134] loss=0.2019
2026-04-11 10:29:41,187 INFO Epoch 9 [760/5134] loss=0.1551
2026-04-11 10:29:47,153 INFO Epoch 9 [770/5134] loss=0.1933
2026-04-11 10:29:51,982 INFO Epoch 9 [780/5134] loss=0.3612
2026-04-11 10:29:58,064 INFO Epoch 9 [790/5134] loss=0.0773
2026-04-11 10:30:03,154 INFO Epoch 9 [800/5134] loss=0.3050
2026-04-11 10:30:09,617 INFO Epoch 9 [810/5134] loss=0.1260
2026-04-11 10:30:14,561 INFO Epoch 9 [820/5134] loss=0.4820
2026-04-11 10:30:21,303 INFO Epoch 9 [830/5134] loss=0.1153
2026-04-11 10:30:26,656 INFO Epoch 9 [840/5134] loss=0.1082
2026-04-11 10:30:33,301 INFO Epoch 9 [850/5134] loss=0.1431
2026-04-11 10:30:39,004 INFO Epoch 9 [860/5134] loss=0.0744
2026-04-11 10:30:45,422 INFO Epoch 9 [870/5134] loss=0.1805
2026-04-11 10:30:50,243 INFO Epoch 9 [880/5134] loss=0.1994
2026-04-11 10:30:57,593 INFO Epoch 9 [890/5134] loss=0.1020
2026-04-11 10:31:02,418 INFO Epoch 9 [900/5134] loss=0.1881
2026-04-11 10:31:08,599 INFO Epoch 9 [910/5134] loss=0.4110
2026-04-11 10:31:13,190 INFO Epoch 9 [920/5134] loss=0.3860
2026-04-11 10:31:19,798 INFO Epoch 9 [930/5134] loss=0.1144
2026-04-11 10:31:24,433 INFO Epoch 9 [940/5134] loss=0.1624
2026-04-11 10:31:31,799 INFO Epoch 9 [950/5134] loss=0.4695
2026-04-11 10:31:36,523 INFO Epoch 9 [960/5134] loss=0.1313
2026-04-11 10:31:42,917 INFO Epoch 9 [970/5134] loss=0.1348
2026-04-11 10:31:48,387 INFO Epoch 9 [980/5134] loss=0.2964
2026-04-11 10:31:54,854 INFO Epoch 9 [990/5134] loss=0.0674
2026-04-11 10:31:59,860 INFO Epoch 9 [1000/5134] loss=0.2284
2026-04-11 10:32:05,977 INFO Epoch 9 [1010/5134] loss=0.1658
2026-04-11 10:32:12,450 INFO Epoch 9 [1020/5134] loss=0.3343
2026-04-11 10:32:17,656 INFO Epoch 9 [1030/5134] loss=0.0937
2026-04-11 10:32:23,273 INFO Epoch 9 [1040/5134] loss=0.4785
2026-04-11 10:32:28,768 INFO Epoch 9 [1050/5134] loss=0.1017
2026-04-11 10:32:34,452 INFO Epoch 9 [1060/5134] loss=0.1711
2026-04-11 10:32:40,115 INFO Epoch 9 [1070/5134] loss=0.4716
2026-04-11 10:32:45,898 INFO Epoch 9 [1080/5134] loss=0.2680
2026-04-11 10:32:51,032 INFO Epoch 9 [1090/5134] loss=0.0438
2026-04-11 10:32:56,882 INFO Epoch 9 [1100/5134] loss=0.3110
2026-04-11 10:33:03,691 INFO Epoch 9 [1110/5134] loss=0.1555
2026-04-11 10:33:09,075 INFO Epoch 9 [1120/5134] loss=0.2339
2026-04-11 10:33:15,802 INFO Epoch 9 [1130/5134] loss=0.3222
2026-04-11 10:33:20,532 INFO Epoch 9 [1140/5134] loss=0.3965
2026-04-11 10:33:28,677 INFO Epoch 9 [1150/5134] loss=0.1440
2026-04-11 10:33:32,926 INFO Epoch 9 [1160/5134] loss=0.4130
2026-04-11 10:33:39,415 INFO Epoch 9 [1170/5134] loss=0.2298
2026-04-11 10:33:44,161 INFO Epoch 9 [1180/5134] loss=0.1706
2026-04-11 10:33:50,536 INFO Epoch 9 [1190/5134] loss=0.1728
2026-04-11 10:33:55,825 INFO Epoch 9 [1200/5134] loss=0.4069
2026-04-11 10:34:02,759 INFO Epoch 9 [1210/5134] loss=0.3025
2026-04-11 10:34:07,202 INFO Epoch 9 [1220/5134] loss=0.3773
2026-04-11 10:34:13,510 INFO Epoch 9 [1230/5134] loss=0.2706
2026-04-11 10:34:18,862 INFO Epoch 9 [1240/5134] loss=0.2260
2026-04-11 10:34:24,858 INFO Epoch 9 [1250/5134] loss=0.0398
2026-04-11 10:34:29,530 INFO Epoch 9 [1260/5134] loss=0.4914
2026-04-11 10:34:36,008 INFO Epoch 9 [1270/5134] loss=0.4127
2026-04-11 10:34:40,863 INFO Epoch 9 [1280/5134] loss=0.4976
2026-04-11 10:34:47,144 INFO Epoch 9 [1290/5134] loss=0.1630
2026-04-11 10:34:52,098 INFO Epoch 9 [1300/5134] loss=0.1143
2026-04-11 10:34:58,913 INFO Epoch 9 [1310/5134] loss=0.1529
2026-04-11 10:35:04,344 INFO Epoch 9 [1320/5134] loss=0.1745
2026-04-11 10:35:10,552 INFO Epoch 9 [1330/5134] loss=0.3683
2026-04-11 10:35:15,493 INFO Epoch 9 [1340/5134] loss=0.4421
2026-04-11 10:35:21,587 INFO Epoch 9 [1350/5134] loss=0.2290
2026-04-11 10:35:26,475 INFO Epoch 9 [1360/5134] loss=0.4240
2026-04-11 10:35:32,728 INFO Epoch 9 [1370/5134] loss=0.1771
2026-04-11 10:35:38,939 INFO Epoch 9 [1380/5134] loss=0.2027
2026-04-11 10:35:44,758 INFO Epoch 9 [1390/5134] loss=0.0762
2026-04-11 10:35:50,988 INFO Epoch 9 [1400/5134] loss=0.2426
2026-04-11 10:35:56,480 INFO Epoch 9 [1410/5134] loss=0.1127
2026-04-11 10:36:02,889 INFO Epoch 9 [1420/5134] loss=0.2246
2026-04-11 10:36:08,431 INFO Epoch 9 [1430/5134] loss=0.2723
2026-04-11 10:36:14,298 INFO Epoch 9 [1440/5134] loss=0.3547
2026-04-11 10:36:19,190 INFO Epoch 9 [1450/5134] loss=0.2964
2026-04-11 10:36:25,606 INFO Epoch 9 [1460/5134] loss=0.0899
2026-04-11 10:36:30,820 INFO Epoch 9 [1470/5134] loss=0.2449
2026-04-11 10:36:37,005 INFO Epoch 9 [1480/5134] loss=0.3320
2026-04-11 10:36:41,764 INFO Epoch 9 [1490/5134] loss=0.1107
2026-04-11 10:36:48,998 INFO Epoch 9 [1500/5134] loss=0.3187
2026-04-11 10:36:54,254 INFO Epoch 9 [1510/5134] loss=0.1748
2026-04-11 10:36:59,890 INFO Epoch 9 [1520/5134] loss=0.3089
2026-04-11 10:37:05,344 INFO Epoch 9 [1530/5134] loss=0.0999
2026-04-11 10:37:11,419 INFO Epoch 9 [1540/5134] loss=0.3541
2026-04-11 10:37:16,121 INFO Epoch 9 [1550/5134] loss=0.1840
2026-04-11 10:37:22,591 INFO Epoch 9 [1560/5134] loss=0.3405
2026-04-11 10:37:27,423 INFO Epoch 9 [1570/5134] loss=0.2543
2026-04-11 10:37:33,573 INFO Epoch 9 [1580/5134] loss=0.1763
2026-04-11 10:37:38,928 INFO Epoch 9 [1590/5134] loss=0.4509
2026-04-11 10:37:45,625 INFO Epoch 9 [1600/5134] loss=0.1284
2026-04-11 10:37:50,399 INFO Epoch 9 [1610/5134] loss=0.1543
2026-04-11 10:37:57,085 INFO Epoch 9 [1620/5134] loss=0.2162
2026-04-11 10:38:02,379 INFO Epoch 9 [1630/5134] loss=0.2183
2026-04-11 10:38:08,381 INFO Epoch 9 [1640/5134] loss=0.1641
2026-04-11 10:38:13,728 INFO Epoch 9 [1650/5134] loss=0.4395
2026-04-11 10:38:19,845 INFO Epoch 9 [1660/5134] loss=0.4195
2026-04-11 10:38:25,441 INFO Epoch 9 [1670/5134] loss=0.3996
2026-04-11 10:38:32,649 INFO Epoch 9 [1680/5134] loss=0.0516
2026-04-11 10:38:37,640 INFO Epoch 9 [1690/5134] loss=0.1146
2026-04-11 10:38:44,788 INFO Epoch 9 [1700/5134] loss=0.2341
2026-04-11 10:38:49,495 INFO Epoch 9 [1710/5134] loss=0.4018
2026-04-11 10:38:56,086 INFO Epoch 9 [1720/5134] loss=0.2425
2026-04-11 10:39:00,703 INFO Epoch 9 [1730/5134] loss=0.2082
2026-04-11 10:39:08,071 INFO Epoch 9 [1740/5134] loss=0.2803
2026-04-11 10:39:13,336 INFO Epoch 9 [1750/5134] loss=0.2860
2026-04-11 10:39:18,993 INFO Epoch 9 [1760/5134] loss=0.3705
2026-04-11 10:39:24,219 INFO Epoch 9 [1770/5134] loss=0.3405
2026-04-11 10:39:30,698 INFO Epoch 9 [1780/5134] loss=0.1773
2026-04-11 10:39:35,834 INFO Epoch 9 [1790/5134] loss=0.2239
2026-04-11 10:39:41,892 INFO Epoch 9 [1800/5134] loss=0.1212
2026-04-11 10:39:47,424 INFO Epoch 9 [1810/5134] loss=0.4307
2026-04-11 10:39:54,279 INFO Epoch 9 [1820/5134] loss=0.3334
2026-04-11 10:39:59,231 INFO Epoch 9 [1830/5134] loss=0.1502
2026-04-11 10:40:05,814 INFO Epoch 9 [1840/5134] loss=0.1149
2026-04-11 10:40:10,470 INFO Epoch 9 [1850/5134] loss=0.2065
2026-04-11 10:40:17,054 INFO Epoch 9 [1860/5134] loss=0.3790
2026-04-11 10:40:22,199 INFO Epoch 9 [1870/5134] loss=0.2078
2026-04-11 10:40:29,047 INFO Epoch 9 [1880/5134] loss=0.3389
2026-04-11 10:40:33,439 INFO Epoch 9 [1890/5134] loss=0.1857
2026-04-11 10:40:39,680 INFO Epoch 9 [1900/5134] loss=0.2342
2026-04-11 10:40:44,745 INFO Epoch 9 [1910/5134] loss=0.1801
2026-04-11 10:40:50,927 INFO Epoch 9 [1920/5134] loss=0.4553
2026-04-11 10:40:55,926 INFO Epoch 9 [1930/5134] loss=0.1417
2026-04-11 10:41:02,412 INFO Epoch 9 [1940/5134] loss=0.2589
2026-04-11 10:41:07,881 INFO Epoch 9 [1950/5134] loss=0.0834
2026-04-11 10:41:13,516 INFO Epoch 9 [1960/5134] loss=0.3565
2026-04-11 10:41:20,649 INFO Epoch 9 [1970/5134] loss=0.1670
2026-04-11 10:41:25,639 INFO Epoch 9 [1980/5134] loss=0.4307
2026-04-11 10:41:30,996 INFO Epoch 9 [1990/5134] loss=0.4255
2026-04-11 10:41:37,168 INFO Epoch 9 [2000/5134] loss=0.1942
2026-04-11 10:41:41,950 INFO Epoch 9 [2010/5134] loss=0.1237
2026-04-11 10:41:49,241 INFO Epoch 9 [2020/5134] loss=0.2306
2026-04-11 10:41:54,541 INFO Epoch 9 [2030/5134] loss=0.0893
2026-04-11 10:42:00,876 INFO Epoch 9 [2040/5134] loss=0.4791
2026-04-11 10:42:05,556 INFO Epoch 9 [2050/5134] loss=0.1231
2026-04-11 10:42:11,731 INFO Epoch 9 [2060/5134] loss=0.2273
2026-04-11 10:42:16,419 INFO Epoch 9 [2070/5134] loss=0.1190
2026-04-11 10:42:22,947 INFO Epoch 9 [2080/5134] loss=0.1961
2026-04-11 10:42:28,419 INFO Epoch 9 [2090/5134] loss=0.2789
2026-04-11 10:42:34,712 INFO Epoch 9 [2100/5134] loss=0.3008
2026-04-11 10:42:40,582 INFO Epoch 9 [2110/5134] loss=0.0855
2026-04-11 10:42:46,538 INFO Epoch 9 [2120/5134] loss=0.0755
2026-04-11 10:42:52,378 INFO Epoch 9 [2130/5134] loss=0.0913
2026-04-11 10:42:57,772 INFO Epoch 9 [2140/5134] loss=0.1090
2026-04-11 10:43:03,795 INFO Epoch 9 [2150/5134] loss=0.0449
2026-04-11 10:43:08,634 INFO Epoch 9 [2160/5134] loss=0.1546
2026-04-11 10:43:14,178 INFO Epoch 9 [2170/5134] loss=0.4106
2026-04-11 10:43:19,973 INFO Epoch 9 [2180/5134] loss=0.0975
2026-04-11 10:43:26,290 INFO Epoch 9 [2190/5134] loss=0.0528
2026-04-11 10:43:31,978 INFO Epoch 9 [2200/5134] loss=0.1437
2026-04-11 10:43:37,660 INFO Epoch 9 [2210/5134] loss=0.1549
2026-04-11 10:43:43,843 INFO Epoch 9 [2220/5134] loss=0.3524
2026-04-11 10:43:49,319 INFO Epoch 9 [2230/5134] loss=0.1049
2026-04-11 10:43:55,695 INFO Epoch 9 [2240/5134] loss=0.0480
2026-04-11 10:44:00,911 INFO Epoch 9 [2250/5134] loss=0.2205
2026-04-11 10:44:07,761 INFO Epoch 9 [2260/5134] loss=0.2701
2026-04-11 10:44:13,487 INFO Epoch 9 [2270/5134] loss=0.3489
2026-04-11 10:44:20,284 INFO Epoch 9 [2280/5134] loss=0.3723
2026-04-11 10:44:25,645 INFO Epoch 9 [2290/5134] loss=0.0646
2026-04-11 10:44:31,707 INFO Epoch 9 [2300/5134] loss=0.2217
2026-04-11 10:44:36,607 INFO Epoch 9 [2310/5134] loss=0.5223
2026-04-11 10:44:42,378 INFO Epoch 9 [2320/5134] loss=0.3485
2026-04-11 10:44:47,085 INFO Epoch 9 [2330/5134] loss=0.0766
2026-04-11 10:44:54,102 INFO Epoch 9 [2340/5134] loss=0.3056
2026-04-11 10:44:59,566 INFO Epoch 9 [2350/5134] loss=0.1517
2026-04-11 10:45:07,102 INFO Epoch 9 [2360/5134] loss=0.0439
2026-04-11 10:45:12,136 INFO Epoch 9 [2370/5134] loss=0.3086
2026-04-11 10:45:19,553 INFO Epoch 9 [2380/5134] loss=0.2520
2026-04-11 10:45:25,034 INFO Epoch 9 [2390/5134] loss=0.3685
2026-04-11 10:45:31,983 INFO Epoch 9 [2400/5134] loss=0.3667
2026-04-11 10:45:37,011 INFO Epoch 9 [2410/5134] loss=0.0901
2026-04-11 10:45:43,970 INFO Epoch 9 [2420/5134] loss=0.3550
2026-04-11 10:45:50,272 INFO Epoch 9 [2430/5134] loss=0.4338
2026-04-11 10:45:57,076 INFO Epoch 9 [2440/5134] loss=0.3595
2026-04-11 10:46:02,972 INFO Epoch 9 [2450/5134] loss=0.3770
2026-04-11 10:46:10,045 INFO Epoch 9 [2460/5134] loss=0.3550
2026-04-11 10:46:15,732 INFO Epoch 9 [2470/5134] loss=0.4759
2026-04-11 10:46:23,531 INFO Epoch 9 [2480/5134] loss=0.1619
2026-04-11 10:46:28,877 INFO Epoch 9 [2490/5134] loss=0.3704
2026-04-11 10:46:35,923 INFO Epoch 9 [2500/5134] loss=0.1466
2026-04-11 10:46:41,603 INFO Epoch 9 [2510/5134] loss=0.1888
2026-04-11 10:46:49,481 INFO Epoch 9 [2520/5134] loss=0.1052
2026-04-11 10:46:54,844 INFO Epoch 9 [2530/5134] loss=0.2494
2026-04-11 10:47:03,431 INFO Epoch 9 [2540/5134] loss=0.4400
2026-04-11 10:47:09,524 INFO Epoch 9 [2550/5134] loss=0.3660
2026-04-11 10:47:17,036 INFO Epoch 9 [2560/5134] loss=0.3904
2026-04-11 10:47:22,875 INFO Epoch 9 [2570/5134] loss=0.0825
2026-04-11 10:47:29,709 INFO Epoch 9 [2580/5134] loss=0.1841
2026-04-11 10:47:35,279 INFO Epoch 9 [2590/5134] loss=0.3136
2026-04-11 10:47:43,008 INFO Epoch 9 [2600/5134] loss=0.4193
2026-04-11 10:47:48,598 INFO Epoch 9 [2610/5134] loss=0.1587
2026-04-11 10:47:55,711 INFO Epoch 9 [2620/5134] loss=0.4799
2026-04-11 10:48:00,995 INFO Epoch 9 [2630/5134] loss=0.1790
2026-04-11 10:48:08,891 INFO Epoch 9 [2640/5134] loss=0.3908
2026-04-11 10:48:14,771 INFO Epoch 9 [2650/5134] loss=0.1759
2026-04-11 10:48:22,114 INFO Epoch 9 [2660/5134] loss=0.1167
2026-04-11 10:48:27,722 INFO Epoch 9 [2670/5134] loss=0.1171
2026-04-11 10:48:35,496 INFO Epoch 9 [2680/5134] loss=0.2096
2026-04-11 10:48:41,185 INFO Epoch 9 [2690/5134] loss=0.3278
2026-04-11 10:48:47,674 INFO Epoch 9 [2700/5134] loss=0.1959
2026-04-11 10:48:52,549 INFO Epoch 9 [2710/5134] loss=0.2353
2026-04-11 10:48:59,688 INFO Epoch 9 [2720/5134] loss=0.1269
2026-04-11 10:49:04,861 INFO Epoch 9 [2730/5134] loss=0.1730
2026-04-11 10:49:12,585 INFO Epoch 9 [2740/5134] loss=0.2443
2026-04-11 10:49:18,381 INFO Epoch 9 [2750/5134] loss=0.1105
2026-04-11 10:49:25,988 INFO Epoch 9 [2760/5134] loss=0.1413
2026-04-11 10:49:31,337 INFO Epoch 9 [2770/5134] loss=0.3024
2026-04-11 10:49:38,620 INFO Epoch 9 [2780/5134] loss=0.1010
2026-04-11 10:49:44,735 INFO Epoch 9 [2790/5134] loss=0.1902
2026-04-11 10:49:52,234 INFO Epoch 9 [2800/5134] loss=0.0944
2026-04-11 10:49:57,386 INFO Epoch 9 [2810/5134] loss=0.1668
2026-04-11 10:50:05,143 INFO Epoch 9 [2820/5134] loss=0.2809
2026-04-11 10:50:10,720 INFO Epoch 9 [2830/5134] loss=0.1477
2026-04-11 10:50:18,119 INFO Epoch 9 [2840/5134] loss=0.0701
2026-04-11 10:50:23,289 INFO Epoch 9 [2850/5134] loss=0.2279
2026-04-11 10:50:31,583 INFO Epoch 9 [2860/5134] loss=0.1385
2026-04-11 10:50:37,159 INFO Epoch 9 [2870/5134] loss=0.1810
2026-04-11 10:50:43,558 INFO Epoch 9 [2880/5134] loss=0.1241
2026-04-11 10:50:49,223 INFO Epoch 9 [2890/5134] loss=0.4793
2026-04-11 10:50:57,452 INFO Epoch 9 [2900/5134] loss=0.0438
2026-04-11 10:51:03,423 INFO Epoch 9 [2910/5134] loss=0.2507
2026-04-11 10:51:11,406 INFO Epoch 9 [2920/5134] loss=0.2989
2026-04-11 10:51:16,487 INFO Epoch 9 [2930/5134] loss=0.0990
2026-04-11 10:51:23,888 INFO Epoch 9 [2940/5134] loss=0.1398
2026-04-11 10:51:29,133 INFO Epoch 9 [2950/5134] loss=0.4078
2026-04-11 10:51:37,514 INFO Epoch 9 [2960/5134] loss=0.2622
2026-04-11 10:51:43,207 INFO Epoch 9 [2970/5134] loss=0.0676
2026-04-11 10:51:51,185 INFO Epoch 9 [2980/5134] loss=0.3900
2026-04-11 10:51:56,632 INFO Epoch 9 [2990/5134] loss=0.3503
2026-04-11 10:52:04,354 INFO Epoch 9 [3000/5134] loss=0.2276
2026-04-11 10:52:09,682 INFO Epoch 9 [3010/5134] loss=0.1282
2026-04-11 10:52:17,396 INFO Epoch 9 [3020/5134] loss=0.3455
2026-04-11 10:52:22,036 INFO Epoch 9 [3030/5134] loss=0.3228
2026-04-11 10:52:29,009 INFO Epoch 9 [3040/5134] loss=0.3158
2026-04-11 10:52:34,379 INFO Epoch 9 [3050/5134] loss=0.1579
2026-04-11 10:52:41,355 INFO Epoch 9 [3060/5134] loss=0.2240
2026-04-11 10:52:46,688 INFO Epoch 9 [3070/5134] loss=0.2046
2026-04-11 10:52:53,869 INFO Epoch 9 [3080/5134] loss=0.3420
2026-04-11 10:52:59,293 INFO Epoch 9 [3090/5134] loss=0.0768
2026-04-11 10:53:05,642 INFO Epoch 9 [3100/5134] loss=0.1191
2026-04-11 10:53:11,937 INFO Epoch 9 [3110/5134] loss=0.3612
2026-04-11 10:53:18,739 INFO Epoch 9 [3120/5134] loss=0.2001
2026-04-11 10:53:25,166 INFO Epoch 9 [3130/5134] loss=0.2195
2026-04-11 10:53:31,219 INFO Epoch 9 [3140/5134] loss=0.1673
2026-04-11 10:53:37,292 INFO Epoch 9 [3150/5134] loss=0.4130
2026-04-11 10:53:43,742 INFO Epoch 9 [3160/5134] loss=0.2183
2026-04-11 10:53:50,114 INFO Epoch 9 [3170/5134] loss=0.3334
2026-04-11 10:53:56,230 INFO Epoch 9 [3180/5134] loss=0.1143
2026-04-11 10:54:02,884 INFO Epoch 9 [3190/5134] loss=0.0670
2026-04-11 10:54:09,209 INFO Epoch 9 [3200/5134] loss=0.3948
2026-04-11 10:54:15,636 INFO Epoch 9 [3210/5134] loss=0.0151
2026-04-11 10:54:22,137 INFO Epoch 9 [3220/5134] loss=0.1697
2026-04-11 10:54:28,330 INFO Epoch 9 [3230/5134] loss=0.2464
2026-04-11 10:54:35,515 INFO Epoch 9 [3240/5134] loss=0.1459
2026-04-11 10:54:41,717 INFO Epoch 9 [3250/5134] loss=0.1622
2026-04-11 10:54:47,619 INFO Epoch 9 [3260/5134] loss=0.1279
2026-04-11 10:54:54,296 INFO Epoch 9 [3270/5134] loss=0.1438
2026-04-11 10:54:59,417 INFO Epoch 9 [3280/5134] loss=0.2530
2026-04-11 10:55:06,700 INFO Epoch 9 [3290/5134] loss=0.1061
2026-04-11 10:55:12,430 INFO Epoch 9 [3300/5134] loss=0.3050
2026-04-11 10:55:19,688 INFO Epoch 9 [3310/5134] loss=0.3611
2026-04-11 10:55:25,234 INFO Epoch 9 [3320/5134] loss=0.1635
2026-04-11 10:55:32,817 INFO Epoch 9 [3330/5134] loss=0.4149
2026-04-11 10:55:38,152 INFO Epoch 9 [3340/5134] loss=0.0626
2026-04-11 10:55:45,446 INFO Epoch 9 [3350/5134] loss=0.2643
2026-04-11 10:55:51,366 INFO Epoch 9 [3360/5134] loss=0.4455
2026-04-11 10:55:59,314 INFO Epoch 9 [3370/5134] loss=0.1081
2026-04-11 10:56:04,314 INFO Epoch 9 [3380/5134] loss=0.1428
2026-04-11 10:56:11,915 INFO Epoch 9 [3390/5134] loss=0.3218
2026-04-11 10:56:17,876 INFO Epoch 9 [3400/5134] loss=0.2974
2026-04-11 10:56:24,464 INFO Epoch 9 [3410/5134] loss=0.3423
2026-04-11 10:56:31,036 INFO Epoch 9 [3420/5134] loss=0.0751
2026-04-11 10:56:38,085 INFO Epoch 9 [3430/5134] loss=0.1046
2026-04-11 10:56:43,696 INFO Epoch 9 [3440/5134] loss=0.1583
2026-04-11 10:56:50,528 INFO Epoch 9 [3450/5134] loss=0.1464
2026-04-11 10:56:57,443 INFO Epoch 9 [3460/5134] loss=0.1451
2026-04-11 10:57:03,485 INFO Epoch 9 [3470/5134] loss=0.1647
2026-04-11 10:57:10,565 INFO Epoch 9 [3480/5134] loss=0.2516
2026-04-11 10:57:16,043 INFO Epoch 9 [3490/5134] loss=0.3936
2026-04-11 10:57:22,546 INFO Epoch 9 [3500/5134] loss=0.2064
2026-04-11 10:57:28,402 INFO Epoch 9 [3510/5134] loss=0.2114
2026-04-11 10:57:35,364 INFO Epoch 9 [3520/5134] loss=0.3518
2026-04-11 10:57:41,395 INFO Epoch 9 [3530/5134] loss=0.1024
2026-04-11 10:57:48,439 INFO Epoch 9 [3540/5134] loss=0.0879
2026-04-11 10:57:53,873 INFO Epoch 9 [3550/5134] loss=0.3720
2026-04-11 10:58:01,365 INFO Epoch 9 [3560/5134] loss=0.1870
2026-04-11 10:58:07,027 INFO Epoch 9 [3570/5134] loss=0.4506
2026-04-11 10:58:13,367 INFO Epoch 9 [3580/5134] loss=0.1005
2026-04-11 10:58:19,611 INFO Epoch 9 [3590/5134] loss=0.4476
2026-04-11 10:58:25,900 INFO Epoch 9 [3600/5134] loss=0.0707
2026-04-11 10:58:33,102 INFO Epoch 9 [3610/5134] loss=0.4193
2026-04-11 10:58:39,185 INFO Epoch 9 [3620/5134] loss=0.4972
2026-04-11 10:58:45,718 INFO Epoch 9 [3630/5134] loss=0.0916
2026-04-11 10:58:50,781 INFO Epoch 9 [3640/5134] loss=0.2727
2026-04-11 10:58:58,336 INFO Epoch 9 [3650/5134] loss=0.2437
2026-04-11 10:59:03,426 INFO Epoch 9 [3660/5134] loss=0.4622
2026-04-11 10:59:11,141 INFO Epoch 9 [3670/5134] loss=0.2167
2026-04-11 10:59:17,136 INFO Epoch 9 [3680/5134] loss=0.0998
2026-04-11 10:59:24,372 INFO Epoch 9 [3690/5134] loss=0.2991
2026-04-11 10:59:29,997 INFO Epoch 9 [3700/5134] loss=0.4385
2026-04-11 10:59:37,586 INFO Epoch 9 [3710/5134] loss=0.2700
2026-04-11 10:59:42,619 INFO Epoch 9 [3720/5134] loss=0.1454
2026-04-11 10:59:49,581 INFO Epoch 9 [3730/5134] loss=0.2163
2026-04-11 10:59:55,255 INFO Epoch 9 [3740/5134] loss=0.1300
2026-04-11 11:00:03,029 INFO Epoch 9 [3750/5134] loss=0.1069
2026-04-11 11:00:08,629 INFO Epoch 9 [3760/5134] loss=0.0604
2026-04-11 11:00:15,573 INFO Epoch 9 [3770/5134] loss=0.0785
2026-04-11 11:00:21,151 INFO Epoch 9 [3780/5134] loss=0.4172
2026-04-11 11:00:28,488 INFO Epoch 9 [3790/5134] loss=0.3172
2026-04-11 11:00:34,999 INFO Epoch 9 [3800/5134] loss=0.1430
2026-04-11 11:00:42,123 INFO Epoch 9 [3810/5134] loss=0.0438
2026-04-11 11:00:47,696 INFO Epoch 9 [3820/5134] loss=0.1104
2026-04-11 11:00:55,659 INFO Epoch 9 [3830/5134] loss=0.1618
2026-04-11 11:01:01,219 INFO Epoch 9 [3840/5134] loss=0.1724
2026-04-11 11:01:07,842 INFO Epoch 9 [3850/5134] loss=0.1008
2026-04-11 11:01:13,870 INFO Epoch 9 [3860/5134] loss=0.0847
2026-04-11 11:01:21,256 INFO Epoch 9 [3870/5134] loss=0.3160
2026-04-11 11:01:26,725 INFO Epoch 9 [3880/5134] loss=0.2831
2026-04-11 11:01:33,936 INFO Epoch 9 [3890/5134] loss=0.3248
2026-04-11 11:01:39,509 INFO Epoch 9 [3900/5134] loss=0.1223
2026-04-11 11:01:46,764 INFO Epoch 9 [3910/5134] loss=0.0380
2026-04-11 11:01:52,611 INFO Epoch 9 [3920/5134] loss=0.4991
2026-04-11 11:02:00,051 INFO Epoch 9 [3930/5134] loss=0.2930
2026-04-11 11:02:05,596 INFO Epoch 9 [3940/5134] loss=0.1191
2026-04-11 11:02:12,506 INFO Epoch 9 [3950/5134] loss=0.3422
2026-04-11 11:02:17,505 INFO Epoch 9 [3960/5134] loss=0.2687
2026-04-11 11:02:24,735 INFO Epoch 9 [3970/5134] loss=0.2282
2026-04-11 11:02:30,788 INFO Epoch 9 [3980/5134] loss=0.0917
2026-04-11 11:02:37,842 INFO Epoch 9 [3990/5134] loss=0.0767
2026-04-11 11:02:43,632 INFO Epoch 9 [4000/5134] loss=0.1551
2026-04-11 11:02:50,811 INFO Epoch 9 [4010/5134] loss=0.4849
2026-04-11 11:02:56,873 INFO Epoch 9 [4020/5134] loss=0.2482
2026-04-11 11:03:03,496 INFO Epoch 9 [4030/5134] loss=0.1137
2026-04-11 11:03:09,559 INFO Epoch 9 [4040/5134] loss=0.1792
2026-04-11 11:03:17,101 INFO Epoch 9 [4050/5134] loss=0.3302
2026-04-11 11:03:22,242 INFO Epoch 9 [4060/5134] loss=0.2287
2026-04-11 11:03:29,598 INFO Epoch 9 [4070/5134] loss=0.2615
2026-04-11 11:03:35,498 INFO Epoch 9 [4080/5134] loss=0.4568
2026-04-11 11:03:42,474 INFO Epoch 9 [4090/5134] loss=0.3597
2026-04-11 11:03:48,253 INFO Epoch 9 [4100/5134] loss=0.3859
2026-04-11 11:03:55,909 INFO Epoch 9 [4110/5134] loss=0.3809
2026-04-11 11:04:01,161 INFO Epoch 9 [4120/5134] loss=0.2939
2026-04-11 11:04:08,128 INFO Epoch 9 [4130/5134] loss=0.0433
2026-04-11 11:04:13,719 INFO Epoch 9 [4140/5134] loss=0.1009
2026-04-11 11:04:20,918 INFO Epoch 9 [4150/5134] loss=0.1050
2026-04-11 11:04:26,358 INFO Epoch 9 [4160/5134] loss=0.1606
2026-04-11 11:04:33,408 INFO Epoch 9 [4170/5134] loss=0.2933
2026-04-11 11:04:40,395 INFO Epoch 9 [4180/5134] loss=0.1118
2026-04-11 11:04:48,120 INFO Epoch 9 [4190/5134] loss=0.2370
2026-04-11 11:04:56,768 INFO Epoch 9 [4200/5134] loss=0.4116
2026-04-11 11:05:03,522 INFO Epoch 9 [4210/5134] loss=0.0463
2026-04-11 11:05:11,664 INFO Epoch 9 [4220/5134] loss=0.1889
2026-04-11 11:05:19,316 INFO Epoch 9 [4230/5134] loss=0.0594
2026-04-11 11:05:27,506 INFO Epoch 9 [4240/5134] loss=0.3938
2026-04-11 11:05:35,056 INFO Epoch 9 [4250/5134] loss=0.2004
2026-04-11 11:05:43,536 INFO Epoch 9 [4260/5134] loss=0.4026
2026-04-11 11:05:50,529 INFO Epoch 9 [4270/5134] loss=0.2724
2026-04-11 11:05:58,228 INFO Epoch 9 [4280/5134] loss=0.2320
2026-04-11 11:06:05,312 INFO Epoch 9 [4290/5134] loss=0.1388
2026-04-11 11:06:14,081 INFO Epoch 9 [4300/5134] loss=0.1722
2026-04-11 11:06:21,827 INFO Epoch 9 [4310/5134] loss=0.1031
2026-04-11 11:06:29,748 INFO Epoch 9 [4320/5134] loss=0.2488
2026-04-11 11:06:37,625 INFO Epoch 9 [4330/5134] loss=0.2151
2026-04-11 11:06:45,735 INFO Epoch 9 [4340/5134] loss=0.0729
2026-04-11 11:06:53,685 INFO Epoch 9 [4350/5134] loss=0.1777
2026-04-11 11:07:01,929 INFO Epoch 9 [4360/5134] loss=0.1765
2026-04-11 11:07:10,279 INFO Epoch 9 [4370/5134] loss=0.1072
2026-04-11 11:07:17,314 INFO Epoch 9 [4380/5134] loss=0.1957
2026-04-11 11:07:26,046 INFO Epoch 9 [4390/5134] loss=0.1051
2026-04-11 11:07:33,912 INFO Epoch 9 [4400/5134] loss=0.3187
2026-04-11 11:07:42,160 INFO Epoch 9 [4410/5134] loss=0.1345
2026-04-11 11:07:50,219 INFO Epoch 9 [4420/5134] loss=0.3426
2026-04-11 11:07:57,956 INFO Epoch 9 [4430/5134] loss=0.4530
2026-04-11 11:08:06,338 INFO Epoch 9 [4440/5134] loss=0.2807
2026-04-11 11:08:13,934 INFO Epoch 9 [4450/5134] loss=0.3091
2026-04-11 11:08:23,245 INFO Epoch 9 [4460/5134] loss=0.0872
2026-04-11 11:08:30,445 INFO Epoch 9 [4470/5134] loss=0.1937
2026-04-11 11:08:39,648 INFO Epoch 9 [4480/5134] loss=0.1816
2026-04-11 11:08:46,404 INFO Epoch 9 [4490/5134] loss=0.1682
2026-04-11 11:08:55,493 INFO Epoch 9 [4500/5134] loss=0.1190
2026-04-11 11:09:02,247 INFO Epoch 9 [4510/5134] loss=0.2868
2026-04-11 11:09:10,109 INFO Epoch 9 [4520/5134] loss=0.1155
2026-04-11 11:09:15,195 INFO Epoch 9 [4530/5134] loss=0.4238
2026-04-11 11:09:23,393 INFO Epoch 9 [4540/5134] loss=0.1371
2026-04-11 11:09:29,232 INFO Epoch 9 [4550/5134] loss=0.3860
2026-04-11 11:09:37,484 INFO Epoch 9 [4560/5134] loss=0.1187
2026-04-11 11:09:43,552 INFO Epoch 9 [4570/5134] loss=0.1119
2026-04-11 11:09:51,342 INFO Epoch 9 [4580/5134] loss=0.2046
2026-04-11 11:09:57,437 INFO Epoch 9 [4590/5134] loss=0.1032
2026-04-11 11:10:04,699 INFO Epoch 9 [4600/5134] loss=0.0997
2026-04-11 11:10:10,609 INFO Epoch 9 [4610/5134] loss=0.3028
2026-04-11 11:10:18,738 INFO Epoch 9 [4620/5134] loss=0.0476
2026-04-11 11:10:24,627 INFO Epoch 9 [4630/5134] loss=0.2618
2026-04-11 11:10:31,529 INFO Epoch 9 [4640/5134] loss=0.0820
2026-04-11 11:10:37,008 INFO Epoch 9 [4650/5134] loss=0.3631
2026-04-11 11:10:44,948 INFO Epoch 9 [4660/5134] loss=0.0655
2026-04-11 11:10:51,335 INFO Epoch 9 [4670/5134] loss=0.2846
2026-04-11 11:10:59,349 INFO Epoch 9 [4680/5134] loss=0.2847
2026-04-11 11:11:05,153 INFO Epoch 9 [4690/5134] loss=0.0852
2026-04-11 11:11:12,965 INFO Epoch 9 [4700/5134] loss=0.3360
2026-04-11 11:11:18,707 INFO Epoch 9 [4710/5134] loss=0.1290
2026-04-11 11:11:26,065 INFO Epoch 9 [4720/5134] loss=0.2393
2026-04-11 11:11:31,703 INFO Epoch 9 [4730/5134] loss=0.1202
2026-04-11 11:11:39,585 INFO Epoch 9 [4740/5134] loss=0.2619
2026-04-11 11:11:44,924 INFO Epoch 9 [4750/5134] loss=0.1777
2026-04-11 11:11:52,111 INFO Epoch 9 [4760/5134] loss=0.1541
2026-04-11 11:11:58,476 INFO Epoch 9 [4770/5134] loss=0.4998
2026-04-11 11:12:05,624 INFO Epoch 9 [4780/5134] loss=0.1975
2026-04-11 11:12:12,012 INFO Epoch 9 [4790/5134] loss=0.2953
2026-04-11 11:12:20,018 INFO Epoch 9 [4800/5134] loss=0.4132
2026-04-11 11:12:25,957 INFO Epoch 9 [4810/5134] loss=0.2689
2026-04-11 11:12:34,022 INFO Epoch 9 [4820/5134] loss=0.4040
2026-04-11 11:12:39,921 INFO Epoch 9 [4830/5134] loss=0.3507
2026-04-11 11:12:48,128 INFO Epoch 9 [4840/5134] loss=0.0614
2026-04-11 11:12:53,707 INFO Epoch 9 [4850/5134] loss=0.1100
2026-04-11 11:13:01,840 INFO Epoch 9 [4860/5134] loss=0.1710
2026-04-11 11:13:08,162 INFO Epoch 9 [4870/5134] loss=0.3126
2026-04-11 11:13:15,608 INFO Epoch 9 [4880/5134] loss=0.2395
2026-04-11 11:13:22,166 INFO Epoch 9 [4890/5134] loss=0.1706
2026-04-11 11:13:30,196 INFO Epoch 9 [4900/5134] loss=0.2118
2026-04-11 11:13:36,178 INFO Epoch 9 [4910/5134] loss=0.3318
2026-04-11 11:13:43,483 INFO Epoch 9 [4920/5134] loss=0.0467
2026-04-11 11:13:49,694 INFO Epoch 9 [4930/5134] loss=0.1780
2026-04-11 11:13:57,757 INFO Epoch 9 [4940/5134] loss=0.4111
2026-04-11 11:14:03,527 INFO Epoch 9 [4950/5134] loss=0.0959
2026-04-11 11:14:11,609 INFO Epoch 9 [4960/5134] loss=0.0168
2026-04-11 11:14:17,183 INFO Epoch 9 [4970/5134] loss=0.2659
2026-04-11 11:14:24,797 INFO Epoch 9 [4980/5134] loss=0.4256
2026-04-11 11:14:30,358 INFO Epoch 9 [4990/5134] loss=0.3476
2026-04-11 11:14:38,180 INFO Epoch 9 [5000/5134] loss=0.1728
2026-04-11 11:14:43,484 INFO Epoch 9 [5010/5134] loss=0.1869
2026-04-11 11:14:51,238 INFO Epoch 9 [5020/5134] loss=0.0720
2026-04-11 11:14:56,628 INFO Epoch 9 [5030/5134] loss=0.0226
2026-04-11 11:15:03,894 INFO Epoch 9 [5040/5134] loss=0.3442
2026-04-11 11:15:10,314 INFO Epoch 9 [5050/5134] loss=0.2688
2026-04-11 11:15:17,280 INFO Epoch 9 [5060/5134] loss=0.4088
2026-04-11 11:15:24,188 INFO Epoch 9 [5070/5134] loss=0.4449
2026-04-11 11:15:30,987 INFO Epoch 9 [5080/5134] loss=0.2022
2026-04-11 11:15:37,208 INFO Epoch 9 [5090/5134] loss=0.3131
2026-04-11 11:15:44,601 INFO Epoch 9 [5100/5134] loss=0.1378
2026-04-11 11:15:51,035 INFO Epoch 9 [5110/5134] loss=0.1212
2026-04-11 11:15:58,002 INFO Epoch 9 [5120/5134] loss=0.4670
2026-04-11 11:16:04,640 INFO Epoch 9 [5130/5134] loss=0.0712
2026-04-11 11:46:27,552 INFO Epoch 9/15 (5076s) lr=0.000035 | train_loss=0.2135 train_iou=0.2981 | val_loss=0.4424 val_iou=0.2956 val_dice=0.3079 val_f1=0.1294
2026-04-11 11:46:43,829 INFO Epoch 10 [0/5134] loss=0.3822
2026-04-11 11:46:50,100 INFO Epoch 10 [10/5134] loss=0.2914
2026-04-11 11:46:56,799 INFO Epoch 10 [20/5134] loss=0.0839
2026-04-11 11:47:02,706 INFO Epoch 10 [30/5134] loss=0.4282
2026-04-11 11:47:10,096 INFO Epoch 10 [40/5134] loss=0.0387
2026-04-11 11:47:15,784 INFO Epoch 10 [50/5134] loss=0.0347
2026-04-11 11:47:24,179 INFO Epoch 10 [60/5134] loss=0.0591
2026-04-11 11:47:31,369 INFO Epoch 10 [70/5134] loss=0.3130
2026-04-11 11:47:39,331 INFO Epoch 10 [80/5134] loss=0.0317
2026-04-11 11:47:45,601 INFO Epoch 10 [90/5134] loss=0.0518
2026-04-11 11:47:53,279 INFO Epoch 10 [100/5134] loss=0.1253
2026-04-11 11:47:59,689 INFO Epoch 10 [110/5134] loss=0.0977
2026-04-11 11:48:07,721 INFO Epoch 10 [120/5134] loss=0.0979
2026-04-11 11:48:13,753 INFO Epoch 10 [130/5134] loss=0.0743
2026-04-11 11:48:21,254 INFO Epoch 10 [140/5134] loss=0.0947
2026-04-11 11:48:27,896 INFO Epoch 10 [150/5134] loss=0.0367
2026-04-11 11:48:35,470 INFO Epoch 10 [160/5134] loss=0.1684
2026-04-11 11:48:42,673 INFO Epoch 10 [170/5134] loss=0.2458
2026-04-11 11:48:49,232 INFO Epoch 10 [180/5134] loss=0.0673
2026-04-11 11:48:56,179 INFO Epoch 10 [190/5134] loss=0.1173
2026-04-11 11:49:03,336 INFO Epoch 10 [200/5134] loss=0.0618
2026-04-11 11:49:11,839 INFO Epoch 10 [210/5134] loss=0.0691
2026-04-11 11:49:17,896 INFO Epoch 10 [220/5134] loss=0.1576
2026-04-11 11:49:26,149 INFO Epoch 10 [230/5134] loss=0.0440
2026-04-11 11:49:33,489 INFO Epoch 10 [240/5134] loss=0.1052
2026-04-11 11:49:40,572 INFO Epoch 10 [250/5134] loss=0.0917
2026-04-11 11:49:47,643 INFO Epoch 10 [260/5134] loss=0.3991
2026-04-11 11:49:55,240 INFO Epoch 10 [270/5134] loss=0.1099
2026-04-11 11:50:01,867 INFO Epoch 10 [280/5134] loss=0.0337
2026-04-11 11:50:10,527 INFO Epoch 10 [290/5134] loss=0.0826
2026-04-11 11:50:16,432 INFO Epoch 10 [300/5134] loss=0.1198
2026-04-11 11:50:24,328 INFO Epoch 10 [310/5134] loss=0.1738
2026-04-11 11:50:30,872 INFO Epoch 10 [320/5134] loss=0.1374
2026-04-11 11:50:39,847 INFO Epoch 10 [330/5134] loss=0.1590
2026-04-11 11:50:46,267 INFO Epoch 10 [340/5134] loss=0.0858
2026-04-11 11:50:54,235 INFO Epoch 10 [350/5134] loss=0.0287
2026-04-11 11:51:00,977 INFO Epoch 10 [360/5134] loss=0.1026
2026-04-11 11:51:09,275 INFO Epoch 10 [370/5134] loss=0.1908
2026-04-11 11:51:15,760 INFO Epoch 10 [380/5134] loss=0.0478
2026-04-11 11:51:23,690 INFO Epoch 10 [390/5134] loss=0.1014
2026-04-11 11:51:30,036 INFO Epoch 10 [400/5134] loss=0.0866
2026-04-11 11:51:37,183 INFO Epoch 10 [410/5134] loss=0.3523
2026-04-11 11:51:43,608 INFO Epoch 10 [420/5134] loss=0.1001
2026-04-11 11:51:51,792 INFO Epoch 10 [430/5134] loss=0.1252
2026-04-11 11:51:58,197 INFO Epoch 10 [440/5134] loss=0.1147
2026-04-11 11:52:05,780 INFO Epoch 10 [450/5134] loss=0.1621
2026-04-11 11:52:12,415 INFO Epoch 10 [460/5134] loss=0.0567
2026-04-11 11:52:20,769 INFO Epoch 10 [470/5134] loss=0.1269
2026-04-11 11:52:27,293 INFO Epoch 10 [480/5134] loss=0.0947
2026-04-11 11:52:35,272 INFO Epoch 10 [490/5134] loss=0.1069
2026-04-11 11:52:41,488 INFO Epoch 10 [500/5134] loss=0.1777
2026-04-11 11:52:48,375 INFO Epoch 10 [510/5134] loss=0.1658
2026-04-11 11:52:54,643 INFO Epoch 10 [520/5134] loss=0.1029
2026-04-11 11:53:01,523 INFO Epoch 10 [530/5134] loss=0.0169
2026-04-11 11:53:07,484 INFO Epoch 10 [540/5134] loss=0.1903
2026-04-11 11:53:14,479 INFO Epoch 10 [550/5134] loss=0.0296
2026-04-11 11:53:20,783 INFO Epoch 10 [560/5134] loss=0.0879
2026-04-11 11:53:27,944 INFO Epoch 10 [570/5134] loss=0.0494
2026-04-11 11:53:33,743 INFO Epoch 10 [580/5134] loss=0.1108
2026-04-11 11:53:40,662 INFO Epoch 10 [590/5134] loss=0.1839
2026-04-11 11:53:47,339 INFO Epoch 10 [600/5134] loss=0.1919
2026-04-11 11:53:55,212 INFO Epoch 10 [610/5134] loss=0.0841
2026-04-11 11:54:01,355 INFO Epoch 10 [620/5134] loss=0.0838
2026-04-11 11:54:08,932 INFO Epoch 10 [630/5134] loss=0.0868
2026-04-11 11:54:14,438 INFO Epoch 10 [640/5134] loss=0.0716
2026-04-11 11:54:22,689 INFO Epoch 10 [650/5134] loss=0.5146
2026-04-11 11:54:29,134 INFO Epoch 10 [660/5134] loss=0.3577
2026-04-11 11:54:36,811 INFO Epoch 10 [670/5134] loss=0.0479
2026-04-11 11:54:42,921 INFO Epoch 10 [680/5134] loss=0.3184
2026-04-11 11:54:50,747 INFO Epoch 10 [690/5134] loss=0.3116
2026-04-11 11:54:56,829 INFO Epoch 10 [700/5134] loss=0.2062
2026-04-11 11:55:03,930 INFO Epoch 10 [710/5134] loss=0.2414
2026-04-11 11:55:09,855 INFO Epoch 10 [720/5134] loss=0.3962
2026-04-11 11:55:16,869 INFO Epoch 10 [730/5134] loss=0.2498
2026-04-11 11:55:22,827 INFO Epoch 10 [740/5134] loss=0.1395
2026-04-11 11:55:29,596 INFO Epoch 10 [750/5134] loss=0.3228
2026-04-11 11:55:36,447 INFO Epoch 10 [760/5134] loss=0.3716
2026-04-11 11:55:44,186 INFO Epoch 10 [770/5134] loss=0.0918
2026-04-11 11:55:49,678 INFO Epoch 10 [780/5134] loss=0.3251
2026-04-11 11:55:57,461 INFO Epoch 10 [790/5134] loss=0.4157
2026-04-11 11:56:03,750 INFO Epoch 10 [800/5134] loss=0.3905
2026-04-11 11:56:10,140 INFO Epoch 10 [810/5134] loss=0.3437
2026-04-11 11:56:15,696 INFO Epoch 10 [820/5134] loss=0.4596
2026-04-11 11:56:22,783 INFO Epoch 10 [830/5134] loss=0.3945
2026-04-11 11:56:27,627 INFO Epoch 10 [840/5134] loss=0.2547
2026-04-11 11:56:34,754 INFO Epoch 10 [850/5134] loss=0.1017
2026-04-11 11:56:40,045 INFO Epoch 10 [860/5134] loss=0.0619
2026-04-11 11:56:47,503 INFO Epoch 10 [870/5134] loss=0.0475
2026-04-11 11:56:52,748 INFO Epoch 10 [880/5134] loss=0.2030
2026-04-11 11:56:59,469 INFO Epoch 10 [890/5134] loss=0.3795
2026-04-11 11:57:04,317 INFO Epoch 10 [900/5134] loss=0.0520
2026-04-11 11:57:10,672 INFO Epoch 10 [910/5134] loss=0.4037
2026-04-11 11:57:15,590 INFO Epoch 10 [920/5134] loss=0.2069
2026-04-11 11:57:22,067 INFO Epoch 10 [930/5134] loss=0.4565
2026-04-11 11:57:27,394 INFO Epoch 10 [940/5134] loss=0.0263
2026-04-11 11:57:33,762 INFO Epoch 10 [950/5134] loss=0.2744
2026-04-11 11:57:39,170 INFO Epoch 10 [960/5134] loss=0.3591
2026-04-11 11:57:45,530 INFO Epoch 10 [970/5134] loss=0.1635
2026-04-11 11:57:51,271 INFO Epoch 10 [980/5134] loss=0.1498
2026-04-11 11:57:58,639 INFO Epoch 10 [990/5134] loss=0.1102
2026-04-11 11:58:03,808 INFO Epoch 10 [1000/5134] loss=0.3233
2026-04-11 11:58:10,199 INFO Epoch 10 [1010/5134] loss=0.2289
2026-04-11 11:58:15,916 INFO Epoch 10 [1020/5134] loss=0.0258
2026-04-11 11:58:23,026 INFO Epoch 10 [1030/5134] loss=0.1971
2026-04-11 11:58:27,806 INFO Epoch 10 [1040/5134] loss=0.4086
2026-04-11 11:58:34,189 INFO Epoch 10 [1050/5134] loss=0.2225
2026-04-11 11:58:39,105 INFO Epoch 10 [1060/5134] loss=0.1392
2026-04-11 11:58:46,094 INFO Epoch 10 [1070/5134] loss=0.2986
2026-04-11 11:58:51,683 INFO Epoch 10 [1080/5134] loss=0.3474
2026-04-11 11:58:58,108 INFO Epoch 10 [1090/5134] loss=0.0926
2026-04-11 11:59:03,180 INFO Epoch 10 [1100/5134] loss=0.4188
2026-04-11 11:59:09,406 INFO Epoch 10 [1110/5134] loss=0.1763
2026-04-11 11:59:14,409 INFO Epoch 10 [1120/5134] loss=0.2669
2026-04-11 11:59:20,743 INFO Epoch 10 [1130/5134] loss=0.1858
2026-04-11 11:59:25,664 INFO Epoch 10 [1140/5134] loss=0.1047
2026-04-11 11:59:32,491 INFO Epoch 10 [1150/5134] loss=0.0452
2026-04-11 11:59:37,351 INFO Epoch 10 [1160/5134] loss=0.2531
2026-04-11 11:59:44,098 INFO Epoch 10 [1170/5134] loss=0.0938
2026-04-11 11:59:49,400 INFO Epoch 10 [1180/5134] loss=0.2838
2026-04-11 11:59:56,473 INFO Epoch 10 [1190/5134] loss=0.2914
2026-04-11 12:00:01,423 INFO Epoch 10 [1200/5134] loss=0.1060
2026-04-11 12:00:08,485 INFO Epoch 10 [1210/5134] loss=0.2896
2026-04-11 12:00:13,718 INFO Epoch 10 [1220/5134] loss=0.1216
2026-04-11 12:00:20,024 INFO Epoch 10 [1230/5134] loss=0.0677
2026-04-11 12:00:24,966 INFO Epoch 10 [1240/5134] loss=0.1856
2026-04-11 12:00:31,741 INFO Epoch 10 [1250/5134] loss=0.2001
2026-04-11 12:00:36,688 INFO Epoch 10 [1260/5134] loss=0.4969
2026-04-11 12:00:43,655 INFO Epoch 10 [1270/5134] loss=0.3774
2026-04-11 12:00:48,949 INFO Epoch 10 [1280/5134] loss=0.0711
2026-04-11 12:00:55,678 INFO Epoch 10 [1290/5134] loss=0.4033
2026-04-11 12:01:00,454 INFO Epoch 10 [1300/5134] loss=0.1531
2026-04-11 12:01:07,690 INFO Epoch 10 [1310/5134] loss=0.2023
2026-04-11 12:01:12,414 INFO Epoch 10 [1320/5134] loss=0.4363
2026-04-11 12:01:18,725 INFO Epoch 10 [1330/5134] loss=0.1399
2026-04-11 12:01:23,582 INFO Epoch 10 [1340/5134] loss=0.1271
2026-04-11 12:01:30,921 INFO Epoch 10 [1350/5134] loss=0.2283
2026-04-11 12:01:36,550 INFO Epoch 10 [1360/5134] loss=0.4073
2026-04-11 12:01:42,690 INFO Epoch 10 [1370/5134] loss=0.3327
2026-04-11 12:01:48,321 INFO Epoch 10 [1380/5134] loss=0.0800
2026-04-11 12:01:54,273 INFO Epoch 10 [1390/5134] loss=0.4722
2026-04-11 12:02:00,377 INFO Epoch 10 [1400/5134] loss=0.5001
2026-04-11 12:02:06,051 INFO Epoch 10 [1410/5134] loss=0.3739
2026-04-11 12:02:12,105 INFO Epoch 10 [1420/5134] loss=0.2438
2026-04-11 12:02:17,328 INFO Epoch 10 [1430/5134] loss=0.1484
2026-04-11 12:02:24,991 INFO Epoch 10 [1440/5134] loss=0.1727
2026-04-11 12:02:29,598 INFO Epoch 10 [1450/5134] loss=0.0717
2026-04-11 12:02:36,806 INFO Epoch 10 [1460/5134] loss=0.3474
2026-04-11 12:02:42,253 INFO Epoch 10 [1470/5134] loss=0.1587
2026-04-11 12:02:48,730 INFO Epoch 10 [1480/5134] loss=0.3954
2026-04-11 12:02:54,253 INFO Epoch 10 [1490/5134] loss=0.3731
2026-04-11 12:03:01,026 INFO Epoch 10 [1500/5134] loss=0.1286
2026-04-11 12:03:06,115 INFO Epoch 10 [1510/5134] loss=0.3808
2026-04-11 12:03:13,200 INFO Epoch 10 [1520/5134] loss=0.1971
2026-04-11 12:03:17,949 INFO Epoch 10 [1530/5134] loss=0.3406
2026-04-11 12:03:24,248 INFO Epoch 10 [1540/5134] loss=0.0890
2026-04-11 12:03:29,285 INFO Epoch 10 [1550/5134] loss=0.0910
2026-04-11 12:03:36,422 INFO Epoch 10 [1560/5134] loss=0.3687
2026-04-11 12:03:40,564 INFO Epoch 10 [1570/5134] loss=0.1096
2026-04-11 12:03:47,329 INFO Epoch 10 [1580/5134] loss=0.1561
2026-04-11 12:03:52,195 INFO Epoch 10 [1590/5134] loss=0.1875
2026-04-11 12:03:58,783 INFO Epoch 10 [1600/5134] loss=0.4321
2026-04-11 12:04:04,225 INFO Epoch 10 [1610/5134] loss=0.1288
2026-04-11 12:04:10,959 INFO Epoch 10 [1620/5134] loss=0.3166
2026-04-11 12:04:15,794 INFO Epoch 10 [1630/5134] loss=0.2154
2026-04-11 12:04:22,487 INFO Epoch 10 [1640/5134] loss=0.1680
2026-04-11 12:04:27,106 INFO Epoch 10 [1650/5134] loss=0.2601
2026-04-11 12:04:33,072 INFO Epoch 10 [1660/5134] loss=0.2862
2026-04-11 12:04:38,245 INFO Epoch 10 [1670/5134] loss=0.1293
2026-04-11 12:04:44,199 INFO Epoch 10 [1680/5134] loss=0.3583
2026-04-11 12:04:49,612 INFO Epoch 10 [1690/5134] loss=0.3148
2026-04-11 12:04:56,257 INFO Epoch 10 [1700/5134] loss=0.1317
2026-04-11 12:05:01,456 INFO Epoch 10 [1710/5134] loss=0.2773
2026-04-11 12:05:07,819 INFO Epoch 10 [1720/5134] loss=0.1705
2026-04-11 12:05:13,150 INFO Epoch 10 [1730/5134] loss=0.4649
2026-04-11 12:05:19,839 INFO Epoch 10 [1740/5134] loss=0.3160
2026-04-11 12:05:24,919 INFO Epoch 10 [1750/5134] loss=0.1637
2026-04-11 12:05:31,384 INFO Epoch 10 [1760/5134] loss=0.1375
2026-04-11 12:05:37,538 INFO Epoch 10 [1770/5134] loss=0.1231
2026-04-11 12:05:44,570 INFO Epoch 10 [1780/5134] loss=0.2242
2026-04-11 12:05:49,643 INFO Epoch 10 [1790/5134] loss=0.2909
2026-04-11 12:05:55,735 INFO Epoch 10 [1800/5134] loss=0.2789
2026-04-11 12:06:01,541 INFO Epoch 10 [1810/5134] loss=0.2132
2026-04-11 12:06:07,739 INFO Epoch 10 [1820/5134] loss=0.0688
2026-04-11 12:06:13,132 INFO Epoch 10 [1830/5134] loss=0.1083
2026-04-11 12:06:21,181 INFO Epoch 10 [1840/5134] loss=0.4133
2026-04-11 12:06:26,721 INFO Epoch 10 [1850/5134] loss=0.1135
2026-04-11 12:06:33,795 INFO Epoch 10 [1860/5134] loss=0.2024
2026-04-11 12:06:39,280 INFO Epoch 10 [1870/5134] loss=0.1445
2026-04-11 12:06:47,155 INFO Epoch 10 [1880/5134] loss=0.3424
2026-04-11 12:06:52,882 INFO Epoch 10 [1890/5134] loss=0.1571
2026-04-11 12:07:00,089 INFO Epoch 10 [1900/5134] loss=0.1407
2026-04-11 12:07:05,563 INFO Epoch 10 [1910/5134] loss=0.2647
2026-04-11 12:07:12,659 INFO Epoch 10 [1920/5134] loss=0.0671
2026-04-11 12:07:18,925 INFO Epoch 10 [1930/5134] loss=0.0536
2026-04-11 12:07:25,801 INFO Epoch 10 [1940/5134] loss=0.1126
2026-04-11 12:07:31,407 INFO Epoch 10 [1950/5134] loss=0.1605
2026-04-11 12:07:38,333 INFO Epoch 10 [1960/5134] loss=0.2029
2026-04-11 12:07:44,305 INFO Epoch 10 [1970/5134] loss=0.4229
2026-04-11 12:07:51,841 INFO Epoch 10 [1980/5134] loss=0.3664
2026-04-11 12:07:58,384 INFO Epoch 10 [1990/5134] loss=0.1018
2026-04-11 12:08:05,253 INFO Epoch 10 [2000/5134] loss=0.2000
2026-04-11 12:08:11,488 INFO Epoch 10 [2010/5134] loss=0.1875
2026-04-11 12:08:18,748 INFO Epoch 10 [2020/5134] loss=0.3105
2026-04-11 12:08:24,889 INFO Epoch 10 [2030/5134] loss=0.4927
2026-04-11 12:08:31,735 INFO Epoch 10 [2040/5134] loss=0.3239
2026-04-11 12:08:38,803 INFO Epoch 10 [2050/5134] loss=0.0715
2026-04-11 12:08:45,126 INFO Epoch 10 [2060/5134] loss=0.2104
2026-04-11 12:08:52,324 INFO Epoch 10 [2070/5134] loss=0.2518
2026-04-11 12:08:58,655 INFO Epoch 10 [2080/5134] loss=0.3504
2026-04-11 12:09:05,672 INFO Epoch 10 [2090/5134] loss=0.2195
2026-04-11 12:09:12,754 INFO Epoch 10 [2100/5134] loss=0.3033
2026-04-11 12:09:20,903 INFO Epoch 10 [2110/5134] loss=0.2489
2026-04-11 12:09:27,156 INFO Epoch 10 [2120/5134] loss=0.1186
2026-04-11 12:09:34,532 INFO Epoch 10 [2130/5134] loss=0.0742
2026-04-11 12:09:41,102 INFO Epoch 10 [2140/5134] loss=0.2528
2026-04-11 12:09:48,352 INFO Epoch 10 [2150/5134] loss=0.2242
2026-04-11 12:09:54,684 INFO Epoch 10 [2160/5134] loss=0.1782
2026-04-11 12:10:02,543 INFO Epoch 10 [2170/5134] loss=0.2938
2026-04-11 12:10:08,358 INFO Epoch 10 [2180/5134] loss=0.4763
2026-04-11 12:10:16,221 INFO Epoch 10 [2190/5134] loss=0.1007
2026-04-11 12:10:22,793 INFO Epoch 10 [2200/5134] loss=0.3667
2026-04-11 12:10:30,774 INFO Epoch 10 [2210/5134] loss=0.3529
2026-04-11 12:10:37,314 INFO Epoch 10 [2220/5134] loss=0.1344
2026-04-11 12:10:44,771 INFO Epoch 10 [2230/5134] loss=0.2313
2026-04-11 12:10:51,000 INFO Epoch 10 [2240/5134] loss=0.1698
2026-04-11 12:10:58,786 INFO Epoch 10 [2250/5134] loss=0.4329
2026-04-11 12:11:04,418 INFO Epoch 10 [2260/5134] loss=0.2273
2026-04-11 12:11:11,948 INFO Epoch 10 [2270/5134] loss=0.1492
2026-04-11 12:11:18,372 INFO Epoch 10 [2280/5134] loss=0.3447
2026-04-11 12:11:26,152 INFO Epoch 10 [2290/5134] loss=0.3120
2026-04-11 12:11:32,933 INFO Epoch 10 [2300/5134] loss=0.2637
2026-04-11 12:11:40,019 INFO Epoch 10 [2310/5134] loss=0.1471
2026-04-11 12:11:46,962 INFO Epoch 10 [2320/5134] loss=0.3843
2026-04-11 12:11:54,484 INFO Epoch 10 [2330/5134] loss=0.2219
2026-04-11 12:12:01,155 INFO Epoch 10 [2340/5134] loss=0.1842
2026-04-11 12:12:10,240 INFO Epoch 10 [2350/5134] loss=0.2729
2026-04-11 12:12:17,195 INFO Epoch 10 [2360/5134] loss=0.3686
2026-04-11 12:12:25,515 INFO Epoch 10 [2370/5134] loss=0.0481
2026-04-11 12:12:32,740 INFO Epoch 10 [2380/5134] loss=0.2965
2026-04-11 12:12:40,949 INFO Epoch 10 [2390/5134] loss=0.2527
2026-04-11 12:12:47,915 INFO Epoch 10 [2400/5134] loss=0.2358
2026-04-11 12:12:56,742 INFO Epoch 10 [2410/5134] loss=0.1134
2026-04-11 12:13:03,793 INFO Epoch 10 [2420/5134] loss=0.1582
2026-04-11 12:13:12,514 INFO Epoch 10 [2430/5134] loss=0.2971
2026-04-11 12:13:19,046 INFO Epoch 10 [2440/5134] loss=0.3293
2026-04-11 12:13:26,939 INFO Epoch 10 [2450/5134] loss=0.2393
2026-04-11 12:13:34,571 INFO Epoch 10 [2460/5134] loss=0.3598
2026-04-11 12:13:42,281 INFO Epoch 10 [2470/5134] loss=0.1271
2026-04-11 12:13:50,980 INFO Epoch 10 [2480/5134] loss=0.2688
2026-04-11 12:13:58,793 INFO Epoch 10 [2490/5134] loss=0.4055
2026-04-11 12:14:06,631 INFO Epoch 10 [2500/5134] loss=0.2817
2026-04-11 12:14:15,457 INFO Epoch 10 [2510/5134] loss=0.1211
2026-04-11 12:14:23,124 INFO Epoch 10 [2520/5134] loss=0.1877
2026-04-11 12:14:32,145 INFO Epoch 10 [2530/5134] loss=0.0996
2026-04-11 12:14:42,164 INFO Epoch 10 [2540/5134] loss=0.1157
2026-04-11 12:14:53,327 INFO Epoch 10 [2550/5134] loss=0.1367
2026-04-11 12:15:00,265 INFO Epoch 10 [2560/5134] loss=0.3876
2026-04-11 12:15:09,673 INFO Epoch 10 [2570/5134] loss=0.2439
2026-04-11 12:15:18,760 INFO Epoch 10 [2580/5134] loss=0.0735
2026-04-11 12:15:27,869 INFO Epoch 10 [2590/5134] loss=0.0540
2026-04-11 12:15:36,873 INFO Epoch 10 [2600/5134] loss=0.1411
2026-04-11 12:15:45,955 INFO Epoch 10 [2610/5134] loss=0.0883
2026-04-11 12:15:55,148 INFO Epoch 10 [2620/5134] loss=0.0947
2026-04-11 12:16:04,199 INFO Epoch 10 [2630/5134] loss=0.4117
2026-04-11 12:16:11,282 INFO Epoch 10 [2640/5134] loss=0.1043
2026-04-11 12:16:20,225 INFO Epoch 10 [2650/5134] loss=0.2391
2026-04-11 12:16:29,363 INFO Epoch 10 [2660/5134] loss=0.1526
2026-04-11 12:16:38,252 INFO Epoch 10 [2670/5134] loss=0.1905
2026-04-11 12:16:47,383 INFO Epoch 10 [2680/5134] loss=0.0704
2026-04-11 12:16:56,410 INFO Epoch 10 [2690/5134] loss=0.1254
2026-04-11 12:17:03,376 INFO Epoch 10 [2700/5134] loss=0.2468
2026-04-11 12:17:12,369 INFO Epoch 10 [2710/5134] loss=0.3600
2026-04-11 12:17:21,198 INFO Epoch 10 [2720/5134] loss=0.2706
2026-04-11 12:17:30,274 INFO Epoch 10 [2730/5134] loss=0.1347
2026-04-11 12:17:39,217 INFO Epoch 10 [2740/5134] loss=0.2636
2026-04-11 12:17:48,351 INFO Epoch 10 [2750/5134] loss=0.2450
2026-04-11 12:17:57,384 INFO Epoch 10 [2760/5134] loss=0.0431
2026-04-11 12:18:06,349 INFO Epoch 10 [2770/5134] loss=0.3377
2026-04-11 12:18:15,411 INFO Epoch 10 [2780/5134] loss=0.2479
2026-04-11 12:18:22,435 INFO Epoch 10 [2790/5134] loss=0.1013
2026-04-11 12:18:31,669 INFO Epoch 10 [2800/5134] loss=0.0976
2026-04-11 12:18:40,743 INFO Epoch 10 [2810/5134] loss=0.2582
2026-04-11 12:18:50,224 INFO Epoch 10 [2820/5134] loss=0.1856
2026-04-11 12:18:55,501 INFO Epoch 10 [2830/5134] loss=0.1591
2026-04-11 12:19:02,996 INFO Epoch 10 [2840/5134] loss=0.4991
2026-04-11 12:19:13,764 INFO Epoch 10 [2850/5134] loss=0.4775
2026-04-11 12:19:22,194 INFO Epoch 10 [2860/5134] loss=0.3343
2026-04-11 12:19:29,171 INFO Epoch 10 [2870/5134] loss=0.1767
2026-04-11 12:19:37,884 INFO Epoch 10 [2880/5134] loss=0.2036
2026-04-11 12:19:44,765 INFO Epoch 10 [2890/5134] loss=0.1516
2026-04-11 12:19:54,142 INFO Epoch 10 [2900/5134] loss=0.1220
2026-04-11 12:20:01,424 INFO Epoch 10 [2910/5134] loss=0.4931
2026-04-11 12:20:10,595 INFO Epoch 10 [2920/5134] loss=0.1241
2026-04-11 12:20:18,068 INFO Epoch 10 [2930/5134] loss=0.1156
2026-04-11 12:20:26,880 INFO Epoch 10 [2940/5134] loss=0.1943
2026-04-11 12:20:33,531 INFO Epoch 10 [2950/5134] loss=0.0907
2026-04-11 12:20:41,908 INFO Epoch 10 [2960/5134] loss=0.2595
2026-04-11 12:20:48,392 INFO Epoch 10 [2970/5134] loss=0.2243
2026-04-11 12:20:55,933 INFO Epoch 10 [2980/5134] loss=0.2958
2026-04-11 12:21:02,464 INFO Epoch 10 [2990/5134] loss=0.0929
2026-04-11 12:21:10,191 INFO Epoch 10 [3000/5134] loss=0.0697
2026-04-11 12:21:17,112 INFO Epoch 10 [3010/5134] loss=0.4110
2026-04-11 12:21:25,635 INFO Epoch 10 [3020/5134] loss=0.2021
2026-04-11 12:21:32,960 INFO Epoch 10 [3030/5134] loss=0.3414
2026-04-11 12:21:41,087 INFO Epoch 10 [3040/5134] loss=0.1571
2026-04-11 12:21:48,264 INFO Epoch 10 [3050/5134] loss=0.1076
2026-04-11 12:21:55,352 INFO Epoch 10 [3060/5134] loss=0.3733
2026-04-11 12:22:01,392 INFO Epoch 10 [3070/5134] loss=0.4266
2026-04-11 12:22:09,953 INFO Epoch 10 [3080/5134] loss=0.0785
2026-04-11 12:22:16,988 INFO Epoch 10 [3090/5134] loss=0.0420
2026-04-11 12:22:26,932 INFO Epoch 10 [3100/5134] loss=0.0653
2026-04-11 12:22:34,095 INFO Epoch 10 [3110/5134] loss=0.0823
2026-04-11 12:22:42,285 INFO Epoch 10 [3120/5134] loss=0.3767
2026-04-11 12:22:50,237 INFO Epoch 10 [3130/5134] loss=0.1200
2026-04-11 12:22:59,802 INFO Epoch 10 [3140/5134] loss=0.2367
2026-04-11 12:23:06,427 INFO Epoch 10 [3150/5134] loss=0.3869
2026-04-11 12:23:15,595 INFO Epoch 10 [3160/5134] loss=0.2450
2026-04-11 12:23:23,341 INFO Epoch 10 [3170/5134] loss=0.2059
2026-04-11 12:23:31,908 INFO Epoch 10 [3180/5134] loss=0.4511
2026-04-11 12:23:39,634 INFO Epoch 10 [3190/5134] loss=0.0993
2026-04-11 12:23:49,282 INFO Epoch 10 [3200/5134] loss=0.0495
2026-04-11 12:23:56,584 INFO Epoch 10 [3210/5134] loss=0.1554
2026-04-11 12:24:05,367 INFO Epoch 10 [3220/5134] loss=0.2322
2026-04-11 12:24:12,684 INFO Epoch 10 [3230/5134] loss=0.1506
2026-04-11 12:24:21,723 INFO Epoch 10 [3240/5134] loss=0.0746
2026-04-11 12:24:29,778 INFO Epoch 10 [3250/5134] loss=0.1938
2026-04-11 12:24:37,168 INFO Epoch 10 [3260/5134] loss=0.0654
2026-04-11 12:24:46,334 INFO Epoch 10 [3270/5134] loss=0.1321
2026-04-11 12:24:52,941 INFO Epoch 10 [3280/5134] loss=0.2653
2026-04-11 12:25:02,052 INFO Epoch 10 [3290/5134] loss=0.3645
2026-04-11 12:25:08,714 INFO Epoch 10 [3300/5134] loss=0.2503
2026-04-11 12:25:16,284 INFO Epoch 10 [3310/5134] loss=0.1337
2026-04-11 12:25:23,463 INFO Epoch 10 [3320/5134] loss=0.2130
2026-04-11 12:25:31,744 INFO Epoch 10 [3330/5134] loss=0.1047
2026-04-11 12:25:38,742 INFO Epoch 10 [3340/5134] loss=0.0918
2026-04-11 12:25:46,894 INFO Epoch 10 [3350/5134] loss=0.0896
2026-04-11 12:25:53,206 INFO Epoch 10 [3360/5134] loss=0.0806
2026-04-11 12:26:02,018 INFO Epoch 10 [3370/5134] loss=0.2774
2026-04-11 12:26:08,605 INFO Epoch 10 [3380/5134] loss=0.3457
2026-04-11 12:26:17,186 INFO Epoch 10 [3390/5134] loss=0.2614
2026-04-11 12:26:24,452 INFO Epoch 10 [3400/5134] loss=0.0986
2026-04-11 12:26:33,660 INFO Epoch 10 [3410/5134] loss=0.3188
2026-04-11 12:26:40,281 INFO Epoch 10 [3420/5134] loss=0.1070
2026-04-11 12:26:48,783 INFO Epoch 10 [3430/5134] loss=0.1193
2026-04-11 12:26:55,832 INFO Epoch 10 [3440/5134] loss=0.1478
2026-04-11 12:27:04,008 INFO Epoch 10 [3450/5134] loss=0.1636
2026-04-11 12:27:10,981 INFO Epoch 10 [3460/5134] loss=0.3187
2026-04-11 12:27:19,143 INFO Epoch 10 [3470/5134] loss=0.1145
2026-04-11 12:27:25,872 INFO Epoch 10 [3480/5134] loss=0.3515
2026-04-11 12:27:33,924 INFO Epoch 10 [3490/5134] loss=0.1905
2026-04-11 12:27:41,526 INFO Epoch 10 [3500/5134] loss=0.2202
2026-04-11 12:27:49,831 INFO Epoch 10 [3510/5134] loss=0.3141
2026-04-11 12:27:56,769 INFO Epoch 10 [3520/5134] loss=0.4629
2026-04-11 12:28:05,019 INFO Epoch 10 [3530/5134] loss=0.1003
2026-04-11 12:28:11,996 INFO Epoch 10 [3540/5134] loss=0.3681
2026-04-11 12:28:19,827 INFO Epoch 10 [3550/5134] loss=0.4426
2026-04-11 12:28:27,101 INFO Epoch 10 [3560/5134] loss=0.0550
2026-04-11 12:28:35,710 INFO Epoch 10 [3570/5134] loss=0.1434
2026-04-11 12:28:42,614 INFO Epoch 10 [3580/5134] loss=0.2165
2026-04-11 12:28:50,911 INFO Epoch 10 [3590/5134] loss=0.0684
2026-04-11 12:28:58,148 INFO Epoch 10 [3600/5134] loss=0.1185
2026-04-11 12:29:06,798 INFO Epoch 10 [3610/5134] loss=0.2368
2026-04-11 12:29:13,958 INFO Epoch 10 [3620/5134] loss=0.2099
2026-04-11 12:29:22,161 INFO Epoch 10 [3630/5134] loss=0.1258
2026-04-11 12:29:28,927 INFO Epoch 10 [3640/5134] loss=0.1321
2026-04-11 12:29:37,423 INFO Epoch 10 [3650/5134] loss=0.1402
2026-04-11 12:29:44,261 INFO Epoch 10 [3660/5134] loss=0.4490
2026-04-11 12:29:52,284 INFO Epoch 10 [3670/5134] loss=0.2903
2026-04-11 12:30:00,811 INFO Epoch 10 [3680/5134] loss=0.2173
2026-04-11 12:30:07,684 INFO Epoch 10 [3690/5134] loss=0.4270
2026-04-11 12:30:17,232 INFO Epoch 10 [3700/5134] loss=0.1180
2026-04-11 12:30:23,955 INFO Epoch 10 [3710/5134] loss=0.1147
2026-04-11 12:30:31,340 INFO Epoch 10 [3720/5134] loss=0.1689
2026-04-11 12:30:39,057 INFO Epoch 10 [3730/5134] loss=0.4451
2026-04-11 12:30:46,399 INFO Epoch 10 [3740/5134] loss=0.2133
2026-04-11 12:30:53,886 INFO Epoch 10 [3750/5134] loss=0.3165
2026-04-11 12:31:02,362 INFO Epoch 10 [3760/5134] loss=0.1476
2026-04-11 12:31:09,422 INFO Epoch 10 [3770/5134] loss=0.1975
2026-04-11 12:31:17,718 INFO Epoch 10 [3780/5134] loss=0.2462
2026-04-11 12:31:24,276 INFO Epoch 10 [3790/5134] loss=0.4724
2026-04-11 12:31:32,780 INFO Epoch 10 [3800/5134] loss=0.0432
2026-04-11 12:31:40,528 INFO Epoch 10 [3810/5134] loss=0.3064
2026-04-11 12:31:48,055 INFO Epoch 10 [3820/5134] loss=0.2136
2026-04-11 12:31:55,924 INFO Epoch 10 [3830/5134] loss=0.2467
2026-04-11 12:32:04,179 INFO Epoch 10 [3840/5134] loss=0.3160
2026-04-11 12:32:11,854 INFO Epoch 10 [3850/5134] loss=0.2621
2026-04-11 12:32:18,932 INFO Epoch 10 [3860/5134] loss=0.2248
2026-04-11 12:32:27,308 INFO Epoch 10 [3870/5134] loss=0.3764
2026-04-11 12:32:34,832 INFO Epoch 10 [3880/5134] loss=0.2062
2026-04-11 12:32:42,700 INFO Epoch 10 [3890/5134] loss=0.3143
2026-04-11 12:32:50,013 INFO Epoch 10 [3900/5134] loss=0.2720
2026-04-11 12:32:57,780 INFO Epoch 10 [3910/5134] loss=0.1691
2026-04-11 12:33:05,132 INFO Epoch 10 [3920/5134] loss=0.3818
2026-04-11 12:33:13,213 INFO Epoch 10 [3930/5134] loss=0.0857
2026-04-11 12:33:21,461 INFO Epoch 10 [3940/5134] loss=0.1817
2026-04-11 12:33:28,393 INFO Epoch 10 [3950/5134] loss=0.1885
2026-04-11 12:33:36,174 INFO Epoch 10 [3960/5134] loss=0.2701
2026-04-11 12:33:44,340 INFO Epoch 10 [3970/5134] loss=0.0615
2026-04-11 12:33:51,606 INFO Epoch 10 [3980/5134] loss=0.0804
2026-04-11 12:34:00,707 INFO Epoch 10 [3990/5134] loss=0.2708
2026-04-11 12:34:07,473 INFO Epoch 10 [4000/5134] loss=0.2139
2026-04-11 12:34:15,720 INFO Epoch 10 [4010/5134] loss=0.3395
2026-04-11 12:34:23,080 INFO Epoch 10 [4020/5134] loss=0.1884
2026-04-11 12:34:31,011 INFO Epoch 10 [4030/5134] loss=0.1767
2026-04-11 12:34:38,363 INFO Epoch 10 [4040/5134] loss=0.0962
2026-04-11 12:34:47,786 INFO Epoch 10 [4050/5134] loss=0.2384
2026-04-11 12:34:54,533 INFO Epoch 10 [4060/5134] loss=0.1794
2026-04-11 12:35:02,327 INFO Epoch 10 [4070/5134] loss=0.1372
2026-04-11 12:35:09,402 INFO Epoch 10 [4080/5134] loss=0.1535
2026-04-11 12:35:18,300 INFO Epoch 10 [4090/5134] loss=0.0354
2026-04-11 12:35:25,419 INFO Epoch 10 [4100/5134] loss=0.2241
2026-04-11 12:35:33,525 INFO Epoch 10 [4110/5134] loss=0.1875
2026-04-11 12:35:40,032 INFO Epoch 10 [4120/5134] loss=0.2334
2026-04-11 12:35:48,034 INFO Epoch 10 [4130/5134] loss=0.0268
2026-04-11 12:35:55,035 INFO Epoch 10 [4140/5134] loss=0.2081
2026-04-11 12:36:04,126 INFO Epoch 10 [4150/5134] loss=0.1610
2026-04-11 12:36:10,707 INFO Epoch 10 [4160/5134] loss=0.3806
2026-04-11 12:36:19,193 INFO Epoch 10 [4170/5134] loss=0.0814
2026-04-11 12:36:26,118 INFO Epoch 10 [4180/5134] loss=0.3056
2026-04-11 12:36:36,447 INFO Epoch 10 [4190/5134] loss=0.3570
2026-04-11 12:36:45,320 INFO Epoch 10 [4200/5134] loss=0.1478
2026-04-11 12:36:57,240 INFO Epoch 10 [4210/5134] loss=0.1610
2026-04-11 12:37:06,002 INFO Epoch 10 [4220/5134] loss=0.1001
2026-04-11 12:37:16,609 INFO Epoch 10 [4230/5134] loss=0.0905
2026-04-11 12:37:25,629 INFO Epoch 10 [4240/5134] loss=0.4221
2026-04-11 12:37:36,741 INFO Epoch 10 [4250/5134] loss=0.2707
2026-04-11 12:37:45,392 INFO Epoch 10 [4260/5134] loss=0.2348
2026-04-11 12:37:56,072 INFO Epoch 10 [4270/5134] loss=0.0527
2026-04-11 12:38:04,761 INFO Epoch 10 [4280/5134] loss=0.2446
2026-04-11 12:38:16,453 INFO Epoch 10 [4290/5134] loss=0.0573
2026-04-11 12:38:25,773 INFO Epoch 10 [4300/5134] loss=0.0992
2026-04-11 12:38:37,555 INFO Epoch 10 [4310/5134] loss=0.2682
2026-04-11 12:38:46,486 INFO Epoch 10 [4320/5134] loss=0.3514
2026-04-11 12:38:57,252 INFO Epoch 10 [4330/5134] loss=0.0723
2026-04-11 12:39:05,744 INFO Epoch 10 [4340/5134] loss=0.3625
2026-04-11 12:39:17,699 INFO Epoch 10 [4350/5134] loss=0.3117
2026-04-11 12:39:26,428 INFO Epoch 10 [4360/5134] loss=0.2829
2026-04-11 12:39:38,957 INFO Epoch 10 [4370/5134] loss=0.1404
2026-04-11 12:39:48,075 INFO Epoch 10 [4380/5134] loss=0.2458
2026-04-11 12:40:00,103 INFO Epoch 10 [4390/5134] loss=0.0871
2026-04-11 12:40:09,730 INFO Epoch 10 [4400/5134] loss=0.1749
2026-04-11 12:40:21,313 INFO Epoch 10 [4410/5134] loss=0.1693
2026-04-11 12:40:30,495 INFO Epoch 10 [4420/5134] loss=0.2004
2026-04-11 12:40:41,591 INFO Epoch 10 [4430/5134] loss=0.3314
2026-04-11 12:40:50,490 INFO Epoch 10 [4440/5134] loss=0.0828
2026-04-11 12:41:00,794 INFO Epoch 10 [4450/5134] loss=0.3199
2026-04-11 12:41:11,123 INFO Epoch 10 [4460/5134] loss=0.2735
2026-04-11 12:41:21,265 INFO Epoch 10 [4470/5134] loss=0.4673
2026-04-11 12:41:31,468 INFO Epoch 10 [4480/5134] loss=0.1790
2026-04-11 12:41:42,231 INFO Epoch 10 [4490/5134] loss=0.1257
2026-04-11 12:41:53,250 INFO Epoch 10 [4500/5134] loss=0.2249
2026-04-11 12:42:03,402 INFO Epoch 10 [4510/5134] loss=0.2900
2026-04-11 12:42:12,644 INFO Epoch 10 [4520/5134] loss=0.1154
2026-04-11 12:42:21,659 INFO Epoch 10 [4530/5134] loss=0.0590
2026-04-11 12:42:32,324 INFO Epoch 10 [4540/5134] loss=0.3006
2026-04-11 12:42:43,621 INFO Epoch 10 [4550/5134] loss=0.2390
2026-04-11 12:42:57,476 INFO Epoch 10 [4560/5134] loss=0.0856
2026-04-11 12:43:07,271 INFO Epoch 10 [4570/5134] loss=0.1136
2026-04-11 12:43:16,782 INFO Epoch 10 [4580/5134] loss=0.2707
2026-04-11 12:43:23,734 INFO Epoch 10 [4590/5134] loss=0.2900
2026-04-11 12:43:31,151 INFO Epoch 10 [4600/5134] loss=0.0379
2026-04-11 12:43:38,818 INFO Epoch 10 [4610/5134] loss=0.0603
2026-04-11 12:43:47,182 INFO Epoch 10 [4620/5134] loss=0.2836
2026-04-11 12:43:55,400 INFO Epoch 10 [4630/5134] loss=0.2180
2026-04-11 12:44:04,570 INFO Epoch 10 [4640/5134] loss=0.2303
2026-04-11 12:44:15,223 INFO Epoch 10 [4650/5134] loss=0.0473
2026-04-11 12:44:23,923 INFO Epoch 10 [4660/5134] loss=0.1809
2026-04-11 12:44:31,996 INFO Epoch 10 [4670/5134] loss=0.0972
2026-04-11 12:44:41,256 INFO Epoch 10 [4680/5134] loss=0.1322
2026-04-11 12:44:49,644 INFO Epoch 10 [4690/5134] loss=0.0674
2026-04-11 12:44:58,801 INFO Epoch 10 [4700/5134] loss=0.1134
2026-04-11 12:45:06,011 INFO Epoch 10 [4710/5134] loss=0.1367
2026-04-11 12:45:15,498 INFO Epoch 10 [4720/5134] loss=0.2335
2026-04-11 12:45:23,227 INFO Epoch 10 [4730/5134] loss=0.3143
2026-04-11 12:45:33,080 INFO Epoch 10 [4740/5134] loss=0.1223
2026-04-11 12:45:40,813 INFO Epoch 10 [4750/5134] loss=0.1901
2026-04-11 12:45:50,329 INFO Epoch 10 [4760/5134] loss=0.4146
2026-04-11 12:45:57,814 INFO Epoch 10 [4770/5134] loss=0.0951
2026-04-11 12:46:08,779 INFO Epoch 10 [4780/5134] loss=0.1567
2026-04-11 12:46:15,951 INFO Epoch 10 [4790/5134] loss=0.0957
2026-04-11 12:46:24,128 INFO Epoch 10 [4800/5134] loss=0.2718
2026-04-11 12:46:32,873 INFO Epoch 10 [4810/5134] loss=0.2249
2026-04-11 12:46:42,403 INFO Epoch 10 [4820/5134] loss=0.1416
2026-04-11 12:46:50,837 INFO Epoch 10 [4830/5134] loss=0.0989
2026-04-11 12:46:59,793 INFO Epoch 10 [4840/5134] loss=0.1206
2026-04-11 12:47:07,451 INFO Epoch 10 [4850/5134] loss=0.2477
2026-04-11 12:47:16,580 INFO Epoch 10 [4860/5134] loss=0.4815
2026-04-11 12:47:25,166 INFO Epoch 10 [4870/5134] loss=0.2372
2026-04-11 12:47:33,458 INFO Epoch 10 [4880/5134] loss=0.1475
2026-04-11 12:47:41,660 INFO Epoch 10 [4890/5134] loss=0.1902
2026-04-11 12:47:50,059 INFO Epoch 10 [4900/5134] loss=0.3837
2026-04-11 12:47:59,945 INFO Epoch 10 [4910/5134] loss=0.1533
2026-04-11 12:48:08,319 INFO Epoch 10 [4920/5134] loss=0.2730
2026-04-11 12:48:16,174 INFO Epoch 10 [4930/5134] loss=0.2934
2026-04-11 12:48:24,640 INFO Epoch 10 [4940/5134] loss=0.1832
2026-04-11 12:48:33,019 INFO Epoch 10 [4950/5134] loss=0.2419
2026-04-11 12:48:41,170 INFO Epoch 10 [4960/5134] loss=0.1347
2026-04-11 12:48:49,303 INFO Epoch 10 [4970/5134] loss=0.4278
2026-04-11 12:48:57,552 INFO Epoch 10 [4980/5134] loss=0.1942
2026-04-11 12:49:05,675 INFO Epoch 10 [4990/5134] loss=0.3179
2026-04-11 12:49:15,658 INFO Epoch 10 [5000/5134] loss=0.2313
2026-04-11 12:49:23,710 INFO Epoch 10 [5010/5134] loss=0.2785
2026-04-11 12:49:32,080 INFO Epoch 10 [5020/5134] loss=0.3020
2026-04-11 12:49:40,149 INFO Epoch 10 [5030/5134] loss=0.3334
2026-04-11 12:49:48,498 INFO Epoch 10 [5040/5134] loss=0.0774
2026-04-11 12:49:56,855 INFO Epoch 10 [5050/5134] loss=0.1301
2026-04-11 12:50:05,005 INFO Epoch 10 [5060/5134] loss=0.3682
2026-04-11 12:50:13,333 INFO Epoch 10 [5070/5134] loss=0.1538
2026-04-11 12:50:21,691 INFO Epoch 10 [5080/5134] loss=0.3269
2026-04-11 12:50:29,945 INFO Epoch 10 [5090/5134] loss=0.2459
2026-04-11 12:50:39,649 INFO Epoch 10 [5100/5134] loss=0.2580
2026-04-11 12:50:46,978 INFO Epoch 10 [5110/5134] loss=0.2247
2026-04-11 12:50:56,344 INFO Epoch 10 [5120/5134] loss=0.1212
2026-04-11 12:51:04,109 INFO Epoch 10 [5130/5134] loss=0.0700
2026-04-11 13:34:23,301 INFO Epoch 10/15 (6476s) lr=0.000025 | train_loss=0.2071 train_iou=0.3038 | val_loss=0.4400 val_iou=0.2664 val_dice=0.2791 val_f1=0.1350
2026-04-11 14:01:11,361 INFO Epoch 11 [0/5134] loss=0.4009
2026-04-11 14:01:19,574 INFO Epoch 11 [10/5134] loss=0.4430
2026-04-11 14:01:27,580 INFO Epoch 11 [20/5134] loss=0.1135
2026-04-11 14:01:34,089 INFO Epoch 11 [30/5134] loss=0.3787
2026-04-11 14:01:42,445 INFO Epoch 11 [40/5134] loss=0.1092
2026-04-11 14:01:50,460 INFO Epoch 11 [50/5134] loss=0.3351
2026-04-11 14:02:00,705 INFO Epoch 11 [60/5134] loss=0.0216
2026-04-11 14:02:08,881 INFO Epoch 11 [70/5134] loss=0.0188
2026-04-11 14:02:17,139 INFO Epoch 11 [80/5134] loss=0.0241
2026-04-11 14:02:23,655 INFO Epoch 11 [90/5134] loss=0.2474
2026-04-11 14:02:32,337 INFO Epoch 11 [100/5134] loss=0.0424
2026-04-11 14:02:40,242 INFO Epoch 11 [110/5134] loss=0.0354
2026-04-11 14:02:48,707 INFO Epoch 11 [120/5134] loss=0.1765
2026-04-11 14:02:55,234 INFO Epoch 11 [130/5134] loss=0.1522
2026-04-11 14:03:03,971 INFO Epoch 11 [140/5134] loss=0.0844
2026-04-11 14:03:12,445 INFO Epoch 11 [150/5134] loss=0.1750
2026-04-11 14:03:22,192 INFO Epoch 11 [160/5134] loss=0.1713
2026-04-11 14:03:28,960 INFO Epoch 11 [170/5134] loss=0.0597
2026-04-11 14:03:36,768 INFO Epoch 11 [180/5134] loss=0.1630
2026-04-11 14:03:45,094 INFO Epoch 11 [190/5134] loss=0.4233
2026-04-11 14:03:52,014 INFO Epoch 11 [200/5134] loss=0.0632
2026-04-11 14:03:59,800 INFO Epoch 11 [210/5134] loss=0.0779
2026-04-11 14:04:08,136 INFO Epoch 11 [220/5134] loss=0.1375
2026-04-11 14:04:16,191 INFO Epoch 11 [230/5134] loss=0.0712
2026-04-11 14:04:24,476 INFO Epoch 11 [240/5134] loss=0.0486
2026-04-11 14:04:31,196 INFO Epoch 11 [250/5134] loss=0.1298
2026-04-11 14:04:39,531 INFO Epoch 11 [260/5134] loss=0.1291
2026-04-11 14:04:48,374 INFO Epoch 11 [270/5134] loss=0.1638
2026-04-11 14:04:58,515 INFO Epoch 11 [280/5134] loss=0.0537
2026-04-11 14:05:07,081 INFO Epoch 11 [290/5134] loss=0.0968
2026-04-11 14:05:15,910 INFO Epoch 11 [300/5134] loss=0.1376
2026-04-11 14:05:24,119 INFO Epoch 11 [310/5134] loss=0.0341
2026-04-11 14:05:33,544 INFO Epoch 11 [320/5134] loss=0.0896
2026-04-11 14:05:42,162 INFO Epoch 11 [330/5134] loss=0.1384
2026-04-11 14:05:50,930 INFO Epoch 11 [340/5134] loss=0.0568
2026-04-11 14:05:59,398 INFO Epoch 11 [350/5134] loss=0.1124
2026-04-11 14:06:09,428 INFO Epoch 11 [360/5134] loss=0.3128
2026-04-11 14:06:18,217 INFO Epoch 11 [370/5134] loss=0.1995
2026-04-11 14:06:27,581 INFO Epoch 11 [380/5134] loss=0.1194
2026-04-11 14:06:35,913 INFO Epoch 11 [390/5134] loss=0.0649
2026-04-11 14:06:44,775 INFO Epoch 11 [400/5134] loss=0.1169
2026-04-11 14:06:55,316 INFO Epoch 11 [410/5134] loss=0.3947
2026-04-11 14:07:04,057 INFO Epoch 11 [420/5134] loss=0.0542
2026-04-11 14:07:12,722 INFO Epoch 11 [430/5134] loss=0.0438
2026-04-11 14:07:21,504 INFO Epoch 11 [440/5134] loss=0.1715
2026-04-11 14:07:29,885 INFO Epoch 11 [450/5134] loss=0.0911
2026-04-11 14:07:38,573 INFO Epoch 11 [460/5134] loss=0.0525
2026-04-11 14:07:48,933 INFO Epoch 11 [470/5134] loss=0.0325
2026-04-11 14:07:55,757 INFO Epoch 11 [480/5134] loss=0.2952
2026-04-11 14:08:04,131 INFO Epoch 11 [490/5134] loss=0.1052
2026-04-11 14:08:12,507 INFO Epoch 11 [500/5134] loss=0.1024
2026-04-11 14:08:21,145 INFO Epoch 11 [510/5134] loss=0.0631
2026-04-11 14:08:30,253 INFO Epoch 11 [520/5134] loss=0.0180
2026-04-11 14:08:36,770 INFO Epoch 11 [530/5134] loss=0.0951
2026-04-11 14:08:45,466 INFO Epoch 11 [540/5134] loss=0.1879
2026-04-11 14:08:53,840 INFO Epoch 11 [550/5134] loss=0.0522
2026-04-11 14:09:02,521 INFO Epoch 11 [560/5134] loss=0.2061
2026-04-11 14:09:10,826 INFO Epoch 11 [570/5134] loss=0.1326
2026-04-11 14:09:19,624 INFO Epoch 11 [580/5134] loss=0.0804
2026-04-11 14:09:26,654 INFO Epoch 11 [590/5134] loss=0.0936
2026-04-11 14:09:36,589 INFO Epoch 11 [600/5134] loss=0.0654
2026-04-11 14:09:43,641 INFO Epoch 11 [610/5134] loss=0.0805
2026-04-11 14:09:51,851 INFO Epoch 11 [620/5134] loss=0.0438
2026-04-11 14:10:00,152 INFO Epoch 11 [630/5134] loss=0.1952
2026-04-11 14:10:08,512 INFO Epoch 11 [640/5134] loss=0.1541
2026-04-11 14:10:17,263 INFO Epoch 11 [650/5134] loss=0.0598
2026-04-11 14:10:23,873 INFO Epoch 11 [660/5134] loss=0.0723
2026-04-11 14:10:32,493 INFO Epoch 11 [670/5134] loss=0.3352
2026-04-11 14:10:40,871 INFO Epoch 11 [680/5134] loss=0.1155
2026-04-11 14:10:49,397 INFO Epoch 11 [690/5134] loss=0.3849
2026-04-11 14:10:57,823 INFO Epoch 11 [700/5134] loss=0.2432
2026-04-11 14:11:06,387 INFO Epoch 11 [710/5134] loss=0.1023
2026-04-11 14:11:14,873 INFO Epoch 11 [720/5134] loss=0.1360
2026-04-11 14:11:23,297 INFO Epoch 11 [730/5134] loss=0.0627
2026-04-11 14:11:31,934 INFO Epoch 11 [740/5134] loss=0.1184
2026-04-11 14:11:40,546 INFO Epoch 11 [750/5134] loss=0.2487
2026-04-11 14:11:48,999 INFO Epoch 11 [760/5134] loss=0.0904
2026-04-11 14:11:55,790 INFO Epoch 11 [770/5134] loss=0.1500
2026-04-11 14:12:04,031 INFO Epoch 11 [780/5134] loss=0.4678
2026-04-11 14:12:12,635 INFO Epoch 11 [790/5134] loss=0.2148
2026-04-11 14:12:21,201 INFO Epoch 11 [800/5134] loss=0.2919
2026-04-11 14:12:29,608 INFO Epoch 11 [810/5134] loss=0.3361
2026-04-11 14:12:37,897 INFO Epoch 11 [820/5134] loss=0.2414
2026-04-11 14:12:46,963 INFO Epoch 11 [830/5134] loss=0.1920
2026-04-11 14:12:55,395 INFO Epoch 11 [840/5134] loss=0.1955
2026-04-11 14:13:02,097 INFO Epoch 11 [850/5134] loss=0.3324
2026-04-11 14:13:10,563 INFO Epoch 11 [860/5134] loss=0.4394
2026-04-11 14:13:19,246 INFO Epoch 11 [870/5134] loss=0.2110
2026-04-11 14:13:29,550 INFO Epoch 11 [880/5134] loss=0.1393
2026-04-11 14:13:36,551 INFO Epoch 11 [890/5134] loss=0.1040
2026-04-11 14:13:44,683 INFO Epoch 11 [900/5134] loss=0.1479
2026-04-11 14:13:53,523 INFO Epoch 11 [910/5134] loss=0.0906
2026-04-11 14:14:01,726 INFO Epoch 11 [920/5134] loss=0.2103
2026-04-11 14:14:10,211 INFO Epoch 11 [930/5134] loss=0.0864
2026-04-11 14:14:17,056 INFO Epoch 11 [940/5134] loss=0.1574
2026-04-11 14:14:25,573 INFO Epoch 11 [950/5134] loss=0.2785
2026-04-11 14:14:33,787 INFO Epoch 11 [960/5134] loss=0.0557
2026-04-11 14:14:40,714 INFO Epoch 11 [970/5134] loss=0.1475
2026-04-11 14:14:49,069 INFO Epoch 11 [980/5134] loss=0.1696
2026-04-11 14:14:57,773 INFO Epoch 11 [990/5134] loss=0.3143
2026-04-11 14:15:06,137 INFO Epoch 11 [1000/5134] loss=0.3108
2026-04-11 14:15:14,613 INFO Epoch 11 [1010/5134] loss=0.1966
2026-04-11 14:15:23,173 INFO Epoch 11 [1020/5134] loss=0.1426
2026-04-11 14:15:32,303 INFO Epoch 11 [1030/5134] loss=0.0912
2026-04-11 14:15:40,734 INFO Epoch 11 [1040/5134] loss=0.2394
2026-04-11 14:15:49,073 INFO Epoch 11 [1050/5134] loss=0.2606
2026-04-11 14:15:55,761 INFO Epoch 11 [1060/5134] loss=0.1796
2026-04-11 14:16:04,304 INFO Epoch 11 [1070/5134] loss=0.2101
2026-04-11 14:16:12,799 INFO Epoch 11 [1080/5134] loss=0.4988
2026-04-11 14:16:21,279 INFO Epoch 11 [1090/5134] loss=0.1719
2026-04-11 14:16:29,982 INFO Epoch 11 [1100/5134] loss=0.1870
2026-04-11 14:16:38,659 INFO Epoch 11 [1110/5134] loss=0.1575
2026-04-11 14:16:47,073 INFO Epoch 11 [1120/5134] loss=0.4167
2026-04-11 14:16:55,875 INFO Epoch 11 [1130/5134] loss=0.0919
2026-04-11 14:17:04,353 INFO Epoch 11 [1140/5134] loss=0.1486
2026-04-11 14:17:12,712 INFO Epoch 11 [1150/5134] loss=0.2085
2026-04-11 14:17:21,569 INFO Epoch 11 [1160/5134] loss=0.3238
2026-04-11 14:17:30,467 INFO Epoch 11 [1170/5134] loss=0.2859
2026-04-11 14:17:38,674 INFO Epoch 11 [1180/5134] loss=0.1582
2026-04-11 14:17:47,110 INFO Epoch 11 [1190/5134] loss=0.0910
2026-04-11 14:17:55,658 INFO Epoch 11 [1200/5134] loss=0.2620
2026-04-11 14:18:02,552 INFO Epoch 11 [1210/5134] loss=0.2001
2026-04-11 14:18:11,060 INFO Epoch 11 [1220/5134] loss=0.1795
2026-04-11 14:18:19,436 INFO Epoch 11 [1230/5134] loss=0.4050
2026-04-11 14:18:28,088 INFO Epoch 11 [1240/5134] loss=0.1580
2026-04-11 14:18:36,429 INFO Epoch 11 [1250/5134] loss=0.2768
2026-04-11 14:18:45,086 INFO Epoch 11 [1260/5134] loss=0.0913
2026-04-11 14:18:53,503 INFO Epoch 11 [1270/5134] loss=0.0280
2026-04-11 14:19:00,194 INFO Epoch 11 [1280/5134] loss=0.3235
2026-04-11 14:19:08,541 INFO Epoch 11 [1290/5134] loss=0.2707
2026-04-11 14:19:17,381 INFO Epoch 11 [1300/5134] loss=0.2516
2026-04-11 14:19:27,245 INFO Epoch 11 [1310/5134] loss=0.1573
2026-04-11 14:19:35,964 INFO Epoch 11 [1320/5134] loss=0.0351
2026-04-11 14:19:43,096 INFO Epoch 11 [1330/5134] loss=0.2934
2026-04-11 14:19:51,132 INFO Epoch 11 [1340/5134] loss=0.1962
2026-04-11 14:19:59,641 INFO Epoch 11 [1350/5134] loss=0.0697
2026-04-11 14:20:08,318 INFO Epoch 11 [1360/5134] loss=0.1522
2026-04-11 14:20:16,634 INFO Epoch 11 [1370/5134] loss=0.3240
2026-04-11 14:20:25,632 INFO Epoch 11 [1380/5134] loss=0.1075
2026-04-11 14:20:34,276 INFO Epoch 11 [1390/5134] loss=0.2492
2026-04-11 14:20:41,337 INFO Epoch 11 [1400/5134] loss=0.3371
2026-04-11 14:20:49,395 INFO Epoch 11 [1410/5134] loss=0.2896
2026-04-11 14:20:57,660 INFO Epoch 11 [1420/5134] loss=0.3906
2026-04-11 14:21:06,232 INFO Epoch 11 [1430/5134] loss=0.3528
2026-04-11 14:21:13,145 INFO Epoch 11 [1440/5134] loss=0.3402
2026-04-11 14:21:23,228 INFO Epoch 11 [1450/5134] loss=0.0932
2026-04-11 14:21:30,170 INFO Epoch 11 [1460/5134] loss=0.4139
2026-04-11 14:21:38,834 INFO Epoch 11 [1470/5134] loss=0.1645
2026-04-11 14:21:47,245 INFO Epoch 11 [1480/5134] loss=0.2826
2026-04-11 14:21:55,683 INFO Epoch 11 [1490/5134] loss=0.2300
2026-04-11 14:22:04,303 INFO Epoch 11 [1500/5134] loss=0.1776
2026-04-11 14:22:11,261 INFO Epoch 11 [1510/5134] loss=0.3755
2026-04-11 14:22:19,232 INFO Epoch 11 [1520/5134] loss=0.4771
2026-04-11 14:22:27,663 INFO Epoch 11 [1530/5134] loss=0.2372
2026-04-11 14:22:36,244 INFO Epoch 11 [1540/5134] loss=0.1301
2026-04-11 14:22:44,943 INFO Epoch 11 [1550/5134] loss=0.0631
2026-04-11 14:22:53,155 INFO Epoch 11 [1560/5134] loss=0.2694
2026-04-11 14:23:02,057 INFO Epoch 11 [1570/5134] loss=0.3250
2026-04-11 14:23:10,407 INFO Epoch 11 [1580/5134] loss=0.0951
2026-04-11 14:23:17,016 INFO Epoch 11 [1590/5134] loss=0.3795
2026-04-11 14:23:27,317 INFO Epoch 11 [1600/5134] loss=0.2429
2026-04-11 14:23:34,300 INFO Epoch 11 [1610/5134] loss=0.2273
2026-04-11 14:23:42,586 INFO Epoch 11 [1620/5134] loss=0.4451
2026-04-11 14:23:51,016 INFO Epoch 11 [1630/5134] loss=0.2879
2026-04-11 14:23:59,473 INFO Epoch 11 [1640/5134] loss=0.4263
2026-04-11 14:24:07,842 INFO Epoch 11 [1650/5134] loss=0.3547
2026-04-11 14:24:15,112 INFO Epoch 11 [1660/5134] loss=0.2555
2026-04-11 14:24:23,375 INFO Epoch 11 [1670/5134] loss=0.3557
2026-04-11 14:24:32,167 INFO Epoch 11 [1680/5134] loss=0.3698
2026-04-11 14:24:42,267 INFO Epoch 11 [1690/5134] loss=0.0379
2026-04-11 14:24:49,108 INFO Epoch 11 [1700/5134] loss=0.2808
2026-04-11 14:24:57,332 INFO Epoch 11 [1710/5134] loss=0.1347
2026-04-11 14:25:05,939 INFO Epoch 11 [1720/5134] loss=0.0868
2026-04-11 14:25:14,687 INFO Epoch 11 [1730/5134] loss=0.1676
2026-04-11 14:25:23,059 INFO Epoch 11 [1740/5134] loss=0.2244
2026-04-11 14:25:31,429 INFO Epoch 11 [1750/5134] loss=0.0963
2026-04-11 14:25:39,851 INFO Epoch 11 [1760/5134] loss=0.2623
2026-04-11 14:25:48,349 INFO Epoch 11 [1770/5134] loss=0.2123
2026-04-11 14:25:56,769 INFO Epoch 11 [1780/5134] loss=0.1734
2026-04-11 14:26:05,381 INFO Epoch 11 [1790/5134] loss=0.2109
2026-04-11 14:26:12,426 INFO Epoch 11 [1800/5134] loss=0.4719
2026-04-11 14:26:22,336 INFO Epoch 11 [1810/5134] loss=0.2131
2026-04-11 14:26:29,486 INFO Epoch 11 [1820/5134] loss=0.3003
2026-04-11 14:26:37,836 INFO Epoch 11 [1830/5134] loss=0.1940
2026-04-11 14:26:46,455 INFO Epoch 11 [1840/5134] loss=0.0965
2026-04-11 14:26:55,003 INFO Epoch 11 [1850/5134] loss=0.5014
2026-04-11 14:27:03,275 INFO Epoch 11 [1860/5134] loss=0.3318
2026-04-11 14:27:11,751 INFO Epoch 11 [1870/5134] loss=0.2577
2026-04-11 14:27:18,892 INFO Epoch 11 [1880/5134] loss=0.2270
2026-04-11 14:27:27,340 INFO Epoch 11 [1890/5134] loss=0.1754
2026-04-11 14:27:35,642 INFO Epoch 11 [1900/5134] loss=0.2273
2026-04-11 14:27:44,224 INFO Epoch 11 [1910/5134] loss=0.1036
2026-04-11 14:27:52,593 INFO Epoch 11 [1920/5134] loss=0.3086
2026-04-11 14:28:01,152 INFO Epoch 11 [1930/5134] loss=0.2179
2026-04-11 14:28:09,277 INFO Epoch 11 [1940/5134] loss=0.0484
2026-04-11 14:28:17,934 INFO Epoch 11 [1950/5134] loss=0.1144
2026-04-11 14:28:24,766 INFO Epoch 11 [1960/5134] loss=0.3160
2026-04-11 14:28:33,689 INFO Epoch 11 [1970/5134] loss=0.1986
2026-04-11 14:28:41,575 INFO Epoch 11 [1980/5134] loss=0.2705
2026-04-11 14:28:50,452 INFO Epoch 11 [1990/5134] loss=0.2308
2026-04-11 14:28:58,665 INFO Epoch 11 [2000/5134] loss=0.1117
2026-04-11 14:29:07,490 INFO Epoch 11 [2010/5134] loss=0.3693
2026-04-11 14:29:15,760 INFO Epoch 11 [2020/5134] loss=0.3024
2026-04-11 14:29:22,603 INFO Epoch 11 [2030/5134] loss=0.2872
2026-04-11 14:29:31,316 INFO Epoch 11 [2040/5134] loss=0.1615
2026-04-11 14:29:39,632 INFO Epoch 11 [2050/5134] loss=0.1340
2026-04-11 14:29:48,735 INFO Epoch 11 [2060/5134] loss=0.0889
2026-04-11 14:29:56,727 INFO Epoch 11 [2070/5134] loss=0.0883
2026-04-11 14:30:07,206 INFO Epoch 11 [2080/5134] loss=0.2382
2026-04-11 14:30:15,810 INFO Epoch 11 [2090/5134] loss=0.2673
2026-04-11 14:30:22,630 INFO Epoch 11 [2100/5134] loss=0.5375
2026-04-11 14:30:31,219 INFO Epoch 11 [2110/5134] loss=0.1409
2026-04-11 14:30:40,051 INFO Epoch 11 [2120/5134] loss=0.1523
2026-04-11 14:30:48,159 INFO Epoch 11 [2130/5134] loss=0.4373
2026-04-11 14:30:56,690 INFO Epoch 11 [2140/5134] loss=0.1428
2026-04-11 14:31:05,144 INFO Epoch 11 [2150/5134] loss=0.1170
2026-04-11 14:31:13,674 INFO Epoch 11 [2160/5134] loss=0.2439
2026-04-11 14:31:20,445 INFO Epoch 11 [2170/5134] loss=0.1235
2026-04-11 14:31:28,974 INFO Epoch 11 [2180/5134] loss=0.2934
2026-04-11 14:31:37,017 INFO Epoch 11 [2190/5134] loss=0.0523
2026-04-11 14:31:45,667 INFO Epoch 11 [2200/5134] loss=0.3083
2026-04-11 14:31:54,009 INFO Epoch 11 [2210/5134] loss=0.3207
2026-04-11 14:32:02,633 INFO Epoch 11 [2220/5134] loss=0.1397
2026-04-11 14:32:09,374 INFO Epoch 11 [2230/5134] loss=0.1468
2026-04-11 14:32:17,676 INFO Epoch 11 [2240/5134] loss=0.2747
2026-04-11 14:32:26,672 INFO Epoch 11 [2250/5134] loss=0.1347
2026-04-11 14:32:34,719 INFO Epoch 11 [2260/5134] loss=0.3506
2026-04-11 14:32:42,868 INFO Epoch 11 [2270/5134] loss=0.1446
2026-04-11 14:32:51,759 INFO Epoch 11 [2280/5134] loss=0.2747
2026-04-11 14:33:00,221 INFO Epoch 11 [2290/5134] loss=0.1740
2026-04-11 14:33:08,688 INFO Epoch 11 [2300/5134] loss=0.2631
2026-04-11 14:33:17,028 INFO Epoch 11 [2310/5134] loss=0.3088
2026-04-11 14:33:25,419 INFO Epoch 11 [2320/5134] loss=0.1184
2026-04-11 14:33:33,990 INFO Epoch 11 [2330/5134] loss=0.0693
2026-04-11 14:33:42,339 INFO Epoch 11 [2340/5134] loss=0.4086
2026-04-11 14:33:51,074 INFO Epoch 11 [2350/5134] loss=0.2297
2026-04-11 14:33:59,688 INFO Epoch 11 [2360/5134] loss=0.2859
2026-04-11 14:34:08,034 INFO Epoch 11 [2370/5134] loss=0.1884
2026-04-11 14:34:18,475 INFO Epoch 11 [2380/5134] loss=0.1277
2026-04-11 14:34:26,676 INFO Epoch 11 [2390/5134] loss=0.0156
2026-04-11 14:34:35,470 INFO Epoch 11 [2400/5134] loss=0.1423
2026-04-11 14:34:45,608 INFO Epoch 11 [2410/5134] loss=0.1949
2026-04-11 14:34:53,950 INFO Epoch 11 [2420/5134] loss=0.2343
2026-04-11 14:35:00,736 INFO Epoch 11 [2430/5134] loss=0.0259
2026-04-11 14:35:11,025 INFO Epoch 11 [2440/5134] loss=0.0936
2026-04-11 14:35:19,667 INFO Epoch 11 [2450/5134] loss=0.1546
2026-04-11 14:35:28,343 INFO Epoch 11 [2460/5134] loss=0.2105
2026-04-11 14:35:36,651 INFO Epoch 11 [2470/5134] loss=0.1296
2026-04-11 14:35:45,378 INFO Epoch 11 [2480/5134] loss=0.0862
2026-04-11 14:35:54,161 INFO Epoch 11 [2490/5134] loss=0.1001
2026-04-11 14:36:02,480 INFO Epoch 11 [2500/5134] loss=0.1669
2026-04-11 14:36:10,716 INFO Epoch 11 [2510/5134] loss=0.1627
2026-04-11 14:36:19,457 INFO Epoch 11 [2520/5134] loss=0.2810
2026-04-11 14:36:27,719 INFO Epoch 11 [2530/5134] loss=0.3044
2026-04-11 14:36:36,731 INFO Epoch 11 [2540/5134] loss=0.2408
2026-04-11 14:36:46,866 INFO Epoch 11 [2550/5134] loss=0.1360
2026-04-11 14:36:56,062 INFO Epoch 11 [2560/5134] loss=0.0705
2026-04-11 14:37:04,350 INFO Epoch 11 [2570/5134] loss=0.0417
2026-04-11 14:37:13,055 INFO Epoch 11 [2580/5134] loss=0.2719
2026-04-11 14:37:21,419 INFO Epoch 11 [2590/5134] loss=0.0538
2026-04-11 14:37:30,002 INFO Epoch 11 [2600/5134] loss=0.2179
2026-04-11 14:37:38,771 INFO Epoch 11 [2610/5134] loss=0.1877
2026-04-11 14:37:47,278 INFO Epoch 11 [2620/5134] loss=0.1459
2026-04-11 14:37:57,912 INFO Epoch 11 [2630/5134] loss=0.2259
2026-04-11 14:38:06,450 INFO Epoch 11 [2640/5134] loss=0.2533
2026-04-11 14:38:15,195 INFO Epoch 11 [2650/5134] loss=0.2030
2026-04-11 14:38:23,634 INFO Epoch 11 [2660/5134] loss=0.0627
2026-04-11 14:38:32,173 INFO Epoch 11 [2670/5134] loss=0.0751
2026-04-11 14:38:40,541 INFO Epoch 11 [2680/5134] loss=0.3156
2026-04-11 14:38:49,152 INFO Epoch 11 [2690/5134] loss=0.2988
2026-04-11 14:38:57,778 INFO Epoch 11 [2700/5134] loss=0.2843
2026-04-11 14:39:06,264 INFO Epoch 11 [2710/5134] loss=0.1300
2026-04-11 14:39:16,376 INFO Epoch 11 [2720/5134] loss=0.1752
2026-04-11 14:39:23,233 INFO Epoch 11 [2730/5134] loss=0.0972
2026-04-11 14:39:33,542 INFO Epoch 11 [2740/5134] loss=0.4184
2026-04-11 14:39:40,575 INFO Epoch 11 [2750/5134] loss=0.2459
2026-04-11 14:39:50,507 INFO Epoch 11 [2760/5134] loss=0.3353
2026-04-11 14:39:58,976 INFO Epoch 11 [2770/5134] loss=0.0689
2026-04-11 14:40:07,484 INFO Epoch 11 [2780/5134] loss=0.3013
2026-04-11 14:40:16,118 INFO Epoch 11 [2790/5134] loss=0.0201
2026-04-11 14:40:24,377 INFO Epoch 11 [2800/5134] loss=0.1369
2026-04-11 14:40:33,014 INFO Epoch 11 [2810/5134] loss=0.4716
2026-04-11 14:40:41,781 INFO Epoch 11 [2820/5134] loss=0.1756
2026-04-11 14:40:50,594 INFO Epoch 11 [2830/5134] loss=0.2991
2026-04-11 14:41:00,974 INFO Epoch 11 [2840/5134] loss=0.1199
2026-04-11 14:41:09,451 INFO Epoch 11 [2850/5134] loss=0.3094
2026-04-11 14:41:17,890 INFO Epoch 11 [2860/5134] loss=0.1467
2026-04-11 14:41:26,672 INFO Epoch 11 [2870/5134] loss=0.2130
2026-04-11 14:41:35,030 INFO Epoch 11 [2880/5134] loss=0.1882
2026-04-11 14:41:43,693 INFO Epoch 11 [2890/5134] loss=0.1126
2026-04-11 14:41:52,270 INFO Epoch 11 [2900/5134] loss=0.0738
2026-04-11 14:42:02,641 INFO Epoch 11 [2910/5134] loss=0.0901
2026-04-11 14:42:11,028 INFO Epoch 11 [2920/5134] loss=0.0428
2026-04-11 14:42:19,790 INFO Epoch 11 [2930/5134] loss=0.0322
2026-04-11 14:42:28,158 INFO Epoch 11 [2940/5134] loss=0.2958
2026-04-11 14:42:38,287 INFO Epoch 11 [2950/5134] loss=0.2005
2026-04-11 14:42:47,005 INFO Epoch 11 [2960/5134] loss=0.2722
2026-04-11 14:42:55,720 INFO Epoch 11 [2970/5134] loss=0.1708
2026-04-11 14:43:04,008 INFO Epoch 11 [2980/5134] loss=0.3604
2026-04-11 14:43:12,505 INFO Epoch 11 [2990/5134] loss=0.3865
2026-04-11 14:43:20,920 INFO Epoch 11 [3000/5134] loss=0.1361
2026-04-11 14:43:29,457 INFO Epoch 11 [3010/5134] loss=0.1100
2026-04-11 14:43:38,010 INFO Epoch 11 [3020/5134] loss=0.0687
2026-04-11 14:43:46,633 INFO Epoch 11 [3030/5134] loss=0.2085
2026-04-11 14:43:56,956 INFO Epoch 11 [3040/5134] loss=0.2674
2026-04-11 14:44:05,532 INFO Epoch 11 [3050/5134] loss=0.3124
2026-04-11 14:44:13,935 INFO Epoch 11 [3060/5134] loss=0.1017
2026-04-11 14:44:22,500 INFO Epoch 11 [3070/5134] loss=0.4602
2026-04-11 14:44:30,716 INFO Epoch 11 [3080/5134] loss=0.1918
2026-04-11 14:44:39,453 INFO Epoch 11 [3090/5134] loss=0.2131
2026-04-11 14:44:47,932 INFO Epoch 11 [3100/5134] loss=0.0926
2026-04-11 14:44:58,348 INFO Epoch 11 [3110/5134] loss=0.2393
2026-04-11 14:45:07,006 INFO Epoch 11 [3120/5134] loss=0.3188
2026-04-11 14:45:15,459 INFO Epoch 11 [3130/5134] loss=0.2550
2026-04-11 14:45:24,726 INFO Epoch 11 [3140/5134] loss=0.3763
2026-04-11 14:45:32,905 INFO Epoch 11 [3150/5134] loss=0.0983
2026-04-11 14:45:43,100 INFO Epoch 11 [3160/5134] loss=0.2869
2026-04-11 14:45:51,821 INFO Epoch 11 [3170/5134] loss=0.3072
2026-04-11 14:46:00,085 INFO Epoch 11 [3180/5134] loss=0.1478
2026-04-11 14:46:08,717 INFO Epoch 11 [3190/5134] loss=0.2781
2026-04-11 14:46:17,438 INFO Epoch 11 [3200/5134] loss=0.3060
2026-04-11 14:46:26,401 INFO Epoch 11 [3210/5134] loss=0.2249
2026-04-11 14:46:36,150 INFO Epoch 11 [3220/5134] loss=0.2233
2026-04-11 14:46:44,881 INFO Epoch 11 [3230/5134] loss=0.2096
2026-04-11 14:46:55,508 INFO Epoch 11 [3240/5134] loss=0.0977
2026-04-11 14:47:03,799 INFO Epoch 11 [3250/5134] loss=0.4040
2026-04-11 14:47:12,356 INFO Epoch 11 [3260/5134] loss=0.2760
2026-04-11 14:47:20,837 INFO Epoch 11 [3270/5134] loss=0.3288
2026-04-11 14:47:29,296 INFO Epoch 11 [3280/5134] loss=0.1151
2026-04-11 14:47:37,850 INFO Epoch 11 [3290/5134] loss=0.2738
2026-04-11 14:47:46,409 INFO Epoch 11 [3300/5134] loss=0.0975
2026-04-11 14:47:54,941 INFO Epoch 11 [3310/5134] loss=0.1092
2026-04-11 14:48:03,812 INFO Epoch 11 [3320/5134] loss=0.3302
2026-04-11 14:48:14,094 INFO Epoch 11 [3330/5134] loss=0.4913
2026-04-11 14:48:22,559 INFO Epoch 11 [3340/5134] loss=0.0739
2026-04-11 14:48:31,025 INFO Epoch 11 [3350/5134] loss=0.1209
2026-04-11 14:48:39,764 INFO Epoch 11 [3360/5134] loss=0.2045
2026-04-11 14:48:50,219 INFO Epoch 11 [3370/5134] loss=0.1104
2026-04-11 14:48:58,713 INFO Epoch 11 [3380/5134] loss=0.0864
2026-04-11 14:49:07,589 INFO Epoch 11 [3390/5134] loss=0.5122
2026-04-11 14:49:15,651 INFO Epoch 11 [3400/5134] loss=0.1805
2026-04-11 14:49:24,332 INFO Epoch 11 [3410/5134] loss=0.2114
2026-04-11 14:49:32,980 INFO Epoch 11 [3420/5134] loss=0.0919
2026-04-11 14:49:41,591 INFO Epoch 11 [3430/5134] loss=0.1166
2026-04-11 14:49:51,569 INFO Epoch 11 [3440/5134] loss=0.3871
2026-04-11 14:50:00,282 INFO Epoch 11 [3450/5134] loss=0.2589
2026-04-11 14:50:08,542 INFO Epoch 11 [3460/5134] loss=0.0342
2026-04-11 14:50:17,513 INFO Epoch 11 [3470/5134] loss=0.1547
2026-04-11 14:50:26,013 INFO Epoch 11 [3480/5134] loss=0.0801
2026-04-11 14:50:34,399 INFO Epoch 11 [3490/5134] loss=0.3001
2026-04-11 14:50:42,843 INFO Epoch 11 [3500/5134] loss=0.0761
2026-04-11 14:50:51,391 INFO Epoch 11 [3510/5134] loss=0.2566
2026-04-11 14:50:59,720 INFO Epoch 11 [3520/5134] loss=0.2438
2026-04-11 14:51:08,339 INFO Epoch 11 [3530/5134] loss=0.2552
2026-04-11 14:51:16,809 INFO Epoch 11 [3540/5134] loss=0.1928
2026-04-11 14:51:24,926 INFO Epoch 11 [3550/5134] loss=0.1369
2026-04-11 14:51:33,183 INFO Epoch 11 [3560/5134] loss=0.2606
2026-04-11 14:51:41,829 INFO Epoch 11 [3570/5134] loss=0.1449
2026-04-11 14:51:50,046 INFO Epoch 11 [3580/5134] loss=0.1408
2026-04-11 14:51:58,461 INFO Epoch 11 [3590/5134] loss=0.0785
2026-04-11 14:52:06,743 INFO Epoch 11 [3600/5134] loss=0.2941
2026-04-11 14:52:15,252 INFO Epoch 11 [3610/5134] loss=0.0802
2026-04-11 14:52:23,673 INFO Epoch 11 [3620/5134] loss=0.3239
2026-04-11 14:52:31,882 INFO Epoch 11 [3630/5134] loss=0.0847
2026-04-11 14:52:40,108 INFO Epoch 11 [3640/5134] loss=0.4183
2026-04-11 14:52:47,040 INFO Epoch 11 [3650/5134] loss=0.0699
2026-04-11 14:52:54,990 INFO Epoch 11 [3660/5134] loss=0.4544
2026-04-11 14:53:03,111 INFO Epoch 11 [3670/5134] loss=0.2221
2026-04-11 14:53:11,321 INFO Epoch 11 [3680/5134] loss=0.2723
2026-04-11 14:53:19,617 INFO Epoch 11 [3690/5134] loss=0.0578
2026-04-11 14:53:28,149 INFO Epoch 11 [3700/5134] loss=0.3757
2026-04-11 14:53:36,375 INFO Epoch 11 [3710/5134] loss=0.1554
2026-04-11 14:53:44,659 INFO Epoch 11 [3720/5134] loss=0.3097
2026-04-11 14:53:51,448 INFO Epoch 11 [3730/5134] loss=0.3133
2026-04-11 14:54:00,044 INFO Epoch 11 [3740/5134] loss=0.4080
2026-04-11 14:54:09,899 INFO Epoch 11 [3750/5134] loss=0.3367
2026-04-11 14:54:16,909 INFO Epoch 11 [3760/5134] loss=0.1076
2026-04-11 14:54:24,944 INFO Epoch 11 [3770/5134] loss=0.2214
2026-04-11 14:54:33,321 INFO Epoch 11 [3780/5134] loss=0.0224
2026-04-11 14:54:41,820 INFO Epoch 11 [3790/5134] loss=0.0892
2026-04-11 14:54:50,036 INFO Epoch 11 [3800/5134] loss=0.1938
2026-04-11 14:54:58,215 INFO Epoch 11 [3810/5134] loss=0.2137
2026-04-11 14:55:06,374 INFO Epoch 11 [3820/5134] loss=0.1824
2026-04-11 14:55:13,156 INFO Epoch 11 [3830/5134] loss=0.3103
2026-04-11 14:55:21,495 INFO Epoch 11 [3840/5134] loss=0.2636
2026-04-11 14:55:29,510 INFO Epoch 11 [3850/5134] loss=0.0968
2026-04-11 14:55:37,974 INFO Epoch 11 [3860/5134] loss=0.1551
2026-04-11 14:55:46,343 INFO Epoch 11 [3870/5134] loss=0.3449
2026-04-11 14:55:54,365 INFO Epoch 11 [3880/5134] loss=0.2251
2026-04-11 14:56:02,773 INFO Epoch 11 [3890/5134] loss=0.2061
2026-04-11 14:56:11,062 INFO Epoch 11 [3900/5134] loss=0.4087
2026-04-11 14:56:19,555 INFO Epoch 11 [3910/5134] loss=0.2050
2026-04-11 14:56:28,158 INFO Epoch 11 [3920/5134] loss=0.1702
2026-04-11 14:56:36,344 INFO Epoch 11 [3930/5134] loss=0.3644
2026-04-11 14:56:44,908 INFO Epoch 11 [3940/5134] loss=0.0757
2026-04-11 14:56:53,487 INFO Epoch 11 [3950/5134] loss=0.1865
2026-04-11 14:57:02,385 INFO Epoch 11 [3960/5134] loss=0.0449
2026-04-11 14:57:10,583 INFO Epoch 11 [3970/5134] loss=0.2254
2026-04-11 14:57:18,484 INFO Epoch 11 [3980/5134] loss=0.3742
2026-04-11 14:57:26,687 INFO Epoch 11 [3990/5134] loss=0.4086
2026-04-11 14:57:34,679 INFO Epoch 11 [4000/5134] loss=0.1886
2026-04-11 14:57:42,855 INFO Epoch 11 [4010/5134] loss=0.1612
2026-04-11 14:57:51,125 INFO Epoch 11 [4020/5134] loss=0.1271
2026-04-11 14:57:59,675 INFO Epoch 11 [4030/5134] loss=0.4227
2026-04-11 14:58:06,922 INFO Epoch 11 [4040/5134] loss=0.4165
2026-04-11 14:58:14,876 INFO Epoch 11 [4050/5134] loss=0.0898
2026-04-11 14:58:23,448 INFO Epoch 11 [4060/5134] loss=0.2670
2026-04-11 14:58:31,643 INFO Epoch 11 [4070/5134] loss=0.2217
2026-04-11 14:58:39,944 INFO Epoch 11 [4080/5134] loss=0.1880
2026-04-11 14:58:48,027 INFO Epoch 11 [4090/5134] loss=0.1540
2026-04-11 14:58:56,829 INFO Epoch 11 [4100/5134] loss=0.1605
2026-04-11 14:59:05,246 INFO Epoch 11 [4110/5134] loss=0.1215
2026-04-11 14:59:14,110 INFO Epoch 11 [4120/5134] loss=0.1909
2026-04-11 14:59:22,178 INFO Epoch 11 [4130/5134] loss=0.2162
2026-04-11 14:59:30,579 INFO Epoch 11 [4140/5134] loss=0.1989
2026-04-11 14:59:38,703 INFO Epoch 11 [4150/5134] loss=0.0994
2026-04-11 14:59:47,191 INFO Epoch 11 [4160/5134] loss=0.1205
2026-04-11 14:59:55,402 INFO Epoch 11 [4170/5134] loss=0.2587
2026-04-11 15:00:04,031 INFO Epoch 11 [4180/5134] loss=0.1221
2026-04-11 15:00:12,007 INFO Epoch 11 [4190/5134] loss=0.1829
2026-04-11 15:00:20,413 INFO Epoch 11 [4200/5134] loss=0.1559
2026-04-11 15:00:30,511 INFO Epoch 11 [4210/5134] loss=0.0741
2026-04-11 15:00:41,274 INFO Epoch 11 [4220/5134] loss=0.1315
2026-04-11 15:00:51,380 INFO Epoch 11 [4230/5134] loss=0.1524
2026-04-11 15:01:01,943 INFO Epoch 11 [4240/5134] loss=0.4237
2026-04-11 15:01:12,195 INFO Epoch 11 [4250/5134] loss=0.1259
2026-04-11 15:01:22,441 INFO Epoch 11 [4260/5134] loss=0.2155
2026-04-11 15:01:31,449 INFO Epoch 11 [4270/5134] loss=0.1435
2026-04-11 15:01:42,039 INFO Epoch 11 [4280/5134] loss=0.2758
2026-04-11 15:01:52,121 INFO Epoch 11 [4290/5134] loss=0.1840
2026-04-11 15:02:00,841 INFO Epoch 11 [4300/5134] loss=0.2256
2026-04-11 15:02:10,913 INFO Epoch 11 [4310/5134] loss=0.0799
2026-04-11 15:02:21,183 INFO Epoch 11 [4320/5134] loss=0.1641
2026-04-11 15:02:31,266 INFO Epoch 11 [4330/5134] loss=0.4420
2026-04-11 15:02:41,269 INFO Epoch 11 [4340/5134] loss=0.2069
2026-04-11 15:02:50,152 INFO Epoch 11 [4350/5134] loss=0.1746
2026-04-11 15:03:00,417 INFO Epoch 11 [4360/5134] loss=0.0999
2026-04-11 15:03:09,081 INFO Epoch 11 [4370/5134] loss=0.4012
2026-04-11 15:03:19,319 INFO Epoch 11 [4380/5134] loss=0.0230
2026-04-11 15:03:29,490 INFO Epoch 11 [4390/5134] loss=0.0838
2026-04-11 15:03:39,665 INFO Epoch 11 [4400/5134] loss=0.1791
2026-04-11 15:03:50,031 INFO Epoch 11 [4410/5134] loss=0.2850
2026-04-11 15:03:58,827 INFO Epoch 11 [4420/5134] loss=0.1239
2026-04-11 15:04:08,972 INFO Epoch 11 [4430/5134] loss=0.1569
2026-04-11 15:04:19,533 INFO Epoch 11 [4440/5134] loss=0.2716
2026-04-11 15:04:31,556 INFO Epoch 11 [4450/5134] loss=0.4201
2026-04-11 15:04:40,613 INFO Epoch 11 [4460/5134] loss=0.1949
2026-04-11 15:04:52,316 INFO Epoch 11 [4470/5134] loss=0.2853
2026-04-11 15:05:02,298 INFO Epoch 11 [4480/5134] loss=0.3038
2026-04-11 15:05:13,632 INFO Epoch 11 [4490/5134] loss=0.1889
2026-04-11 15:05:23,391 INFO Epoch 11 [4500/5134] loss=0.2550
2026-04-11 15:05:33,520 INFO Epoch 11 [4510/5134] loss=0.3641
2026-04-11 15:05:41,577 INFO Epoch 11 [4520/5134] loss=0.2555
2026-04-11 15:05:49,945 INFO Epoch 11 [4530/5134] loss=0.2277
2026-04-11 15:05:58,188 INFO Epoch 11 [4540/5134] loss=0.1581
2026-04-11 15:06:06,603 INFO Epoch 11 [4550/5134] loss=0.0227
2026-04-11 15:06:15,004 INFO Epoch 11 [4560/5134] loss=0.2178
2026-04-11 15:06:23,333 INFO Epoch 11 [4570/5134] loss=0.2547
2026-04-11 15:06:32,028 INFO Epoch 11 [4580/5134] loss=0.2251
2026-04-11 15:06:41,618 INFO Epoch 11 [4590/5134] loss=0.1526
2026-04-11 15:06:49,871 INFO Epoch 11 [4600/5134] loss=0.2945
2026-04-11 15:07:00,447 INFO Epoch 11 [4610/5134] loss=0.1354
2026-04-11 15:07:08,594 INFO Epoch 11 [4620/5134] loss=0.1676
2026-04-11 15:07:16,991 INFO Epoch 11 [4630/5134] loss=0.3027
2026-04-11 15:07:25,934 INFO Epoch 11 [4640/5134] loss=0.3478
2026-04-11 15:07:35,423 INFO Epoch 11 [4650/5134] loss=0.2683
2026-04-11 15:07:43,535 INFO Epoch 11 [4660/5134] loss=0.1182
2026-04-11 15:07:52,065 INFO Epoch 11 [4670/5134] loss=0.3319
2026-04-11 15:08:00,747 INFO Epoch 11 [4680/5134] loss=0.1860
2026-04-11 15:08:08,816 INFO Epoch 11 [4690/5134] loss=0.3065
2026-04-11 15:08:16,879 INFO Epoch 11 [4700/5134] loss=0.1075
2026-04-11 15:08:27,130 INFO Epoch 11 [4710/5134] loss=0.2017
2026-04-11 15:08:34,162 INFO Epoch 11 [4720/5134] loss=0.0680
2026-04-11 15:08:43,923 INFO Epoch 11 [4730/5134] loss=0.1165
2026-04-11 15:08:52,002 INFO Epoch 11 [4740/5134] loss=0.1357
2026-04-11 15:09:00,255 INFO Epoch 11 [4750/5134] loss=0.0847
2026-04-11 15:09:08,382 INFO Epoch 11 [4760/5134] loss=0.3076
2026-04-11 15:09:16,762 INFO Epoch 11 [4770/5134] loss=0.1335
2026-04-11 15:09:24,979 INFO Epoch 11 [4780/5134] loss=0.1211
2026-04-11 15:09:33,339 INFO Epoch 11 [4790/5134] loss=0.3336
2026-04-11 15:09:41,345 INFO Epoch 11 [4800/5134] loss=0.2740
2026-04-11 15:09:51,945 INFO Epoch 11 [4810/5134] loss=0.3070
2026-04-11 15:10:00,069 INFO Epoch 11 [4820/5134] loss=0.0786
2026-04-11 15:10:08,555 INFO Epoch 11 [4830/5134] loss=0.1230
2026-04-11 15:10:16,928 INFO Epoch 11 [4840/5134] loss=0.1700
2026-04-11 15:10:26,828 INFO Epoch 11 [4850/5134] loss=0.3718
2026-04-11 15:10:34,827 INFO Epoch 11 [4860/5134] loss=0.3643
2026-04-11 15:10:43,378 INFO Epoch 11 [4870/5134] loss=0.0432
2026-04-11 15:10:51,840 INFO Epoch 11 [4880/5134] loss=0.2804
2026-04-11 15:11:00,558 INFO Epoch 11 [4890/5134] loss=0.1614
2026-04-11 15:11:08,687 INFO Epoch 11 [4900/5134] loss=0.4733
2026-04-11 15:11:18,404 INFO Epoch 11 [4910/5134] loss=0.2210
2026-04-11 15:11:27,029 INFO Epoch 11 [4920/5134] loss=0.1952
2026-04-11 15:11:37,046 INFO Epoch 11 [4930/5134] loss=0.0835
2026-04-11 15:11:44,012 INFO Epoch 11 [4940/5134] loss=0.1729
2026-04-11 15:11:53,725 INFO Epoch 11 [4950/5134] loss=0.1496
2026-04-11 15:12:01,839 INFO Epoch 11 [4960/5134] loss=0.3232
2026-04-11 15:12:10,459 INFO Epoch 11 [4970/5134] loss=0.1098
2026-04-11 15:12:18,533 INFO Epoch 11 [4980/5134] loss=0.1367
2026-04-11 15:12:26,985 INFO Epoch 11 [4990/5134] loss=0.2685
2026-04-11 15:12:35,059 INFO Epoch 11 [5000/5134] loss=0.4536
2026-04-11 15:12:43,144 INFO Epoch 11 [5010/5134] loss=0.0779
2026-04-11 15:12:52,866 INFO Epoch 11 [5020/5134] loss=0.1040
2026-04-11 15:13:01,129 INFO Epoch 11 [5030/5134] loss=0.0197
2026-04-11 15:13:07,864 INFO Epoch 11 [5040/5134] loss=0.1425
2026-04-11 15:13:17,730 INFO Epoch 11 [5050/5134] loss=0.0944
2026-04-11 15:13:26,395 INFO Epoch 11 [5060/5134] loss=0.0740
2026-04-11 15:13:36,316 INFO Epoch 11 [5070/5134] loss=0.0365
2026-04-11 15:13:44,856 INFO Epoch 11 [5080/5134] loss=0.3188
2026-04-11 15:13:52,890 INFO Epoch 11 [5090/5134] loss=0.0632
2026-04-11 15:14:01,381 INFO Epoch 11 [5100/5134] loss=0.1004
2026-04-11 15:14:09,614 INFO Epoch 11 [5110/5134] loss=0.1355
2026-04-11 15:14:17,922 INFO Epoch 11 [5120/5134] loss=0.4300
2026-04-11 15:14:26,506 INFO Epoch 11 [5130/5134] loss=0.1908
2026-04-11 15:52:47,558 INFO Epoch 11/15 (6715s) lr=0.000017 | train_loss=0.1944 train_iou=0.3092 | val_loss=0.4346 val_iou=0.2702 val_dice=0.2830 val_f1=0.1443
2026-04-11 15:53:04,760 INFO Epoch 12 [0/5134] loss=0.0229
2026-04-11 15:53:12,304 INFO Epoch 12 [10/5134] loss=0.1245
2026-04-11 15:53:19,966 INFO Epoch 12 [20/5134] loss=0.1620
2026-04-11 15:53:27,234 INFO Epoch 12 [30/5134] loss=0.0519
2026-04-11 15:53:34,788 INFO Epoch 12 [40/5134] loss=0.3109
2026-04-11 15:53:42,397 INFO Epoch 12 [50/5134] loss=0.0660
2026-04-11 15:53:51,427 INFO Epoch 12 [60/5134] loss=0.1792
2026-04-11 15:53:58,100 INFO Epoch 12 [70/5134] loss=0.0321
2026-04-11 15:54:05,641 INFO Epoch 12 [80/5134] loss=0.1153
2026-04-11 15:54:13,143 INFO Epoch 12 [90/5134] loss=0.0671
2026-04-11 15:54:20,566 INFO Epoch 12 [100/5134] loss=0.2629
2026-04-11 15:54:26,816 INFO Epoch 12 [110/5134] loss=0.0325
2026-04-11 15:54:34,321 INFO Epoch 12 [120/5134] loss=0.0787
2026-04-11 15:54:41,474 INFO Epoch 12 [130/5134] loss=0.0667
2026-04-11 15:54:48,636 INFO Epoch 12 [140/5134] loss=0.0590
2026-04-11 15:54:56,071 INFO Epoch 12 [150/5134] loss=0.0405
2026-04-11 15:55:04,152 INFO Epoch 12 [160/5134] loss=0.0862
2026-04-11 15:55:10,730 INFO Epoch 12 [170/5134] loss=0.0314
2026-04-11 15:55:18,223 INFO Epoch 12 [180/5134] loss=0.0865
2026-04-11 15:55:25,666 INFO Epoch 12 [190/5134] loss=0.0885
2026-04-11 15:55:33,220 INFO Epoch 12 [200/5134] loss=0.0451
2026-04-11 15:55:40,260 INFO Epoch 12 [210/5134] loss=0.0432
2026-04-11 15:55:48,235 INFO Epoch 12 [220/5134] loss=0.0488
2026-04-11 15:55:55,102 INFO Epoch 12 [230/5134] loss=0.0854
2026-04-11 15:56:02,682 INFO Epoch 12 [240/5134] loss=0.0348
2026-04-11 15:56:09,645 INFO Epoch 12 [250/5134] loss=0.1155
2026-04-11 15:56:18,502 INFO Epoch 12 [260/5134] loss=0.0709
2026-04-11 15:56:25,323 INFO Epoch 12 [270/5134] loss=0.1758
2026-04-11 15:56:32,660 INFO Epoch 12 [280/5134] loss=0.0238
2026-04-11 15:56:39,227 INFO Epoch 12 [290/5134] loss=0.0453
2026-04-11 15:56:47,448 INFO Epoch 12 [300/5134] loss=0.1330
2026-04-11 15:56:54,863 INFO Epoch 12 [310/5134] loss=0.0568
2026-04-11 15:57:02,559 INFO Epoch 12 [320/5134] loss=0.1620
2026-04-11 15:57:09,831 INFO Epoch 12 [330/5134] loss=0.0550
2026-04-11 15:57:17,823 INFO Epoch 12 [340/5134] loss=0.0715
2026-04-11 15:57:24,965 INFO Epoch 12 [350/5134] loss=0.0974
2026-04-11 15:57:33,042 INFO Epoch 12 [360/5134] loss=0.0505
2026-04-11 15:57:40,449 INFO Epoch 12 [370/5134] loss=0.0463
2026-04-11 15:57:48,617 INFO Epoch 12 [380/5134] loss=0.0627
2026-04-11 15:57:55,347 INFO Epoch 12 [390/5134] loss=0.1005
2026-04-11 15:58:02,644 INFO Epoch 12 [400/5134] loss=0.1004
2026-04-11 15:58:09,446 INFO Epoch 12 [410/5134] loss=0.1184
2026-04-11 15:58:16,899 INFO Epoch 12 [420/5134] loss=0.0324
2026-04-11 15:58:24,011 INFO Epoch 12 [430/5134] loss=0.1452
2026-04-11 15:58:31,765 INFO Epoch 12 [440/5134] loss=0.2033
2026-04-11 15:58:38,450 INFO Epoch 12 [450/5134] loss=0.0763
2026-04-11 15:58:47,037 INFO Epoch 12 [460/5134] loss=0.1507
2026-04-11 15:58:54,067 INFO Epoch 12 [470/5134] loss=0.0569
2026-04-11 15:59:01,269 INFO Epoch 12 [480/5134] loss=0.0388
2026-04-11 15:59:08,315 INFO Epoch 12 [490/5134] loss=0.1150
2026-04-11 15:59:15,221 INFO Epoch 12 [500/5134] loss=0.1031
2026-04-11 15:59:21,355 INFO Epoch 12 [510/5134] loss=0.1105
2026-04-11 15:59:27,958 INFO Epoch 12 [520/5134] loss=0.1591
2026-04-11 15:59:35,076 INFO Epoch 12 [530/5134] loss=0.0354
2026-04-11 15:59:41,270 INFO Epoch 12 [540/5134] loss=0.0374
2026-04-11 15:59:48,291 INFO Epoch 12 [550/5134] loss=0.0351
2026-04-11 15:59:56,086 INFO Epoch 12 [560/5134] loss=0.2728
2026-04-11 16:00:03,317 INFO Epoch 12 [570/5134] loss=0.0924
2026-04-11 16:00:09,706 INFO Epoch 12 [580/5134] loss=0.0661
2026-04-11 16:00:16,627 INFO Epoch 12 [590/5134] loss=0.1239
2026-04-11 16:00:23,828 INFO Epoch 12 [600/5134] loss=0.0568
2026-04-11 16:00:30,516 INFO Epoch 12 [610/5134] loss=0.1182
2026-04-11 16:00:37,936 INFO Epoch 12 [620/5134] loss=0.1886
2026-04-11 16:00:44,113 INFO Epoch 12 [630/5134] loss=0.0586
2026-04-11 16:00:50,935 INFO Epoch 12 [640/5134] loss=0.0840
2026-04-11 16:00:57,630 INFO Epoch 12 [650/5134] loss=0.1031
2026-04-11 16:01:04,817 INFO Epoch 12 [660/5134] loss=0.1867
2026-04-11 16:01:11,444 INFO Epoch 12 [670/5134] loss=0.0379
2026-04-11 16:01:18,628 INFO Epoch 12 [680/5134] loss=0.1418
2026-04-11 16:01:25,260 INFO Epoch 12 [690/5134] loss=0.3228
2026-04-11 16:01:32,361 INFO Epoch 12 [700/5134] loss=0.2725
2026-04-11 16:01:39,206 INFO Epoch 12 [710/5134] loss=0.4483
2026-04-11 16:01:45,932 INFO Epoch 12 [720/5134] loss=0.3196
2026-04-11 16:01:52,916 INFO Epoch 12 [730/5134] loss=0.1471
2026-04-11 16:02:00,778 INFO Epoch 12 [740/5134] loss=0.1760
2026-04-11 16:02:07,378 INFO Epoch 12 [750/5134] loss=0.1107
2026-04-11 16:02:15,069 INFO Epoch 12 [760/5134] loss=0.2501
2026-04-11 16:02:21,179 INFO Epoch 12 [770/5134] loss=0.2532
2026-04-11 16:02:28,242 INFO Epoch 12 [780/5134] loss=0.1525
2026-04-11 16:02:34,668 INFO Epoch 12 [790/5134] loss=0.0609
2026-04-11 16:02:42,452 INFO Epoch 12 [800/5134] loss=0.1464
2026-04-11 16:02:48,881 INFO Epoch 12 [810/5134] loss=0.1548
2026-04-11 16:02:57,045 INFO Epoch 12 [820/5134] loss=0.0874
2026-04-11 16:03:03,555 INFO Epoch 12 [830/5134] loss=0.3045
2026-04-11 16:03:11,007 INFO Epoch 12 [840/5134] loss=0.2364
2026-04-11 16:03:17,720 INFO Epoch 12 [850/5134] loss=0.3164
2026-04-11 16:03:24,937 INFO Epoch 12 [860/5134] loss=0.2883
2026-04-11 16:03:32,104 INFO Epoch 12 [870/5134] loss=0.2548
2026-04-11 16:03:40,054 INFO Epoch 12 [880/5134] loss=0.1452
2026-04-11 16:03:47,132 INFO Epoch 12 [890/5134] loss=0.3881
2026-04-11 16:03:54,033 INFO Epoch 12 [900/5134] loss=0.1523
2026-04-11 16:04:00,721 INFO Epoch 12 [910/5134] loss=0.1921
2026-04-11 16:04:08,058 INFO Epoch 12 [920/5134] loss=0.4113
2026-04-11 16:04:15,352 INFO Epoch 12 [930/5134] loss=0.1426
2026-04-11 16:04:22,360 INFO Epoch 12 [940/5134] loss=0.0623
2026-04-11 16:04:29,608 INFO Epoch 12 [950/5134] loss=0.0704
2026-04-11 16:04:37,398 INFO Epoch 12 [960/5134] loss=0.0843
2026-04-11 16:04:44,399 INFO Epoch 12 [970/5134] loss=0.2700
2026-04-11 16:04:51,719 INFO Epoch 12 [980/5134] loss=0.2099
2026-04-11 16:04:58,143 INFO Epoch 12 [990/5134] loss=0.2593
2026-04-11 16:05:04,438 INFO Epoch 12 [1000/5134] loss=0.2402
2026-04-11 16:05:11,027 INFO Epoch 12 [1010/5134] loss=0.3847
2026-04-11 16:05:17,958 INFO Epoch 12 [1020/5134] loss=0.3762
2026-04-11 16:05:25,137 INFO Epoch 12 [1030/5134] loss=0.0576
2026-04-11 16:05:31,997 INFO Epoch 12 [1040/5134] loss=0.2754
2026-04-11 16:05:38,848 INFO Epoch 12 [1050/5134] loss=0.1857
2026-04-11 16:05:45,571 INFO Epoch 12 [1060/5134] loss=0.4253
2026-04-11 16:05:52,376 INFO Epoch 12 [1070/5134] loss=0.1080
2026-04-11 16:05:59,564 INFO Epoch 12 [1080/5134] loss=0.1035
2026-04-11 16:06:06,373 INFO Epoch 12 [1090/5134] loss=0.2004
2026-04-11 16:06:13,310 INFO Epoch 12 [1100/5134] loss=0.1015
2026-04-11 16:06:20,523 INFO Epoch 12 [1110/5134] loss=0.2728
2026-04-11 16:06:28,004 INFO Epoch 12 [1120/5134] loss=0.2202
2026-04-11 16:06:35,017 INFO Epoch 12 [1130/5134] loss=0.0817
2026-04-11 16:06:42,570 INFO Epoch 12 [1140/5134] loss=0.1492
2026-04-11 16:06:49,108 INFO Epoch 12 [1150/5134] loss=0.1998
2026-04-11 16:06:56,832 INFO Epoch 12 [1160/5134] loss=0.2668
2026-04-11 16:07:03,381 INFO Epoch 12 [1170/5134] loss=0.1593
2026-04-11 16:07:10,917 INFO Epoch 12 [1180/5134] loss=0.0819
2026-04-11 16:07:18,391 INFO Epoch 12 [1190/5134] loss=0.2320
2026-04-11 16:07:25,326 INFO Epoch 12 [1200/5134] loss=0.2322
2026-04-11 16:07:32,322 INFO Epoch 12 [1210/5134] loss=0.1556
2026-04-11 16:07:39,233 INFO Epoch 12 [1220/5134] loss=0.1723
2026-04-11 16:07:45,479 INFO Epoch 12 [1230/5134] loss=0.4752
2026-04-11 16:07:51,855 INFO Epoch 12 [1240/5134] loss=0.1509
2026-04-11 16:07:58,060 INFO Epoch 12 [1250/5134] loss=0.1780
2026-04-11 16:08:05,531 INFO Epoch 12 [1260/5134] loss=0.0286
2026-04-11 16:08:12,428 INFO Epoch 12 [1270/5134] loss=0.0932
2026-04-11 16:08:19,113 INFO Epoch 12 [1280/5134] loss=0.1189
2026-04-11 16:08:26,576 INFO Epoch 12 [1290/5134] loss=0.2565
2026-04-11 16:08:33,509 INFO Epoch 12 [1300/5134] loss=0.2543
2026-04-11 16:08:39,646 INFO Epoch 12 [1310/5134] loss=0.0825
2026-04-11 16:08:46,901 INFO Epoch 12 [1320/5134] loss=0.1684
2026-04-11 16:08:54,219 INFO Epoch 12 [1330/5134] loss=0.1166
2026-04-11 16:09:01,152 INFO Epoch 12 [1340/5134] loss=0.3295
2026-04-11 16:09:07,544 INFO Epoch 12 [1350/5134] loss=0.0998
2026-04-11 16:09:15,164 INFO Epoch 12 [1360/5134] loss=0.0427
2026-04-11 16:09:21,966 INFO Epoch 12 [1370/5134] loss=0.2543
2026-04-11 16:09:28,675 INFO Epoch 12 [1380/5134] loss=0.3770
2026-04-11 16:09:35,247 INFO Epoch 12 [1390/5134] loss=0.3330
2026-04-11 16:09:42,914 INFO Epoch 12 [1400/5134] loss=0.2601
2026-04-11 16:09:49,706 INFO Epoch 12 [1410/5134] loss=0.1288
2026-04-11 16:09:56,912 INFO Epoch 12 [1420/5134] loss=0.2659
2026-04-11 16:10:03,166 INFO Epoch 12 [1430/5134] loss=0.3527
2026-04-11 16:10:10,513 INFO Epoch 12 [1440/5134] loss=0.1622
2026-04-11 16:10:17,195 INFO Epoch 12 [1450/5134] loss=0.4603
2026-04-11 16:10:23,868 INFO Epoch 12 [1460/5134] loss=0.2127
2026-04-11 16:10:30,644 INFO Epoch 12 [1470/5134] loss=0.2050
2026-04-11 16:10:37,444 INFO Epoch 12 [1480/5134] loss=0.3789
2026-04-11 16:10:43,589 INFO Epoch 12 [1490/5134] loss=0.3059
2026-04-11 16:10:49,657 INFO Epoch 12 [1500/5134] loss=0.2989
2026-04-11 16:10:56,325 INFO Epoch 12 [1510/5134] loss=0.1734
2026-04-11 16:11:03,375 INFO Epoch 12 [1520/5134] loss=0.4815
2026-04-11 16:11:10,756 INFO Epoch 12 [1530/5134] loss=0.1254
2026-04-11 16:11:17,826 INFO Epoch 12 [1540/5134] loss=0.1133
2026-04-11 16:11:24,876 INFO Epoch 12 [1550/5134] loss=0.3587
2026-04-11 16:11:31,967 INFO Epoch 12 [1560/5134] loss=0.3433
2026-04-11 16:11:39,610 INFO Epoch 12 [1570/5134] loss=0.1021
2026-04-11 16:11:46,299 INFO Epoch 12 [1580/5134] loss=0.3339
2026-04-11 16:11:52,601 INFO Epoch 12 [1590/5134] loss=0.0745
2026-04-11 16:11:59,272 INFO Epoch 12 [1600/5134] loss=0.3422
2026-04-11 16:12:06,741 INFO Epoch 12 [1610/5134] loss=0.0877
2026-04-11 16:12:13,137 INFO Epoch 12 [1620/5134] loss=0.1311
2026-04-11 16:12:20,406 INFO Epoch 12 [1630/5134] loss=0.1225
2026-04-11 16:12:27,648 INFO Epoch 12 [1640/5134] loss=0.2157
2026-04-11 16:12:33,925 INFO Epoch 12 [1650/5134] loss=0.1037
2026-04-11 16:12:40,317 INFO Epoch 12 [1660/5134] loss=0.4618
2026-04-11 16:12:46,529 INFO Epoch 12 [1670/5134] loss=0.5191
2026-04-11 16:12:52,686 INFO Epoch 12 [1680/5134] loss=0.1245
2026-04-11 16:12:59,412 INFO Epoch 12 [1690/5134] loss=0.2667
2026-04-11 16:13:06,216 INFO Epoch 12 [1700/5134] loss=0.1634
2026-04-11 16:13:13,329 INFO Epoch 12 [1710/5134] loss=0.0462
2026-04-11 16:13:20,222 INFO Epoch 12 [1720/5134] loss=0.0944
2026-04-11 16:13:27,248 INFO Epoch 12 [1730/5134] loss=0.1214
2026-04-11 16:13:34,349 INFO Epoch 12 [1740/5134] loss=0.1908
2026-04-11 16:13:41,067 INFO Epoch 12 [1750/5134] loss=0.3537
2026-04-11 16:13:47,953 INFO Epoch 12 [1760/5134] loss=0.1230
2026-04-11 16:13:54,717 INFO Epoch 12 [1770/5134] loss=0.3796
2026-04-11 16:14:01,335 INFO Epoch 12 [1780/5134] loss=0.2036
2026-04-11 16:14:08,020 INFO Epoch 12 [1790/5134] loss=0.4339
2026-04-11 16:14:15,556 INFO Epoch 12 [1800/5134] loss=0.1861
2026-04-11 16:14:22,191 INFO Epoch 12 [1810/5134] loss=0.2254
2026-04-11 16:14:29,067 INFO Epoch 12 [1820/5134] loss=0.3870
2026-04-11 16:14:35,749 INFO Epoch 12 [1830/5134] loss=0.0701
2026-04-11 16:14:42,889 INFO Epoch 12 [1840/5134] loss=0.4012
2026-04-11 16:14:49,693 INFO Epoch 12 [1850/5134] loss=0.4041
2026-04-11 16:14:56,826 INFO Epoch 12 [1860/5134] loss=0.0479
2026-04-11 16:15:04,000 INFO Epoch 12 [1870/5134] loss=0.1253
2026-04-11 16:15:11,304 INFO Epoch 12 [1880/5134] loss=0.1084
2026-04-11 16:15:18,147 INFO Epoch 12 [1890/5134] loss=0.2271
2026-04-11 16:15:25,332 INFO Epoch 12 [1900/5134] loss=0.2161
2026-04-11 16:15:31,543 INFO Epoch 12 [1910/5134] loss=0.0248
2026-04-11 16:15:38,333 INFO Epoch 12 [1920/5134] loss=0.3886
2026-04-11 16:15:44,687 INFO Epoch 12 [1930/5134] loss=0.0699
2026-04-11 16:15:51,248 INFO Epoch 12 [1940/5134] loss=0.2960
2026-04-11 16:15:58,253 INFO Epoch 12 [1950/5134] loss=0.2504
2026-04-11 16:16:04,398 INFO Epoch 12 [1960/5134] loss=0.1388
2026-04-11 16:16:11,671 INFO Epoch 12 [1970/5134] loss=0.2086
2026-04-11 16:16:18,561 INFO Epoch 12 [1980/5134] loss=0.0518
2026-04-11 16:16:26,135 INFO Epoch 12 [1990/5134] loss=0.3311
2026-04-11 16:16:33,412 INFO Epoch 12 [2000/5134] loss=0.2881
2026-04-11 16:16:40,723 INFO Epoch 12 [2010/5134] loss=0.2936
2026-04-11 16:16:47,234 INFO Epoch 12 [2020/5134] loss=0.1039
2026-04-11 16:16:54,901 INFO Epoch 12 [2030/5134] loss=0.1835
2026-04-11 16:17:01,316 INFO Epoch 12 [2040/5134] loss=0.2338
2026-04-11 16:17:08,195 INFO Epoch 12 [2050/5134] loss=0.1543
2026-04-11 16:17:15,123 INFO Epoch 12 [2060/5134] loss=0.3799
2026-04-11 16:17:21,827 INFO Epoch 12 [2070/5134] loss=0.2319
2026-04-11 16:17:28,299 INFO Epoch 12 [2080/5134] loss=0.1334
2026-04-11 16:17:35,735 INFO Epoch 12 [2090/5134] loss=0.1809
2026-04-11 16:17:42,201 INFO Epoch 12 [2100/5134] loss=0.2429
2026-04-11 16:17:49,534 INFO Epoch 12 [2110/5134] loss=0.1254
2026-04-11 16:17:57,110 INFO Epoch 12 [2120/5134] loss=0.2325
2026-04-11 16:18:03,797 INFO Epoch 12 [2130/5134] loss=0.2958
2026-04-11 16:18:10,234 INFO Epoch 12 [2140/5134] loss=0.2247
2026-04-11 16:18:16,886 INFO Epoch 12 [2150/5134] loss=0.2472
2026-04-11 16:18:23,672 INFO Epoch 12 [2160/5134] loss=0.0989
2026-04-11 16:18:30,486 INFO Epoch 12 [2170/5134] loss=0.0702
2026-04-11 16:18:36,950 INFO Epoch 12 [2180/5134] loss=0.0999
2026-04-11 16:18:43,861 INFO Epoch 12 [2190/5134] loss=0.1361
2026-04-11 16:18:50,093 INFO Epoch 12 [2200/5134] loss=0.0365
2026-04-11 16:18:57,243 INFO Epoch 12 [2210/5134] loss=0.1515
2026-04-11 16:19:04,111 INFO Epoch 12 [2220/5134] loss=0.2181
2026-04-11 16:19:10,602 INFO Epoch 12 [2230/5134] loss=0.2360
2026-04-11 16:19:17,566 INFO Epoch 12 [2240/5134] loss=0.4509
2026-04-11 16:19:24,667 INFO Epoch 12 [2250/5134] loss=0.1001
2026-04-11 16:19:31,650 INFO Epoch 12 [2260/5134] loss=0.1733
2026-04-11 16:19:38,883 INFO Epoch 12 [2270/5134] loss=0.1710
2026-04-11 16:19:45,951 INFO Epoch 12 [2280/5134] loss=0.4862
2026-04-11 16:19:53,323 INFO Epoch 12 [2290/5134] loss=0.1865
2026-04-11 16:20:00,160 INFO Epoch 12 [2300/5134] loss=0.0873
2026-04-11 16:20:07,040 INFO Epoch 12 [2310/5134] loss=0.1589
2026-04-11 16:20:14,126 INFO Epoch 12 [2320/5134] loss=0.5149
2026-04-11 16:20:21,492 INFO Epoch 12 [2330/5134] loss=0.2776
2026-04-11 16:20:28,183 INFO Epoch 12 [2340/5134] loss=0.1935
2026-04-11 16:20:35,974 INFO Epoch 12 [2350/5134] loss=0.4888
2026-04-11 16:20:43,234 INFO Epoch 12 [2360/5134] loss=0.2369
2026-04-11 16:20:51,094 INFO Epoch 12 [2370/5134] loss=0.1648
2026-04-11 16:20:58,684 INFO Epoch 12 [2380/5134] loss=0.0675
2026-04-11 16:21:06,161 INFO Epoch 12 [2390/5134] loss=0.1559
2026-04-11 16:21:13,580 INFO Epoch 12 [2400/5134] loss=0.0664
2026-04-11 16:21:21,714 INFO Epoch 12 [2410/5134] loss=0.3088
2026-04-11 16:21:29,886 INFO Epoch 12 [2420/5134] loss=0.3091
2026-04-11 16:21:36,518 INFO Epoch 12 [2430/5134] loss=0.0997
2026-04-11 16:21:44,374 INFO Epoch 12 [2440/5134] loss=0.1100
2026-04-11 16:21:52,090 INFO Epoch 12 [2450/5134] loss=0.0579
2026-04-11 16:21:59,924 INFO Epoch 12 [2460/5134] loss=0.3558
2026-04-11 16:22:07,484 INFO Epoch 12 [2470/5134] loss=0.2420
2026-04-11 16:22:15,568 INFO Epoch 12 [2480/5134] loss=0.0743
2026-04-11 16:22:22,640 INFO Epoch 12 [2490/5134] loss=0.2343
2026-04-11 16:22:31,181 INFO Epoch 12 [2500/5134] loss=0.3627
2026-04-11 16:22:38,676 INFO Epoch 12 [2510/5134] loss=0.2820
2026-04-11 16:22:46,349 INFO Epoch 12 [2520/5134] loss=0.1297
2026-04-11 16:22:53,205 INFO Epoch 12 [2530/5134] loss=0.1277
2026-04-11 16:23:00,885 INFO Epoch 12 [2540/5134] loss=0.0632
2026-04-11 16:23:08,657 INFO Epoch 12 [2550/5134] loss=0.2279
2026-04-11 16:23:16,712 INFO Epoch 12 [2560/5134] loss=0.1645
2026-04-11 16:23:23,739 INFO Epoch 12 [2570/5134] loss=0.1440
2026-04-11 16:23:31,064 INFO Epoch 12 [2580/5134] loss=0.0690
2026-04-11 16:23:38,094 INFO Epoch 12 [2590/5134] loss=0.1377
2026-04-11 16:23:46,143 INFO Epoch 12 [2600/5134] loss=0.1305
2026-04-11 16:23:53,655 INFO Epoch 12 [2610/5134] loss=0.1615
2026-04-11 16:24:00,823 INFO Epoch 12 [2620/5134] loss=0.1451
2026-04-11 16:24:07,715 INFO Epoch 12 [2630/5134] loss=0.1177
2026-04-11 16:24:15,184 INFO Epoch 12 [2640/5134] loss=0.1592
2026-04-11 16:24:22,349 INFO Epoch 12 [2650/5134] loss=0.1812
2026-04-11 16:24:30,230 INFO Epoch 12 [2660/5134] loss=0.0804
2026-04-11 16:24:37,514 INFO Epoch 12 [2670/5134] loss=0.1001
2026-04-11 16:24:44,381 INFO Epoch 12 [2680/5134] loss=0.3005
2026-04-11 16:24:51,624 INFO Epoch 12 [2690/5134] loss=0.2085
2026-04-11 16:24:59,252 INFO Epoch 12 [2700/5134] loss=0.1103
2026-04-11 16:25:06,016 INFO Epoch 12 [2710/5134] loss=0.1924
2026-04-11 16:25:12,997 INFO Epoch 12 [2720/5134] loss=0.3180
2026-04-11 16:25:20,930 INFO Epoch 12 [2730/5134] loss=0.1356
2026-04-11 16:25:28,303 INFO Epoch 12 [2740/5134] loss=0.1192
2026-04-11 16:25:36,246 INFO Epoch 12 [2750/5134] loss=0.1020
2026-04-11 16:25:43,774 INFO Epoch 12 [2760/5134] loss=0.3526
2026-04-11 16:25:51,211 INFO Epoch 12 [2770/5134] loss=0.4405
2026-04-11 16:25:58,873 INFO Epoch 12 [2780/5134] loss=0.1791
2026-04-11 16:26:06,973 INFO Epoch 12 [2790/5134] loss=0.2425
2026-04-11 16:26:13,819 INFO Epoch 12 [2800/5134] loss=0.2798
2026-04-11 16:26:20,843 INFO Epoch 12 [2810/5134] loss=0.0649
2026-04-11 16:26:27,821 INFO Epoch 12 [2820/5134] loss=0.1470
2026-04-11 16:26:35,028 INFO Epoch 12 [2830/5134] loss=0.0349
2026-04-11 16:26:41,996 INFO Epoch 12 [2840/5134] loss=0.0642
2026-04-11 16:26:50,034 INFO Epoch 12 [2850/5134] loss=0.0346
2026-04-11 16:26:57,954 INFO Epoch 12 [2860/5134] loss=0.1368
2026-04-11 16:27:05,320 INFO Epoch 12 [2870/5134] loss=0.3012
2026-04-11 16:27:12,416 INFO Epoch 12 [2880/5134] loss=0.0946
2026-04-11 16:27:20,500 INFO Epoch 12 [2890/5134] loss=0.0667
2026-04-11 16:27:27,428 INFO Epoch 12 [2900/5134] loss=0.1241
2026-04-11 16:27:34,669 INFO Epoch 12 [2910/5134] loss=0.2918
2026-04-11 16:27:41,598 INFO Epoch 12 [2920/5134] loss=0.2279
2026-04-11 16:27:49,099 INFO Epoch 12 [2930/5134] loss=0.0299
2026-04-11 16:27:56,887 INFO Epoch 12 [2940/5134] loss=0.1956
2026-04-11 16:28:04,679 INFO Epoch 12 [2950/5134] loss=0.2072
2026-04-11 16:28:11,549 INFO Epoch 12 [2960/5134] loss=0.1866
2026-04-11 16:28:19,460 INFO Epoch 12 [2970/5134] loss=0.0650
2026-04-11 16:28:27,356 INFO Epoch 12 [2980/5134] loss=0.4189
2026-04-11 16:28:34,805 INFO Epoch 12 [2990/5134] loss=0.1729
2026-04-11 16:28:41,823 INFO Epoch 12 [3000/5134] loss=0.1053
2026-04-11 16:28:49,563 INFO Epoch 12 [3010/5134] loss=0.2232
2026-04-11 16:28:56,860 INFO Epoch 12 [3020/5134] loss=0.1409
2026-04-11 16:29:04,458 INFO Epoch 12 [3030/5134] loss=0.2525
2026-04-11 16:29:11,383 INFO Epoch 12 [3040/5134] loss=0.1381
2026-04-11 16:29:19,255 INFO Epoch 12 [3050/5134] loss=0.1412
2026-04-11 16:29:26,692 INFO Epoch 12 [3060/5134] loss=0.3783
2026-04-11 16:29:34,844 INFO Epoch 12 [3070/5134] loss=0.1092
2026-04-11 16:29:41,319 INFO Epoch 12 [3080/5134] loss=0.2703
2026-04-11 16:29:48,679 INFO Epoch 12 [3090/5134] loss=0.2687
2026-04-11 16:29:55,288 INFO Epoch 12 [3100/5134] loss=0.2604
2026-04-11 16:30:03,693 INFO Epoch 12 [3110/5134] loss=0.0901
2026-04-11 16:30:10,644 INFO Epoch 12 [3120/5134] loss=0.0924
2026-04-11 16:30:17,855 INFO Epoch 12 [3130/5134] loss=0.0991
2026-04-11 16:30:25,282 INFO Epoch 12 [3140/5134] loss=0.1277
2026-04-11 16:30:32,667 INFO Epoch 12 [3150/5134] loss=0.3638
2026-04-11 16:30:40,361 INFO Epoch 12 [3160/5134] loss=0.3580
2026-04-11 16:30:48,193 INFO Epoch 12 [3170/5134] loss=0.2018
2026-04-11 16:30:55,697 INFO Epoch 12 [3180/5134] loss=0.1485
2026-04-11 16:31:03,015 INFO Epoch 12 [3190/5134] loss=0.2663
2026-04-11 16:31:11,326 INFO Epoch 12 [3200/5134] loss=0.3108
2026-04-11 16:31:18,346 INFO Epoch 12 [3210/5134] loss=0.1681
2026-04-11 16:31:25,628 INFO Epoch 12 [3220/5134] loss=0.1930
2026-04-11 16:31:32,794 INFO Epoch 12 [3230/5134] loss=0.3103
2026-04-11 16:31:39,912 INFO Epoch 12 [3240/5134] loss=0.2014
2026-04-11 16:31:47,488 INFO Epoch 12 [3250/5134] loss=0.3972
2026-04-11 16:31:55,451 INFO Epoch 12 [3260/5134] loss=0.1484
2026-04-11 16:32:03,389 INFO Epoch 12 [3270/5134] loss=0.4698
2026-04-11 16:32:09,996 INFO Epoch 12 [3280/5134] loss=0.1286
2026-04-11 16:32:18,315 INFO Epoch 12 [3290/5134] loss=0.2157
2026-04-11 16:32:25,330 INFO Epoch 12 [3300/5134] loss=0.1061
2026-04-11 16:32:32,132 INFO Epoch 12 [3310/5134] loss=0.3250
2026-04-11 16:32:39,220 INFO Epoch 12 [3320/5134] loss=0.0725
2026-04-11 16:32:46,589 INFO Epoch 12 [3330/5134] loss=0.2292
2026-04-11 16:32:54,114 INFO Epoch 12 [3340/5134] loss=0.0935
2026-04-11 16:33:01,469 INFO Epoch 12 [3350/5134] loss=0.1485
2026-04-11 16:33:08,743 INFO Epoch 12 [3360/5134] loss=0.1461
2026-04-11 16:33:16,804 INFO Epoch 12 [3370/5134] loss=0.0684
2026-04-11 16:33:23,544 INFO Epoch 12 [3380/5134] loss=0.0768
2026-04-11 16:33:31,420 INFO Epoch 12 [3390/5134] loss=0.0775
2026-04-11 16:33:38,261 INFO Epoch 12 [3400/5134] loss=0.1382
2026-04-11 16:33:45,726 INFO Epoch 12 [3410/5134] loss=0.2475
2026-04-11 16:33:53,021 INFO Epoch 12 [3420/5134] loss=0.0405
2026-04-11 16:34:00,642 INFO Epoch 12 [3430/5134] loss=0.1715
2026-04-11 16:34:07,467 INFO Epoch 12 [3440/5134] loss=0.1812
2026-04-11 16:34:14,853 INFO Epoch 12 [3450/5134] loss=0.0629
2026-04-11 16:34:22,208 INFO Epoch 12 [3460/5134] loss=0.1689
2026-04-11 16:34:29,258 INFO Epoch 12 [3470/5134] loss=0.1033
2026-04-11 16:34:36,572 INFO Epoch 12 [3480/5134] loss=0.1079
2026-04-11 16:34:44,189 INFO Epoch 12 [3490/5134] loss=0.2027
2026-04-11 16:34:52,193 INFO Epoch 12 [3500/5134] loss=0.3063
2026-04-11 16:34:59,205 INFO Epoch 12 [3510/5134] loss=0.1892
2026-04-11 16:35:06,375 INFO Epoch 12 [3520/5134] loss=0.2369
2026-04-11 16:35:13,978 INFO Epoch 12 [3530/5134] loss=0.2017
2026-04-11 16:35:20,728 INFO Epoch 12 [3540/5134] loss=0.0838
2026-04-11 16:35:28,499 INFO Epoch 12 [3550/5134] loss=0.2447
2026-04-11 16:35:35,776 INFO Epoch 12 [3560/5134] loss=0.0748
2026-04-11 16:35:43,684 INFO Epoch 12 [3570/5134] loss=0.2155
2026-04-11 16:35:50,569 INFO Epoch 12 [3580/5134] loss=0.0826
2026-04-11 16:35:58,086 INFO Epoch 12 [3590/5134] loss=0.1652
2026-04-11 16:36:05,541 INFO Epoch 12 [3600/5134] loss=0.0593
2026-04-11 16:36:12,975 INFO Epoch 12 [3610/5134] loss=0.3549
2026-04-11 16:36:19,905 INFO Epoch 12 [3620/5134] loss=0.1625
2026-04-11 16:36:26,922 INFO Epoch 12 [3630/5134] loss=0.1875
2026-04-11 16:36:33,822 INFO Epoch 12 [3640/5134] loss=0.4751
2026-04-11 16:36:41,311 INFO Epoch 12 [3650/5134] loss=0.1686
2026-04-11 16:36:48,599 INFO Epoch 12 [3660/5134] loss=0.2096
2026-04-11 16:36:55,540 INFO Epoch 12 [3670/5134] loss=0.1831
2026-04-11 16:37:03,204 INFO Epoch 12 [3680/5134] loss=0.2760
2026-04-11 16:37:10,490 INFO Epoch 12 [3690/5134] loss=0.1986
2026-04-11 16:37:17,471 INFO Epoch 12 [3700/5134] loss=0.1925
2026-04-11 16:37:24,726 INFO Epoch 12 [3710/5134] loss=0.1316
2026-04-11 16:37:32,152 INFO Epoch 12 [3720/5134] loss=0.1837
2026-04-11 16:37:39,971 INFO Epoch 12 [3730/5134] loss=0.3958
2026-04-11 16:37:47,531 INFO Epoch 12 [3740/5134] loss=0.0776
2026-04-11 16:37:54,181 INFO Epoch 12 [3750/5134] loss=0.1977
2026-04-11 16:38:01,445 INFO Epoch 12 [3760/5134] loss=0.1057
2026-04-11 16:38:09,145 INFO Epoch 12 [3770/5134] loss=0.1802
2026-04-11 16:38:16,303 INFO Epoch 12 [3780/5134] loss=0.2079
2026-04-11 16:38:23,485 INFO Epoch 12 [3790/5134] loss=0.3872
2026-04-11 16:38:31,199 INFO Epoch 12 [3800/5134] loss=0.1456
2026-04-11 16:38:38,538 INFO Epoch 12 [3810/5134] loss=0.2714
2026-04-11 16:38:46,119 INFO Epoch 12 [3820/5134] loss=0.3947
2026-04-11 16:38:52,908 INFO Epoch 12 [3830/5134] loss=0.0968
2026-04-11 16:38:59,636 INFO Epoch 12 [3840/5134] loss=0.3737
2026-04-11 16:39:07,551 INFO Epoch 12 [3850/5134] loss=0.1533
2026-04-11 16:39:15,325 INFO Epoch 12 [3860/5134] loss=0.0945
2026-04-11 16:39:22,182 INFO Epoch 12 [3870/5134] loss=0.1341
2026-04-11 16:39:29,918 INFO Epoch 12 [3880/5134] loss=0.0913
2026-04-11 16:39:37,041 INFO Epoch 12 [3890/5134] loss=0.0843
2026-04-11 16:39:44,813 INFO Epoch 12 [3900/5134] loss=0.2710
2026-04-11 16:39:51,353 INFO Epoch 12 [3910/5134] loss=0.2478
2026-04-11 16:39:59,150 INFO Epoch 12 [3920/5134] loss=0.1098
2026-04-11 16:40:06,677 INFO Epoch 12 [3930/5134] loss=0.3204
2026-04-11 16:40:14,739 INFO Epoch 12 [3940/5134] loss=0.1095
2026-04-11 16:40:21,615 INFO Epoch 12 [3950/5134] loss=0.1558
2026-04-11 16:40:29,338 INFO Epoch 12 [3960/5134] loss=0.0856
2026-04-11 16:40:36,380 INFO Epoch 12 [3970/5134] loss=0.1683
2026-04-11 16:40:43,581 INFO Epoch 12 [3980/5134] loss=0.4789
2026-04-11 16:40:50,479 INFO Epoch 12 [3990/5134] loss=0.2598
2026-04-11 16:40:57,638 INFO Epoch 12 [4000/5134] loss=0.1381
2026-04-11 16:41:04,341 INFO Epoch 12 [4010/5134] loss=0.2093
2026-04-11 16:41:12,273 INFO Epoch 12 [4020/5134] loss=0.0550
2026-04-11 16:41:19,636 INFO Epoch 12 [4030/5134] loss=0.1114
2026-04-11 16:41:27,747 INFO Epoch 12 [4040/5134] loss=0.3384
2026-04-11 16:41:34,893 INFO Epoch 12 [4050/5134] loss=0.1022
2026-04-11 16:41:41,810 INFO Epoch 12 [4060/5134] loss=0.0449
2026-04-11 16:41:49,017 INFO Epoch 12 [4070/5134] loss=0.0845
2026-04-11 16:41:56,547 INFO Epoch 12 [4080/5134] loss=0.1000
2026-04-11 16:42:03,917 INFO Epoch 12 [4090/5134] loss=0.1712
2026-04-11 16:42:10,448 INFO Epoch 12 [4100/5134] loss=0.1985
2026-04-11 16:42:17,520 INFO Epoch 12 [4110/5134] loss=0.1126
2026-04-11 16:42:25,398 INFO Epoch 12 [4120/5134] loss=0.0892
2026-04-11 16:42:32,648 INFO Epoch 12 [4130/5134] loss=0.0925
2026-04-11 16:42:40,300 INFO Epoch 12 [4140/5134] loss=0.1882
2026-04-11 16:42:48,353 INFO Epoch 12 [4150/5134] loss=0.2278
2026-04-11 16:42:55,584 INFO Epoch 12 [4160/5134] loss=0.3363
2026-04-11 16:43:02,758 INFO Epoch 12 [4170/5134] loss=0.0817
2026-04-11 16:43:09,490 INFO Epoch 12 [4180/5134] loss=0.0697
2026-04-11 16:43:17,943 INFO Epoch 12 [4190/5134] loss=0.0801
2026-04-11 16:43:27,723 INFO Epoch 12 [4200/5134] loss=0.2510
2026-04-11 16:43:37,056 INFO Epoch 12 [4210/5134] loss=0.2375
2026-04-11 16:43:45,478 INFO Epoch 12 [4220/5134] loss=0.1852
2026-04-11 16:43:56,374 INFO Epoch 12 [4230/5134] loss=0.1952
2026-04-11 16:44:04,544 INFO Epoch 12 [4240/5134] loss=0.1098
2026-04-11 16:44:13,982 INFO Epoch 12 [4250/5134] loss=0.0920
2026-04-11 16:44:22,718 INFO Epoch 12 [4260/5134] loss=0.0910
2026-04-11 16:44:33,274 INFO Epoch 12 [4270/5134] loss=0.3391
2026-04-11 16:44:41,803 INFO Epoch 12 [4280/5134] loss=0.1839
2026-04-11 16:44:51,037 INFO Epoch 12 [4290/5134] loss=0.3884
2026-04-11 16:44:59,189 INFO Epoch 12 [4300/5134] loss=0.3590
2026-04-11 16:45:08,682 INFO Epoch 12 [4310/5134] loss=0.2212
2026-04-11 16:45:17,838 INFO Epoch 12 [4320/5134] loss=0.2889
2026-04-11 16:45:27,131 INFO Epoch 12 [4330/5134] loss=0.2338
2026-04-11 16:45:35,581 INFO Epoch 12 [4340/5134] loss=0.1372
2026-04-11 16:45:45,564 INFO Epoch 12 [4350/5134] loss=0.1381
2026-04-11 16:45:54,265 INFO Epoch 12 [4360/5134] loss=0.1276
2026-04-11 16:46:03,708 INFO Epoch 12 [4370/5134] loss=0.0993
2026-04-11 16:46:12,086 INFO Epoch 12 [4380/5134] loss=0.2573
2026-04-11 16:46:21,984 INFO Epoch 12 [4390/5134] loss=0.2492
2026-04-11 16:46:30,884 INFO Epoch 12 [4400/5134] loss=0.2510
2026-04-11 16:46:40,756 INFO Epoch 12 [4410/5134] loss=0.2622
2026-04-11 16:46:48,712 INFO Epoch 12 [4420/5134] loss=0.1310
2026-04-11 16:46:58,577 INFO Epoch 12 [4430/5134] loss=0.0901
2026-04-11 16:47:07,228 INFO Epoch 12 [4440/5134] loss=0.2734
2026-04-11 16:47:18,105 INFO Epoch 12 [4450/5134] loss=0.4342
2026-04-11 16:47:26,712 INFO Epoch 12 [4460/5134] loss=0.3824
2026-04-11 16:47:36,044 INFO Epoch 12 [4470/5134] loss=0.1938
2026-04-11 16:47:44,004 INFO Epoch 12 [4480/5134] loss=0.1814
2026-04-11 16:47:54,128 INFO Epoch 12 [4490/5134] loss=0.2339
2026-04-11 16:48:02,672 INFO Epoch 12 [4500/5134] loss=0.1598
2026-04-11 16:48:12,597 INFO Epoch 12 [4510/5134] loss=0.2584
2026-04-11 16:48:20,593 INFO Epoch 12 [4520/5134] loss=0.3197
2026-04-11 16:48:28,871 INFO Epoch 12 [4530/5134] loss=0.3614
2026-04-11 16:48:36,465 INFO Epoch 12 [4540/5134] loss=0.0547
2026-04-11 16:48:45,408 INFO Epoch 12 [4550/5134] loss=0.2934
2026-04-11 16:48:52,668 INFO Epoch 12 [4560/5134] loss=0.2682
2026-04-11 16:48:59,990 INFO Epoch 12 [4570/5134] loss=0.1613
2026-04-11 16:49:07,503 INFO Epoch 12 [4580/5134] loss=0.4343
2026-04-11 16:49:16,024 INFO Epoch 12 [4590/5134] loss=0.2648
2026-04-11 16:49:23,608 INFO Epoch 12 [4600/5134] loss=0.4474
2026-04-11 16:49:32,233 INFO Epoch 12 [4610/5134] loss=0.2069
2026-04-11 16:49:40,261 INFO Epoch 12 [4620/5134] loss=0.3215
2026-04-11 16:49:48,095 INFO Epoch 12 [4630/5134] loss=0.2714
2026-04-11 16:49:54,901 INFO Epoch 12 [4640/5134] loss=0.0825
2026-04-11 16:50:02,914 INFO Epoch 12 [4650/5134] loss=0.1471
2026-04-11 16:50:10,058 INFO Epoch 12 [4660/5134] loss=0.0593
2026-04-11 16:50:17,807 INFO Epoch 12 [4670/5134] loss=0.4335
2026-04-11 16:50:24,939 INFO Epoch 12 [4680/5134] loss=0.2833
2026-04-11 16:50:33,006 INFO Epoch 12 [4690/5134] loss=0.1579
2026-04-11 16:50:40,622 INFO Epoch 12 [4700/5134] loss=0.2186
2026-04-11 16:50:48,505 INFO Epoch 12 [4710/5134] loss=0.3547
2026-04-11 16:50:56,361 INFO Epoch 12 [4720/5134] loss=0.1899
2026-04-11 16:51:04,677 INFO Epoch 12 [4730/5134] loss=0.1331
2026-04-11 16:51:12,623 INFO Epoch 12 [4740/5134] loss=0.2044
2026-04-11 16:51:20,351 INFO Epoch 12 [4750/5134] loss=0.4045
2026-04-11 16:51:28,332 INFO Epoch 12 [4760/5134] loss=0.3776
2026-04-11 16:51:36,703 INFO Epoch 12 [4770/5134] loss=0.1642
2026-04-11 16:51:44,235 INFO Epoch 12 [4780/5134] loss=0.2024
2026-04-11 16:51:51,717 INFO Epoch 12 [4790/5134] loss=0.1518
2026-04-11 16:51:59,782 INFO Epoch 12 [4800/5134] loss=0.1966
2026-04-11 16:52:07,239 INFO Epoch 12 [4810/5134] loss=0.1845
2026-04-11 16:52:15,442 INFO Epoch 12 [4820/5134] loss=0.2011
2026-04-11 16:52:22,693 INFO Epoch 12 [4830/5134] loss=0.0576
2026-04-11 16:52:30,700 INFO Epoch 12 [4840/5134] loss=0.2168
2026-04-11 16:52:38,000 INFO Epoch 12 [4850/5134] loss=0.4034
2026-04-11 16:52:46,051 INFO Epoch 12 [4860/5134] loss=0.1947
2026-04-11 16:52:53,577 INFO Epoch 12 [4870/5134] loss=0.2848
2026-04-11 16:53:01,686 INFO Epoch 12 [4880/5134] loss=0.2971
2026-04-11 16:53:09,066 INFO Epoch 12 [4890/5134] loss=0.3210
2026-04-11 16:53:17,110 INFO Epoch 12 [4900/5134] loss=0.1218
2026-04-11 16:53:24,450 INFO Epoch 12 [4910/5134] loss=0.2010
2026-04-11 16:53:32,056 INFO Epoch 12 [4920/5134] loss=0.1363
2026-04-11 16:53:39,568 INFO Epoch 12 [4930/5134] loss=0.1848
2026-04-11 16:53:48,332 INFO Epoch 12 [4940/5134] loss=0.0741
2026-04-11 16:53:55,529 INFO Epoch 12 [4950/5134] loss=0.4352
2026-04-11 16:54:02,855 INFO Epoch 12 [4960/5134] loss=0.1419
2026-04-11 16:54:09,961 INFO Epoch 12 [4970/5134] loss=0.2719
2026-04-11 16:54:17,738 INFO Epoch 12 [4980/5134] loss=0.1676
2026-04-11 16:54:24,998 INFO Epoch 12 [4990/5134] loss=0.1498
2026-04-11 16:54:32,786 INFO Epoch 12 [5000/5134] loss=0.0474
2026-04-11 16:54:40,354 INFO Epoch 12 [5010/5134] loss=0.0546
2026-04-11 16:54:48,302 INFO Epoch 12 [5020/5134] loss=0.0689
2026-04-11 16:54:55,923 INFO Epoch 12 [5030/5134] loss=0.2767
2026-04-11 16:55:04,236 INFO Epoch 12 [5040/5134] loss=0.0266
2026-04-11 16:55:11,722 INFO Epoch 12 [5050/5134] loss=0.3608
2026-04-11 16:55:20,445 INFO Epoch 12 [5060/5134] loss=0.3365
2026-04-11 16:55:27,548 INFO Epoch 12 [5070/5134] loss=0.0384
2026-04-11 16:55:35,563 INFO Epoch 12 [5080/5134] loss=0.1896
2026-04-11 16:55:43,578 INFO Epoch 12 [5090/5134] loss=0.1150
2026-04-11 16:55:52,163 INFO Epoch 12 [5100/5134] loss=0.2691
2026-04-11 16:55:59,680 INFO Epoch 12 [5110/5134] loss=0.1057
2026-04-11 16:56:08,737 INFO Epoch 12 [5120/5134] loss=0.2505
2026-04-11 16:56:16,167 INFO Epoch 12 [5130/5134] loss=0.2030
2026-04-11 17:35:47,706 INFO Epoch 12/15 (6180s) lr=0.000010 | train_loss=0.1843 train_iou=0.3152 | val_loss=0.4333 val_iou=0.2706 val_dice=0.2837 val_f1=0.1475
2026-04-11 18:01:06,394 INFO Epoch 13 [0/5134] loss=0.1857
2026-04-11 18:01:13,266 INFO Epoch 13 [10/5134] loss=0.0428
2026-04-11 18:01:21,345 INFO Epoch 13 [20/5134] loss=0.1273
2026-04-11 18:01:28,496 INFO Epoch 13 [30/5134] loss=0.0948
2026-04-11 18:01:35,971 INFO Epoch 13 [40/5134] loss=0.0615
2026-04-11 18:01:43,686 INFO Epoch 13 [50/5134] loss=0.0539
2026-04-11 18:01:50,548 INFO Epoch 13 [60/5134] loss=0.0489
2026-04-11 18:01:58,680 INFO Epoch 13 [70/5134] loss=0.0699
2026-04-11 18:02:05,668 INFO Epoch 13 [80/5134] loss=0.0599
2026-04-11 18:02:11,912 INFO Epoch 13 [90/5134] loss=0.0755
2026-04-11 18:02:19,776 INFO Epoch 13 [100/5134] loss=0.0833
2026-04-11 18:02:27,082 INFO Epoch 13 [110/5134] loss=0.0880
2026-04-11 18:02:33,813 INFO Epoch 13 [120/5134] loss=0.0486
2026-04-11 18:02:41,579 INFO Epoch 13 [130/5134] loss=0.0690
2026-04-11 18:02:48,277 INFO Epoch 13 [140/5134] loss=0.0715
2026-04-11 18:02:55,683 INFO Epoch 13 [150/5134] loss=0.0631
2026-04-11 18:03:02,485 INFO Epoch 13 [160/5134] loss=0.0546
2026-04-11 18:03:10,257 INFO Epoch 13 [170/5134] loss=0.0197
2026-04-11 18:03:17,552 INFO Epoch 13 [180/5134] loss=0.0287
2026-04-11 18:03:25,113 INFO Epoch 13 [190/5134] loss=0.0533
2026-04-11 18:03:32,059 INFO Epoch 13 [200/5134] loss=0.0266
2026-04-11 18:03:39,986 INFO Epoch 13 [210/5134] loss=0.0271
2026-04-11 18:03:47,122 INFO Epoch 13 [220/5134] loss=0.0546
2026-04-11 18:03:55,330 INFO Epoch 13 [230/5134] loss=0.0679
2026-04-11 18:04:02,556 INFO Epoch 13 [240/5134] loss=0.0430
2026-04-11 18:04:09,955 INFO Epoch 13 [250/5134] loss=0.0473
2026-04-11 18:04:16,747 INFO Epoch 13 [260/5134] loss=0.0498
2026-04-11 18:04:23,669 INFO Epoch 13 [270/5134] loss=0.0222
2026-04-11 18:04:30,694 INFO Epoch 13 [280/5134] loss=0.0560
2026-04-11 18:04:38,873 INFO Epoch 13 [290/5134] loss=0.0890
2026-04-11 18:04:46,836 INFO Epoch 13 [300/5134] loss=0.0229
2026-04-11 18:04:54,868 INFO Epoch 13 [310/5134] loss=0.1850
2026-04-11 18:05:01,757 INFO Epoch 13 [320/5134] loss=0.1965
2026-04-11 18:05:09,849 INFO Epoch 13 [330/5134] loss=0.1322
2026-04-11 18:05:16,654 INFO Epoch 13 [340/5134] loss=0.0275
2026-04-11 18:05:24,493 INFO Epoch 13 [350/5134] loss=0.1282
2026-04-11 18:05:32,015 INFO Epoch 13 [360/5134] loss=0.1224
2026-04-11 18:05:39,576 INFO Epoch 13 [370/5134] loss=0.0306
2026-04-11 18:05:46,754 INFO Epoch 13 [380/5134] loss=0.0593
2026-04-11 18:05:54,096 INFO Epoch 13 [390/5134] loss=0.1010
2026-04-11 18:06:01,985 INFO Epoch 13 [400/5134] loss=0.0715
2026-04-11 18:06:08,680 INFO Epoch 13 [410/5134] loss=0.0610
2026-04-11 18:06:15,553 INFO Epoch 13 [420/5134] loss=0.0515
2026-04-11 18:06:23,961 INFO Epoch 13 [430/5134] loss=0.1703
2026-04-11 18:06:31,488 INFO Epoch 13 [440/5134] loss=0.0863
2026-04-11 18:06:38,291 INFO Epoch 13 [450/5134] loss=0.3055
2026-04-11 18:06:45,400 INFO Epoch 13 [460/5134] loss=0.0967
2026-04-11 18:06:53,878 INFO Epoch 13 [470/5134] loss=0.1412
2026-04-11 18:07:00,621 INFO Epoch 13 [480/5134] loss=0.0724
2026-04-11 18:07:07,913 INFO Epoch 13 [490/5134] loss=0.0469
2026-04-11 18:07:15,328 INFO Epoch 13 [500/5134] loss=0.1158
2026-04-11 18:07:21,875 INFO Epoch 13 [510/5134] loss=0.0403
2026-04-11 18:07:28,385 INFO Epoch 13 [520/5134] loss=0.0555
2026-04-11 18:07:34,700 INFO Epoch 13 [530/5134] loss=0.0898
2026-04-11 18:07:41,276 INFO Epoch 13 [540/5134] loss=0.0680
2026-04-11 18:07:48,085 INFO Epoch 13 [550/5134] loss=0.0965
2026-04-11 18:07:54,770 INFO Epoch 13 [560/5134] loss=0.3344
2026-04-11 18:08:01,767 INFO Epoch 13 [570/5134] loss=0.1191
2026-04-11 18:08:09,211 INFO Epoch 13 [580/5134] loss=0.1062
2026-04-11 18:08:15,868 INFO Epoch 13 [590/5134] loss=0.1088
2026-04-11 18:08:22,830 INFO Epoch 13 [600/5134] loss=0.0479
2026-04-11 18:08:30,187 INFO Epoch 13 [610/5134] loss=0.0417
2026-04-11 18:08:37,399 INFO Epoch 13 [620/5134] loss=0.1192
2026-04-11 18:08:44,008 INFO Epoch 13 [630/5134] loss=0.0520
2026-04-11 18:08:51,068 INFO Epoch 13 [640/5134] loss=0.1332
2026-04-11 18:08:57,479 INFO Epoch 13 [650/5134] loss=0.2530
2026-04-11 18:09:04,705 INFO Epoch 13 [660/5134] loss=0.0308
2026-04-11 18:09:11,995 INFO Epoch 13 [670/5134] loss=0.1476
2026-04-11 18:09:19,334 INFO Epoch 13 [680/5134] loss=0.4506
2026-04-11 18:09:25,296 INFO Epoch 13 [690/5134] loss=0.0986
2026-04-11 18:09:32,728 INFO Epoch 13 [700/5134] loss=0.1355
2026-04-11 18:09:39,304 INFO Epoch 13 [710/5134] loss=0.0873
2026-04-11 18:09:46,613 INFO Epoch 13 [720/5134] loss=0.1099
2026-04-11 18:09:53,207 INFO Epoch 13 [730/5134] loss=0.1927
2026-04-11 18:10:00,606 INFO Epoch 13 [740/5134] loss=0.0801
2026-04-11 18:10:07,545 INFO Epoch 13 [750/5134] loss=0.3290
2026-04-11 18:10:14,879 INFO Epoch 13 [760/5134] loss=0.1226
2026-04-11 18:10:21,154 INFO Epoch 13 [770/5134] loss=0.5317
2026-04-11 18:10:28,159 INFO Epoch 13 [780/5134] loss=0.2498
2026-04-11 18:10:35,074 INFO Epoch 13 [790/5134] loss=0.2329
2026-04-11 18:10:42,633 INFO Epoch 13 [800/5134] loss=0.0521
2026-04-11 18:10:48,874 INFO Epoch 13 [810/5134] loss=0.0793
2026-04-11 18:10:56,189 INFO Epoch 13 [820/5134] loss=0.1909
2026-04-11 18:11:02,609 INFO Epoch 13 [830/5134] loss=0.1103
2026-04-11 18:11:10,151 INFO Epoch 13 [840/5134] loss=0.5706
2026-04-11 18:11:16,975 INFO Epoch 13 [850/5134] loss=0.2637
2026-04-11 18:11:23,169 INFO Epoch 13 [860/5134] loss=0.0722
2026-04-11 18:11:30,191 INFO Epoch 13 [870/5134] loss=0.2270
2026-04-11 18:11:36,714 INFO Epoch 13 [880/5134] loss=0.3615
2026-04-11 18:11:44,096 INFO Epoch 13 [890/5134] loss=0.1057
2026-04-11 18:11:52,053 INFO Epoch 13 [900/5134] loss=0.1658
2026-04-11 18:11:59,051 INFO Epoch 13 [910/5134] loss=0.4366
2026-04-11 18:12:06,085 INFO Epoch 13 [920/5134] loss=0.0819
2026-04-11 18:12:12,832 INFO Epoch 13 [930/5134] loss=0.3410
2026-04-11 18:12:19,165 INFO Epoch 13 [940/5134] loss=0.0505
2026-04-11 18:12:26,636 INFO Epoch 13 [950/5134] loss=0.2256
2026-04-11 18:12:33,344 INFO Epoch 13 [960/5134] loss=0.0884
2026-04-11 18:12:41,378 INFO Epoch 13 [970/5134] loss=0.2387
2026-04-11 18:12:48,172 INFO Epoch 13 [980/5134] loss=0.0908
2026-04-11 18:12:55,316 INFO Epoch 13 [990/5134] loss=0.1671
2026-04-11 18:13:02,709 INFO Epoch 13 [1000/5134] loss=0.2750
2026-04-11 18:13:10,224 INFO Epoch 13 [1010/5134] loss=0.1617
2026-04-11 18:13:16,781 INFO Epoch 13 [1020/5134] loss=0.1050
2026-04-11 18:13:23,181 INFO Epoch 13 [1030/5134] loss=0.2276
2026-04-11 18:13:30,058 INFO Epoch 13 [1040/5134] loss=0.1274
2026-04-11 18:13:37,099 INFO Epoch 13 [1050/5134] loss=0.2378
2026-04-11 18:13:43,563 INFO Epoch 13 [1060/5134] loss=0.0336
2026-04-11 18:13:50,548 INFO Epoch 13 [1070/5134] loss=0.2194
2026-04-11 18:13:57,294 INFO Epoch 13 [1080/5134] loss=0.6512
2026-04-11 18:14:04,288 INFO Epoch 13 [1090/5134] loss=0.0503
2026-04-11 18:14:11,009 INFO Epoch 13 [1100/5134] loss=0.0712
2026-04-11 18:14:18,055 INFO Epoch 13 [1110/5134] loss=0.2014
2026-04-11 18:14:24,580 INFO Epoch 13 [1120/5134] loss=0.3725
2026-04-11 18:14:32,101 INFO Epoch 13 [1130/5134] loss=0.1748
2026-04-11 18:14:39,555 INFO Epoch 13 [1140/5134] loss=0.0936
2026-04-11 18:14:47,172 INFO Epoch 13 [1150/5134] loss=0.1332
2026-04-11 18:14:53,938 INFO Epoch 13 [1160/5134] loss=0.2875
2026-04-11 18:15:01,651 INFO Epoch 13 [1170/5134] loss=0.1391
2026-04-11 18:15:08,361 INFO Epoch 13 [1180/5134] loss=0.0437
2026-04-11 18:15:14,919 INFO Epoch 13 [1190/5134] loss=0.2870
2026-04-11 18:15:21,779 INFO Epoch 13 [1200/5134] loss=0.4462
2026-04-11 18:15:28,407 INFO Epoch 13 [1210/5134] loss=0.1827
2026-04-11 18:15:34,728 INFO Epoch 13 [1220/5134] loss=0.1793
2026-04-11 18:15:41,487 INFO Epoch 13 [1230/5134] loss=0.4833
2026-04-11 18:15:48,266 INFO Epoch 13 [1240/5134] loss=0.1910
2026-04-11 18:15:55,123 INFO Epoch 13 [1250/5134] loss=0.2277
2026-04-11 18:16:01,518 INFO Epoch 13 [1260/5134] loss=0.1987
2026-04-11 18:16:08,118 INFO Epoch 13 [1270/5134] loss=0.2957
2026-04-11 18:16:15,072 INFO Epoch 13 [1280/5134] loss=0.1557
2026-04-11 18:16:22,341 INFO Epoch 13 [1290/5134] loss=0.0966
2026-04-11 18:16:28,954 INFO Epoch 13 [1300/5134] loss=0.0523
2026-04-11 18:16:36,261 INFO Epoch 13 [1310/5134] loss=0.2782
2026-04-11 18:16:43,310 INFO Epoch 13 [1320/5134] loss=0.1254
2026-04-11 18:16:50,301 INFO Epoch 13 [1330/5134] loss=0.1043
2026-04-11 18:16:57,442 INFO Epoch 13 [1340/5134] loss=0.1182
2026-04-11 18:17:03,901 INFO Epoch 13 [1350/5134] loss=0.1534
2026-04-11 18:17:10,373 INFO Epoch 13 [1360/5134] loss=0.3850
2026-04-11 18:17:17,454 INFO Epoch 13 [1370/5134] loss=0.3757
2026-04-11 18:17:24,201 INFO Epoch 13 [1380/5134] loss=0.2471
2026-04-11 18:17:31,193 INFO Epoch 13 [1390/5134] loss=0.0526
2026-04-11 18:17:38,074 INFO Epoch 13 [1400/5134] loss=0.0970
2026-04-11 18:17:45,106 INFO Epoch 13 [1410/5134] loss=0.2968
2026-04-11 18:17:52,774 INFO Epoch 13 [1420/5134] loss=0.1203
2026-04-11 18:17:59,185 INFO Epoch 13 [1430/5134] loss=0.1069
2026-04-11 18:18:06,498 INFO Epoch 13 [1440/5134] loss=0.3020
2026-04-11 18:18:13,135 INFO Epoch 13 [1450/5134] loss=0.4236
2026-04-11 18:18:19,457 INFO Epoch 13 [1460/5134] loss=0.1060
2026-04-11 18:18:27,299 INFO Epoch 13 [1470/5134] loss=0.3488
2026-04-11 18:18:33,889 INFO Epoch 13 [1480/5134] loss=0.0986
2026-04-11 18:18:40,616 INFO Epoch 13 [1490/5134] loss=0.0894
2026-04-11 18:18:47,267 INFO Epoch 13 [1500/5134] loss=0.0800
2026-04-11 18:18:53,466 INFO Epoch 13 [1510/5134] loss=0.2365
2026-04-11 18:19:00,436 INFO Epoch 13 [1520/5134] loss=0.3635
2026-04-11 18:19:08,094 INFO Epoch 13 [1530/5134] loss=0.1169
2026-04-11 18:19:14,680 INFO Epoch 13 [1540/5134] loss=0.1567
2026-04-11 18:19:21,854 INFO Epoch 13 [1550/5134] loss=0.0291
2026-04-11 18:19:28,641 INFO Epoch 13 [1560/5134] loss=0.0653
2026-04-11 18:19:36,218 INFO Epoch 13 [1570/5134] loss=0.2282
2026-04-11 18:19:42,381 INFO Epoch 13 [1580/5134] loss=0.2433
2026-04-11 18:19:49,147 INFO Epoch 13 [1590/5134] loss=0.1474
2026-04-11 18:19:56,788 INFO Epoch 13 [1600/5134] loss=0.3474
2026-04-11 18:20:03,256 INFO Epoch 13 [1610/5134] loss=0.1248
2026-04-11 18:20:09,760 INFO Epoch 13 [1620/5134] loss=0.0687
2026-04-11 18:20:16,749 INFO Epoch 13 [1630/5134] loss=0.1230
2026-04-11 18:20:24,049 INFO Epoch 13 [1640/5134] loss=0.2347
2026-04-11 18:20:30,731 INFO Epoch 13 [1650/5134] loss=0.0496
2026-04-11 18:20:37,874 INFO Epoch 13 [1660/5134] loss=0.2305
2026-04-11 18:20:45,753 INFO Epoch 13 [1670/5134] loss=0.1397
2026-04-11 18:20:52,607 INFO Epoch 13 [1680/5134] loss=0.0432
2026-04-11 18:20:59,964 INFO Epoch 13 [1690/5134] loss=0.0638
2026-04-11 18:21:06,291 INFO Epoch 13 [1700/5134] loss=0.1478
2026-04-11 18:21:13,945 INFO Epoch 13 [1710/5134] loss=0.1919
2026-04-11 18:21:20,641 INFO Epoch 13 [1720/5134] loss=0.1133
2026-04-11 18:21:27,275 INFO Epoch 13 [1730/5134] loss=0.2760
2026-04-11 18:21:34,055 INFO Epoch 13 [1740/5134] loss=0.1727
2026-04-11 18:21:41,313 INFO Epoch 13 [1750/5134] loss=0.1997
2026-04-11 18:21:48,694 INFO Epoch 13 [1760/5134] loss=0.1787
2026-04-11 18:21:55,362 INFO Epoch 13 [1770/5134] loss=0.1719
2026-04-11 18:22:02,878 INFO Epoch 13 [1780/5134] loss=0.0940
2026-04-11 18:22:09,734 INFO Epoch 13 [1790/5134] loss=0.0350
2026-04-11 18:22:16,893 INFO Epoch 13 [1800/5134] loss=0.1509
2026-04-11 18:22:24,021 INFO Epoch 13 [1810/5134] loss=0.3809
2026-04-11 18:22:31,235 INFO Epoch 13 [1820/5134] loss=0.3145
2026-04-11 18:22:38,001 INFO Epoch 13 [1830/5134] loss=0.2542
2026-04-11 18:22:44,690 INFO Epoch 13 [1840/5134] loss=0.1654
2026-04-11 18:22:51,887 INFO Epoch 13 [1850/5134] loss=0.2189
2026-04-11 18:22:58,330 INFO Epoch 13 [1860/5134] loss=0.1324
2026-04-11 18:23:04,811 INFO Epoch 13 [1870/5134] loss=0.1251
2026-04-11 18:23:11,182 INFO Epoch 13 [1880/5134] loss=0.2841
2026-04-11 18:23:18,493 INFO Epoch 13 [1890/5134] loss=0.2973
2026-04-11 18:23:26,320 INFO Epoch 13 [1900/5134] loss=0.0737
2026-04-11 18:23:33,778 INFO Epoch 13 [1910/5134] loss=0.2720
2026-04-11 18:23:41,233 INFO Epoch 13 [1920/5134] loss=0.1145
2026-04-11 18:23:49,442 INFO Epoch 13 [1930/5134] loss=0.1818
2026-04-11 18:23:56,960 INFO Epoch 13 [1940/5134] loss=0.1994
2026-04-11 18:24:03,423 INFO Epoch 13 [1950/5134] loss=0.2300
2026-04-11 18:24:10,486 INFO Epoch 13 [1960/5134] loss=0.2517
2026-04-11 18:24:17,387 INFO Epoch 13 [1970/5134] loss=0.2653
2026-04-11 18:24:24,602 INFO Epoch 13 [1980/5134] loss=0.0895
2026-04-11 18:24:31,939 INFO Epoch 13 [1990/5134] loss=0.0674
2026-04-11 18:24:39,477 INFO Epoch 13 [2000/5134] loss=0.2132
2026-04-11 18:24:46,094 INFO Epoch 13 [2010/5134] loss=0.1450
2026-04-11 18:24:53,620 INFO Epoch 13 [2020/5134] loss=0.0922
2026-04-11 18:25:00,321 INFO Epoch 13 [2030/5134] loss=0.1928
2026-04-11 18:25:07,643 INFO Epoch 13 [2040/5134] loss=0.1826
2026-04-11 18:25:14,230 INFO Epoch 13 [2050/5134] loss=0.3027
2026-04-11 18:25:21,072 INFO Epoch 13 [2060/5134] loss=0.1486
2026-04-11 18:25:27,177 INFO Epoch 13 [2070/5134] loss=0.1854
2026-04-11 18:25:34,136 INFO Epoch 13 [2080/5134] loss=0.3535
2026-04-11 18:25:40,783 INFO Epoch 13 [2090/5134] loss=0.1963
2026-04-11 18:25:47,637 INFO Epoch 13 [2100/5134] loss=0.2584
2026-04-11 18:25:54,369 INFO Epoch 13 [2110/5134] loss=0.4583
2026-04-11 18:26:01,618 INFO Epoch 13 [2120/5134] loss=0.0727
2026-04-11 18:26:08,374 INFO Epoch 13 [2130/5134] loss=0.1130
2026-04-11 18:26:15,169 INFO Epoch 13 [2140/5134] loss=0.1893
2026-04-11 18:26:21,923 INFO Epoch 13 [2150/5134] loss=0.0945
2026-04-11 18:26:28,673 INFO Epoch 13 [2160/5134] loss=0.4383
2026-04-11 18:26:36,262 INFO Epoch 13 [2170/5134] loss=0.1295
2026-04-11 18:26:43,033 INFO Epoch 13 [2180/5134] loss=0.1057
2026-04-11 18:26:49,597 INFO Epoch 13 [2190/5134] loss=0.2083
2026-04-11 18:26:56,620 INFO Epoch 13 [2200/5134] loss=0.1252
2026-04-11 18:27:03,602 INFO Epoch 13 [2210/5134] loss=0.1881
2026-04-11 18:27:09,609 INFO Epoch 13 [2220/5134] loss=0.0599
2026-04-11 18:27:17,744 INFO Epoch 13 [2230/5134] loss=0.0468
2026-04-11 18:27:24,567 INFO Epoch 13 [2240/5134] loss=0.1195
2026-04-11 18:27:31,774 INFO Epoch 13 [2250/5134] loss=0.0958
2026-04-11 18:27:38,940 INFO Epoch 13 [2260/5134] loss=0.1790
2026-04-11 18:27:46,061 INFO Epoch 13 [2270/5134] loss=0.0871
2026-04-11 18:27:53,006 INFO Epoch 13 [2280/5134] loss=0.2538
2026-04-11 18:28:00,155 INFO Epoch 13 [2290/5134] loss=0.2205
2026-04-11 18:28:07,761 INFO Epoch 13 [2300/5134] loss=0.0917
2026-04-11 18:28:14,024 INFO Epoch 13 [2310/5134] loss=0.3088
2026-04-11 18:28:21,316 INFO Epoch 13 [2320/5134] loss=0.0752
2026-04-11 18:28:27,755 INFO Epoch 13 [2330/5134] loss=0.1309
2026-04-11 18:28:35,565 INFO Epoch 13 [2340/5134] loss=0.1050
2026-04-11 18:28:42,722 INFO Epoch 13 [2350/5134] loss=0.3682
2026-04-11 18:28:50,898 INFO Epoch 13 [2360/5134] loss=0.1582
2026-04-11 18:28:58,405 INFO Epoch 13 [2370/5134] loss=0.2746
2026-04-11 18:29:05,862 INFO Epoch 13 [2380/5134] loss=0.1065
2026-04-11 18:29:13,169 INFO Epoch 13 [2390/5134] loss=0.0388
2026-04-11 18:29:20,522 INFO Epoch 13 [2400/5134] loss=0.2822
2026-04-11 18:29:28,522 INFO Epoch 13 [2410/5134] loss=0.1337
2026-04-11 18:29:36,077 INFO Epoch 13 [2420/5134] loss=0.3369
2026-04-11 18:29:43,435 INFO Epoch 13 [2430/5134] loss=0.4514
2026-04-11 18:29:50,690 INFO Epoch 13 [2440/5134] loss=0.1587
2026-04-11 18:29:59,267 INFO Epoch 13 [2450/5134] loss=0.1729
2026-04-11 18:30:06,271 INFO Epoch 13 [2460/5134] loss=0.0819
2026-04-11 18:30:14,270 INFO Epoch 13 [2470/5134] loss=0.1000
2026-04-11 18:30:21,339 INFO Epoch 13 [2480/5134] loss=0.1025
2026-04-11 18:30:29,161 INFO Epoch 13 [2490/5134] loss=0.3094
2026-04-11 18:30:36,478 INFO Epoch 13 [2500/5134] loss=0.3167
2026-04-11 18:30:44,260 INFO Epoch 13 [2510/5134] loss=0.4776
2026-04-11 18:30:51,545 INFO Epoch 13 [2520/5134] loss=0.0401
2026-04-11 18:30:59,668 INFO Epoch 13 [2530/5134] loss=0.2966
2026-04-11 18:31:06,185 INFO Epoch 13 [2540/5134] loss=0.3354
2026-04-11 18:31:13,334 INFO Epoch 13 [2550/5134] loss=0.1973
2026-04-11 18:31:20,344 INFO Epoch 13 [2560/5134] loss=0.2209
2026-04-11 18:31:28,403 INFO Epoch 13 [2570/5134] loss=0.3303
2026-04-11 18:31:35,311 INFO Epoch 13 [2580/5134] loss=0.1691
2026-04-11 18:31:42,542 INFO Epoch 13 [2590/5134] loss=0.2209
2026-04-11 18:31:50,539 INFO Epoch 13 [2600/5134] loss=0.1137
2026-04-11 18:31:57,818 INFO Epoch 13 [2610/5134] loss=0.1669
2026-04-11 18:32:05,589 INFO Epoch 13 [2620/5134] loss=0.2135
2026-04-11 18:32:12,514 INFO Epoch 13 [2630/5134] loss=0.1849
2026-04-11 18:32:19,694 INFO Epoch 13 [2640/5134] loss=0.0797
2026-04-11 18:32:27,147 INFO Epoch 13 [2650/5134] loss=0.1358
2026-04-11 18:32:34,396 INFO Epoch 13 [2660/5134] loss=0.2688
2026-04-11 18:32:42,144 INFO Epoch 13 [2670/5134] loss=0.0792
2026-04-11 18:32:51,198 INFO Epoch 13 [2680/5134] loss=0.4459
2026-04-11 18:32:57,762 INFO Epoch 13 [2690/5134] loss=0.0999
2026-04-11 18:33:06,063 INFO Epoch 13 [2700/5134] loss=0.0872
2026-04-11 18:33:12,864 INFO Epoch 13 [2710/5134] loss=0.1963
2026-04-11 18:33:21,085 INFO Epoch 13 [2720/5134] loss=0.1583
2026-04-11 18:33:28,592 INFO Epoch 13 [2730/5134] loss=0.3248
2026-04-11 18:33:36,952 INFO Epoch 13 [2740/5134] loss=0.1834
2026-04-11 18:33:43,885 INFO Epoch 13 [2750/5134] loss=0.2177
2026-04-11 18:33:51,440 INFO Epoch 13 [2760/5134] loss=0.1850
2026-04-11 18:33:59,051 INFO Epoch 13 [2770/5134] loss=0.1540
2026-04-11 18:34:06,960 INFO Epoch 13 [2780/5134] loss=0.3139
2026-04-11 18:34:13,752 INFO Epoch 13 [2790/5134] loss=0.2455
2026-04-11 18:34:21,551 INFO Epoch 13 [2800/5134] loss=0.0337
2026-04-11 18:34:29,660 INFO Epoch 13 [2810/5134] loss=0.2576
2026-04-11 18:34:37,307 INFO Epoch 13 [2820/5134] loss=0.2283
2026-04-11 18:34:45,403 INFO Epoch 13 [2830/5134] loss=0.1538
2026-04-11 18:34:53,254 INFO Epoch 13 [2840/5134] loss=0.0298
2026-04-11 18:35:00,620 INFO Epoch 13 [2850/5134] loss=0.0768
2026-04-11 18:35:08,645 INFO Epoch 13 [2860/5134] loss=0.0984
2026-04-11 18:35:15,962 INFO Epoch 13 [2870/5134] loss=0.0376
2026-04-11 18:35:23,740 INFO Epoch 13 [2880/5134] loss=0.1244
2026-04-11 18:35:30,977 INFO Epoch 13 [2890/5134] loss=0.1036
2026-04-11 18:35:39,037 INFO Epoch 13 [2900/5134] loss=0.2746
2026-04-11 18:35:46,067 INFO Epoch 13 [2910/5134] loss=0.0946
2026-04-11 18:35:53,825 INFO Epoch 13 [2920/5134] loss=0.0410
2026-04-11 18:36:01,197 INFO Epoch 13 [2930/5134] loss=0.3185
2026-04-11 18:36:08,195 INFO Epoch 13 [2940/5134] loss=0.1200
2026-04-11 18:36:15,293 INFO Epoch 13 [2950/5134] loss=0.2260
2026-04-11 18:36:23,209 INFO Epoch 13 [2960/5134] loss=0.4570
2026-04-11 18:36:30,474 INFO Epoch 13 [2970/5134] loss=0.2297
2026-04-11 18:36:38,593 INFO Epoch 13 [2980/5134] loss=0.2624
2026-04-11 18:36:45,612 INFO Epoch 13 [2990/5134] loss=0.3225
2026-04-11 18:36:53,879 INFO Epoch 13 [3000/5134] loss=0.0764
2026-04-11 18:37:00,834 INFO Epoch 13 [3010/5134] loss=0.1618
2026-04-11 18:37:08,692 INFO Epoch 13 [3020/5134] loss=0.0673
2026-04-11 18:37:15,812 INFO Epoch 13 [3030/5134] loss=0.1211
2026-04-11 18:37:23,004 INFO Epoch 13 [3040/5134] loss=0.3197
2026-04-11 18:37:29,891 INFO Epoch 13 [3050/5134] loss=0.3177
2026-04-11 18:37:38,100 INFO Epoch 13 [3060/5134] loss=0.2214
2026-04-11 18:37:44,843 INFO Epoch 13 [3070/5134] loss=0.1557
2026-04-11 18:37:51,854 INFO Epoch 13 [3080/5134] loss=0.2525
2026-04-11 18:37:59,295 INFO Epoch 13 [3090/5134] loss=0.3021
2026-04-11 18:38:06,061 INFO Epoch 13 [3100/5134] loss=0.4148
2026-04-11 18:38:13,476 INFO Epoch 13 [3110/5134] loss=0.3171
2026-04-11 18:38:20,454 INFO Epoch 13 [3120/5134] loss=0.1719
2026-04-11 18:38:28,348 INFO Epoch 13 [3130/5134] loss=0.1399
2026-04-11 18:38:34,885 INFO Epoch 13 [3140/5134] loss=0.2970
2026-04-11 18:38:42,049 INFO Epoch 13 [3150/5134] loss=0.0385
2026-04-11 18:38:49,209 INFO Epoch 13 [3160/5134] loss=0.1109
2026-04-11 18:38:57,240 INFO Epoch 13 [3170/5134] loss=0.3503
2026-04-11 18:39:04,041 INFO Epoch 13 [3180/5134] loss=0.0908
2026-04-11 18:39:12,191 INFO Epoch 13 [3190/5134] loss=0.1512
2026-04-11 18:39:19,421 INFO Epoch 13 [3200/5134] loss=0.3062
2026-04-11 18:39:26,957 INFO Epoch 13 [3210/5134] loss=0.2685
2026-04-11 18:39:34,836 INFO Epoch 13 [3220/5134] loss=0.0787
2026-04-11 18:39:41,922 INFO Epoch 13 [3230/5134] loss=0.0759
2026-04-11 18:39:49,133 INFO Epoch 13 [3240/5134] loss=0.0601
2026-04-11 18:39:56,734 INFO Epoch 13 [3250/5134] loss=0.2366
2026-04-11 18:40:04,897 INFO Epoch 13 [3260/5134] loss=0.1562
2026-04-11 18:40:12,301 INFO Epoch 13 [3270/5134] loss=0.2931
2026-04-11 18:40:19,472 INFO Epoch 13 [3280/5134] loss=0.2902
2026-04-11 18:40:26,164 INFO Epoch 13 [3290/5134] loss=0.1199
2026-04-11 18:40:33,740 INFO Epoch 13 [3300/5134] loss=0.1343
2026-04-11 18:40:41,191 INFO Epoch 13 [3310/5134] loss=0.0887
2026-04-11 18:40:49,747 INFO Epoch 13 [3320/5134] loss=0.2479
2026-04-11 18:40:56,862 INFO Epoch 13 [3330/5134] loss=0.1959
2026-04-11 18:41:04,342 INFO Epoch 13 [3340/5134] loss=0.2656
2026-04-11 18:41:11,026 INFO Epoch 13 [3350/5134] loss=0.0286
2026-04-11 18:41:19,400 INFO Epoch 13 [3360/5134] loss=0.1212
2026-04-11 18:41:27,233 INFO Epoch 13 [3370/5134] loss=0.1166
2026-04-11 18:41:34,798 INFO Epoch 13 [3380/5134] loss=0.0571
2026-04-11 18:41:41,668 INFO Epoch 13 [3390/5134] loss=0.0520
2026-04-11 18:41:49,820 INFO Epoch 13 [3400/5134] loss=0.1323
2026-04-11 18:41:56,458 INFO Epoch 13 [3410/5134] loss=0.0736
2026-04-11 18:42:03,432 INFO Epoch 13 [3420/5134] loss=0.1053
2026-04-11 18:42:10,675 INFO Epoch 13 [3430/5134] loss=0.0418
2026-04-11 18:42:18,165 INFO Epoch 13 [3440/5134] loss=0.1998
2026-04-11 18:42:25,144 INFO Epoch 13 [3450/5134] loss=0.2165
2026-04-11 18:42:32,420 INFO Epoch 13 [3460/5134] loss=0.1378
2026-04-11 18:42:39,626 INFO Epoch 13 [3470/5134] loss=0.2803
2026-04-11 18:42:47,369 INFO Epoch 13 [3480/5134] loss=0.4498
2026-04-11 18:42:54,663 INFO Epoch 13 [3490/5134] loss=0.0684
2026-04-11 18:43:02,106 INFO Epoch 13 [3500/5134] loss=0.1794
2026-04-11 18:43:09,618 INFO Epoch 13 [3510/5134] loss=0.2631
2026-04-11 18:43:17,440 INFO Epoch 13 [3520/5134] loss=0.1053
2026-04-11 18:43:24,502 INFO Epoch 13 [3530/5134] loss=0.0643
2026-04-11 18:43:31,701 INFO Epoch 13 [3540/5134] loss=0.0756
2026-04-11 18:43:39,396 INFO Epoch 13 [3550/5134] loss=0.0977
2026-04-11 18:43:47,081 INFO Epoch 13 [3560/5134] loss=0.1791
2026-04-11 18:43:54,834 INFO Epoch 13 [3570/5134] loss=0.1538
2026-04-11 18:44:02,363 INFO Epoch 13 [3580/5134] loss=0.0971
2026-04-11 18:44:09,558 INFO Epoch 13 [3590/5134] loss=0.1850
2026-04-11 18:44:17,211 INFO Epoch 13 [3600/5134] loss=0.1072
2026-04-11 18:44:24,138 INFO Epoch 13 [3610/5134] loss=0.0276
2026-04-11 18:44:32,449 INFO Epoch 13 [3620/5134] loss=0.1356
2026-04-11 18:44:39,912 INFO Epoch 13 [3630/5134] loss=0.0851
2026-04-11 18:44:47,847 INFO Epoch 13 [3640/5134] loss=0.3658
2026-04-11 18:44:54,389 INFO Epoch 13 [3650/5134] loss=0.1437
2026-04-11 18:45:01,773 INFO Epoch 13 [3660/5134] loss=0.0910
2026-04-11 18:45:09,719 INFO Epoch 13 [3670/5134] loss=0.3272
2026-04-11 18:45:17,187 INFO Epoch 13 [3680/5134] loss=0.2308
2026-04-11 18:45:24,595 INFO Epoch 13 [3690/5134] loss=0.2153
2026-04-11 18:45:32,645 INFO Epoch 13 [3700/5134] loss=0.2050
2026-04-11 18:45:40,365 INFO Epoch 13 [3710/5134] loss=0.1803
2026-04-11 18:45:48,337 INFO Epoch 13 [3720/5134] loss=0.3604
2026-04-11 18:45:55,308 INFO Epoch 13 [3730/5134] loss=0.0678
2026-04-11 18:46:02,465 INFO Epoch 13 [3740/5134] loss=0.1600
2026-04-11 18:46:09,536 INFO Epoch 13 [3750/5134] loss=0.0273
2026-04-11 18:46:17,656 INFO Epoch 13 [3760/5134] loss=0.1560
2026-04-11 18:46:24,712 INFO Epoch 13 [3770/5134] loss=0.2343
2026-04-11 18:46:31,911 INFO Epoch 13 [3780/5134] loss=0.0954
2026-04-11 18:46:39,260 INFO Epoch 13 [3790/5134] loss=0.4437
2026-04-11 18:46:46,378 INFO Epoch 13 [3800/5134] loss=0.0697
2026-04-11 18:46:53,425 INFO Epoch 13 [3810/5134] loss=0.0917
2026-04-11 18:47:00,529 INFO Epoch 13 [3820/5134] loss=0.1111
2026-04-11 18:47:08,323 INFO Epoch 13 [3830/5134] loss=0.2891
2026-04-11 18:47:16,367 INFO Epoch 13 [3840/5134] loss=0.4394
2026-04-11 18:47:23,536 INFO Epoch 13 [3850/5134] loss=0.1846
2026-04-11 18:47:30,025 INFO Epoch 13 [3860/5134] loss=0.1171
2026-04-11 18:47:37,445 INFO Epoch 13 [3870/5134] loss=0.1216
2026-04-11 18:47:44,554 INFO Epoch 13 [3880/5134] loss=0.0946
2026-04-11 18:47:52,279 INFO Epoch 13 [3890/5134] loss=0.0909
2026-04-11 18:47:59,061 INFO Epoch 13 [3900/5134] loss=0.0818
2026-04-11 18:48:07,257 INFO Epoch 13 [3910/5134] loss=0.0787
2026-04-11 18:48:14,795 INFO Epoch 13 [3920/5134] loss=0.4004
2026-04-11 18:48:21,866 INFO Epoch 13 [3930/5134] loss=0.0491
2026-04-11 18:48:29,710 INFO Epoch 13 [3940/5134] loss=0.0779
2026-04-11 18:48:37,159 INFO Epoch 13 [3950/5134] loss=0.1300
2026-04-11 18:48:45,311 INFO Epoch 13 [3960/5134] loss=0.1309
2026-04-11 18:48:52,613 INFO Epoch 13 [3970/5134] loss=0.2327
2026-04-11 18:49:01,501 INFO Epoch 13 [3980/5134] loss=0.0647
2026-04-11 18:49:09,295 INFO Epoch 13 [3990/5134] loss=0.1270
2026-04-11 18:49:17,879 INFO Epoch 13 [4000/5134] loss=0.1794
2026-04-11 18:49:25,026 INFO Epoch 13 [4010/5134] loss=0.1209
2026-04-11 18:49:34,320 INFO Epoch 13 [4020/5134] loss=0.2042
2026-04-11 18:49:41,646 INFO Epoch 13 [4030/5134] loss=0.2502
2026-04-11 18:49:50,042 INFO Epoch 13 [4040/5134] loss=0.2580
2026-04-11 18:49:58,611 INFO Epoch 13 [4050/5134] loss=0.0372
2026-04-11 18:50:06,360 INFO Epoch 13 [4060/5134] loss=0.1924
2026-04-11 18:50:13,922 INFO Epoch 13 [4070/5134] loss=0.1096
2026-04-11 18:50:21,964 INFO Epoch 13 [4080/5134] loss=0.2370
2026-04-11 18:50:29,219 INFO Epoch 13 [4090/5134] loss=0.2976
2026-04-11 18:50:37,574 INFO Epoch 13 [4100/5134] loss=0.3171
2026-04-11 18:50:44,538 INFO Epoch 13 [4110/5134] loss=0.2074
2026-04-11 18:50:52,669 INFO Epoch 13 [4120/5134] loss=0.1043
2026-04-11 18:51:00,436 INFO Epoch 13 [4130/5134] loss=0.4333
2026-04-11 18:51:08,883 INFO Epoch 13 [4140/5134] loss=0.2469
2026-04-11 18:51:15,917 INFO Epoch 13 [4150/5134] loss=0.2462
2026-04-11 18:51:23,571 INFO Epoch 13 [4160/5134] loss=0.1579
2026-04-11 18:51:31,131 INFO Epoch 13 [4170/5134] loss=0.0864
2026-04-11 18:51:38,788 INFO Epoch 13 [4180/5134] loss=0.1446
2026-04-11 18:51:46,550 INFO Epoch 13 [4190/5134] loss=0.2734
2026-04-11 18:51:56,689 INFO Epoch 13 [4200/5134] loss=0.3053
2026-04-11 18:52:05,858 INFO Epoch 13 [4210/5134] loss=0.1381
2026-04-11 18:52:15,786 INFO Epoch 13 [4220/5134] loss=0.1443
2026-04-11 18:52:24,248 INFO Epoch 13 [4230/5134] loss=0.2346
2026-04-11 18:52:34,478 INFO Epoch 13 [4240/5134] loss=0.1347
2026-04-11 18:52:44,422 INFO Epoch 13 [4250/5134] loss=0.3246
2026-04-11 18:52:53,961 INFO Epoch 13 [4260/5134] loss=0.1151
2026-04-11 18:53:03,062 INFO Epoch 13 [4270/5134] loss=0.0971
2026-04-11 18:53:13,123 INFO Epoch 13 [4280/5134] loss=0.0457
2026-04-11 18:53:23,073 INFO Epoch 13 [4290/5134] loss=0.2622
2026-04-11 18:53:31,690 INFO Epoch 13 [4300/5134] loss=0.1778
2026-04-11 18:53:41,429 INFO Epoch 13 [4310/5134] loss=0.1143
2026-04-11 18:53:50,916 INFO Epoch 13 [4320/5134] loss=0.1475
2026-04-11 18:54:01,211 INFO Epoch 13 [4330/5134] loss=0.0781
2026-04-11 18:54:10,865 INFO Epoch 13 [4340/5134] loss=0.2044
2026-04-11 18:54:19,979 INFO Epoch 13 [4350/5134] loss=0.2011
2026-04-11 18:54:29,268 INFO Epoch 13 [4360/5134] loss=0.1033
2026-04-11 18:54:37,619 INFO Epoch 13 [4370/5134] loss=0.1080
2026-04-11 18:54:47,678 INFO Epoch 13 [4380/5134] loss=0.1696
2026-04-11 18:54:56,107 INFO Epoch 13 [4390/5134] loss=0.2579
2026-04-11 18:55:06,138 INFO Epoch 13 [4400/5134] loss=0.1717
2026-04-11 18:55:14,243 INFO Epoch 13 [4410/5134] loss=0.1223
2026-04-11 18:55:23,616 INFO Epoch 13 [4420/5134] loss=0.1987
2026-04-11 18:55:32,002 INFO Epoch 13 [4430/5134] loss=0.1296
2026-04-11 18:55:41,319 INFO Epoch 13 [4440/5134] loss=0.1963
2026-04-11 18:55:50,332 INFO Epoch 13 [4450/5134] loss=0.1144
2026-04-11 18:55:59,892 INFO Epoch 13 [4460/5134] loss=0.0794
2026-04-11 18:56:08,978 INFO Epoch 13 [4470/5134] loss=0.0436
2026-04-11 18:56:17,546 INFO Epoch 13 [4480/5134] loss=0.2651
2026-04-11 18:56:27,052 INFO Epoch 13 [4490/5134] loss=0.3185
2026-04-11 18:56:35,051 INFO Epoch 13 [4500/5134] loss=0.1171
2026-04-11 18:56:44,935 INFO Epoch 13 [4510/5134] loss=0.1420
2026-04-11 18:56:52,944 INFO Epoch 13 [4520/5134] loss=0.3916
2026-04-11 18:57:00,748 INFO Epoch 13 [4530/5134] loss=0.1274
2026-04-11 18:57:08,527 INFO Epoch 13 [4540/5134] loss=0.1994
2026-04-11 18:57:16,653 INFO Epoch 13 [4550/5134] loss=0.0653
2026-04-11 18:57:24,029 INFO Epoch 13 [4560/5134] loss=0.2127
2026-04-11 18:57:32,459 INFO Epoch 13 [4570/5134] loss=0.0986
2026-04-11 18:57:40,082 INFO Epoch 13 [4580/5134] loss=0.1021
2026-04-11 18:57:47,951 INFO Epoch 13 [4590/5134] loss=0.2624
2026-04-11 18:57:55,043 INFO Epoch 13 [4600/5134] loss=0.1114
2026-04-11 18:58:02,885 INFO Epoch 13 [4610/5134] loss=0.1530
2026-04-11 18:58:10,049 INFO Epoch 13 [4620/5134] loss=0.2562
2026-04-11 18:58:18,370 INFO Epoch 13 [4630/5134] loss=0.1252
2026-04-11 18:58:25,777 INFO Epoch 13 [4640/5134] loss=0.2179
2026-04-11 18:58:33,993 INFO Epoch 13 [4650/5134] loss=0.1051
2026-04-11 18:58:40,940 INFO Epoch 13 [4660/5134] loss=0.1128
2026-04-11 18:58:48,964 INFO Epoch 13 [4670/5134] loss=0.2093
2026-04-11 18:58:56,523 INFO Epoch 13 [4680/5134] loss=0.0715
2026-04-11 18:59:04,854 INFO Epoch 13 [4690/5134] loss=0.1938
2026-04-11 18:59:12,145 INFO Epoch 13 [4700/5134] loss=0.3237
2026-04-11 18:59:19,982 INFO Epoch 13 [4710/5134] loss=0.0333
2026-04-11 18:59:26,856 INFO Epoch 13 [4720/5134] loss=0.0604
2026-04-11 18:59:34,750 INFO Epoch 13 [4730/5134] loss=0.1517
2026-04-11 18:59:42,457 INFO Epoch 13 [4740/5134] loss=0.0998
2026-04-11 18:59:50,823 INFO Epoch 13 [4750/5134] loss=0.2073
2026-04-11 18:59:57,987 INFO Epoch 13 [4760/5134] loss=0.2226
2026-04-11 19:00:05,447 INFO Epoch 13 [4770/5134] loss=0.0980
2026-04-11 19:00:13,166 INFO Epoch 13 [4780/5134] loss=0.2106
2026-04-11 19:00:21,542 INFO Epoch 13 [4790/5134] loss=0.1912
2026-04-11 19:00:28,794 INFO Epoch 13 [4800/5134] loss=0.1397
2026-04-11 19:00:37,057 INFO Epoch 13 [4810/5134] loss=0.3367
2026-04-11 19:00:44,085 INFO Epoch 13 [4820/5134] loss=0.3577
2026-04-11 19:00:51,197 INFO Epoch 13 [4830/5134] loss=0.0940
2026-04-11 19:00:58,808 INFO Epoch 13 [4840/5134] loss=0.4447
2026-04-11 19:01:05,962 INFO Epoch 13 [4850/5134] loss=0.3073
2026-04-11 19:01:13,102 INFO Epoch 13 [4860/5134] loss=0.1756
2026-04-11 19:01:21,048 INFO Epoch 13 [4870/5134] loss=0.0609
2026-04-11 19:01:28,860 INFO Epoch 13 [4880/5134] loss=0.0623
2026-04-11 19:01:36,921 INFO Epoch 13 [4890/5134] loss=0.2030
2026-04-11 19:01:44,708 INFO Epoch 13 [4900/5134] loss=0.0852
2026-04-11 19:01:52,587 INFO Epoch 13 [4910/5134] loss=0.1375
2026-04-11 19:02:00,067 INFO Epoch 13 [4920/5134] loss=0.4191
2026-04-11 19:02:07,412 INFO Epoch 13 [4930/5134] loss=0.1788
2026-04-11 19:02:14,816 INFO Epoch 13 [4940/5134] loss=0.3000
2026-04-11 19:02:22,434 INFO Epoch 13 [4950/5134] loss=0.0802
2026-04-11 19:02:29,501 INFO Epoch 13 [4960/5134] loss=0.1771
2026-04-11 19:02:37,573 INFO Epoch 13 [4970/5134] loss=0.1723
2026-04-11 19:02:44,217 INFO Epoch 13 [4980/5134] loss=0.1358
2026-04-11 19:02:52,280 INFO Epoch 13 [4990/5134] loss=0.3155
2026-04-11 19:02:59,390 INFO Epoch 13 [5000/5134] loss=0.0699
2026-04-11 19:03:08,403 INFO Epoch 13 [5010/5134] loss=0.2077
2026-04-11 19:03:15,917 INFO Epoch 13 [5020/5134] loss=0.0980
2026-04-11 19:03:23,966 INFO Epoch 13 [5030/5134] loss=0.3399
2026-04-11 19:03:31,419 INFO Epoch 13 [5040/5134] loss=0.0575
2026-04-11 19:03:39,101 INFO Epoch 13 [5050/5134] loss=0.3291
2026-04-11 19:03:46,141 INFO Epoch 13 [5060/5134] loss=0.1440
2026-04-11 19:03:54,014 INFO Epoch 13 [5070/5134] loss=0.0292
2026-04-11 19:04:01,459 INFO Epoch 13 [5080/5134] loss=0.0679
2026-04-11 19:04:08,988 INFO Epoch 13 [5090/5134] loss=0.2016
2026-04-11 19:04:16,378 INFO Epoch 13 [5100/5134] loss=0.1614
2026-04-11 19:04:24,499 INFO Epoch 13 [5110/5134] loss=0.2149
2026-04-11 19:04:32,642 INFO Epoch 13 [5120/5134] loss=0.3804
2026-04-11 19:04:40,228 INFO Epoch 13 [5130/5134] loss=0.2763
2026-04-11 19:44:26,657 INFO Epoch 13/15 (6217s) lr=0.000004 | train_loss=0.1763 train_iou=0.3203 | val_loss=0.4346 val_iou=0.2449 val_dice=0.2581 val_f1=0.1460
2026-04-11 19:44:43,899 INFO Epoch 14 [0/5134] loss=0.0873
2026-04-11 19:44:52,538 INFO Epoch 14 [10/5134] loss=0.1086
2026-04-11 19:45:00,867 INFO Epoch 14 [20/5134] loss=0.0571
2026-04-11 19:45:08,260 INFO Epoch 14 [30/5134] loss=0.1247
2026-04-11 19:45:16,253 INFO Epoch 14 [40/5134] loss=0.0166
2026-04-11 19:45:23,887 INFO Epoch 14 [50/5134] loss=0.0683
2026-04-11 19:45:32,086 INFO Epoch 14 [60/5134] loss=0.0549
2026-04-11 19:45:39,285 INFO Epoch 14 [70/5134] loss=0.0859
2026-04-11 19:45:47,330 INFO Epoch 14 [80/5134] loss=0.0194
2026-04-11 19:45:54,874 INFO Epoch 14 [90/5134] loss=0.1572
2026-04-11 19:46:03,393 INFO Epoch 14 [100/5134] loss=0.0169
2026-04-11 19:46:11,482 INFO Epoch 14 [110/5134] loss=0.0671
2026-04-11 19:46:18,638 INFO Epoch 14 [120/5134] loss=0.1181
2026-04-11 19:46:26,136 INFO Epoch 14 [130/5134] loss=0.0208
2026-04-11 19:46:34,516 INFO Epoch 14 [140/5134] loss=0.0956
2026-04-11 19:46:42,583 INFO Epoch 14 [150/5134] loss=0.0437
2026-04-11 19:46:49,450 INFO Epoch 14 [160/5134] loss=0.0543
2026-04-11 19:46:57,705 INFO Epoch 14 [170/5134] loss=0.0406
2026-04-11 19:47:05,253 INFO Epoch 14 [180/5134] loss=0.1428
2026-04-11 19:47:13,606 INFO Epoch 14 [190/5134] loss=0.0236
2026-04-11 19:47:20,840 INFO Epoch 14 [200/5134] loss=0.0288
2026-04-11 19:47:28,604 INFO Epoch 14 [210/5134] loss=0.0250
2026-04-11 19:47:36,116 INFO Epoch 14 [220/5134] loss=0.1435
2026-04-11 19:47:44,293 INFO Epoch 14 [230/5134] loss=0.0518
2026-04-11 19:47:52,592 INFO Epoch 14 [240/5134] loss=0.0515
2026-04-11 19:47:59,383 INFO Epoch 14 [250/5134] loss=0.0674
2026-04-11 19:48:07,236 INFO Epoch 14 [260/5134] loss=0.0629
2026-04-11 19:48:15,188 INFO Epoch 14 [270/5134] loss=0.0928
2026-04-11 19:48:23,518 INFO Epoch 14 [280/5134] loss=0.1540
2026-04-11 19:48:30,621 INFO Epoch 14 [290/5134] loss=0.1941
2026-04-11 19:48:39,047 INFO Epoch 14 [300/5134] loss=0.0559
2026-04-11 19:48:46,793 INFO Epoch 14 [310/5134] loss=0.0437
2026-04-11 19:48:55,144 INFO Epoch 14 [320/5134] loss=0.1274
2026-04-11 19:49:02,549 INFO Epoch 14 [330/5134] loss=0.1485
2026-04-11 19:49:10,294 INFO Epoch 14 [340/5134] loss=0.0573
2026-04-11 19:49:18,244 INFO Epoch 14 [350/5134] loss=0.0574
2026-04-11 19:49:26,565 INFO Epoch 14 [360/5134] loss=0.0741
2026-04-11 19:49:34,633 INFO Epoch 14 [370/5134] loss=0.0671
2026-04-11 19:49:41,733 INFO Epoch 14 [380/5134] loss=0.1010
2026-04-11 19:49:49,590 INFO Epoch 14 [390/5134] loss=0.2513
2026-04-11 19:49:57,843 INFO Epoch 14 [400/5134] loss=0.1047
2026-04-11 19:50:06,139 INFO Epoch 14 [410/5134] loss=0.0717
2026-04-11 19:50:13,041 INFO Epoch 14 [420/5134] loss=0.0558
2026-04-11 19:50:21,205 INFO Epoch 14 [430/5134] loss=0.1408
2026-04-11 19:50:28,947 INFO Epoch 14 [440/5134] loss=0.0484
2026-04-11 19:50:37,266 INFO Epoch 14 [450/5134] loss=0.1215
2026-04-11 19:50:44,376 INFO Epoch 14 [460/5134] loss=0.0227
2026-04-11 19:50:52,460 INFO Epoch 14 [470/5134] loss=0.0551
2026-04-11 19:51:00,167 INFO Epoch 14 [480/5134] loss=0.2068
2026-04-11 19:51:08,447 INFO Epoch 14 [490/5134] loss=0.0471
2026-04-11 19:51:16,484 INFO Epoch 14 [500/5134] loss=0.1636
2026-04-11 19:51:23,793 INFO Epoch 14 [510/5134] loss=0.0317
2026-04-11 19:51:31,386 INFO Epoch 14 [520/5134] loss=0.0279
2026-04-11 19:51:39,715 INFO Epoch 14 [530/5134] loss=0.1380
2026-04-11 19:51:47,883 INFO Epoch 14 [540/5134] loss=0.1276
2026-04-11 19:51:55,251 INFO Epoch 14 [550/5134] loss=0.0391
2026-04-11 19:52:03,261 INFO Epoch 14 [560/5134] loss=0.0493
2026-04-11 19:52:11,044 INFO Epoch 14 [570/5134] loss=0.0510
2026-04-11 19:52:19,425 INFO Epoch 14 [580/5134] loss=0.0876
2026-04-11 19:52:26,515 INFO Epoch 14 [590/5134] loss=0.0356
2026-04-11 19:52:35,094 INFO Epoch 14 [600/5134] loss=0.0842
2026-04-11 19:52:42,810 INFO Epoch 14 [610/5134] loss=0.1633
2026-04-11 19:52:51,167 INFO Epoch 14 [620/5134] loss=0.1600
2026-04-11 19:52:58,597 INFO Epoch 14 [630/5134] loss=0.0176
2026-04-11 19:53:06,324 INFO Epoch 14 [640/5134] loss=0.1102
2026-04-11 19:53:14,271 INFO Epoch 14 [650/5134] loss=0.1401
2026-04-11 19:53:22,609 INFO Epoch 14 [660/5134] loss=0.0383
2026-04-11 19:53:30,869 INFO Epoch 14 [670/5134] loss=0.1569
2026-04-11 19:53:38,327 INFO Epoch 14 [680/5134] loss=0.1377
2026-04-11 19:53:46,036 INFO Epoch 14 [690/5134] loss=0.0849
2026-04-11 19:53:54,458 INFO Epoch 14 [700/5134] loss=0.1519
2026-04-11 19:54:02,840 INFO Epoch 14 [710/5134] loss=0.0708
2026-04-11 19:54:10,273 INFO Epoch 14 [720/5134] loss=0.1069
2026-04-11 19:54:18,209 INFO Epoch 14 [730/5134] loss=0.3559
2026-04-11 19:54:26,586 INFO Epoch 14 [740/5134] loss=0.2672
2026-04-11 19:54:35,128 INFO Epoch 14 [750/5134] loss=0.3614
2026-04-11 19:54:42,472 INFO Epoch 14 [760/5134] loss=0.1755
2026-04-11 19:54:50,758 INFO Epoch 14 [770/5134] loss=0.1728
2026-04-11 19:54:59,106 INFO Epoch 14 [780/5134] loss=0.2816
2026-04-11 19:55:07,432 INFO Epoch 14 [790/5134] loss=0.1429
2026-04-11 19:55:14,678 INFO Epoch 14 [800/5134] loss=0.1150
2026-04-11 19:55:23,103 INFO Epoch 14 [810/5134] loss=0.3585
2026-04-11 19:55:30,882 INFO Epoch 14 [820/5134] loss=0.1190
2026-04-11 19:55:39,310 INFO Epoch 14 [830/5134] loss=0.1075
2026-04-11 19:55:46,594 INFO Epoch 14 [840/5134] loss=0.2130
2026-04-11 19:55:54,990 INFO Epoch 14 [850/5134] loss=0.1031
2026-04-11 19:56:02,672 INFO Epoch 14 [860/5134] loss=0.0871
2026-04-11 19:56:11,062 INFO Epoch 14 [870/5134] loss=0.2851
2026-04-11 19:56:18,846 INFO Epoch 14 [880/5134] loss=0.4190
2026-04-11 19:56:26,487 INFO Epoch 14 [890/5134] loss=0.1801
2026-04-11 19:56:34,476 INFO Epoch 14 [900/5134] loss=0.1546
2026-04-11 19:56:42,889 INFO Epoch 14 [910/5134] loss=0.1100
2026-04-11 19:56:51,317 INFO Epoch 14 [920/5134] loss=0.0857
2026-04-11 19:56:58,624 INFO Epoch 14 [930/5134] loss=0.1784
2026-04-11 19:57:06,284 INFO Epoch 14 [940/5134] loss=0.1660
2026-04-11 19:57:14,686 INFO Epoch 14 [950/5134] loss=0.2292
2026-04-11 19:57:23,248 INFO Epoch 14 [960/5134] loss=0.0727
2026-04-11 19:57:30,345 INFO Epoch 14 [970/5134] loss=0.2230
2026-04-11 19:57:38,244 INFO Epoch 14 [980/5134] loss=0.2041
2026-04-11 19:57:46,429 INFO Epoch 14 [990/5134] loss=0.3235
2026-04-11 19:57:54,902 INFO Epoch 14 [1000/5134] loss=0.1397
2026-04-11 19:58:02,024 INFO Epoch 14 [1010/5134] loss=0.3270
2026-04-11 19:58:10,498 INFO Epoch 14 [1020/5134] loss=0.2848
2026-04-11 19:58:18,350 INFO Epoch 14 [1030/5134] loss=0.1387
2026-04-11 19:58:26,850 INFO Epoch 14 [1040/5134] loss=0.2035
2026-04-11 19:58:34,056 INFO Epoch 14 [1050/5134] loss=0.3091
2026-04-11 19:58:42,464 INFO Epoch 14 [1060/5134] loss=0.1964
2026-04-11 19:58:50,202 INFO Epoch 14 [1070/5134] loss=0.1030
2026-04-11 19:58:58,622 INFO Epoch 14 [1080/5134] loss=0.0764
2026-04-11 19:59:06,364 INFO Epoch 14 [1090/5134] loss=0.2472
2026-04-11 19:59:14,353 INFO Epoch 14 [1100/5134] loss=0.1571
2026-04-11 19:59:22,345 INFO Epoch 14 [1110/5134] loss=0.0756
2026-04-11 19:59:30,454 INFO Epoch 14 [1120/5134] loss=0.2508
2026-04-11 19:59:38,564 INFO Epoch 14 [1130/5134] loss=0.1671
2026-04-11 19:59:46,211 INFO Epoch 14 [1140/5134] loss=0.1114
2026-04-11 19:59:54,048 INFO Epoch 14 [1150/5134] loss=0.3774
2026-04-11 20:00:02,459 INFO Epoch 14 [1160/5134] loss=0.0815
2026-04-11 20:00:10,721 INFO Epoch 14 [1170/5134] loss=0.1064
2026-04-11 20:00:18,057 INFO Epoch 14 [1180/5134] loss=0.0352
2026-04-11 20:00:25,809 INFO Epoch 14 [1190/5134] loss=0.1992
2026-04-11 20:00:34,089 INFO Epoch 14 [1200/5134] loss=0.0962
2026-04-11 20:00:42,504 INFO Epoch 14 [1210/5134] loss=0.1880
2026-04-11 20:00:49,867 INFO Epoch 14 [1220/5134] loss=0.1231
2026-04-11 20:00:58,001 INFO Epoch 14 [1230/5134] loss=0.1329
2026-04-11 20:01:05,811 INFO Epoch 14 [1240/5134] loss=0.0382
2026-04-11 20:01:14,271 INFO Epoch 14 [1250/5134] loss=0.2648
2026-04-11 20:01:21,542 INFO Epoch 14 [1260/5134] loss=0.1254
2026-04-11 20:01:29,961 INFO Epoch 14 [1270/5134] loss=0.2371
2026-04-11 20:01:37,625 INFO Epoch 14 [1280/5134] loss=0.1549
2026-04-11 20:01:46,075 INFO Epoch 14 [1290/5134] loss=0.2793
2026-04-11 20:01:53,708 INFO Epoch 14 [1300/5134] loss=0.0371
2026-04-11 20:02:01,865 INFO Epoch 14 [1310/5134] loss=0.1888
2026-04-11 20:02:09,906 INFO Epoch 14 [1320/5134] loss=0.3687
2026-04-11 20:02:18,244 INFO Epoch 14 [1330/5134] loss=0.1236
2026-04-11 20:02:26,234 INFO Epoch 14 [1340/5134] loss=0.2580
2026-04-11 20:02:34,143 INFO Epoch 14 [1350/5134] loss=0.1896
2026-04-11 20:02:41,936 INFO Epoch 14 [1360/5134] loss=0.0964
2026-04-11 20:02:50,422 INFO Epoch 14 [1370/5134] loss=0.1488
2026-04-11 20:02:58,576 INFO Epoch 14 [1380/5134] loss=0.0816
2026-04-11 20:03:06,030 INFO Epoch 14 [1390/5134] loss=0.1986
2026-04-11 20:03:14,072 INFO Epoch 14 [1400/5134] loss=0.1045
2026-04-11 20:03:22,402 INFO Epoch 14 [1410/5134] loss=0.1022
2026-04-11 20:03:30,850 INFO Epoch 14 [1420/5134] loss=0.2046
2026-04-11 20:03:37,898 INFO Epoch 14 [1430/5134] loss=0.1652
2026-04-11 20:03:45,956 INFO Epoch 14 [1440/5134] loss=0.2219
2026-04-11 20:03:54,311 INFO Epoch 14 [1450/5134] loss=0.1618
2026-04-11 20:04:02,597 INFO Epoch 14 [1460/5134] loss=0.0558
2026-04-11 20:04:09,617 INFO Epoch 14 [1470/5134] loss=0.3781
2026-04-11 20:04:18,083 INFO Epoch 14 [1480/5134] loss=0.0514
2026-04-11 20:04:25,986 INFO Epoch 14 [1490/5134] loss=0.3218
2026-04-11 20:04:34,271 INFO Epoch 14 [1500/5134] loss=0.3283
2026-04-11 20:04:41,363 INFO Epoch 14 [1510/5134] loss=0.1452
2026-04-11 20:04:49,859 INFO Epoch 14 [1520/5134] loss=0.3899
2026-04-11 20:04:57,863 INFO Epoch 14 [1530/5134] loss=0.0813
2026-04-11 20:05:06,262 INFO Epoch 14 [1540/5134] loss=0.0628
2026-04-11 20:05:13,888 INFO Epoch 14 [1550/5134] loss=0.0924
2026-04-11 20:05:21,772 INFO Epoch 14 [1560/5134] loss=0.1442
2026-04-11 20:05:29,624 INFO Epoch 14 [1570/5134] loss=0.1821
2026-04-11 20:05:37,927 INFO Epoch 14 [1580/5134] loss=0.0258
2026-04-11 20:05:46,150 INFO Epoch 14 [1590/5134] loss=0.0942
2026-04-11 20:05:53,709 INFO Epoch 14 [1600/5134] loss=0.0784
2026-04-11 20:06:01,517 INFO Epoch 14 [1610/5134] loss=0.3089
2026-04-11 20:06:09,885 INFO Epoch 14 [1620/5134] loss=0.2332
2026-04-11 20:06:18,518 INFO Epoch 14 [1630/5134] loss=0.3862
2026-04-11 20:06:25,950 INFO Epoch 14 [1640/5134] loss=0.3119
2026-04-11 20:06:33,843 INFO Epoch 14 [1650/5134] loss=0.2543
2026-04-11 20:06:42,141 INFO Epoch 14 [1660/5134] loss=0.1471
2026-04-11 20:06:50,518 INFO Epoch 14 [1670/5134] loss=0.0539
2026-04-11 20:06:57,987 INFO Epoch 14 [1680/5134] loss=0.1883
2026-04-11 20:07:05,990 INFO Epoch 14 [1690/5134] loss=0.1657
2026-04-11 20:07:14,346 INFO Epoch 14 [1700/5134] loss=0.3831
2026-04-11 20:07:22,617 INFO Epoch 14 [1710/5134] loss=0.3929
2026-04-11 20:07:29,767 INFO Epoch 14 [1720/5134] loss=0.3597
2026-04-11 20:07:37,974 INFO Epoch 14 [1730/5134] loss=0.1907
2026-04-11 20:07:45,735 INFO Epoch 14 [1740/5134] loss=0.1299
2026-04-11 20:07:54,152 INFO Epoch 14 [1750/5134] loss=0.3405
2026-04-11 20:08:01,576 INFO Epoch 14 [1760/5134] loss=0.2641
2026-04-11 20:08:09,897 INFO Epoch 14 [1770/5134] loss=0.0272
2026-04-11 20:08:17,705 INFO Epoch 14 [1780/5134] loss=0.0381
2026-04-11 20:08:26,045 INFO Epoch 14 [1790/5134] loss=0.2521
2026-04-11 20:08:34,003 INFO Epoch 14 [1800/5134] loss=0.1018
2026-04-11 20:08:41,823 INFO Epoch 14 [1810/5134] loss=0.1010
2026-04-11 20:08:49,570 INFO Epoch 14 [1820/5134] loss=0.1262
2026-04-11 20:08:58,033 INFO Epoch 14 [1830/5134] loss=0.0557
2026-04-11 20:09:06,109 INFO Epoch 14 [1840/5134] loss=0.3802
2026-04-11 20:09:13,469 INFO Epoch 14 [1850/5134] loss=0.1014
2026-04-11 20:09:21,202 INFO Epoch 14 [1860/5134] loss=0.3641
2026-04-11 20:09:29,683 INFO Epoch 14 [1870/5134] loss=0.1910
2026-04-11 20:09:37,977 INFO Epoch 14 [1880/5134] loss=0.0751
2026-04-11 20:09:45,422 INFO Epoch 14 [1890/5134] loss=0.1055
2026-04-11 20:09:53,342 INFO Epoch 14 [1900/5134] loss=0.1146
2026-04-11 20:10:01,623 INFO Epoch 14 [1910/5134] loss=0.1581
2026-04-11 20:10:09,932 INFO Epoch 14 [1920/5134] loss=0.1064
2026-04-11 20:10:17,091 INFO Epoch 14 [1930/5134] loss=0.2213
2026-04-11 20:10:25,489 INFO Epoch 14 [1940/5134] loss=0.2352
2026-04-11 20:10:33,442 INFO Epoch 14 [1950/5134] loss=0.2234
2026-04-11 20:10:41,896 INFO Epoch 14 [1960/5134] loss=0.2070
2026-04-11 20:10:49,100 INFO Epoch 14 [1970/5134] loss=0.1401
2026-04-11 20:10:57,426 INFO Epoch 14 [1980/5134] loss=0.2124
2026-04-11 20:11:05,199 INFO Epoch 14 [1990/5134] loss=0.1329
2026-04-11 20:11:13,622 INFO Epoch 14 [2000/5134] loss=0.2278
2026-04-11 20:11:21,320 INFO Epoch 14 [2010/5134] loss=0.1747
2026-04-11 20:11:29,193 INFO Epoch 14 [2020/5134] loss=0.2874
2026-04-11 20:11:37,194 INFO Epoch 14 [2030/5134] loss=0.4940
2026-04-11 20:11:45,607 INFO Epoch 14 [2040/5134] loss=0.1472
2026-04-11 20:11:53,850 INFO Epoch 14 [2050/5134] loss=0.1964
2026-04-11 20:12:01,390 INFO Epoch 14 [2060/5134] loss=0.2149
2026-04-11 20:12:09,299 INFO Epoch 14 [2070/5134] loss=0.1979
2026-04-11 20:12:17,600 INFO Epoch 14 [2080/5134] loss=0.1823
2026-04-11 20:12:25,871 INFO Epoch 14 [2090/5134] loss=0.1314
2026-04-11 20:12:33,446 INFO Epoch 14 [2100/5134] loss=0.2860
2026-04-11 20:12:41,232 INFO Epoch 14 [2110/5134] loss=0.1040
2026-04-11 20:12:49,655 INFO Epoch 14 [2120/5134] loss=0.1260
2026-04-11 20:12:58,099 INFO Epoch 14 [2130/5134] loss=0.3361
2026-04-11 20:13:05,362 INFO Epoch 14 [2140/5134] loss=0.1446
2026-04-11 20:13:13,326 INFO Epoch 14 [2150/5134] loss=0.2063
2026-04-11 20:13:21,449 INFO Epoch 14 [2160/5134] loss=0.3781
2026-04-11 20:13:29,757 INFO Epoch 14 [2170/5134] loss=0.2870
2026-04-11 20:13:37,086 INFO Epoch 14 [2180/5134] loss=0.1684
2026-04-11 20:13:45,516 INFO Epoch 14 [2190/5134] loss=0.2479
2026-04-11 20:13:53,039 INFO Epoch 14 [2200/5134] loss=0.2589
2026-04-11 20:14:01,541 INFO Epoch 14 [2210/5134] loss=0.1472
2026-04-11 20:14:08,998 INFO Epoch 14 [2220/5134] loss=0.2117
2026-04-11 20:14:17,096 INFO Epoch 14 [2230/5134] loss=0.2099
2026-04-11 20:14:25,046 INFO Epoch 14 [2240/5134] loss=0.3510
2026-04-11 20:14:33,462 INFO Epoch 14 [2250/5134] loss=0.1047
2026-04-11 20:14:41,449 INFO Epoch 14 [2260/5134] loss=0.1156
2026-04-11 20:14:49,309 INFO Epoch 14 [2270/5134] loss=0.4330
2026-04-11 20:14:57,142 INFO Epoch 14 [2280/5134] loss=0.0896
2026-04-11 20:15:05,382 INFO Epoch 14 [2290/5134] loss=0.4088
2026-04-11 20:15:13,585 INFO Epoch 14 [2300/5134] loss=0.2361
2026-04-11 20:15:20,966 INFO Epoch 14 [2310/5134] loss=0.1029
2026-04-11 20:15:28,726 INFO Epoch 14 [2320/5134] loss=0.1721
2026-04-11 20:15:37,130 INFO Epoch 14 [2330/5134] loss=0.1090
2026-04-11 20:15:45,480 INFO Epoch 14 [2340/5134] loss=0.1205
2026-04-11 20:15:52,556 INFO Epoch 14 [2350/5134] loss=0.1140
2026-04-11 20:16:00,556 INFO Epoch 14 [2360/5134] loss=0.0977
2026-04-11 20:16:08,768 INFO Epoch 14 [2370/5134] loss=0.2655
2026-04-11 20:16:17,244 INFO Epoch 14 [2380/5134] loss=0.0887
2026-04-11 20:16:24,337 INFO Epoch 14 [2390/5134] loss=0.3947
2026-04-11 20:16:32,730 INFO Epoch 14 [2400/5134] loss=0.2537
2026-04-11 20:16:40,290 INFO Epoch 14 [2410/5134] loss=0.1372
2026-04-11 20:16:48,640 INFO Epoch 14 [2420/5134] loss=0.0715
2026-04-11 20:16:56,229 INFO Epoch 14 [2430/5134] loss=0.1520
2026-04-11 20:17:04,458 INFO Epoch 14 [2440/5134] loss=0.0398
2026-04-11 20:17:12,241 INFO Epoch 14 [2450/5134] loss=0.2302
2026-04-11 20:17:20,769 INFO Epoch 14 [2460/5134] loss=0.0799
2026-04-11 20:17:28,583 INFO Epoch 14 [2470/5134] loss=0.1818
2026-04-11 20:17:36,571 INFO Epoch 14 [2480/5134] loss=0.3990
2026-04-11 20:17:44,600 INFO Epoch 14 [2490/5134] loss=0.3258
2026-04-11 20:17:52,872 INFO Epoch 14 [2500/5134] loss=0.0756
2026-04-11 20:18:00,992 INFO Epoch 14 [2510/5134] loss=0.0686
2026-04-11 20:18:08,430 INFO Epoch 14 [2520/5134] loss=0.0770
2026-04-11 20:18:16,142 INFO Epoch 14 [2530/5134] loss=0.1386
2026-04-11 20:18:24,819 INFO Epoch 14 [2540/5134] loss=0.2398
2026-04-11 20:18:33,160 INFO Epoch 14 [2550/5134] loss=0.1375
2026-04-11 20:18:40,605 INFO Epoch 14 [2560/5134] loss=0.3209
2026-04-11 20:18:48,479 INFO Epoch 14 [2570/5134] loss=0.2459
2026-04-11 20:18:56,940 INFO Epoch 14 [2580/5134] loss=0.2062
2026-04-11 20:19:05,330 INFO Epoch 14 [2590/5134] loss=0.1397
2026-04-11 20:19:12,578 INFO Epoch 14 [2600/5134] loss=0.1286
2026-04-11 20:19:20,479 INFO Epoch 14 [2610/5134] loss=0.0957
2026-04-11 20:19:28,637 INFO Epoch 14 [2620/5134] loss=0.3012
2026-04-11 20:19:36,965 INFO Epoch 14 [2630/5134] loss=0.3497
2026-04-11 20:19:44,125 INFO Epoch 14 [2640/5134] loss=0.1288
2026-04-11 20:19:52,521 INFO Epoch 14 [2650/5134] loss=0.1132
2026-04-11 20:20:00,270 INFO Epoch 14 [2660/5134] loss=0.0332
2026-04-11 20:20:08,732 INFO Epoch 14 [2670/5134] loss=0.2406
2026-04-11 20:20:16,120 INFO Epoch 14 [2680/5134] loss=0.0641
2026-04-11 20:20:24,359 INFO Epoch 14 [2690/5134] loss=0.1179
2026-04-11 20:20:32,073 INFO Epoch 14 [2700/5134] loss=0.1457
2026-04-11 20:20:40,388 INFO Epoch 14 [2710/5134] loss=0.3391
2026-04-11 20:20:48,449 INFO Epoch 14 [2720/5134] loss=0.2534
2026-04-11 20:20:56,182 INFO Epoch 14 [2730/5134] loss=0.0474
2026-04-11 20:21:04,115 INFO Epoch 14 [2740/5134] loss=0.0615
2026-04-11 20:21:12,483 INFO Epoch 14 [2750/5134] loss=0.0592
2026-04-11 20:21:20,727 INFO Epoch 14 [2760/5134] loss=0.2152
2026-04-11 20:21:28,243 INFO Epoch 14 [2770/5134] loss=0.1066
2026-04-11 20:21:36,287 INFO Epoch 14 [2780/5134] loss=0.3501
2026-04-11 20:21:44,672 INFO Epoch 14 [2790/5134] loss=0.2914
2026-04-11 20:21:52,921 INFO Epoch 14 [2800/5134] loss=0.0642
2026-04-11 20:22:00,291 INFO Epoch 14 [2810/5134] loss=0.1853
2026-04-11 20:22:08,090 INFO Epoch 14 [2820/5134] loss=0.1901
2026-04-11 20:22:16,445 INFO Epoch 14 [2830/5134] loss=0.0932
2026-04-11 20:22:24,929 INFO Epoch 14 [2840/5134] loss=0.1010
2026-04-11 20:22:32,122 INFO Epoch 14 [2850/5134] loss=0.0614
2026-04-11 20:22:40,226 INFO Epoch 14 [2860/5134] loss=0.3059
2026-04-11 20:22:48,116 INFO Epoch 14 [2870/5134] loss=0.5046
2026-04-11 20:22:56,510 INFO Epoch 14 [2880/5134] loss=0.3394
2026-04-11 20:23:03,801 INFO Epoch 14 [2890/5134] loss=0.1756
2026-04-11 20:23:12,252 INFO Epoch 14 [2900/5134] loss=0.1205
2026-04-11 20:23:20,124 INFO Epoch 14 [2910/5134] loss=0.2811
2026-04-11 20:23:28,448 INFO Epoch 14 [2920/5134] loss=0.2818
2026-04-11 20:23:36,138 INFO Epoch 14 [2930/5134] loss=0.1820
2026-04-11 20:23:44,298 INFO Epoch 14 [2940/5134] loss=0.0978
2026-04-11 20:23:52,394 INFO Epoch 14 [2950/5134] loss=0.3639
2026-04-11 20:24:00,795 INFO Epoch 14 [2960/5134] loss=0.2221
2026-04-11 20:24:08,769 INFO Epoch 14 [2970/5134] loss=0.3123
2026-04-11 20:24:16,749 INFO Epoch 14 [2980/5134] loss=0.1829
2026-04-11 20:24:24,679 INFO Epoch 14 [2990/5134] loss=0.3440
2026-04-11 20:24:33,002 INFO Epoch 14 [3000/5134] loss=0.1396
2026-04-11 20:24:41,058 INFO Epoch 14 [3010/5134] loss=0.2284
2026-04-11 20:24:48,454 INFO Epoch 14 [3020/5134] loss=0.1732
2026-04-11 20:24:56,363 INFO Epoch 14 [3030/5134] loss=0.3181
2026-04-11 20:25:04,778 INFO Epoch 14 [3040/5134] loss=0.3080
2026-04-11 20:25:13,224 INFO Epoch 14 [3050/5134] loss=0.3103
2026-04-11 20:25:20,719 INFO Epoch 14 [3060/5134] loss=0.1527
2026-04-11 20:25:28,668 INFO Epoch 14 [3070/5134] loss=0.2281
2026-04-11 20:25:37,057 INFO Epoch 14 [3080/5134] loss=0.1327
2026-04-11 20:25:45,465 INFO Epoch 14 [3090/5134] loss=0.0621
2026-04-11 20:25:52,654 INFO Epoch 14 [3100/5134] loss=0.0268
2026-04-11 20:26:00,642 INFO Epoch 14 [3110/5134] loss=0.3226
2026-04-11 20:26:08,868 INFO Epoch 14 [3120/5134] loss=0.1763
2026-04-11 20:26:17,285 INFO Epoch 14 [3130/5134] loss=0.1575
2026-04-11 20:26:24,785 INFO Epoch 14 [3140/5134] loss=0.0496
2026-04-11 20:26:33,201 INFO Epoch 14 [3150/5134] loss=0.3346
2026-04-11 20:26:41,203 INFO Epoch 14 [3160/5134] loss=0.1292
2026-04-11 20:26:49,643 INFO Epoch 14 [3170/5134] loss=0.0705
2026-04-11 20:26:56,634 INFO Epoch 14 [3180/5134] loss=0.1382
2026-04-11 20:27:04,799 INFO Epoch 14 [3190/5134] loss=0.1807
2026-04-11 20:27:12,619 INFO Epoch 14 [3200/5134] loss=0.4219
2026-04-11 20:27:20,981 INFO Epoch 14 [3210/5134] loss=0.1591
2026-04-11 20:27:28,882 INFO Epoch 14 [3220/5134] loss=0.0300
2026-04-11 20:27:36,500 INFO Epoch 14 [3230/5134] loss=0.1004
2026-04-11 20:27:44,332 INFO Epoch 14 [3240/5134] loss=0.1480
2026-04-11 20:27:52,753 INFO Epoch 14 [3250/5134] loss=0.0645
2026-04-11 20:28:01,031 INFO Epoch 14 [3260/5134] loss=0.0611
2026-04-11 20:28:08,235 INFO Epoch 14 [3270/5134] loss=0.4030
2026-04-11 20:28:16,220 INFO Epoch 14 [3280/5134] loss=0.2705
2026-04-11 20:28:24,623 INFO Epoch 14 [3290/5134] loss=0.4672
2026-04-11 20:28:33,206 INFO Epoch 14 [3300/5134] loss=0.1588
2026-04-11 20:28:40,258 INFO Epoch 14 [3310/5134] loss=0.0257
2026-04-11 20:28:48,355 INFO Epoch 14 [3320/5134] loss=0.2777
2026-04-11 20:28:56,500 INFO Epoch 14 [3330/5134] loss=0.1754
2026-04-11 20:29:04,902 INFO Epoch 14 [3340/5134] loss=0.0881
2026-04-11 20:29:12,326 INFO Epoch 14 [3350/5134] loss=0.2057
2026-04-11 20:29:20,448 INFO Epoch 14 [3360/5134] loss=0.1008
2026-04-11 20:29:28,399 INFO Epoch 14 [3370/5134] loss=0.1221
2026-04-11 20:29:36,787 INFO Epoch 14 [3380/5134] loss=0.1009
2026-04-11 20:29:44,121 INFO Epoch 14 [3390/5134] loss=0.1445
2026-04-11 20:29:52,096 INFO Epoch 14 [3400/5134] loss=0.0503
2026-04-11 20:30:00,036 INFO Epoch 14 [3410/5134] loss=0.0817
2026-04-11 20:30:08,336 INFO Epoch 14 [3420/5134] loss=0.3084
2026-04-11 20:30:16,350 INFO Epoch 14 [3430/5134] loss=0.0899
2026-04-11 20:30:24,319 INFO Epoch 14 [3440/5134] loss=0.1701
2026-04-11 20:30:32,092 INFO Epoch 14 [3450/5134] loss=0.2440
2026-04-11 20:30:40,540 INFO Epoch 14 [3460/5134] loss=0.1391
2026-04-11 20:30:48,927 INFO Epoch 14 [3470/5134] loss=0.1249
2026-04-11 20:30:56,160 INFO Epoch 14 [3480/5134] loss=0.0987
2026-04-11 20:31:03,877 INFO Epoch 14 [3490/5134] loss=0.1391
2026-04-11 20:31:12,384 INFO Epoch 14 [3500/5134] loss=0.3347
2026-04-11 20:31:20,887 INFO Epoch 14 [3510/5134] loss=0.0910
2026-04-11 20:31:28,180 INFO Epoch 14 [3520/5134] loss=0.1860
2026-04-11 20:31:36,144 INFO Epoch 14 [3530/5134] loss=0.2544
2026-04-11 20:31:44,334 INFO Epoch 14 [3540/5134] loss=0.1770
2026-04-11 20:31:52,844 INFO Epoch 14 [3550/5134] loss=0.2090
2026-04-11 20:32:00,066 INFO Epoch 14 [3560/5134] loss=0.0573
2026-04-11 20:32:08,346 INFO Epoch 14 [3570/5134] loss=0.0918
2026-04-11 20:32:16,402 INFO Epoch 14 [3580/5134] loss=0.1383
2026-04-11 20:32:24,919 INFO Epoch 14 [3590/5134] loss=0.1959
2026-04-11 20:32:32,023 INFO Epoch 14 [3600/5134] loss=0.1510
2026-04-11 20:32:40,372 INFO Epoch 14 [3610/5134] loss=0.3383
2026-04-11 20:32:48,146 INFO Epoch 14 [3620/5134] loss=0.0576
2026-04-11 20:32:56,309 INFO Epoch 14 [3630/5134] loss=0.2891
2026-04-11 20:33:04,107 INFO Epoch 14 [3640/5134] loss=0.0791
2026-04-11 20:33:12,216 INFO Epoch 14 [3650/5134] loss=0.1537
2026-04-11 20:33:19,894 INFO Epoch 14 [3660/5134] loss=0.4318
2026-04-11 20:33:28,225 INFO Epoch 14 [3670/5134] loss=0.3387
2026-04-11 20:33:36,348 INFO Epoch 14 [3680/5134] loss=0.0588
2026-04-11 20:33:44,270 INFO Epoch 14 [3690/5134] loss=0.3383
2026-04-11 20:33:52,125 INFO Epoch 14 [3700/5134] loss=0.1452
2026-04-11 20:34:00,479 INFO Epoch 14 [3710/5134] loss=0.1632
2026-04-11 20:34:08,993 INFO Epoch 14 [3720/5134] loss=0.0597
2026-04-11 20:34:16,499 INFO Epoch 14 [3730/5134] loss=0.0962
2026-04-11 20:34:24,145 INFO Epoch 14 [3740/5134] loss=0.1367
2026-04-11 20:34:32,603 INFO Epoch 14 [3750/5134] loss=0.0866
2026-04-11 20:34:41,025 INFO Epoch 14 [3760/5134] loss=0.1430
2026-04-11 20:34:48,253 INFO Epoch 14 [3770/5134] loss=0.2318
2026-04-11 20:34:56,144 INFO Epoch 14 [3780/5134] loss=0.0926
2026-04-11 20:35:04,313 INFO Epoch 14 [3790/5134] loss=0.2518
2026-04-11 20:35:12,758 INFO Epoch 14 [3800/5134] loss=0.2545
2026-04-11 20:35:20,074 INFO Epoch 14 [3810/5134] loss=0.1379
2026-04-11 20:35:28,398 INFO Epoch 14 [3820/5134] loss=0.3078
2026-04-11 20:35:36,224 INFO Epoch 14 [3830/5134] loss=0.0925
2026-04-11 20:35:44,683 INFO Epoch 14 [3840/5134] loss=0.2470
2026-04-11 20:35:51,766 INFO Epoch 14 [3850/5134] loss=0.1385
2026-04-11 20:36:00,159 INFO Epoch 14 [3860/5134] loss=0.1321
2026-04-11 20:36:07,925 INFO Epoch 14 [3870/5134] loss=0.0369
2026-04-11 20:36:16,369 INFO Epoch 14 [3880/5134] loss=0.2316
2026-04-11 20:36:24,097 INFO Epoch 14 [3890/5134] loss=0.2454
2026-04-11 20:36:32,007 INFO Epoch 14 [3900/5134] loss=0.1294
2026-04-11 20:36:39,781 INFO Epoch 14 [3910/5134] loss=0.2304
2026-04-11 20:36:48,297 INFO Epoch 14 [3920/5134] loss=0.1665
2026-04-11 20:36:56,414 INFO Epoch 14 [3930/5134] loss=0.0371
2026-04-11 20:37:03,628 INFO Epoch 14 [3940/5134] loss=0.0909
2026-04-11 20:37:11,569 INFO Epoch 14 [3950/5134] loss=0.1762
2026-04-11 20:37:19,968 INFO Epoch 14 [3960/5134] loss=0.1026
2026-04-11 20:37:28,381 INFO Epoch 14 [3970/5134] loss=0.1741
2026-04-11 20:37:35,827 INFO Epoch 14 [3980/5134] loss=0.0274
2026-04-11 20:37:43,630 INFO Epoch 14 [3990/5134] loss=0.3896
2026-04-11 20:37:52,002 INFO Epoch 14 [4000/5134] loss=0.2922
2026-04-11 20:38:00,368 INFO Epoch 14 [4010/5134] loss=0.1347
2026-04-11 20:38:07,534 INFO Epoch 14 [4020/5134] loss=0.1649
2026-04-11 20:38:15,959 INFO Epoch 14 [4030/5134] loss=0.1648
2026-04-11 20:38:23,824 INFO Epoch 14 [4040/5134] loss=0.0685
2026-04-11 20:38:32,124 INFO Epoch 14 [4050/5134] loss=0.0423
2026-04-11 20:38:39,410 INFO Epoch 14 [4060/5134] loss=0.2251
2026-04-11 20:38:47,616 INFO Epoch 14 [4070/5134] loss=0.1470
2026-04-11 20:38:55,426 INFO Epoch 14 [4080/5134] loss=0.1414
2026-04-11 20:39:03,753 INFO Epoch 14 [4090/5134] loss=0.0976
2026-04-11 20:39:11,599 INFO Epoch 14 [4100/5134] loss=0.1493
2026-04-11 20:39:19,433 INFO Epoch 14 [4110/5134] loss=0.1358
2026-04-11 20:39:27,468 INFO Epoch 14 [4120/5134] loss=0.1041
2026-04-11 20:39:35,905 INFO Epoch 14 [4130/5134] loss=0.0986
2026-04-11 20:39:44,128 INFO Epoch 14 [4140/5134] loss=0.2536
2026-04-11 20:39:51,589 INFO Epoch 14 [4150/5134] loss=0.2243
2026-04-11 20:39:59,417 INFO Epoch 14 [4160/5134] loss=0.1155
2026-04-11 20:40:07,697 INFO Epoch 14 [4170/5134] loss=0.2416
2026-04-11 20:40:15,922 INFO Epoch 14 [4180/5134] loss=0.1483
2026-04-11 20:40:23,022 INFO Epoch 14 [4190/5134] loss=0.2689
2026-04-11 20:40:30,890 INFO Epoch 14 [4200/5134] loss=0.1259
2026-04-11 20:40:40,505 INFO Epoch 14 [4210/5134] loss=0.1749
2026-04-11 20:40:49,672 INFO Epoch 14 [4220/5134] loss=0.0966
2026-04-11 20:40:58,855 INFO Epoch 14 [4230/5134] loss=0.1114
2026-04-11 20:41:07,884 INFO Epoch 14 [4240/5134] loss=0.1564
2026-04-11 20:41:16,327 INFO Epoch 14 [4250/5134] loss=0.2305
2026-04-11 20:41:25,888 INFO Epoch 14 [4260/5134] loss=0.2840
2026-04-11 20:41:34,704 INFO Epoch 14 [4270/5134] loss=0.0805
2026-04-11 20:41:44,121 INFO Epoch 14 [4280/5134] loss=0.0618
2026-04-11 20:41:53,152 INFO Epoch 14 [4290/5134] loss=0.0646
2026-04-11 20:42:03,010 INFO Epoch 14 [4300/5134] loss=0.2148
2026-04-11 20:42:12,021 INFO Epoch 14 [4310/5134] loss=0.1499
2026-04-11 20:42:21,676 INFO Epoch 14 [4320/5134] loss=0.1801
2026-04-11 20:42:30,292 INFO Epoch 14 [4330/5134] loss=0.1148
2026-04-11 20:42:40,143 INFO Epoch 14 [4340/5134] loss=0.1867
2026-04-11 20:42:48,723 INFO Epoch 14 [4350/5134] loss=0.3491
2026-04-11 20:42:57,747 INFO Epoch 14 [4360/5134] loss=0.1499
2026-04-11 20:43:07,270 INFO Epoch 14 [4370/5134] loss=0.2000
2026-04-11 20:43:17,168 INFO Epoch 14 [4380/5134] loss=0.1618
2026-04-11 20:43:26,437 INFO Epoch 14 [4390/5134] loss=0.1125
2026-04-11 20:43:35,362 INFO Epoch 14 [4400/5134] loss=0.1102
2026-04-11 20:43:43,681 INFO Epoch 14 [4410/5134] loss=0.2957
2026-04-11 20:43:53,224 INFO Epoch 14 [4420/5134] loss=0.3110
2026-04-11 20:44:01,952 INFO Epoch 14 [4430/5134] loss=0.2581
2026-04-11 20:44:12,161 INFO Epoch 14 [4440/5134] loss=0.1741
2026-04-11 20:44:21,390 INFO Epoch 14 [4450/5134] loss=0.1148
2026-04-11 20:44:30,563 INFO Epoch 14 [4460/5134] loss=0.1721
2026-04-11 20:44:39,071 INFO Epoch 14 [4470/5134] loss=0.1787
2026-04-11 20:44:49,832 INFO Epoch 14 [4480/5134] loss=0.0372
2026-04-11 20:44:58,513 INFO Epoch 14 [4490/5134] loss=0.1341
2026-04-11 20:45:07,057 INFO Epoch 14 [4500/5134] loss=0.3458
2026-04-11 20:45:16,601 INFO Epoch 14 [4510/5134] loss=0.0544
2026-04-11 20:45:24,363 INFO Epoch 14 [4520/5134] loss=0.1486
2026-04-11 20:45:32,828 INFO Epoch 14 [4530/5134] loss=0.2154
2026-04-11 20:45:40,295 INFO Epoch 14 [4540/5134] loss=0.1089
2026-04-11 20:45:48,559 INFO Epoch 14 [4550/5134] loss=0.1263
2026-04-11 20:45:56,212 INFO Epoch 14 [4560/5134] loss=0.0567
2026-04-11 20:46:04,602 INFO Epoch 14 [4570/5134] loss=0.1268
2026-04-11 20:46:11,899 INFO Epoch 14 [4580/5134] loss=0.1747
2026-04-11 20:46:20,022 INFO Epoch 14 [4590/5134] loss=0.4114
2026-04-11 20:46:27,508 INFO Epoch 14 [4600/5134] loss=0.0916
2026-04-11 20:46:35,705 INFO Epoch 14 [4610/5134] loss=0.2256
2026-04-11 20:46:43,816 INFO Epoch 14 [4620/5134] loss=0.3556
2026-04-11 20:46:51,285 INFO Epoch 14 [4630/5134] loss=0.0992
2026-04-11 20:46:58,935 INFO Epoch 14 [4640/5134] loss=0.1572
2026-04-11 20:47:07,163 INFO Epoch 14 [4650/5134] loss=0.2242
2026-04-11 20:47:15,385 INFO Epoch 14 [4660/5134] loss=0.1326
2026-04-11 20:47:22,548 INFO Epoch 14 [4670/5134] loss=0.1989
2026-04-11 20:47:30,326 INFO Epoch 14 [4680/5134] loss=0.1063
2026-04-11 20:47:38,700 INFO Epoch 14 [4690/5134] loss=0.1129
2026-04-11 20:47:47,066 INFO Epoch 14 [4700/5134] loss=0.2141
2026-04-11 20:47:54,303 INFO Epoch 14 [4710/5134] loss=0.0521
2026-04-11 20:48:02,400 INFO Epoch 14 [4720/5134] loss=0.3883
2026-04-11 20:48:10,296 INFO Epoch 14 [4730/5134] loss=0.0692
2026-04-11 20:48:18,466 INFO Epoch 14 [4740/5134] loss=0.0802
2026-04-11 20:48:25,776 INFO Epoch 14 [4750/5134] loss=0.0703
2026-04-11 20:48:34,286 INFO Epoch 14 [4760/5134] loss=0.1361
2026-04-11 20:48:42,125 INFO Epoch 14 [4770/5134] loss=0.2323
2026-04-11 20:48:50,506 INFO Epoch 14 [4780/5134] loss=0.3698
2026-04-11 20:48:57,835 INFO Epoch 14 [4790/5134] loss=0.1183
2026-04-11 20:49:06,029 INFO Epoch 14 [4800/5134] loss=0.2802
2026-04-11 20:49:13,607 INFO Epoch 14 [4810/5134] loss=0.1827
2026-04-11 20:49:21,958 INFO Epoch 14 [4820/5134] loss=0.0611
2026-04-11 20:49:29,783 INFO Epoch 14 [4830/5134] loss=0.1133
2026-04-11 20:49:37,654 INFO Epoch 14 [4840/5134] loss=0.3868
2026-04-11 20:49:45,343 INFO Epoch 14 [4850/5134] loss=0.1196
2026-04-11 20:49:53,559 INFO Epoch 14 [4860/5134] loss=0.3100
2026-04-11 20:50:01,681 INFO Epoch 14 [4870/5134] loss=0.0652
2026-04-11 20:50:09,164 INFO Epoch 14 [4880/5134] loss=0.2289
2026-04-11 20:50:16,974 INFO Epoch 14 [4890/5134] loss=0.0683
2026-04-11 20:50:25,151 INFO Epoch 14 [4900/5134] loss=0.4880
2026-04-11 20:50:33,518 INFO Epoch 14 [4910/5134] loss=0.3714
2026-04-11 20:50:40,480 INFO Epoch 14 [4920/5134] loss=0.0410
2026-04-11 20:50:48,403 INFO Epoch 14 [4930/5134] loss=0.1233
2026-04-11 20:50:56,670 INFO Epoch 14 [4940/5134] loss=0.0933
2026-04-11 20:51:04,894 INFO Epoch 14 [4950/5134] loss=0.3309
2026-04-11 20:51:12,214 INFO Epoch 14 [4960/5134] loss=0.4167
2026-04-11 20:51:20,253 INFO Epoch 14 [4970/5134] loss=0.4378
2026-04-11 20:51:28,108 INFO Epoch 14 [4980/5134] loss=0.0967
2026-04-11 20:51:36,473 INFO Epoch 14 [4990/5134] loss=0.1434
2026-04-11 20:51:43,654 INFO Epoch 14 [5000/5134] loss=0.0566
2026-04-11 20:51:51,857 INFO Epoch 14 [5010/5134] loss=0.1820
2026-04-11 20:51:59,454 INFO Epoch 14 [5020/5134] loss=0.3258
2026-04-11 20:52:07,743 INFO Epoch 14 [5030/5134] loss=0.0771
2026-04-11 20:52:15,449 INFO Epoch 14 [5040/5134] loss=0.1091
2026-04-11 20:52:23,558 INFO Epoch 14 [5050/5134] loss=0.0759
2026-04-11 20:52:31,132 INFO Epoch 14 [5060/5134] loss=0.0447
2026-04-11 20:52:39,457 INFO Epoch 14 [5070/5134] loss=0.0960
2026-04-11 20:52:47,532 INFO Epoch 14 [5080/5134] loss=0.4752
2026-04-11 20:52:55,135 INFO Epoch 14 [5090/5134] loss=0.2743
2026-04-11 20:53:02,999 INFO Epoch 14 [5100/5134] loss=0.0878
2026-04-11 20:53:11,403 INFO Epoch 14 [5110/5134] loss=0.0504
2026-04-11 20:53:19,624 INFO Epoch 14 [5120/5134] loss=0.1085
2026-04-11 20:53:26,623 INFO Epoch 14 [5130/5134] loss=0.1464
2026-04-11 21:35:30,808 INFO Epoch 14/15 (6664s) lr=0.000001 | train_loss=0.1737 train_iou=0.3232 | val_loss=0.4342 val_iou=0.2494 val_dice=0.2625 val_f1=0.1463
2026-04-11 22:01:30,775 INFO Epoch 15 [0/5134] loss=0.1863
2026-04-11 22:01:39,055 INFO Epoch 15 [10/5134] loss=0.1852
2026-04-11 22:01:46,447 INFO Epoch 15 [20/5134] loss=0.1761
2026-04-11 22:01:54,265 INFO Epoch 15 [30/5134] loss=0.1652
2026-04-11 22:02:01,795 INFO Epoch 15 [40/5134] loss=0.0432
2026-04-11 22:02:10,169 INFO Epoch 15 [50/5134] loss=0.0499
2026-04-11 22:02:18,286 INFO Epoch 15 [60/5134] loss=0.0823
2026-04-11 22:02:25,094 INFO Epoch 15 [70/5134] loss=0.0378
2026-04-11 22:02:32,949 INFO Epoch 15 [80/5134] loss=0.0455
2026-04-11 22:02:40,924 INFO Epoch 15 [90/5134] loss=0.0278
2026-04-11 22:02:49,006 INFO Epoch 15 [100/5134] loss=0.3394
2026-04-11 22:02:56,065 INFO Epoch 15 [110/5134] loss=0.1466
2026-04-11 22:03:04,048 INFO Epoch 15 [120/5134] loss=0.0644
2026-04-11 22:03:11,612 INFO Epoch 15 [130/5134] loss=0.1182
2026-04-11 22:03:19,797 INFO Epoch 15 [140/5134] loss=0.0442
2026-04-11 22:03:27,831 INFO Epoch 15 [150/5134] loss=0.0412
2026-04-11 22:03:35,044 INFO Epoch 15 [160/5134] loss=0.0459
2026-04-11 22:03:42,698 INFO Epoch 15 [170/5134] loss=0.0968
2026-04-11 22:03:50,888 INFO Epoch 15 [180/5134] loss=0.0811
2026-04-11 22:03:59,148 INFO Epoch 15 [190/5134] loss=0.1276
2026-04-11 22:04:06,254 INFO Epoch 15 [200/5134] loss=0.0215
2026-04-11 22:04:14,298 INFO Epoch 15 [210/5134] loss=0.0578
2026-04-11 22:04:22,200 INFO Epoch 15 [220/5134] loss=0.0581
2026-04-11 22:04:30,381 INFO Epoch 15 [230/5134] loss=0.0307
2026-04-11 22:04:37,363 INFO Epoch 15 [240/5134] loss=0.0549
2026-04-11 22:04:45,339 INFO Epoch 15 [250/5134] loss=0.1167
2026-04-11 22:04:52,799 INFO Epoch 15 [260/5134] loss=0.0339
2026-04-11 22:05:01,105 INFO Epoch 15 [270/5134] loss=0.0464
2026-04-11 22:05:09,197 INFO Epoch 15 [280/5134] loss=0.1840
2026-04-11 22:05:16,280 INFO Epoch 15 [290/5134] loss=0.1188
2026-04-11 22:05:23,865 INFO Epoch 15 [300/5134] loss=0.0810
2026-04-11 22:05:31,973 INFO Epoch 15 [310/5134] loss=0.0525
2026-04-11 22:05:40,281 INFO Epoch 15 [320/5134] loss=0.0371
2026-04-11 22:05:47,310 INFO Epoch 15 [330/5134] loss=0.0517
2026-04-11 22:05:55,533 INFO Epoch 15 [340/5134] loss=0.1124
2026-04-11 22:06:02,982 INFO Epoch 15 [350/5134] loss=0.2469
2026-04-11 22:06:11,319 INFO Epoch 15 [360/5134] loss=0.0759
2026-04-11 22:06:18,773 INFO Epoch 15 [370/5134] loss=0.1003
2026-04-11 22:06:26,578 INFO Epoch 15 [380/5134] loss=0.0729
2026-04-11 22:06:34,167 INFO Epoch 15 [390/5134] loss=0.0487
2026-04-11 22:06:42,462 INFO Epoch 15 [400/5134] loss=0.0358
2026-04-11 22:06:50,919 INFO Epoch 15 [410/5134] loss=0.0387
2026-04-11 22:06:58,053 INFO Epoch 15 [420/5134] loss=0.1283
2026-04-11 22:07:05,668 INFO Epoch 15 [430/5134] loss=0.0457
2026-04-11 22:07:13,906 INFO Epoch 15 [440/5134] loss=0.0793
2026-04-11 22:07:22,105 INFO Epoch 15 [450/5134] loss=0.0366
2026-04-11 22:07:29,127 INFO Epoch 15 [460/5134] loss=0.0869
2026-04-11 22:07:37,460 INFO Epoch 15 [470/5134] loss=0.1386
2026-04-11 22:07:45,137 INFO Epoch 15 [480/5134] loss=0.0282
2026-04-11 22:07:53,366 INFO Epoch 15 [490/5134] loss=0.2049
2026-04-11 22:08:00,597 INFO Epoch 15 [500/5134] loss=0.1009
2026-04-11 22:08:08,473 INFO Epoch 15 [510/5134] loss=0.0197
2026-04-11 22:08:15,948 INFO Epoch 15 [520/5134] loss=0.2936
2026-04-11 22:08:24,363 INFO Epoch 15 [530/5134] loss=0.0693
2026-04-11 22:08:32,570 INFO Epoch 15 [540/5134] loss=0.1540
2026-04-11 22:08:39,870 INFO Epoch 15 [550/5134] loss=0.0723
2026-04-11 22:08:47,600 INFO Epoch 15 [560/5134] loss=0.0631
2026-04-11 22:08:55,814 INFO Epoch 15 [570/5134] loss=0.0282
2026-04-11 22:09:04,317 INFO Epoch 15 [580/5134] loss=0.0600
2026-04-11 22:09:11,625 INFO Epoch 15 [590/5134] loss=0.0425
2026-04-11 22:09:19,657 INFO Epoch 15 [600/5134] loss=0.0931
2026-04-11 22:09:27,683 INFO Epoch 15 [610/5134] loss=0.0354
2026-04-11 22:09:35,937 INFO Epoch 15 [620/5134] loss=0.0380
2026-04-11 22:09:43,198 INFO Epoch 15 [630/5134] loss=0.1108
2026-04-11 22:09:51,293 INFO Epoch 15 [640/5134] loss=0.0836
2026-04-11 22:09:59,186 INFO Epoch 15 [650/5134] loss=0.0264
2026-04-11 22:10:07,734 INFO Epoch 15 [660/5134] loss=0.0490
2026-04-11 22:10:15,140 INFO Epoch 15 [670/5134] loss=0.2539
2026-04-11 22:10:23,175 INFO Epoch 15 [680/5134] loss=0.2463
2026-04-11 22:10:31,357 INFO Epoch 15 [690/5134] loss=0.0646
2026-04-11 22:10:39,741 INFO Epoch 15 [700/5134] loss=0.0983
2026-04-11 22:10:47,711 INFO Epoch 15 [710/5134] loss=0.1142
2026-04-11 22:10:55,420 INFO Epoch 15 [720/5134] loss=0.0956
2026-04-11 22:11:03,186 INFO Epoch 15 [730/5134] loss=0.3497
2026-04-11 22:11:11,383 INFO Epoch 15 [740/5134] loss=0.0394
2026-04-11 22:11:19,916 INFO Epoch 15 [750/5134] loss=0.2412
2026-04-11 22:11:27,612 INFO Epoch 15 [760/5134] loss=0.1727
2026-04-11 22:11:35,509 INFO Epoch 15 [770/5134] loss=0.1260
2026-04-11 22:11:43,890 INFO Epoch 15 [780/5134] loss=0.1778
2026-04-11 22:11:52,205 INFO Epoch 15 [790/5134] loss=0.1704
2026-04-11 22:11:59,575 INFO Epoch 15 [800/5134] loss=0.2760
2026-04-11 22:12:07,407 INFO Epoch 15 [810/5134] loss=0.4512
2026-04-11 22:12:15,726 INFO Epoch 15 [820/5134] loss=0.0410
2026-04-11 22:12:24,279 INFO Epoch 15 [830/5134] loss=0.3754
2026-04-11 22:12:31,456 INFO Epoch 15 [840/5134] loss=0.0552
2026-04-11 22:12:39,682 INFO Epoch 15 [850/5134] loss=0.2239
2026-04-11 22:12:47,615 INFO Epoch 15 [860/5134] loss=0.1215
2026-04-11 22:12:55,869 INFO Epoch 15 [870/5134] loss=0.2771
2026-04-11 22:13:03,260 INFO Epoch 15 [880/5134] loss=0.2702
2026-04-11 22:13:11,734 INFO Epoch 15 [890/5134] loss=0.1498
2026-04-11 22:13:19,493 INFO Epoch 15 [900/5134] loss=0.1936
2026-04-11 22:13:27,845 INFO Epoch 15 [910/5134] loss=0.1163
2026-04-11 22:13:35,539 INFO Epoch 15 [920/5134] loss=0.0574
2026-04-11 22:13:43,448 INFO Epoch 15 [930/5134] loss=0.0919
2026-04-11 22:13:51,220 INFO Epoch 15 [940/5134] loss=0.2035
2026-04-11 22:13:59,558 INFO Epoch 15 [950/5134] loss=0.1773
2026-04-11 22:14:07,771 INFO Epoch 15 [960/5134] loss=0.2430
2026-04-11 22:14:15,233 INFO Epoch 15 [970/5134] loss=0.3140
2026-04-11 22:14:23,005 INFO Epoch 15 [980/5134] loss=0.0526
2026-04-11 22:14:31,367 INFO Epoch 15 [990/5134] loss=0.1129
2026-04-11 22:14:39,749 INFO Epoch 15 [1000/5134] loss=0.1501
2026-04-11 22:14:47,097 INFO Epoch 15 [1010/5134] loss=0.2370
2026-04-11 22:14:54,889 INFO Epoch 15 [1020/5134] loss=0.1791
2026-04-11 22:15:03,179 INFO Epoch 15 [1030/5134] loss=0.3774
2026-04-11 22:15:11,704 INFO Epoch 15 [1040/5134] loss=0.2984
2026-04-11 22:15:19,168 INFO Epoch 15 [1050/5134] loss=0.0996
2026-04-11 22:15:27,305 INFO Epoch 15 [1060/5134] loss=0.3025
2026-04-11 22:15:35,170 INFO Epoch 15 [1070/5134] loss=0.0555
2026-04-11 22:15:43,511 INFO Epoch 15 [1080/5134] loss=0.0609
2026-04-11 22:15:51,032 INFO Epoch 15 [1090/5134] loss=0.0936
2026-04-11 22:15:59,236 INFO Epoch 15 [1100/5134] loss=0.1222
2026-04-11 22:16:06,888 INFO Epoch 15 [1110/5134] loss=0.2484
2026-04-11 22:16:15,308 INFO Epoch 15 [1120/5134] loss=0.1622
2026-04-11 22:16:22,797 INFO Epoch 15 [1130/5134] loss=0.0640
2026-04-11 22:16:30,894 INFO Epoch 15 [1140/5134] loss=0.1044
2026-04-11 22:16:38,604 INFO Epoch 15 [1150/5134] loss=0.2404
2026-04-11 22:16:46,936 INFO Epoch 15 [1160/5134] loss=0.1951
2026-04-11 22:16:55,140 INFO Epoch 15 [1170/5134] loss=0.0936
2026-04-11 22:17:02,709 INFO Epoch 15 [1180/5134] loss=0.0596
2026-04-11 22:17:10,420 INFO Epoch 15 [1190/5134] loss=0.1642
2026-04-11 22:17:18,910 INFO Epoch 15 [1200/5134] loss=0.0706
2026-04-11 22:17:27,200 INFO Epoch 15 [1210/5134] loss=0.2927
2026-04-11 22:17:34,372 INFO Epoch 15 [1220/5134] loss=0.3932
2026-04-11 22:17:42,143 INFO Epoch 15 [1230/5134] loss=0.1064
2026-04-11 22:17:50,537 INFO Epoch 15 [1240/5134] loss=0.2968
2026-04-11 22:17:58,868 INFO Epoch 15 [1250/5134] loss=0.1645
2026-04-11 22:18:06,124 INFO Epoch 15 [1260/5134] loss=0.2212
2026-04-11 22:18:14,344 INFO Epoch 15 [1270/5134] loss=0.0386
2026-04-11 22:18:22,454 INFO Epoch 15 [1280/5134] loss=0.1827
2026-04-11 22:18:30,674 INFO Epoch 15 [1290/5134] loss=0.2047
2026-04-11 22:18:37,910 INFO Epoch 15 [1300/5134] loss=0.0996
2026-04-11 22:18:46,343 INFO Epoch 15 [1310/5134] loss=0.1802
2026-04-11 22:18:54,095 INFO Epoch 15 [1320/5134] loss=0.0939
2026-04-11 22:19:02,561 INFO Epoch 15 [1330/5134] loss=0.1720
2026-04-11 22:19:10,193 INFO Epoch 15 [1340/5134] loss=0.2239
2026-04-11 22:19:18,265 INFO Epoch 15 [1350/5134] loss=0.2786
2026-04-11 22:19:26,211 INFO Epoch 15 [1360/5134] loss=0.1516
2026-04-11 22:19:34,549 INFO Epoch 15 [1370/5134] loss=0.0752
2026-04-11 22:19:42,507 INFO Epoch 15 [1380/5134] loss=0.2045
2026-04-11 22:19:50,263 INFO Epoch 15 [1390/5134] loss=0.3197
2026-04-11 22:19:58,231 INFO Epoch 15 [1400/5134] loss=0.2846
2026-04-11 22:20:06,503 INFO Epoch 15 [1410/5134] loss=0.1994
2026-04-11 22:20:14,878 INFO Epoch 15 [1420/5134] loss=0.0743
2026-04-11 22:20:22,457 INFO Epoch 15 [1430/5134] loss=0.3325
2026-04-11 22:20:30,395 INFO Epoch 15 [1440/5134] loss=0.1593
2026-04-11 22:20:38,851 INFO Epoch 15 [1450/5134] loss=0.2312
2026-04-11 22:20:47,213 INFO Epoch 15 [1460/5134] loss=0.2439
2026-04-11 22:20:54,366 INFO Epoch 15 [1470/5134] loss=0.0733
2026-04-11 22:21:02,305 INFO Epoch 15 [1480/5134] loss=0.1443
2026-04-11 22:21:10,793 INFO Epoch 15 [1490/5134] loss=0.1824
2026-04-11 22:21:19,166 INFO Epoch 15 [1500/5134] loss=0.1871
2026-04-11 22:21:26,526 INFO Epoch 15 [1510/5134] loss=0.1477
2026-04-11 22:21:34,727 INFO Epoch 15 [1520/5134] loss=0.2895
2026-04-11 22:21:42,780 INFO Epoch 15 [1530/5134] loss=0.2836
2026-04-11 22:21:51,033 INFO Epoch 15 [1540/5134] loss=0.3329
2026-04-11 22:21:58,320 INFO Epoch 15 [1550/5134] loss=0.1639
2026-04-11 22:22:06,897 INFO Epoch 15 [1560/5134] loss=0.1392
2026-04-11 22:22:14,765 INFO Epoch 15 [1570/5134] loss=0.3449
2026-04-11 22:22:23,207 INFO Epoch 15 [1580/5134] loss=0.2470
2026-04-11 22:22:30,706 INFO Epoch 15 [1590/5134] loss=0.3685
2026-04-11 22:22:39,107 INFO Epoch 15 [1600/5134] loss=0.3506
2026-04-11 22:22:46,957 INFO Epoch 15 [1610/5134] loss=0.2313
2026-04-11 22:22:55,046 INFO Epoch 15 [1620/5134] loss=0.0834
2026-04-11 22:23:03,038 INFO Epoch 15 [1630/5134] loss=0.2348
2026-04-11 22:23:10,830 INFO Epoch 15 [1640/5134] loss=0.0955
2026-04-11 22:23:18,758 INFO Epoch 15 [1650/5134] loss=0.1912
2026-04-11 22:23:27,247 INFO Epoch 15 [1660/5134] loss=0.0717
2026-04-11 22:23:35,520 INFO Epoch 15 [1670/5134] loss=0.0769
2026-04-11 22:23:43,094 INFO Epoch 15 [1680/5134] loss=0.1447
2026-04-11 22:23:51,085 INFO Epoch 15 [1690/5134] loss=0.0737
2026-04-11 22:23:59,285 INFO Epoch 15 [1700/5134] loss=0.3158
2026-04-11 22:24:07,745 INFO Epoch 15 [1710/5134] loss=0.2565
2026-04-11 22:24:14,909 INFO Epoch 15 [1720/5134] loss=0.3802
2026-04-11 22:24:22,859 INFO Epoch 15 [1730/5134] loss=0.3949
2026-04-11 22:24:31,217 INFO Epoch 15 [1740/5134] loss=0.2647
2026-04-11 22:24:39,554 INFO Epoch 15 [1750/5134] loss=0.1396
2026-04-11 22:24:46,818 INFO Epoch 15 [1760/5134] loss=0.0522
2026-04-11 22:24:55,020 INFO Epoch 15 [1770/5134] loss=0.1470
2026-04-11 22:25:02,881 INFO Epoch 15 [1780/5134] loss=0.2012
2026-04-11 22:25:11,280 INFO Epoch 15 [1790/5134] loss=0.1187
2026-04-11 22:25:18,598 INFO Epoch 15 [1800/5134] loss=0.3798
2026-04-11 22:25:27,006 INFO Epoch 15 [1810/5134] loss=0.3356
2026-04-11 22:25:33,359 INFO Epoch 15 [1820/5134] loss=0.1167
2026-04-11 22:25:39,840 INFO Epoch 15 [1830/5134] loss=0.1422
2026-04-11 22:25:46,397 INFO Epoch 15 [1840/5134] loss=0.1614
2026-04-11 22:25:52,625 INFO Epoch 15 [1850/5134] loss=0.2455
2026-04-11 22:26:00,946 INFO Epoch 15 [1860/5134] loss=0.3118
2026-04-11 22:26:08,673 INFO Epoch 15 [1870/5134] loss=0.0797
2026-04-11 22:26:17,160 INFO Epoch 15 [1880/5134] loss=0.3742
2026-04-11 22:26:25,261 INFO Epoch 15 [1890/5134] loss=0.3046
2026-04-11 22:26:32,721 INFO Epoch 15 [1900/5134] loss=0.1092
2026-04-11 22:26:40,684 INFO Epoch 15 [1910/5134] loss=0.1701
2026-04-11 22:26:49,205 INFO Epoch 15 [1920/5134] loss=0.1051
2026-04-11 22:26:57,595 INFO Epoch 15 [1930/5134] loss=0.0404
2026-04-11 22:27:04,975 INFO Epoch 15 [1940/5134] loss=0.0225
2026-04-11 22:27:12,708 INFO Epoch 15 [1950/5134] loss=0.4339
2026-04-11 22:27:21,007 INFO Epoch 15 [1960/5134] loss=0.1378
2026-04-11 22:27:29,501 INFO Epoch 15 [1970/5134] loss=0.1537
2026-04-11 22:27:36,813 INFO Epoch 15 [1980/5134] loss=0.0902
2026-04-11 22:27:44,862 INFO Epoch 15 [1990/5134] loss=0.0415
2026-04-11 22:27:52,812 INFO Epoch 15 [2000/5134] loss=0.0659
2026-04-11 22:28:01,258 INFO Epoch 15 [2010/5134] loss=0.2290
2026-04-11 22:28:08,566 INFO Epoch 15 [2020/5134] loss=0.3387
2026-04-11 22:28:17,079 INFO Epoch 15 [2030/5134] loss=0.1633
2026-04-11 22:28:24,836 INFO Epoch 15 [2040/5134] loss=0.0988
2026-04-11 22:28:33,365 INFO Epoch 15 [2050/5134] loss=0.4049
2026-04-11 22:28:40,838 INFO Epoch 15 [2060/5134] loss=0.2449
2026-04-11 22:28:48,885 INFO Epoch 15 [2070/5134] loss=0.4509
2026-04-11 22:28:56,680 INFO Epoch 15 [2080/5134] loss=0.0382
2026-04-11 22:29:05,067 INFO Epoch 15 [2090/5134] loss=0.1882
2026-04-11 22:29:13,194 INFO Epoch 15 [2100/5134] loss=0.1158
2026-04-11 22:29:20,890 INFO Epoch 15 [2110/5134] loss=0.1918
2026-04-11 22:29:28,999 INFO Epoch 15 [2120/5134] loss=0.0493
2026-04-11 22:29:37,366 INFO Epoch 15 [2130/5134] loss=0.2048
2026-04-11 22:29:45,770 INFO Epoch 15 [2140/5134] loss=0.1104
2026-04-11 22:29:53,357 INFO Epoch 15 [2150/5134] loss=0.3052
2026-04-11 22:30:00,931 INFO Epoch 15 [2160/5134] loss=0.4294
2026-04-11 22:30:09,322 INFO Epoch 15 [2170/5134] loss=0.0829
2026-04-11 22:30:17,749 INFO Epoch 15 [2180/5134] loss=0.0974
2026-04-11 22:30:24,919 INFO Epoch 15 [2190/5134] loss=0.3105
2026-04-11 22:30:32,942 INFO Epoch 15 [2200/5134] loss=0.1131
2026-04-11 22:30:41,332 INFO Epoch 15 [2210/5134] loss=0.1622
2026-04-11 22:30:49,687 INFO Epoch 15 [2220/5134] loss=0.1153
2026-04-11 22:30:56,971 INFO Epoch 15 [2230/5134] loss=0.1218
2026-04-11 22:31:05,202 INFO Epoch 15 [2240/5134] loss=0.3017
2026-04-11 22:31:13,067 INFO Epoch 15 [2250/5134] loss=0.1635
2026-04-11 22:31:21,536 INFO Epoch 15 [2260/5134] loss=0.0762
2026-04-11 22:31:28,610 INFO Epoch 15 [2270/5134] loss=0.1416
2026-04-11 22:31:37,032 INFO Epoch 15 [2280/5134] loss=0.2946
2026-04-11 22:31:44,819 INFO Epoch 15 [2290/5134] loss=0.3144
2026-04-11 22:31:53,157 INFO Epoch 15 [2300/5134] loss=0.2407
2026-04-11 22:32:00,850 INFO Epoch 15 [2310/5134] loss=0.1373
2026-04-11 22:32:08,684 INFO Epoch 15 [2320/5134] loss=0.1788
2026-04-11 22:32:16,422 INFO Epoch 15 [2330/5134] loss=0.3358
2026-04-11 22:32:24,776 INFO Epoch 15 [2340/5134] loss=0.1104
2026-04-11 22:32:32,951 INFO Epoch 15 [2350/5134] loss=0.4249
2026-04-11 22:32:40,379 INFO Epoch 15 [2360/5134] loss=0.1462
2026-04-11 22:32:48,278 INFO Epoch 15 [2370/5134] loss=0.3495
2026-04-11 22:32:56,644 INFO Epoch 15 [2380/5134] loss=0.0306
2026-04-11 22:33:04,970 INFO Epoch 15 [2390/5134] loss=0.1821
2026-04-11 22:33:12,406 INFO Epoch 15 [2400/5134] loss=0.1134
2026-04-11 22:33:20,097 INFO Epoch 15 [2410/5134] loss=0.2831
2026-04-11 22:33:28,294 INFO Epoch 15 [2420/5134] loss=0.1967
2026-04-11 22:33:36,890 INFO Epoch 15 [2430/5134] loss=0.2149
2026-04-11 22:33:44,195 INFO Epoch 15 [2440/5134] loss=0.0456
2026-04-11 22:33:52,527 INFO Epoch 15 [2450/5134] loss=0.0725
2026-04-11 22:34:00,726 INFO Epoch 15 [2460/5134] loss=0.1764
2026-04-11 22:34:09,013 INFO Epoch 15 [2470/5134] loss=0.0308
2026-04-11 22:34:16,115 INFO Epoch 15 [2480/5134] loss=0.1004
2026-04-11 22:34:24,404 INFO Epoch 15 [2490/5134] loss=0.4568
2026-04-11 22:34:32,337 INFO Epoch 15 [2500/5134] loss=0.2697
2026-04-11 22:34:40,689 INFO Epoch 15 [2510/5134] loss=0.1055
2026-04-11 22:34:48,058 INFO Epoch 15 [2520/5134] loss=0.1189
2026-04-11 22:34:56,167 INFO Epoch 15 [2530/5134] loss=0.0916
2026-04-11 22:35:04,110 INFO Epoch 15 [2540/5134] loss=0.2191
2026-04-11 22:35:12,588 INFO Epoch 15 [2550/5134] loss=0.3296
2026-04-11 22:35:20,531 INFO Epoch 15 [2560/5134] loss=0.1619
2026-04-11 22:35:28,386 INFO Epoch 15 [2570/5134] loss=0.0484
2026-04-11 22:35:36,145 INFO Epoch 15 [2580/5134] loss=0.1541
2026-04-11 22:35:44,495 INFO Epoch 15 [2590/5134] loss=0.1665
2026-04-11 22:35:52,852 INFO Epoch 15 [2600/5134] loss=0.3339
2026-04-11 22:36:00,314 INFO Epoch 15 [2610/5134] loss=0.3068
2026-04-11 22:36:08,134 INFO Epoch 15 [2620/5134] loss=0.0749
2026-04-11 22:36:16,427 INFO Epoch 15 [2630/5134] loss=0.3298
2026-04-11 22:36:24,829 INFO Epoch 15 [2640/5134] loss=0.1386
2026-04-11 22:36:32,123 INFO Epoch 15 [2650/5134] loss=0.2354
2026-04-11 22:36:40,048 INFO Epoch 15 [2660/5134] loss=0.1539
2026-04-11 22:36:48,618 INFO Epoch 15 [2670/5134] loss=0.2257
2026-04-11 22:36:57,010 INFO Epoch 15 [2680/5134] loss=0.0184
2026-04-11 22:37:04,255 INFO Epoch 15 [2690/5134] loss=0.2188
2026-04-11 22:37:12,400 INFO Epoch 15 [2700/5134] loss=0.0814
2026-04-11 22:37:20,358 INFO Epoch 15 [2710/5134] loss=0.0599
2026-04-11 22:37:28,712 INFO Epoch 15 [2720/5134] loss=0.0646
2026-04-11 22:37:36,016 INFO Epoch 15 [2730/5134] loss=0.0503
2026-04-11 22:37:44,411 INFO Epoch 15 [2740/5134] loss=0.1282
2026-04-11 22:37:52,167 INFO Epoch 15 [2750/5134] loss=0.2280
2026-04-11 22:38:00,595 INFO Epoch 15 [2760/5134] loss=0.1696
2026-04-11 22:38:08,233 INFO Epoch 15 [2770/5134] loss=0.4965
2026-04-11 22:38:16,430 INFO Epoch 15 [2780/5134] loss=0.1826
2026-04-11 22:38:24,366 INFO Epoch 15 [2790/5134] loss=0.0741
2026-04-11 22:38:32,846 INFO Epoch 15 [2800/5134] loss=0.2361
2026-04-11 22:38:40,757 INFO Epoch 15 [2810/5134] loss=0.1723
2026-04-11 22:38:48,480 INFO Epoch 15 [2820/5134] loss=0.1497
2026-04-11 22:38:56,257 INFO Epoch 15 [2830/5134] loss=0.2911
2026-04-11 22:39:04,731 INFO Epoch 15 [2840/5134] loss=0.4045
2026-04-11 22:39:13,024 INFO Epoch 15 [2850/5134] loss=0.1320
2026-04-11 22:39:20,506 INFO Epoch 15 [2860/5134] loss=0.1728
2026-04-11 22:39:28,294 INFO Epoch 15 [2870/5134] loss=0.1858
2026-04-11 22:39:36,564 INFO Epoch 15 [2880/5134] loss=0.4283
2026-04-11 22:39:45,145 INFO Epoch 15 [2890/5134] loss=0.0923
2026-04-11 22:39:52,386 INFO Epoch 15 [2900/5134] loss=0.3702
2026-04-11 22:40:00,272 INFO Epoch 15 [2910/5134] loss=0.1877
2026-04-11 22:40:08,406 INFO Epoch 15 [2920/5134] loss=0.2625
2026-04-11 22:40:16,866 INFO Epoch 15 [2930/5134] loss=0.2153
2026-04-11 22:40:24,019 INFO Epoch 15 [2940/5134] loss=0.0961
2026-04-11 22:40:32,309 INFO Epoch 15 [2950/5134] loss=0.1107
2026-04-11 22:40:40,073 INFO Epoch 15 [2960/5134] loss=0.2318
2026-04-11 22:40:48,412 INFO Epoch 15 [2970/5134] loss=0.0980
2026-04-11 22:40:55,890 INFO Epoch 15 [2980/5134] loss=0.2472
2026-04-11 22:41:04,316 INFO Epoch 15 [2990/5134] loss=0.2306
2026-04-11 22:41:12,162 INFO Epoch 15 [3000/5134] loss=0.4658
2026-04-11 22:41:20,457 INFO Epoch 15 [3010/5134] loss=0.1409
2026-04-11 22:41:28,266 INFO Epoch 15 [3020/5134] loss=0.3185
2026-04-11 22:41:36,188 INFO Epoch 15 [3030/5134] loss=0.1009
2026-04-11 22:41:43,911 INFO Epoch 15 [3040/5134] loss=0.2896
2026-04-11 22:41:52,447 INFO Epoch 15 [3050/5134] loss=0.1002
2026-04-11 22:42:00,572 INFO Epoch 15 [3060/5134] loss=0.3936
2026-04-11 22:42:08,111 INFO Epoch 15 [3070/5134] loss=0.0400
2026-04-11 22:42:16,008 INFO Epoch 15 [3080/5134] loss=0.0979
2026-04-11 22:42:24,358 INFO Epoch 15 [3090/5134] loss=0.2902
2026-04-11 22:42:32,772 INFO Epoch 15 [3100/5134] loss=0.0842
2026-04-11 22:42:40,025 INFO Epoch 15 [3110/5134] loss=0.0936
2026-04-11 22:42:47,767 INFO Epoch 15 [3120/5134] loss=0.1661
2026-04-11 22:42:56,228 INFO Epoch 15 [3130/5134] loss=0.0833
2026-04-11 22:43:04,607 INFO Epoch 15 [3140/5134] loss=0.2262
2026-04-11 22:43:11,927 INFO Epoch 15 [3150/5134] loss=0.0651
2026-04-11 22:43:20,135 INFO Epoch 15 [3160/5134] loss=0.0960
2026-04-11 22:43:28,258 INFO Epoch 15 [3170/5134] loss=0.1640
2026-04-11 22:43:36,721 INFO Epoch 15 [3180/5134] loss=0.1509
2026-04-11 22:43:44,063 INFO Epoch 15 [3190/5134] loss=0.0935
2026-04-11 22:43:52,450 INFO Epoch 15 [3200/5134] loss=0.4794
2026-04-11 22:44:00,261 INFO Epoch 15 [3210/5134] loss=0.0669
2026-04-11 22:44:08,706 INFO Epoch 15 [3220/5134] loss=0.1345
2026-04-11 22:44:15,970 INFO Epoch 15 [3230/5134] loss=0.0772
2026-04-11 22:44:24,366 INFO Epoch 15 [3240/5134] loss=0.1429
2026-04-11 22:44:32,290 INFO Epoch 15 [3250/5134] loss=0.3839
2026-04-11 22:44:40,542 INFO Epoch 15 [3260/5134] loss=0.0575
2026-04-11 22:44:48,305 INFO Epoch 15 [3270/5134] loss=0.4290
2026-04-11 22:44:56,175 INFO Epoch 15 [3280/5134] loss=0.2988
2026-04-11 22:45:04,149 INFO Epoch 15 [3290/5134] loss=0.1805
2026-04-11 22:45:12,619 INFO Epoch 15 [3300/5134] loss=0.3671
2026-04-11 22:45:20,783 INFO Epoch 15 [3310/5134] loss=0.4149
2026-04-11 22:45:28,063 INFO Epoch 15 [3320/5134] loss=0.1335
2026-04-11 22:45:35,853 INFO Epoch 15 [3330/5134] loss=0.0578
2026-04-11 22:45:44,318 INFO Epoch 15 [3340/5134] loss=0.3467
2026-04-11 22:45:52,647 INFO Epoch 15 [3350/5134] loss=0.2269
2026-04-11 22:46:00,147 INFO Epoch 15 [3360/5134] loss=0.3782
2026-04-11 22:46:07,989 INFO Epoch 15 [3370/5134] loss=0.1610
2026-04-11 22:46:16,344 INFO Epoch 15 [3380/5134] loss=0.1935
2026-04-11 22:46:24,662 INFO Epoch 15 [3390/5134] loss=0.1343
2026-04-11 22:46:31,868 INFO Epoch 15 [3400/5134] loss=0.1663
2026-04-11 22:46:39,951 INFO Epoch 15 [3410/5134] loss=0.1199
2026-04-11 22:46:47,989 INFO Epoch 15 [3420/5134] loss=0.0189
2026-04-11 22:46:56,343 INFO Epoch 15 [3430/5134] loss=0.3714
2026-04-11 22:47:03,630 INFO Epoch 15 [3440/5134] loss=0.1143
2026-04-11 22:47:12,089 INFO Epoch 15 [3450/5134] loss=0.1079
2026-04-11 22:47:19,741 INFO Epoch 15 [3460/5134] loss=0.1242
2026-04-11 22:47:28,096 INFO Epoch 15 [3470/5134] loss=0.0423
2026-04-11 22:47:35,764 INFO Epoch 15 [3480/5134] loss=0.2881
2026-04-11 22:47:44,179 INFO Epoch 15 [3490/5134] loss=0.1954
2026-04-11 22:47:51,941 INFO Epoch 15 [3500/5134] loss=0.1203
2026-04-11 22:48:00,386 INFO Epoch 15 [3510/5134] loss=0.1969
2026-04-11 22:48:08,155 INFO Epoch 15 [3520/5134] loss=0.2426
2026-04-11 22:48:15,996 INFO Epoch 15 [3530/5134] loss=0.0735
2026-04-11 22:48:23,673 INFO Epoch 15 [3540/5134] loss=0.3821
2026-04-11 22:48:31,900 INFO Epoch 15 [3550/5134] loss=0.2577
2026-04-11 22:48:40,224 INFO Epoch 15 [3560/5134] loss=0.3468
2026-04-11 22:48:47,328 INFO Epoch 15 [3570/5134] loss=0.0859
2026-04-11 22:48:55,053 INFO Epoch 15 [3580/5134] loss=0.1502
2026-04-11 22:49:03,634 INFO Epoch 15 [3590/5134] loss=0.3239
2026-04-11 22:49:12,044 INFO Epoch 15 [3600/5134] loss=0.0331
2026-04-11 22:49:19,247 INFO Epoch 15 [3610/5134] loss=0.2169
2026-04-11 22:49:27,368 INFO Epoch 15 [3620/5134] loss=0.1491
2026-04-11 22:49:35,662 INFO Epoch 15 [3630/5134] loss=0.2542
2026-04-11 22:49:44,263 INFO Epoch 15 [3640/5134] loss=0.0404
2026-04-11 22:49:51,729 INFO Epoch 15 [3650/5134] loss=0.1589
2026-04-11 22:50:00,002 INFO Epoch 15 [3660/5134] loss=0.2952
2026-04-11 22:50:07,872 INFO Epoch 15 [3670/5134] loss=0.1545
2026-04-11 22:50:16,264 INFO Epoch 15 [3680/5134] loss=0.2245
2026-04-11 22:50:23,513 INFO Epoch 15 [3690/5134] loss=0.0408
2026-04-11 22:50:31,984 INFO Epoch 15 [3700/5134] loss=0.0610
2026-04-11 22:50:39,795 INFO Epoch 15 [3710/5134] loss=0.2603
2026-04-11 22:50:48,077 INFO Epoch 15 [3720/5134] loss=0.1994
2026-04-11 22:50:55,727 INFO Epoch 15 [3730/5134] loss=0.1767
2026-04-11 22:51:03,641 INFO Epoch 15 [3740/5134] loss=0.2157
2026-04-11 22:51:11,367 INFO Epoch 15 [3750/5134] loss=0.0810
2026-04-11 22:51:19,640 INFO Epoch 15 [3760/5134] loss=0.0996
2026-04-11 22:51:27,708 INFO Epoch 15 [3770/5134] loss=0.4363
2026-04-11 22:51:35,113 INFO Epoch 15 [3780/5134] loss=0.2414
2026-04-11 22:51:43,014 INFO Epoch 15 [3790/5134] loss=0.2272
2026-04-11 22:51:51,394 INFO Epoch 15 [3800/5134] loss=0.2554
2026-04-11 22:51:59,727 INFO Epoch 15 [3810/5134] loss=0.0705
2026-04-11 22:52:06,985 INFO Epoch 15 [3820/5134] loss=0.1411
2026-04-11 22:52:14,903 INFO Epoch 15 [3830/5134] loss=0.0993
2026-04-11 22:52:23,274 INFO Epoch 15 [3840/5134] loss=0.0526
2026-04-11 22:52:31,477 INFO Epoch 15 [3850/5134] loss=0.1390
2026-04-11 22:52:38,599 INFO Epoch 15 [3860/5134] loss=0.2906
2026-04-11 22:52:47,056 INFO Epoch 15 [3870/5134] loss=0.1129
2026-04-11 22:52:54,887 INFO Epoch 15 [3880/5134] loss=0.1269
2026-04-11 22:53:03,112 INFO Epoch 15 [3890/5134] loss=0.1105
2026-04-11 22:53:10,413 INFO Epoch 15 [3900/5134] loss=0.1994
2026-04-11 22:53:18,608 INFO Epoch 15 [3910/5134] loss=0.0651
2026-04-11 22:53:26,403 INFO Epoch 15 [3920/5134] loss=0.1640
2026-04-11 22:53:34,863 INFO Epoch 15 [3930/5134] loss=0.0571
2026-04-11 22:53:42,744 INFO Epoch 15 [3940/5134] loss=0.2347
2026-04-11 22:53:50,237 INFO Epoch 15 [3950/5134] loss=0.2353
2026-04-11 22:53:57,916 INFO Epoch 15 [3960/5134] loss=0.0378
2026-04-11 22:54:06,329 INFO Epoch 15 [3970/5134] loss=0.0263
2026-04-11 22:54:14,721 INFO Epoch 15 [3980/5134] loss=0.0756
2026-04-11 22:54:22,015 INFO Epoch 15 [3990/5134] loss=0.1164
2026-04-11 22:54:29,625 INFO Epoch 15 [4000/5134] loss=0.1211
2026-04-11 22:54:38,038 INFO Epoch 15 [4010/5134] loss=0.2575
2026-04-11 22:54:46,276 INFO Epoch 15 [4020/5134] loss=0.1220
2026-04-11 22:54:53,486 INFO Epoch 15 [4030/5134] loss=0.1457
2026-04-11 22:55:01,608 INFO Epoch 15 [4040/5134] loss=0.2933
2026-04-11 22:55:09,781 INFO Epoch 15 [4050/5134] loss=0.2384
2026-04-11 22:55:18,053 INFO Epoch 15 [4060/5134] loss=0.1047
2026-04-11 22:55:25,293 INFO Epoch 15 [4070/5134] loss=0.0196
2026-04-11 22:55:33,572 INFO Epoch 15 [4080/5134] loss=0.2933
2026-04-11 22:55:41,329 INFO Epoch 15 [4090/5134] loss=0.4410
2026-04-11 22:55:49,779 INFO Epoch 15 [4100/5134] loss=0.0380
2026-04-11 22:55:57,422 INFO Epoch 15 [4110/5134] loss=0.2141
2026-04-11 22:56:05,807 INFO Epoch 15 [4120/5134] loss=0.1446
2026-04-11 22:56:13,693 INFO Epoch 15 [4130/5134] loss=0.1264
2026-04-11 22:56:21,994 INFO Epoch 15 [4140/5134] loss=0.1214
2026-04-11 22:56:29,873 INFO Epoch 15 [4150/5134] loss=0.0705
2026-04-11 22:56:37,630 INFO Epoch 15 [4160/5134] loss=0.2924
2026-04-11 22:56:45,534 INFO Epoch 15 [4170/5134] loss=0.2312
2026-04-11 22:56:53,867 INFO Epoch 15 [4180/5134] loss=0.4023
2026-04-11 22:57:02,096 INFO Epoch 15 [4190/5134] loss=0.2033
2026-04-11 22:57:09,985 INFO Epoch 15 [4200/5134] loss=0.1446
2026-04-11 22:57:19,835 INFO Epoch 15 [4210/5134] loss=0.1221
2026-04-11 22:57:28,680 INFO Epoch 15 [4220/5134] loss=0.1948
2026-04-11 22:57:36,712 INFO Epoch 15 [4230/5134] loss=0.1172
2026-04-11 22:57:46,530 INFO Epoch 15 [4240/5134] loss=0.3362
2026-04-11 22:57:55,480 INFO Epoch 15 [4250/5134] loss=0.3307
2026-04-11 22:58:05,216 INFO Epoch 15 [4260/5134] loss=0.1278
2026-04-11 22:58:13,802 INFO Epoch 15 [4270/5134] loss=0.3008
2026-04-11 22:58:23,201 INFO Epoch 15 [4280/5134] loss=0.1187
2026-04-11 22:58:32,981 INFO Epoch 15 [4290/5134] loss=0.1700
2026-04-11 22:58:42,551 INFO Epoch 15 [4300/5134] loss=0.2319
2026-04-11 22:58:51,382 INFO Epoch 15 [4310/5134] loss=0.0447
2026-04-11 22:59:00,779 INFO Epoch 15 [4320/5134] loss=0.0955
2026-04-11 22:59:09,455 INFO Epoch 15 [4330/5134] loss=0.1728
2026-04-11 22:59:18,734 INFO Epoch 15 [4340/5134] loss=0.1933
2026-04-11 22:59:28,532 INFO Epoch 15 [4350/5134] loss=0.2125
2026-04-11 22:59:38,101 INFO Epoch 15 [4360/5134] loss=0.1781
2026-04-11 22:59:47,194 INFO Epoch 15 [4370/5134] loss=0.3882
2026-04-11 22:59:57,171 INFO Epoch 15 [4380/5134] loss=0.0682
2026-04-11 23:00:06,010 INFO Epoch 15 [4390/5134] loss=0.1428
2026-04-11 23:00:15,309 INFO Epoch 15 [4400/5134] loss=0.1837
2026-04-11 23:00:24,753 INFO Epoch 15 [4410/5134] loss=0.0690
2026-04-11 23:00:35,405 INFO Epoch 15 [4420/5134] loss=0.1923
2026-04-11 23:00:44,293 INFO Epoch 15 [4430/5134] loss=0.1436
2026-04-11 23:00:54,366 INFO Epoch 15 [4440/5134] loss=0.3538
2026-04-11 23:01:03,202 INFO Epoch 15 [4450/5134] loss=0.3460
2026-04-11 23:01:12,218 INFO Epoch 15 [4460/5134] loss=0.0726
2026-04-11 23:01:19,694 INFO Epoch 15 [4470/5134] loss=0.0525
2026-04-11 23:01:29,692 INFO Epoch 15 [4480/5134] loss=0.3131
2026-04-11 23:01:38,793 INFO Epoch 15 [4490/5134] loss=0.1431
2026-04-11 23:01:48,944 INFO Epoch 15 [4500/5134] loss=0.3880
2026-04-11 23:01:58,372 INFO Epoch 15 [4510/5134] loss=0.1183
2026-04-11 23:02:07,524 INFO Epoch 15 [4520/5134] loss=0.1647
2026-04-11 23:02:15,989 INFO Epoch 15 [4530/5134] loss=0.0856
2026-04-11 23:02:23,255 INFO Epoch 15 [4540/5134] loss=0.2000
2026-04-11 23:02:31,458 INFO Epoch 15 [4550/5134] loss=0.0840
2026-04-11 23:02:39,142 INFO Epoch 15 [4560/5134] loss=0.4122
2026-04-11 23:02:47,361 INFO Epoch 15 [4570/5134] loss=0.1269
2026-04-11 23:02:55,216 INFO Epoch 15 [4580/5134] loss=0.1347
2026-04-11 23:03:02,867 INFO Epoch 15 [4590/5134] loss=0.1878
2026-04-11 23:03:10,634 INFO Epoch 15 [4600/5134] loss=0.2556
2026-04-11 23:03:18,969 INFO Epoch 15 [4610/5134] loss=0.1991
2026-04-11 23:03:27,093 INFO Epoch 15 [4620/5134] loss=0.2795
2026-04-11 23:03:34,421 INFO Epoch 15 [4630/5134] loss=0.2277
2026-04-11 23:03:42,621 INFO Epoch 15 [4640/5134] loss=0.2244
2026-04-11 23:03:50,860 INFO Epoch 15 [4650/5134] loss=0.0991
2026-04-11 23:03:58,943 INFO Epoch 15 [4660/5134] loss=0.1514
2026-04-11 23:04:06,079 INFO Epoch 15 [4670/5134] loss=0.3473
2026-04-11 23:04:13,794 INFO Epoch 15 [4680/5134] loss=0.1859
2026-04-11 23:04:22,186 INFO Epoch 15 [4690/5134] loss=0.1360
2026-04-11 23:04:30,452 INFO Epoch 15 [4700/5134] loss=0.0566
2026-04-11 23:04:37,582 INFO Epoch 15 [4710/5134] loss=0.1166
2026-04-11 23:04:45,640 INFO Epoch 15 [4720/5134] loss=0.3447
2026-04-11 23:04:53,498 INFO Epoch 15 [4730/5134] loss=0.1433
2026-04-11 23:05:02,007 INFO Epoch 15 [4740/5134] loss=0.4049
2026-04-11 23:05:09,105 INFO Epoch 15 [4750/5134] loss=0.1640
2026-04-11 23:05:17,846 INFO Epoch 15 [4760/5134] loss=0.1125
2026-04-11 23:05:25,792 INFO Epoch 15 [4770/5134] loss=0.2277
2026-04-11 23:05:34,214 INFO Epoch 15 [4780/5134] loss=0.2153
2026-04-11 23:05:41,364 INFO Epoch 15 [4790/5134] loss=0.0585
2026-04-11 23:05:49,434 INFO Epoch 15 [4800/5134] loss=0.3307
2026-04-11 23:05:57,070 INFO Epoch 15 [4810/5134] loss=0.1965
2026-04-11 23:06:05,326 INFO Epoch 15 [4820/5134] loss=0.2764
2026-04-11 23:06:13,085 INFO Epoch 15 [4830/5134] loss=0.1886
2026-04-11 23:06:20,672 INFO Epoch 15 [4840/5134] loss=0.2122
2026-04-11 23:06:28,386 INFO Epoch 15 [4850/5134] loss=0.0505
2026-04-11 23:06:36,673 INFO Epoch 15 [4860/5134] loss=0.1125
2026-04-11 23:06:44,961 INFO Epoch 15 [4870/5134] loss=0.3526
2026-04-11 23:06:52,456 INFO Epoch 15 [4880/5134] loss=0.1350
2026-04-11 23:07:01,134 INFO Epoch 15 [4890/5134] loss=0.1269
2026-04-11 23:07:09,589 INFO Epoch 15 [4900/5134] loss=0.0631
2026-04-11 23:07:17,833 INFO Epoch 15 [4910/5134] loss=0.1580
2026-04-11 23:07:25,369 INFO Epoch 15 [4920/5134] loss=0.1823
2026-04-11 23:07:33,445 INFO Epoch 15 [4930/5134] loss=0.0889
2026-04-11 23:07:41,695 INFO Epoch 15 [4940/5134] loss=0.1592
2026-04-11 23:07:50,201 INFO Epoch 15 [4950/5134] loss=0.0316
2026-04-11 23:07:57,608 INFO Epoch 15 [4960/5134] loss=0.3448
2026-04-11 23:08:05,439 INFO Epoch 15 [4970/5134] loss=0.1533
2026-04-11 23:08:13,794 INFO Epoch 15 [4980/5134] loss=0.1065
2026-04-11 23:08:22,074 INFO Epoch 15 [4990/5134] loss=0.1082
2026-04-11 23:08:29,423 INFO Epoch 15 [5000/5134] loss=0.1500
2026-04-11 23:08:37,286 INFO Epoch 15 [5010/5134] loss=0.4320
2026-04-11 23:08:45,547 INFO Epoch 15 [5020/5134] loss=0.3701
2026-04-11 23:08:54,063 INFO Epoch 15 [5030/5134] loss=0.1214
2026-04-11 23:09:01,250 INFO Epoch 15 [5040/5134] loss=0.0375
2026-04-11 23:09:09,411 INFO Epoch 15 [5050/5134] loss=0.1191
2026-04-11 23:09:17,187 INFO Epoch 15 [5060/5134] loss=0.1968
2026-04-11 23:09:25,325 INFO Epoch 15 [5070/5134] loss=0.1553
2026-04-11 23:09:32,570 INFO Epoch 15 [5080/5134] loss=0.1249
2026-04-11 23:09:40,983 INFO Epoch 15 [5090/5134] loss=0.0615
2026-04-11 23:09:48,497 INFO Epoch 15 [5100/5134] loss=0.0329
2026-04-11 23:09:56,713 INFO Epoch 15 [5110/5134] loss=0.2709
2026-04-11 23:10:04,293 INFO Epoch 15 [5120/5134] loss=0.1731
2026-04-11 23:10:12,257 INFO Epoch 15 [5130/5134] loss=0.3134
2026-04-11 23:52:12,178 INFO Epoch 15/15 (6659s) lr=0.000000 | train_loss=0.1718 train_iou=0.3244 | val_loss=0.4327 val_iou=0.2548 val_dice=0.2678 val_f1=0.1488
2026-04-11 23:52:13,674 INFO Training complete. Best IoU: 0.3848
