map,label,map_w,map_h,iou,dice,f1,precision,recall,tp,fp,fn,tn,gt_positive_frac,pred_positive_frac,delta_e_nearest,n_legend_entries,target_rgb
AK_Dillingham,ac_poly,10482,11282,0.188149109390816,0.3167095912520327,0.31670959125203263,0.20646064657774432,0.6796269652612703,651871,2505491,307289,114793273,0.008110746134863657,0.026698946617733626,3.100378476832181,41,"(236, 207, 129)"
AK_Dillingham,acl_poly,10482,11282,0.0474448603170492,0.09059161415463568,0.09059161415463568,0.04782863190380341,0.8553439862214142,89392,1779614,15118,116373800,0.0008837462764863012,0.015804488500914322,3.100378476832181,41,"(236, 207, 110)"
AK_Dillingham,af_poly,10482,11282,0.03335281771253388,0.0645526235392958,0.0645526235392958,0.03348845548459823,0.891712605175006,67615,1951439,8211,116230659,0.000641191705682234,0.01707330833915197,12.401465778578922,41,"(229, 133, 122)"
AK_Dillingham,ak_poly,10482,11282,0.28605752299852094,0.44485960835027116,0.44485960835027116,0.3635734906933278,0.5729592469427528,1007236,1763142,750718,114736828,0.01486542246420629,0.023426573935121674,6.982231177961621,41,"(157, 182, 148)"
AK_Dillingham,ako_poly,10482,11282,0.081306860110928,0.15038628369117527,0.1503862836911753,0.08338473978097166,0.7654136122849243,542852,5967356,166375,111581341,0.005997289450134437,0.05505092411397312,3.7940216711132626,41,"(197, 193, 148)"
AK_Dillingham,aky_poly,10482,11282,0.12100568407351214,0.2158877261599629,0.21588772615996293,0.12554667313336734,0.7698766761531164,60055,418293,17951,117761625,0.0006596259883608307,0.0040449551608905294,12.96486909569734,41,"(164, 177, 71)"
AK_Dillingham,al_poly,10482,11282,0.37075956025705264,0.5409549143505893,0.5409549143505893,0.48269303067559466,0.6152120760033982,2137734,2291031,1337058,112492101,0.029383164209782677,0.037450048590401436,4.410221350221665,41,"(238, 232, 170)"
AK_Dillingham,bk_poly,10482,11282,0.07131982524233489,0.13314385407962032,0.13314385407962032,0.07325817775314653,0.7293980249236527,494642,6257396,183509,111322377,0.005734507904941744,0.05709586107735157,8.484546635819626,41,"(110, 170, 173)"
AK_Dillingham,cd_poly,10482,11282,0.09351596760344841,0.17103722373327235,0.17103722373327235,0.0961466356712053,0.773645878993403,421825,3965484,123418,113747197,0.00461062550024132,0.03709949280016111,7.402032491574683,41,"(221, 191, 143)"
AK_Dillingham,ed_poly,10482,11282,0.052373255523535216,0.09953361176492563,0.09953361176492562,0.05344515838167294,0.7230940545011243,335721,5945877,128563,111847763,0.003926028669334666,0.0531177766996823,3.7940216711132626,41,"(211, 208, 165)"
AK_Dillingham,ek_poly,10482,11282,1.37529970072645e-05,2.7505615729878185e-05,2.7505615729878178e-05,1.37585417613435e-05,0.033,66,4796954,1934,113458970,1.691218594366666e-05,0.04056404710774392,3.2313789980332377,41,"(211, 199, 178)"
AK_Dillingham,es_poly,10482,11282,4.626612316295499e-05,9.252796541566605e-05,9.252796541566603e-05,5.34883175652704e-05,0.00034253431599494486,219,4094133,639133,113524439,0.005406419953727583,0.034622221171411734,4.470797804023248,41,"(217, 208, 221)"
AK_Dillingham,fg_poly,10482,11282,0.18328917124349994,0.3097960763908356,0.3097960763908357,0.1922611104147234,0.7970669180979563,875798,3679455,222978,113479693,0.009291352011219138,0.03851964287822269,5.301483573808228,41,"(219, 194, 171)"
AK_Dillingham,bu_poly,10482,11282,2.3985410474322154e-06,4.797070588893715e-06,4.797070588893716e-06,8.757104200782886e-06,3.3032941550412122e-06,9,1027728,2724544,114505643,0.023039073474687415,0.00869063962259307,5.587974203111449,41,"(212, 213, 216)"
AK_Dillingham,g_poly,10482,11282,0.021595643144691586,0.042278260072087896,0.042278260072087896,0.021967893294653953,0.5603314917127071,86207,3838020,67643,114266054,0.0013009699037165577,0.03318362835457859,6.982231177961621,41,"(177, 205, 155)"
AK_Dillingham,gc_poly,10482,11282,0.0022803975698191497,0.004550418376630571,0.004550418376630569,0.0022855799370020166,0.5014269104745799,4744,2070878,4717,116177585,8.000309560651512e-05,0.01755165260638264,12.430393991524724,41,"(177, 150, 133)"
AK_Dillingham,gl_poly,10482,11282,0.509226107567244,0.6748175174203382,0.6748175174203382,0.5579100601037047,0.8537080718428158,1190011,942969,203921,115921023,0.011787218588413577,0.018036677187061055,9.958667330172295,41,"(132, 156, 201)"
AK_Dillingham,ig_poly,10482,11282,0.22671903068556123,0.36963481451634056,0.3696348145163405,0.23176744190392365,0.9123456036345259,1240249,4111016,119158,112787501,0.01149527197856103,0.04525079435691768,3.5268736151415547,41,"(86, 147, 182)"
AK_Dillingham,igd_poly,10482,11282,0.00025689576938777315,0.0005136595818020759,0.0005136595818020759,0.0002568996856601795,0.9439834024896265,1365,5311993,81,112944485,1.2227510437270995e-05,0.04493024924063439,3.027049087085484,41,"(22, 127, 172)"
AK_Dillingham,igg_poly,10482,11282,0.2144888668441867,0.3532166867886235,0.3532166867886235,0.21735242376552186,0.9421307621681186,1045621,3765096,64226,113382981,0.009384969416510305,0.04067987021317912,6.147341562293663,41,"(47, 182, 205)"
AK_Dillingham,io_poly,10482,11282,0.18378439130634042,0.31050315016154084,0.31050315016154084,0.1871587872187929,0.91066234117329,1010562,4388928,99138,112759296,0.009383726370843445,0.04565858944048434,4.804849325023931,41,"(151, 183, 199)"
AK_Dillingham,ld_poly,10482,11282,0.11979026579790589,0.21395125401014164,0.21395125401014164,0.1268660646029012,0.6823166529046875,199972,1376273,93106,116588573,0.0024782948159989683,0.013328874266387427,9.846643014528283,41,"(193, 170, 177)"
AK_Dillingham,ls_poly,10482,11282,0.11270174158840157,0.20257313775301156,0.20257313775301156,0.23447578095358543,0.1783120942534263,3708,12106,17087,118225023,0.0001758444533492741,0.00013372465425657228,6.964659212416,41,"(224, 198, 38)"
AK_Dillingham,lw_poly,10482,11282,0.1512660297999567,0.2627820605915743,0.26278206059157433,0.2529291839983567,0.27343369193137745,492529,1454771,1308745,115001879,0.015231740411746108,0.01646654984405104,5.328400389828679,41,"(106, 185, 156)"
AK_Dillingham,lwo_poly,10482,11282,0.001057203672958822,0.002112174347439601,0.002112174347439601,0.0014349857492126983,0.003999672055358877,7025,4888494,1749369,111613036,0.014852230959170229,0.041396963809376526,5.4256422053087965,41,"(196, 195, 176)"
AK_Dillingham,mh_poly,10482,11282,0.1390714384584713,0.24418387427338104,0.24418387427338104,0.14060327093999944,0.9273521778182693,1009740,6171743,79102,110997339,0.009207349183636946,0.06072728792364053,3.5268736151415547,41,"(78, 148, 198)"
AK_Dillingham,mhd_poly,10482,11282,0.0008983127117477956,0.0017950129405533404,0.0017950129405533404,0.0008984032560469736,0.8991252559091755,4831,5372487,542,112880064,4.543458753766048e-05,0.045471100947112854,3.027049087085484,41,"(22, 135, 179)"
AK_Dillingham,mhg_poly,10482,11282,0.14468003153353792,0.2527868531780166,0.2527868531780166,0.1455148640737965,0.9618587673940583,780533,4583407,30951,112863033,0.0068619841491551975,0.04535797533533567,6.147341562293663,41,"(41, 184, 227)"
AK_Dillingham,mho_poly,10482,11282,0.10688148949580917,0.19312183013286144,0.19312183013286147,0.10763785246826639,0.9383107580258463,766294,6352893,50380,111088357,0.006905871271679013,0.0602005071558672,5.269147189775936,41,"(147, 185, 216)"
AK_Dillingham,mt_poly,10482,11282,0.0001653369419393066,0.0003306192203077811,0.0003306192203077811,0.0001801829237344053,0.002002645121255618,639,3545757,318439,114393089,0.002698153233266635,0.029988654290937833,3.2313789980332377,41,"(218, 205, 190)"
AK_Dillingham,nl_poly,10482,11282,0.0,0.0,0.0,0.0,0.0,0,492348,26746,117738830,0.00022616666262465423,0.004163340462496196,4.470797804023248,41,"(218, 206, 209)"
AK_Dillingham,ok_poly,10482,11282,0.17259885501723757,0.2943868728486867,0.2943868728486867,0.2560184937943071,0.3462827661248678,450633,1309525,850711,115647055,0.011004285852337472,0.01488405969311621,5.328400389828679,41,"(113, 169, 148)"
AK_Dillingham,sb_poly,10482,11282,0.0001835979183334205,0.0003671284326508453,0.0003671284326508452,0.0003333535365779744,0.00040851898251538754,165,494805,403733,117359221,0.003415399039137538,0.004185512338268343,8.079242347230522,41,"(181, 181, 186)"
AK_Dillingham,sf_poly,10482,11282,0.000159046861212656,0.00031804313866237754,0.0003180431386623775,0.00015906354416229406,0.6026119402985075,323,2030312,213,116227076,4.532465832902664e-06,0.017171238351858773,12.401465778578922,41,"(213, 132, 154)"
AK_Dillingham,td_poly,10482,11282,0.2220863107945112,0.36345437933942143,0.36345437933942143,0.23740864960958996,0.7748289420466912,743312,2387627,216012,114910973,0.008112132934111036,0.026475511273138873,5.7369483867104565,41,"(237, 230, 136)"
AK_Dillingham,tdo_poly,10482,11282,0.024265372054577638,0.04738102588766355,0.04738102588766354,0.024330848637251747,0.9001689121789671,135362,5428028,15012,112679522,0.001271576524546465,0.04704454307856783,11.861747512405756,41,"(232, 165, 120)"
AK_Dillingham,tf_poly,10482,11282,0.0003770033741801989,0.0007537225923998672,0.0007537225923998672,0.0003824655247782497,0.025719231720385788,1560,4077239,59095,114120030,0.0005129043192065506,0.03449070355742081,4.201886393502916,41,"(191, 207, 225)"
AK_Dillingham,ud_poly,10482,11282,0.4881993349803305,0.6560940103991957,0.6560940103991956,0.497575308717685,0.9628368036413866,5906817,5964385,227989,106158733,0.05187648990016094,0.10038398779941377,9.846643014528283,41,"(173, 152, 182)"
AK_Dillingham,ug_poly,10482,11282,0.3018202678361516,0.4636896126034797,0.46368961260347963,0.34999430379338203,0.6867939626694479,1680477,3120964,766366,112690117,0.02069073189547958,0.04060143149477239,4.804849325023931,41,"(170, 190, 207)"
AK_Dillingham,uo_poly,10482,11282,1.8703824932198635e-05,3.740695021134927e-05,3.740695021134926e-05,2.7909890923589555e-05,5.67008877739e-05,49,1755601,864135,115638139,0.007307620248770814,0.014845939625999185,4.201886393502916,41,"(193, 206, 214)"
AK_Dillingham,us_poly,10482,11282,0.024555455663356717,0.04793387322789295,0.047933873227892956,0.02610559962984429,0.2925525185345222,150305,5607272,363466,112136881,0.004344495342231781,0.04868660640448923,4.410221350221665,41,"(239, 229, 185)"
AK_Hughes,ad_poly,12496,7336,0.3428655899641743,0.5106476664925511,0.5106476664925512,0.3807946420272027,0.7748889851486161,946320,1538799,274913,88910624,0.013321962046393559,0.027109209298120437,10.304680381594492,84,"(143, 168, 63)"
AK_Hughes,afi_poly,12496,7336,1.0276515336414576e-06,2.0553009551497366e-06,2.055300955149736e-06,1.0290423183362992e-06,0.0007597821957705458,6,5830658,7891,85832101,8.6145341863813e-05,0.06360447556958684,7.800618935557282,84,"(230, 206, 229)"
AK_Hughes,agl_poly,12496,7336,0.050450645186004006,0.09605524146652444,0.09605524146652446,0.05155646647298797,0.7016839501474645,73754,1356794,31356,90208752,0.0011466046452203854,0.015605299039203996,7.250930907597974,84,"(175, 222, 232)"
AK_Hughes,al_poly,12496,7336,0.0,0.0,0.0,0.0,0.0,0,4717,794294,90871645,0.008664648369048433,5.145594245556615e-05,1.1052886132582607,84,"(255, 253, 244)"
AK_Hughes,al1_poly,12496,7336,1.4172361799446292e-05,2.8344321892907757e-05,2.834432189290776e-05,1.975262838779047e-05,5.016379569812736e-05,23,1164379,458475,90047779,0.00500157869493156,0.012702014481057056,3.9657369675315994,84,"(254, 252, 220)"
AK_Hughes,al2_poly,12496,7336,0.0,0.0,0.0,0.0,0.0,0,4470,1189370,90476816,0.012974380809492625,4.8761514262535655e-05,0.0,84,"(254, 253, 241)"
AK_Hughes,als_poly,12496,7336,0.0,0.0,0.0,0.0,0.0,0,3747,67411,91599498,0.0007353607243740025,4.0874584774434254e-05,0.4240937450004616,84,"(254, 253, 242)"
AK_Hughes,alsa_poly,12496,7336,0.0,0.0,0.0,0.0,0.0,0,4519,55048,91611089,0.0006004975027123184,4.929603645467531e-05,0.0,84,"(254, 253, 241)"
AK_Hughes,altip_terr_poly,12496,7336,0.0,0.0,0.0,0.0,0.0,0,48153,46304,91576199,0.0005051125629558056,0.0005252825942469529,0.678582896071079,84,"(228, 229, 231)"
AK_Hughes,ao_poly,12496,7336,0.05877951047810519,0.11103258024243888,0.11103258024243888,0.06183910237359606,0.5429668652454335,55141,836544,46414,90732557,0.0011078245147498453,0.009727049406082575,8.146980835548218,84,"(237, 213, 109)"
AK_Hughes,av_poly,12496,7336,0.0001370725185388787,0.00027410746447725125,0.0002741074644772512,0.0001371043391298081,0.3713063763608087,955,6964543,1617,84703541,2.8056960779248705e-05,0.0759839440878442,0.2730329751185863,84,"(242, 153, 192)"
AK_Hughes,b_poly,12496,7336,0.0023079368908088195,0.004605245166406869,0.004605245166406869,0.0023142591713742815,0.4579405366207397,2526,1088968,2990,90576172,6.017192677229232e-05,0.011906689093617919,12.856886204244804,84,"(129, 159, 211)"
AK_Hughes,bedrock_poly,12496,7336,0.0,0.0,0.0,0.0,0.0,0,67367,273717,91329572,0.002985873691140598,0.0007348807452626934,1.0343359047795047,84,"(245, 245, 246)"
AK_Hughes,br_undiff_poly,12496,7336,0.0,0.0,0.0,0.0,0.0,0,53860,6111545,85505251,0.0666684985869415,0.0005875380667069732,0.3963747162089032,84,"(255, 255, 255)"
AK_Hughes,c_poly,12496,7336,0.0,0.0,0.0,0.0,0.0,0,2484703,1240155,87945798,0.013528374881488794,0.027104671313795334,6.230360203507792,84,"(254, 239, 244)"
AK_Hughes,d_poly,12496,7336,0.014030570990549256,0.027672875733605513,0.027672875733605513,0.014257449172095102,0.46856772521062867,2169,149962,2460,91516065,5.0495984232948e-05,0.0016595386859672959,9.926040629906446,84,"(156, 211, 174)"
AK_Hughes,ds_poly,12496,7336,0.022282978994027897,0.043594541730422515,0.043594541730422515,0.022462241637268704,0.7362963693764799,74631,3247878,26729,88321418,0.001105697334597453,0.03624397538946378,6.81213590152606,84,"(250, 187, 117)"
AK_Hughes,dt_poly,12496,7336,0.0,0.0,0.0,0.0,0.0,0,1214853,6496,90449307,7.086237061508537e-05,0.013252365075253743,0.46361069443312014,84,"(222, 227, 244)"
AK_Hughes,dta_poly,12496,7336,0.0,0.0,0.0,0.0,0.0,0,1503640,14200,90152816,0.00015490234955883812,0.0164026316120177,0.46361069443312014,84,"(223, 228, 244)"
AK_Hughes,dti_poly,12496,7336,0.0,0.0,0.0,0.0,0.0,0,1552099,10357,90108200,0.00011298053763245678,0.016931252242811484,0.9082725999440421,84,"(220, 225, 244)"
AK_Hughes,f_poly,12496,7336,0.007453653175944161,0.014797014537486494,0.014797014537486492,0.007468511645156931,0.7893197614797371,41564,5523668,11094,86094330,0.0005744259100753026,0.06070897976338251,0.0,84,"(200, 142, 191)"
AK_Hughes,fd_poly,12496,7336,0.014374888046043255,0.028342357870733817,0.028342357870733817,0.014425289096822157,0.8044674475619722,14766,1008853,3589,90643448,0.00020022764972904743,0.011166266771342838,0.394750313443233,84,"(176, 123, 180)"
AK_Hughes,fdi_poly,12496,7336,0.0007990339213232535,0.0015967919517117933,0.0015967919517117933,0.0007992622780594407,0.7366110623353819,839,1048879,300,90620638,1.2424913813205395e-05,0.011450970744662283,0.394750313443233,84,"(177, 122, 180)"
AK_Hughes,fi_poly,12496,7336,0.00266984505363528,0.0053254719224002664,0.0053254719224002664,0.0026719070736738347,0.7757600913147245,14952,5581051,4322,86070331,0.00021025266798570746,0.06104464879143005,0.0,84,"(200, 142, 191)"
AK_Hughes,fl_poly,12496,7336,0.00022878151392069555,0.00045745836982298733,0.0004574583698229874,0.00022882252221324286,0.5607446113651209,1717,7501915,1345,84165679,3.340218270064523e-05,0.08185424133978053,7.800618935557282,84,"(247, 193, 217)"
AK_Hughes,gr_poly,12496,7336,0.0,0.0,0.0,0.0,0.0,0,582904,133983,90953769,0.0014615691197846343,0.006358675997693308,0.0,84,"(253, 237, 221)"
AK_Hughes,grfn_poly,12496,7336,0.0,0.0,0.0,0.0,0.0,0,1552722,85351,90032583,0.0009310612983941121,0.016938048310682973,0.0,84,"(253, 237, 221)"
AK_Hughes,high_level_poly,12496,7336,0.0,0.0,0.0,0.0,0.0,0,427247,25184,91218225,0.00027472258952744924,0.004660673531124289,1.4749733924928288,84,"(224, 223, 227)"
AK_Hughes,I_poly,12496,7336,0.056245332897937234,0.10650050920200771,0.10650050920200772,0.05758067747323451,0.7080568863632929,93700,1533582,38634,90004740,0.00144358081172671,0.017751394732028535,0.0,84,"(173, 210, 239)"
AK_Hughes,I1_poly,12496,7336,0.06274200790363395,0.11807570875531476,0.11807570875531474,0.06500057298540181,0.6435813283880728,105501,1517577,58427,89989151,0.0017882276308789588,0.017705534909666185,0.0,84,"(174, 210, 238)"
AK_Hughes,id_poly,12496,7336,0.0,0.0,0.0,0.0,0.0,0,1085108,23107,90562441,0.0002520653937504276,0.011837026670781106,3.9657369675315994,84,"(238, 244, 218)"
AK_Hughes,id1_poly,12496,7336,0.06886055482960882,0.1288485284978753,0.1288485284978753,0.08777353305854362,0.2421808294699188,167632,1742192,524545,89236287,0.0075506932120132314,0.020833536960835102,0.23531443592814755,84,"(208, 228, 174)"
AK_Hughes,id1A_poly,12496,7336,0.08696937168997183,0.16002175213963152,0.16002175213963152,0.10505509047736705,0.33562840853788045,200688,1709624,397259,89363085,0.006522774310680181,0.020838860365524164,0.0,84,"(208, 228, 175)"
AK_Hughes,id1B_poly,12496,7336,0.03433117320668104,0.06638332885249114,0.06638332885249114,0.03714568255880239,0.3118162307410445,71482,1852887,157762,89588525,0.0025007348043849494,0.02099220278297125,0.0,84,"(208, 228, 175)"
AK_Hughes,id2_poly,12496,7336,0.0027568953760296524,0.0054986316000267006,0.0054986316000267006,0.0027720290074537716,0.33553971486761713,3954,1422438,7830,90236434,0.0001285471329015034,0.01555996283041762,6.432348214498003,84,"(210, 225, 139)"
AK_Hughes,idt_poly,12496,7336,0.003988834784752613,0.007945974390457815,0.007945974390457813,0.004461407040802151,0.036290730621331715,8607,1920605,228561,89512883,0.0025871746788852477,0.021045033211063744,6.981586625227101,84,"(199, 196, 225)"
AK_Hughes,igl_poly,12496,7336,0.21977656387126132,0.36035544603963576,0.36035544603963576,0.23196842671029275,0.8070085934135884,344838,1141735,82466,90101617,0.004661295322245758,0.01621645425991061,0.25684149965948244,84,"(142, 216, 247)"
AK_Hughes,igl1A_poly,12496,7336,0.08526450687508146,0.15713129165274686,0.15713129165274684,0.08713946574294888,0.7984968741674257,128875,1350076,32522,90159183,0.0017606179233625207,0.016133308787492476,0.1518891289193779,84,"(143, 215, 246)"
AK_Hughes,igl1B_poly,12496,7336,0.025803974748780923,0.05030975777823499,0.05030975777823499,0.025972493286522198,0.7990746312011121,38513,1444325,9684,90178134,0.000525762573358262,0.016175710578530168,0.1518891289193779,84,"(142, 215, 246)"
AK_Hughes,ii1_poly,12496,7336,0.0,0.0,0.0,0.0,0.0,0,7841521,712,83828423,7.766934710274136e-06,0.08554014274753308,8.52794100430492,84,"(182, 169, 153)"
AK_Hughes,ik_poly,12496,7336,0.0823349654477897,0.15214322381930184,0.15214322381930187,0.0834006354066124,0.865657037707743,59275,651451,9199,90950731,0.0007469565833585831,0.007753037133278505,8.929125250657815,84,"(137, 198, 122)"
AK_Hughes,io_poly,12496,7336,0.0,0.0,0.0,0.0,0.0,0,2668096,630,89001930,6.872428184652676e-06,0.029105235158347727,6.7290321411055025,84,"(220, 212, 201)"
AK_Hughes,io1_poly,12496,7336,0.014532584588947748,0.0286488276664585,0.028648827666458498,0.014679213723364821,0.5926471173357737,119160,7998441,81904,83471151,0.0021933300008238187,0.08855179349867422,0.0,84,"(206, 173, 136)"
AK_Hughes,io1A_poly,12496,7336,0.0017664494532202222,0.003526669223518871,0.0035266692235188706,0.001768590619147528,0.5933433540906162,13816,7798054,9469,83849317,0.00025400712742799616,0.08521669136959159,0.0,84,"(206, 173, 136)"
AK_Hughes,io1B_poly,12496,7336,0.0014515712903440698,0.002898934570493026,0.002898934570493026,0.0014527936010286446,0.6330658105939004,11832,8132477,6858,83519489,0.00020388203614469608,0.08884314081923882,0.9101570099982772,84,"(205, 174, 136)"
AK_Hughes,io2_poly,12496,7336,0.006181341369458957,0.012286734240263029,0.01228673424026303,0.0062152280184825555,0.5313380201057959,46406,7420094,40932,84163224,0.0009527367187161833,0.08144918260430033,1.5382798559117759,84,"(223, 196, 159)"
AK_Hughes,io2B_io2A_poly,12496,7336,0.006001967787055157,0.011932318184740607,0.011932318184740607,0.006032468022224988,0.5427725046853273,35912,5917207,30252,85687285,0.0007217576800148567,0.06494029016220851,1.5382798559117759,84,"(220, 197, 160)"
AK_Hughes,l2_poly,12496,7336,0.020313666188168055,0.039818473203556554,0.03981847320355655,0.020519543930875062,0.6693815322273265,33368,1592789,16481,90028018,0.0005437836072646845,0.017739122538841655,0.0,84,"(173, 210, 239)"
AK_Hughes,l3_poly,12496,7336,0.020750027874263006,0.04065643361769081,0.040656433617690814,0.020973022105517266,0.6611982604643939,34057,1589791,17451,90029357,0.0005618810014842699,0.017713934544114095,0.0,84,"(174, 210, 238)"
AK_Hughes,lake_poly,12496,7336,1.4728263537728902e-05,2.9456093238353796e-05,2.9456093238353802e-05,3.8366605706393155e-05,2.3904382470119523e-05,3,78190,125497,91466966,0.0013690313288474776,0.0008529774238770583,1.0343359047795047,84,"(248, 246, 247)"
AK_Hughes,ls_poly,12496,7336,0.0006590908448294875,0.0013173134604174432,0.001317313460417443,0.0006591794700236651,0.8305718866916088,4662,7067767,951,84597276,6.123006254040552e-05,0.07715041332310309,10.5999123310463,84,"(242, 112, 97)"
AK_Hughes,lsa_poly,12496,7336,0.010668394857286581,0.0211115632220656,0.0211115632220656,0.010729010177573642,0.6537783611475717,17433,1607414,9232,90036577,0.00029087825006946606,0.017724832251664043,0.2724818758872599,84,"(173, 210, 238)"
AK_Hughes,m_poly,12496,7336,0.15010962575896672,0.26103533506192184,0.26103533506192184,0.15553898966620178,0.8113314728786002,1356831,7366583,315520,82631722,0.018243035154019187,0.09516037498411706,0.0,84,"(230, 164, 114)"
AK_Hughes,m1_poly,12496,7336,0.0637266266335063,0.11981767690668611,0.1198176769066861,0.06445300850698028,0.8497271952632971,581374,8438748,102815,82547719,0.007463555186078302,0.0983970486695328,0.0,84,"(230, 164, 114)"
AK_Hughes,m2_poly,12496,7336,0.0051646317501507,0.010276190759235646,0.010276190759235648,0.005169455798109418,0.8469643655592061,43567,8384206,7872,83235011,0.0005611283069688079,0.09193534079215054,0.0,84,"(230, 164, 114)"
AK_Hughes,m3_poly,12496,7336,0.07214487615321007,0.13458046157355422,0.13458046157355422,0.07343235098816331,0.8044909059405816,640740,8084842,155714,82789360,0.008688210979967243,0.0951840248639652,0.2730695892516978,84,"(230, 164, 113)"
AK_Hughes,near_surfa_poly,12496,7336,0.0,0.0,0.0,0.0,0.0,0,64159,2629221,88977276,0.028681162704889993,0.0006998859046017954,0.3963747162089032,84,"(253, 253, 253)"
AK_Hughes,pg_poly,12496,7336,0.0003726344964891362,0.0007449913834891972,0.0007449913834891973,0.0003737362976040545,0.11221546282809242,3929,10508831,31084,81126812,0.0003819433778241971,0.1146796636864909,6.112702969129001,84,"(252, 211, 195)"
AK_Hughes,pr_poly,12496,7336,5.9062967461779056e-05,0.00011811895846735753,0.00011811895846735753,5.9069553679096725e-05,0.34628378378378377,410,6940560,774,84728912,1.2915801540680585e-05,0.07571637755052173,0.2730329751185863,84,"(242, 153, 193)"
AK_Hughes,rga_poly,12496,7336,6.069261697830049e-05,0.00012137786721619637,0.00012137786721619637,6.069371799862129e-05,0.7698863636363636,542,8929542,162,82740410,7.679665780945214e-06,0.09741485868716812,0.17819115093969232,84,"(241, 134, 144)"
AK_Hughes,rgi_poly,12496,7336,0.0007838390171492671,0.0015664501895215662,0.0015664501895215662,0.0007841779049725012,0.6446066660263183,6711,8551296,3700,83108949,0.00011356960290542701,0.0933560135099284,0.17819115093969232,84,"(242, 134, 144)"
AK_Hughes,sa_poly,12496,7336,0.06813642279182934,0.12758000071514938,0.12758000071514936,0.07245217061691217,0.533552660729319,48167,616644,42109,90963736,0.0009847862330122303,0.007252168022011319,0.18448763870725193,84,"(253, 206, 124)"
AK_Hughes,sap_poly,12496,7336,0.2068490237919853,0.342791881526414,0.342791881526414,0.2261278999137999,0.7081311310617352,163431,559306,67361,90880558,0.002517621342210096,0.007884060522049716,0.18448763870725193,84,"(253, 206, 125)"
AK_Hughes,sd_poly,12496,7336,0.03383743839676034,0.06545988206663182,0.06545988206663182,0.07332635550272903,0.059117715767743655,37200,470121,592053,90571282,0.0068642794483765885,0.00553417006200981,0.0,84,"(168, 205, 61)"
AK_Hughes,sd1_poly,12496,7336,0.03693574859150855,0.07124018752691118,0.07124018752691118,0.10170580982058307,0.054819266526001845,56171,496118,968487,90149880,0.011177600823539432,0.006024708713767686,0.37745847389156867,84,"(167, 206, 60)"
AK_Hughes,sd2_poly,12496,7336,0.006841666042374077,0.01359035143880535,0.013590351438805352,0.007377598926894702,0.08607500602766148,3927,528360,41696,91096673,0.000497683795346681,0.005806514573213046,0.0,84,"(168, 205, 61)"
AK_Hughes,sdt_poly,12496,7336,0.04347673846552482,0.08333053696905432,0.0833305369690543,0.04373236373370214,0.8814884931668935,74499,1629022,10016,89957119,0.0009219416952792396,0.018583056719917005,6.981586625227101,84,"(177, 172, 212)"
AK_Hughes,sgl_poly,12496,7336,0.15905024553722447,0.27444926766484407,0.274449267664844,0.16542951141308815,0.8048609345604312,237438,1197844,57567,90177807,0.0032180963120848616,0.015656940428134387,9.386052107919593,84,"(121, 205, 208)"
AK_Hughes,si_poly,12496,7336,0.04391208977335038,0.08412986151522467,0.08412986151522468,0.044155533682548403,0.8884515776608413,452149,9787768,56769,81373970,0.005551591122027097,0.1117033241258795,5.887291337736494,84,"(249, 169, 130)"
AK_Hughes,so_poly,12496,7336,0.04541178558750444,0.0868782736402455,0.08687827364024552,0.04648048098360623,0.663874873864783,92106,1889500,46634,89642416,0.001513461406886845,0.021616579246471194,0.8014401368085532,84,"(236, 224, 170)"
AK_Hughes,so1_poly,12496,7336,0.008371358318453263,0.016603720939502346,0.016603720939502346,0.008410729510393778,0.6413641787597675,16662,1964379,9317,89680298,0.00028339493937951094,0.021610415878337338,0.7246075865249866,84,"(233, 223, 171)"
AK_Hughes,so2_poly,12496,7336,0.012106780577846431,0.023923919511603817,0.02392391951160382,0.012194841716255074,0.6263868852459017,23881,1934406,14244,89698125,0.0004158909913331481,0.02136220122609355,0.7246075865249866,84,"(232, 224, 171)"
AK_Hughes,st_poly,12496,7336,0.140282867586267,0.24604924194505454,0.24604924194505454,0.14638126488217962,0.7710225706770778,1451918,8466824,431189,81320725,0.020542091462724996,0.10819974932872739,6.721078271604117,84,"(219, 179, 168)"
AK_Hughes,tailings_poly,12496,7336,0.0,0.0,0.0,0.0,0.0,0,176686,12930,91481040,0.0001410484070278716,0.0019273997559262584,0.678582896071079,84,"(226, 227, 230)"
AK_Hughes,td2_poly,12496,7336,0.09131615451000592,0.16735050449428432,0.16735050449428432,0.09621679009171778,0.6419439371079171,40420,379673,22545,91228018,0.0006868610168994536,0.0045826332910719,8.189823387666513,84,"(254, 245, 110)"
AK_Hughes,tg_poly,12496,7336,0.013266824428570644,0.02618624060064818,0.02618624060064818,0.013470369145980937,0.4675141242937853,24163,1769626,27521,89849346,0.0005638009179295062,0.019567755683999905,0.0,84,"(254, 249, 175)"
AK_Hughes,tg1_poly,12496,7336,0.10566624234608309,0.19113587500306198,0.19113587500306198,0.11285990533813689,0.6237455726092089,202872,1594684,122376,89750724,0.0035480055907966884,0.01960884844109766,0.0,84,"(254, 249, 175)"
AK_Hughes,tg2_poly,12496,7336,0.006097591263798643,0.012121271965553996,0.012121271965553996,0.0061543295050744806,0.39809743441914097,11048,1784111,16704,89858793,0.00030273591584203344,0.019582700488147482,0.0,84,"(254, 249, 175)"
AK_Hughes,tg3_poly,12496,7336,0.10443257607529775,0.1891153490716626,0.1891153490716626,0.11061646470529102,0.6513339770637955,196966,1583655,105438,89784597,0.0032988091630979494,0.0194241110263245,0.0,84,"(254, 249, 175)"
AK_Hughes,tgH_poly,12496,7336,0.009940238462144507,0.019684805265865433,0.01968480526586543,0.010014470526917011,0.5728346456692913,18042,1783551,13454,89855609,0.00034357777476796937,0.019652886524560268,0.0,84,"(254, 249, 175)"
AK_Hughes,Tgmd_poly,12496,7336,0.042615779619178513,0.08174781247746735,0.08174781247746736,0.04690049753422951,0.3180913462966692,96368,1958365,206589,89409334,0.003304841627837811,0.022414293620850713,6.432348214498003,84,"(185, 203, 137)"
AK_Hughes,tra_poly,12496,7336,0.0008623913357332368,0.0017232965154826221,0.0017232965154826223,0.0008628487803491888,0.6192904185256002,2915,3375429,1792,88290520,5.1346856293905e-05,0.03685305797309883,0.2613298107118163,84,"(225, 111, 154)"
AK_Hughes,tri_poly,12496,7336,0.0003028825890574351,0.0006055817579441381,0.000605581757944138,0.00030296237463331595,0.5349070818684079,1065,3514223,926,88154442,2.171905478673568e-05,0.03834692750535133,0.2613298107118163,84,"(225, 112, 154)"
AK_Hughes,us_poly,12496,7336,0.33565932294075945,0.5026121813783003,0.5026121813783004,0.3568706461323296,0.8495632514599044,3890789,7011730,688963,80079174,0.04995875670399915,0.11893139501477987,6.112702969129001,84,"(249, 190, 167)"
AK_Kechumstuk,alteration_poly,17572,15950,0.000144368891391283,0.0002886961040460759,0.0002886961040460759,0.0015595757953836558,0.0001590710252127575,10,6402,62855,280204133,0.00022429884534172704,2.287766159756866e-05,0.8452513107458861,31,"(253, 251, 251)"
AK_Kechumstuk,Dog_poly,17572,15950,0.0027053312147279603,0.005396064288300103,0.0053960642883001024,0.0027077024881615136,0.7554507203876067,11850,4364554,3836,275893160,5.596678100740206e-05,0.015614767580512457,8.395137115713508,31,"(177, 172, 212)"
AK_Kechumstuk,Jgmv_poly,17572,15950,0.010011092316340096,0.019823727466954544,0.019823727466954544,0.017901630713933806,0.022208222677528516,30740,1686422,1353432,277202806,0.004938649190397662,0.006126739105459169,5.625516861896109,31,"(254, 224, 203)"
AK_Kechumstuk,Jmig_poly,17572,15950,0.0,0.0,0.0,0.0,0.0,0,3249,242240,280027911,0.0008642989309724005,1.1592252422099279e-05,5.833992170297479,31,"(254, 239, 237)"
AK_Kechumstuk,Jt_poly,17572,15950,0.13499763388570435,0.2378817890985996,0.23788178909859964,0.13745712090640247,0.8829700289609677,421348,2643957,55846,277152249,0.0017026018166547377,0.010936838815242546,13.765135841648807,31,"(249, 170, 144)"
AK_Kechumstuk,Kdm_poly,17572,15950,0.10213593023374139,0.18534180300624145,0.18534180300624145,0.10249785547975981,0.9665832049306625,10037,87887,347,280175129,3.704953805819603e-05,0.00034938741956960594,18.52836154734184,31,"(224, 45, 54)"
AK_Kechumstuk,Kgc_poly,17572,15950,0.041505035405668356,0.07970203502569156,0.07970203502569156,0.041627062684798044,0.9340307500381555,281515,6481273,19883,273490729,0.0010753714052064876,0.024129253792903642,1.9339041726232817,31,"(247, 171, 183)"
AK_Kechumstuk,Kgg_poly,17572,15950,0.0,0.0,0.0,0.0,0.0,0,357380,330975,279585045,0.0011809005064340747,0.001275112086983638,6.136126317429016,31,"(252, 231, 241)"
AK_Kechumstuk,Kggp_poly,17572,15950,0.0013216636789719954,0.0026398383794395295,0.002639838379439529,0.0013226567687701944,0.6377167630057804,8826,6664107,5014,273595453,4.938035503904402e-05,0.023808656119346325,4.229442949942529,31,"(244, 175, 204)"
AK_Kechumstuk,Kgkc_poly,17572,15950,0.00361411215430645,0.0072021947689607175,0.0072021947689607175,0.0036147590432383373,0.9528198271333748,19953,5499917,988,274752542,7.471633055438011e-05,0.019694591067150862,8.311557615149647,31,"(201, 108, 148)"
AK_Kechumstuk,Kgu_poly,17572,15950,0.0052338340992718,0.010413167407882796,0.010413167407882796,0.005236901639072991,0.8993477496008011,33230,6312125,3719,273924326,0.00013183198976428017,0.02263987592115413,3.8367107890300076,31,"(244, 121, 157)"
AK_Kechumstuk,Kgvc_poly,17572,15950,0.07612464446476039,0.14147923264525372,0.1414792326452537,0.07638761915623776,0.9567330311441307,506350,6122342,22899,273621809,0.0018883311794840323,0.02365080667662361,3.8367107890300076,31,"(226, 131, 155)"
AK_Kechumstuk,Kqfp_poly,17572,15950,0.011296361417064645,0.022340358075126025,0.022340358075126028,0.011311662988814235,0.8930574788180345,76101,6651557,9113,273536629,0.0003040388420734897,0.02400391189460006,7.93439914285755,31,"(223, 132, 183)"
AK_Kechumstuk,Kr_poly,17572,15950,0.05156289044184329,0.09806905684961499,0.09806905684961498,0.051758784056096206,0.9316187287576726,18365,336454,1348,279917233,7.033489442808343e-05,0.001265974580534578,17.23467472549955,31,"(224, 111, 48)"
AK_Kechumstuk,MDag_poly,17572,15950,0.11670896371376653,0.20902306242019425,0.20902306242019425,0.1219361341211423,0.7313642756680732,113360,816307,41638,279302095,0.0005530242969900104,0.003317000471682293,6.784930219146062,31,"(178, 187, 211)"
AK_Kechumstuk,MzPzmh_poly,17572,15950,0.0,0.0,0.0,0.0,0.0,0,7181,697,280265522,2.486857475593474e-06,2.5621411093596468e-05,0.0,31,"(254, 254, 254)"
AK_Kechumstuk,Pzam_poly,17572,15950,0.021822761202468084,0.04271339811766834,0.04271339811766835,0.022393402609059223,0.4613171820634439,110974,4844682,129585,275188159,0.0008583012158842045,0.017681506700243405,10.886871976985251,31,"(203, 175, 182)"
AK_Kechumstuk,Pzm_poly,17572,15950,0.04138645433851489,0.07948337366228453,0.07948337366228454,0.04264457721808126,0.5838206776503642,38235,858362,27256,279349547,0.0002336682681981237,0.0031990085395189128,12.49787484357187,31,"(110, 154, 190)"
AK_Kechumstuk,Pzms_poly,17572,15950,0.32444498623728407,0.48993350363162214,0.4899335036316221,0.4134176183626102,0.6012054030341324,183643,260564,121815,279707378,0.0010898572608032014,0.0015849060239038024,10.324746122396254,31,"(178, 200, 208)"
AK_Kechumstuk,Pzmv_poly,17572,15950,0.0,0.0,0.0,0.0,0.0,0,432295,735492,279105613,0.0026241948040734513,0.0015424046663008333,4.261332732342396,31,"(237, 236, 245)"
AK_Kechumstuk,Pzq_poly,17572,15950,0.0,0.0,0.0,0.0,0.0,0,87767,482117,279703516,0.0017201668085519354,0.00031314780496472373,4.261332732342396,31,"(221, 222, 226)"
AK_Kechumstuk,Pzqm_poly,17572,15950,0.0018358963173010507,0.003665063957180441,0.0036650639571804405,0.0024302993358785974,0.007450392190612014,606,248746,80732,279943316,0.0002902094883067747,0.0008896741538797474,6.784930219146062,31,"(159, 165, 181)"
AK_Kechumstuk,Pzum_poly,17572,15950,0.00024092498433987602,0.00048173390694576516,0.00048173390694576516,0.0002409336913817495,0.8695652173913043,1840,7635116,276,272636168,7.549771044986788e-06,0.02724823690011253,13.359992199597635,31,"(144, 115, 143)"
AK_Kechumstuk,Qa_poly,17572,15950,0.4232127167300545,0.5947286891904953,0.5947286891904954,0.6414185713239285,0.5543748579591572,341506,190917,274514,279466463,0.0021979253114994147,0.0018996558360515126,6.03144000038811,31,"(253, 248, 153)"
AK_Kechumstuk,Qc_poly,17572,15950,3.4416722136500815e-05,6.883107533300754e-05,6.883107533300754e-05,0.0008256551127019229,3.5912466372100326e-05,370,447759,10302459,269522812,0.03675992441665887,0.001598899503128017,9.909039560369843,31,"(255, 253, 229)"
AK_Kechumstuk,Qf_poly,17572,15950,0.10835177422433982,0.19551874548162812,0.19551874548162812,0.11855475990138334,0.5573273954414694,40297,299605,32007,279901491,0.00025797667563172243,0.0012127515490232038,6.03144000038811,31,"(254, 230, 130)"
AK_Kechumstuk,Qls_poly,17572,15950,0.010894980349236357,0.02155511811023622,0.02155511811023622,0.09986320109439124,0.012081425497876096,219,1974,17908,280253299,6.46761340890716e-05,7.824502789062393e-06,9.099336947009103,31,"(252, 216, 9)"
AK_Kechumstuk,Qs_poly,17572,15950,0.2133060592882381,0.3516112981639107,0.35161129816391073,0.2535310233728222,0.5734573365921878,357569,1052787,265963,278597081,0.002224727712298063,0.0050320722551622805,5.625516861896109,31,"(254, 222, 185)"
AK_Kechumstuk,sz_poly,17572,15950,0.0,0.0,0.0,0.0,0.0,0,6867,121060,280145473,0.000431935388802505,2.4501076448924514e-05,0.0,31,"(254, 254, 254)"
AK_Kechumstuk,Tb_poly,17572,15950,0.0,0.0,0.0,0.0,0.0,0,6917,472,280266011,1.6840699117361833e-06,2.4679473685337247e-05,0.8245293742838947,31,"(255, 254, 255)"
AK_Kechumstuk,Trg_poly,17572,15950,0.28764086548047657,0.4467718805633663,0.4467718805633663,0.29221714631062984,0.9483663843922501,2018191,4888286,109880,273257043,0.00759283970580155,0.02464192820296182,1.9339041726232817,31,"(244, 171, 188)"
AR_Maumee,Qal_poly,15825,9740,0.23278391735191076,0.37765566872732037,0.3776556687273203,0.314887828125913,0.4716768966737573,247903,539371,277675,153070551,0.0034098439360173353,0.00510767474073137,4.094976909086449,19,"(252, 245, 181)"
AR_Maumee,Qbx_poly,15825,9740,0.004743654322069162,0.009442516609412872,0.009442516609412872,0.004814164222417647,0.24464440344866534,6498,1343269,20063,152765670,0.00017232240463747807,0.008757015742642026,7.348993941416771,19,"(246, 215, 172)"
AR_Maumee,Qls_poly,15825,9740,0.016650256935921124,0.032755132499751254,0.032755132499751254,0.016692075489556465,0.8692131666960042,39504,2327128,5944,151762924,0.00029485744685682404,0.015354230530928955,9.194366949168279,19,"(252, 193, 161)"
AR_Maumee,Qtm_poly,15825,9740,0.19207079505466962,0.3222472958006845,0.3222472958006845,0.2289258545011417,0.5440142825011246,193495,651735,162185,153128085,0.002307580018879492,0.005483681565894943,4.094976909086449,19,"(252, 234, 176)"
AR_Maumee,Qto1_poly,15825,9740,0.1354222659765297,0.2385407967317932,0.23854079673179324,0.1593139170533107,0.47451959705409297,22422,118319,24830,153969929,0.00030656143458191007,0.0009130991887008509,9.014047975146621,19,"(252, 222, 111)"
AR_Maumee,Qto2_poly,15825,9740,0.16666666666666666,0.2857142857142857,0.2857142857142857,0.25589362640344626,0.3234020662751318,7544,21937,15783,154090236,0.000151340865666897,0.00019126677501289449,9.014047975146621,19,"(251, 194, 56)"
AR_Maumee,Qty_poly,15825,9740,0.0,0.0,0.0,0.0,0.0,0,3286,360066,153772148,0.00233603550123106,2.131890447041726e-05,13.290624939910074,19,"(253, 249, 236)"
AR_Maumee,Su_poly,15825,9740,0.08052286469999159,0.14904425872070529,0.1490442587207053,0.08182538060320699,0.8349434238947347,168535,1891156,33317,152042492,0.0013095750167871774,0.013362859302367074,15.061887363542889,19,"(166, 66, 105)"
AR_Maumee,Mb_poly,15825,9740,0.4412020829556951,0.6122695604919666,0.6122695604919666,0.6973861993893749,0.545670023035503,13915170,6038150,11585901,122596279,0.16544579931294218,0.12945311106137133,7.768765775633034,19,"(222, 187, 214)"
AR_Maumee,Mbs_poly,15825,9740,0.05970673165783025,0.11268538714371215,0.11268538714371215,0.06111567726423198,0.7214401092623478,1867807,28694024,721191,122852478,0.016796896237401507,0.19827898829276838,9.972791071917234,19,"(224, 154, 170)"
AR_Maumee,Mbv_poly,15825,9740,0.06694333013233571,0.1254861963925161,0.1254861963925161,0.06759477378409974,0.8741527442019902,438621,6050357,63146,147583376,0.0032553629760827324,0.042099178969153765,8.69987270946754,19,"(227, 166, 153)"
AR_Maumee,Mf_poly,15825,9740,0.015847863024338757,0.031201252867052703,0.031201252867052703,0.017516424220847617,0.14263884869744428,80838,4534145,485894,149034623,0.003676842777945379,0.029941077817893996,3.000868443746229,19,"(247, 207, 203)"
AR_Maumee,Mfw_poly,15825,9740,0.012883014848355936,0.025438307602156245,0.025438307602156245,0.012906888847253432,0.8744488985201916,362766,27743620,52085,125977029,0.0026914695187027,0.18234855695151345,7.768765775633034,19,"(199, 180, 224)"
AR_Maumee,Oc_poly,15825,9740,0.0001120890340285798,0.00022415294297030742,0.0002241529429703074,0.00011211218634841483,0.3518181818181818,774,6903025,1426,147230275,1.4273155762300055e-05,0.04479045385391425,4.684326934138149,19,"(251, 195, 194)"
AR_Maumee,Oel_poly,15825,9740,0.017943730443556533,0.03525485723211395,0.03525485723211395,0.017994876830097033,0.8632601674386979,162507,8868230,25741,145079022,0.001221315011791573,0.05858959811334832,5.09352292078359,19,"(251, 195, 208)"
AR_Maumee,Oeu_poly,15825,9740,0.016408466300663213,0.03228714998879089,0.03228714998879089,0.03394930859811703,0.03078015326742985,118098,3360559,3718725,146938118,0.02489253286880699,0.0225688241839161,4.1309869500380225,19,"(251, 217, 221)"
AR_Maumee,Of_poly,15825,9740,0.04660006522513142,0.089050377070457,0.089050377070457,0.04799346734184496,0.6161321799672979,140175,2780535,87333,151127457,0.0014760259641678913,0.018948976712048815,15.22219802451807,19,"(250, 108, 89)"
AR_Maumee,Opl_poly,15825,9740,0.13807038005119215,0.24263944035689872,0.24263944035689874,0.14328483539112016,0.7914038222498446,611217,3654531,161103,149708649,0.005010656208336172,0.02767531165759997,15.061887363542889,19,"(236, 71, 121)"
AR_Maumee,Osp_poly,15825,9740,0.040363804971699495,0.0775955579746404,0.0775955579746404,0.05304649195499948,0.14444013824905721,190819,3406384,1130275,149408022,0.00857099110847274,0.023337926694369564,3.000868443746229,19,"(251, 213, 203)"
AR_StJoe,Mbv_poly,14493,10761,0.11791354219974104,0.2109528827564253,0.21095288275642532,0.11880430097112762,0.9402151035206078,1844907,13684051,117311,140312904,0.012581613266184734,0.09957066135507144,10.722634465370788,17,"(211, 148, 137)"
AR_StJoe,Mb_poly,14493,10761,0.5965979313769472,0.747336470444285,0.747336470444285,0.6141426194625814,0.9543036756872817,23111899,14520889,1106701,117219684,0.1552880765788621,0.24129897123781235,10.497068612899564,17,"(205, 169, 196)"
AR_StJoe,Mbs_poly,14493,10761,0.06087698658199067,0.11476728659772044,0.11476728659772044,0.06115327943000015,0.9309115923359637,2380421,36545063,176665,116857024,0.016395867910892294,0.24958765330206,10.722634465370788,17,"(206, 134, 151)"
AR_StJoe,Of_poly,14493,10761,0.0006113492520546157,0.0012219514649950598,0.0012219514649950596,0.0006120826680839717,0.33784048598863414,1724,2814889,3379,153139181,3.272010168969029e-05,0.018059938032628578,14.27800758178215,17,"(250, 96, 78)"
AR_StJoe,Opl_poly,14493,10761,0.0424005306954946,0.0813517058883398,0.08135170588833979,0.04269988312785243,0.8581167320744814,143877,3225617,23789,152565890,0.0010750634077804453,0.02160497478400966,12.918843096321353,17,"(245, 80, 118)"
AR_StJoe,Osp_poly,14493,10761,0.10111665851360317,0.18366202660143294,0.18366202660143294,0.10459173133238595,0.7526821490211009,893585,7649968,293616,147122004,0.00761225503548932,0.0547807021264469,4.306316903213576,17,"(250, 192, 176)"
AR_StJoe,Oeu_poly,14493,10761,0.31773197238528206,0.48224066660557996,0.48224066660557996,0.32712353597915106,0.9171302180838447,4852403,9981146,438452,140687172,0.03392461564283878,0.09511174440505657,4.761298167069651,17,"(251, 196, 203)"
AR_StJoe,Oel_poly,14493,10761,0.012932818949179643,0.025535393280269464,0.025535393280269464,0.01294279300658093,0.9437640434123983,242352,18482509,14441,137219871,0.0016465398928474698,0.12006258201946224,4.761298167069651,17,"(250, 179, 193)"
AR_StJoe,Qal_poly,14493,10761,0.11959572548687772,0.21364091120456755,0.21364091120456755,0.1281134197378367,0.6427068480480943,83388,567504,46357,155261924,0.0008319164400801228,0.004173476862435017,14.374130730055665,17,"(251, 216, 151)"
AR_StJoe,Qc_poly,14493,10761,0.13665358304028097,0.24044895486057377,0.24044895486057374,0.13898244696375303,0.8907729607081951,183338,1135807,22481,154617547,0.0013196979442818666,0.008458271319507446,14.374130730055665,17,"(251, 172, 106)"
AR_StJoe,Pbu_poly,14493,10761,0.39334725536992843,0.564607643721229,0.5646076437212291,0.4458467597565342,0.7696097787086473,44829,55719,13420,155845205,0.00037348877196213397,0.0006447071888487124,17.621081550468293,17,"(121, 189, 206)"
AR_StJoe,Pbl_poly,14493,10761,0.34699450871116605,0.5152129521941081,0.5152129521941081,0.3744106603427345,0.8257461960540141,106096,177272,22389,155653416,0.0008238374026258783,0.0018169370518526665,17.621081550468293,17,"(73, 146, 205)"
AR_StJoe,Phg_poly,14493,10761,0.0029230957578658787,0.005829152345239434,0.005829152345239434,0.0029428780447102805,0.3030627161550255,8500,2879829,19547,153051297,0.00017983552657079043,0.018519776326333816,9.678596994237683,17,"(101, 104, 153)"
AR_StJoe,Phc_poly,14493,10761,0.1658225182259888,0.2844730061970633,0.2844730061970633,0.18799551601399384,0.584361923309735,111020,479526,78965,155289662,0.0012181713736068606,0.0037865422638526046,12.930666115323373,17,"(196, 207, 245)"
AR_StJoe,Mp_poly,14493,10761,0.004735696883816844,0.009426751529789548,0.009426751529789546,0.0047380603977859,0.9047029036254916,134352,28221555,14152,127589114,0.0009521979191310536,0.18181621801751924,9.678596994237683,17,"(138, 112, 168)"
AR_StJoe,Mfw_poly,14493,10761,0.0066182943290807395,0.013149560993210213,0.013149560993210215,0.006625920607468275,0.8518552824141827,183936,27576131,31988,128167118,0.0013844905422780102,0.17799573097248983,10.497068612899564,17,"(175, 162, 211)"
AR_StJoe,Mf_poly,14493,10761,0.06738613491498815,0.12626383781976916,0.12626383781976916,0.06777606511402909,0.9213390058632187,995317,13690059,84977,141188820,0.006926774355234623,0.09416166883624089,4.306316903213576,17,"(238, 190, 184)"
AZ_GrandCanyon,Cba_poly,17482,12844,0.006162306362681171,0.012249129834645002,0.012249129834645002,0.00713927706515833,0.043091004617979704,109081,15169917,2422329,206837481,0.011273819535017751,0.06804613481336376,7.999431321984626,41,"(249, 226, 217)"
AZ_GrandCanyon,Cm_poly,17482,12844,0.05604326027881261,0.10613819033136251,0.1061381903313625,0.05754196606770055,0.6827158977221083,1350481,22119016,627620,200441691,0.00880961744483831,0.10452312100988796,5.269887653920204,41,"(243, 201, 194)"
AZ_GrandCanyon,Ct_poly,17482,12844,0.020057453787981103,0.03932612562850807,0.03932612562850807,0.02021167843464687,0.7244115695382334,556761,26989739,211809,196780499,0.0034228826938459563,0.12268035198619207,5.269887653920204,41,"(243, 184, 174)"
AZ_GrandCanyon,Dtb_poly,17482,12844,0.011606144688889151,0.022945975071075753,0.022945975071075757,0.011643402474735085,0.7838785266900785,249554,21183528,68804,203036922,0.0014178306317543113,0.09545379790205352,10.652194794949624,41,"(134, 111, 165)"
AZ_GrandCanyon,MPu_poly,17482,12844,0.1159768372353397,0.20784810825044436,0.20784810825044436,0.11755159928814461,0.8964519009752268,5051320,37919767,583472,180984249,0.025094958195377968,0.19137487805671435,6.928413474366927,41,"(107, 189, 240)"
AZ_GrandCanyon,Mr_poly,17482,12844,0.06628307800603188,0.12432548049056992,0.12432548049056993,0.06787404816976175,0.7387514176377347,1670823,22945699,590862,199331424,0.010072579524872154,0.10963148071935966,10.3587044056153,41,"(175, 162, 202)"
AZ_GrandCanyon,Ms_poly,17482,12844,0.007661423660619825,0.015206345069333906,0.015206345069333906,0.007817212513615435,0.2776846445844654,14411,1829085,37486,222657826,0.00023112708427667434,0.00821014423484425,10.652194794949624,41,"(95, 91, 144)"
AZ_GrandCanyon,Pc_poly,17482,12844,0.020386633293678146,0.0399586443579189,0.0399586443579189,0.026290349099836942,0.08322945876293703,42533,1575285,468500,222452490,0.0022759228329028987,0.007205070759973038,6.469465838334655,41,"(213, 193, 112)"
AZ_GrandCanyon,Pe_poly,17482,12844,0.2263981420613349,0.36920822740452625,0.3692082274045263,0.2323374893898042,0.8985422818065775,5946011,19646118,671386,198275293,0.029471061412243715,0.11397641783152247,10.136479479795671,41,"(103, 157, 216)"
AZ_GrandCanyon,Ph_poly,17482,12844,0.220846865300206,0.3617929022505207,0.36179290225052063,0.23041370964957278,0.8417473747208548,3890303,12993688,731396,206923421,0.020583074441189696,0.07519408849805598,8.327685759732748,41,"(156, 173, 218)"
AZ_GrandCanyon,Pk_poly,17482,12844,0.3516021484156503,0.5202746219777747,0.5202746219777747,0.8703500938517592,0.371035382069998,13986083,2083408,23708659,184760658,0.16787628978595096,0.07156665319074822,10.53463908485734,41,"(195, 227, 247)"
AZ_GrandCanyon,Pt_poly,17482,12844,0.05471383038792385,0.10375104376473397,0.10375104376473399,0.055572524596868435,0.7797813359658274,2502415,42527301,706709,178802383,0.014292068389353879,0.2005431328378656,6.928413474366927,41,"(152, 193, 235)"
AZ_GrandCanyon,Qa_poly,17482,12844,0.32921221518176164,0.49534936772567034,0.49534936772567034,0.4467284565950497,0.5558464315497239,105314,130431,84152,224218911,0.0008438006850023003,0.0010499075954834498,3.2559811043112576,41,"(253, 245, 118)"
AZ_GrandCanyon,Qhb_poly,17482,12844,0.009647163199866794,0.019109969406128205,0.019109969406128205,0.009652164107677916,0.9490311323353844,113674,11663374,6105,212755655,0.0005334445348975042,0.052449944421188874,1.5436108178788477,41,"(246, 197, 161)"
AZ_GrandCanyon,Qhp_poly,17482,12844,0.002963415381135916,0.005909318995468622,0.005909318995468622,0.0029647018409404906,0.8722749534087462,40252,13536830,5894,210955832,0.00020551458525601508,0.06046652746103471,1.5436108178788477,41,"(242, 196, 165)"
AZ_GrandCanyon,Qi_poly,17482,12844,6.931617814457312e-05,0.00013862274749008632,0.00013862274749008632,6.931722928219954e-05,0.8205007085498347,1737,25056968,380,199479723,9.42821429781528e-06,0.1116007750428603,4.82520292714424,41,"(252, 97, 149)"
AZ_GrandCanyon,Ql_poly,17482,12844,0.0679635095250872,0.12727683842926413,0.12727683842926413,0.5433989788475565,0.07207981423725726,12665,10642,163043,224352458,0.0007825284259993043,0.0001037994287383943,4.913647354191145,41,"(250, 205, 26)"
AZ_GrandCanyon,Qp_poly,17482,12844,1.4392846596302228e-05,2.8785278890501154e-05,2.8785278890501147e-05,1.4392881757502134e-05,0.8548951048951049,489,33974639,83,190563597,2.547443825389863e-06,0.15131071685389905,4.045642356451866,41,"(239, 166, 202)"
AZ_GrandCanyon,Qr_poly,17482,12844,0.002438374117231518,0.00486488582278946,0.00486488582278946,0.002474954580846094,0.14161254554094727,3576,1441299,21676,223072257,0.0001124616284593441,0.0064348564636541586,7.828565179803162,41,"(252, 239, 177)"
AZ_GrandCanyon,Qsb_poly,17482,12844,0.00021376791929561805,0.0004274444646774076,0.0004274444646774076,0.0002141476667132914,0.10757973523990393,3852,17983736,31954,206519266,0.00015946463918165986,0.08010903843401537,1.0257385271252653,41,"(246, 202, 223)"
AZ_GrandCanyon,Qsp_poly,17482,12844,1.5986087259815095e-05,3.197166341782895e-05,3.197166341782895e-05,1.5988578663807027e-05,0.09304511278195489,297,18575463,2895,205960153,1.4215805403224552e-05,0.08272850544392309,1.0257385271252653,41,"(242, 202, 223)"
AZ_GrandCanyon,Qt_poly,17482,12844,0.0070129761054885985,0.013928273561301083,0.013928273561301083,0.0910577971646674,0.0075408651675246095,334,3334,43958,224491182,0.00019725766068910458,1.6335706208968564e-05,7.205230492125031,41,"(254, 238, 3)"
AZ_GrandCanyon,Qtb_poly,17482,12844,0.04806673158289314,0.0917245632065776,0.0917245632065776,0.049329392641802104,0.6525197697814796,27890,537493,14852,223958573,0.00019035462235107261,0.0025179745320461485,0.6895670666346476,41,"(248, 211, 124)"
AZ_GrandCanyon,Qtg_poly,17482,12844,0.035535067154950556,0.06863131589078929,0.06863131589078929,0.03914674044540759,0.2780631783452579,14885,365351,38646,224119926,0.00023840422275689643,0.0016934088293547901,3.2559811043112576,41,"(252, 236, 127)"
AZ_GrandCanyon,Qti_poly,17482,12844,1.3024047255637098e-05,2.6047755264078732e-05,2.6047755264078732e-05,1.3024060198984626e-05,0.9291044776119403,249,19118213,19,205420327,1.1935575965113345e-06,0.08514546848400478,5.9748080808128305,41,"(252, 97, 110)"
AZ_GrandCanyon,Qtp_poly,17482,12844,0.0017172987616099072,0.0034287094048050222,0.0034287094048050222,0.0017209975552831508,0.44414655942806075,1491,864867,1866,223670584,1.4950644968240857e-05,0.0038583887022327116,0.6895670666346476,41,"(245, 209, 125)"
AZ_GrandCanyon,Trm_poly,17482,12844,0.005774342366563808,0.011482381530984204,0.011482381530984206,0.005836395639687491,0.35195530726256985,189,32194,348,224506077,2.39156876614398e-06,0.00014422005838741247,15.106083537896318,41,"(94, 152, 89)"
AZ_GrandCanyon,Xbr_poly,17482,12844,0.013372902492674985,0.02639285589693701,0.02639285589693701,0.013560582350292004,0.491415858297485,63172,4595330,65379,219814927,0.0005725112783176438,0.0207469792927733,9.845047230102468,41,"(137, 124, 81)"
AZ_GrandCanyon,Xec_poly,17482,12844,0.000982986585276496,0.001964042543080232,0.001964042543080232,0.0009835216809201705,0.6437171244886032,11014,11187519,6096,213334179,7.620063610563035e-05,0.04987348556691367,5.9748080808128305,41,"(251, 86, 83)"
AZ_GrandCanyon,Xg_poly,17482,12844,0.010359007917575346,0.02050559818123664,0.02050559818123664,0.010433246558979752,0.5928039988782025,35934,3408248,24683,221069943,0.00026996224189450584,0.015338916380102988,7.5209139574469726,41,"(242, 151, 66)"
AZ_GrandCanyon,Xgd_poly,17482,12844,0.07109956117145436,0.1327599482791184,0.1327599482791184,0.10008159420845404,0.19712445935305728,18276,164335,74437,224281760,0.00041290412479610207,0.0008132714412557138,4.913647354191145,41,"(243, 189, 40)"
AZ_GrandCanyon,Xgr_poly,17482,12844,0.026874127684015092,0.05234161998925086,0.05234161998925086,0.027065467724370226,0.7917275955713391,113700,4087225,29910,220307973,0.0006395776359514654,0.0187091266646432,11.614147545737978,41,"(242, 124, 73)"
AZ_GrandCanyon,Xo_poly,17482,12844,2.810824543357093e-05,5.621491076463306e-05,5.621491076463307e-05,2.8110354785016734e-05,0.272508038585209,339,12059274,905,212478290,5.5402449629108215e-06,0.053708368310212105,7.6157151959833955,41,"(172, 85, 84)"
AZ_GrandCanyon,Xr_poly,17482,12844,0.001779766094827001,0.003553208309976049,0.003553208309976049,0.0017844308124999866,0.405055055869102,24904,13931367,36579,210545958,0.0002738190362175611,0.06215527339933149,8.731874530549767,41,"(171, 148, 102)"
AZ_GrandCanyon,Xum_poly,17482,12844,0.00017161705120048222,0.0003431752076837766,0.0003431752076837766,0.00017162988191780402,0.6965681277607884,2050,11942257,893,212593608,1.3106865696018124e-05,0.053194844607886226,14.807245286162765,41,"(96, 116, 89)"
AZ_GrandCanyon,Xv_poly,17482,12844,0.006589296543709201,0.013092323882907635,0.013092323882907637,0.0066149483858879915,0.6295211756412342,185744,27893689,109312,196350063,0.0013140534708815236,0.1250538080704517,4.045642356451866,41,"(227, 175, 204)"
AZ_GrandCanyon,Yb_poly,17482,12844,0.020048787994401854,0.03930946878300077,0.03930946878300077,0.021236599327735955,0.2638655865011265,22018,1014777,61426,223440587,0.0003716239555346709,0.004617442344309586,8.731874530549767,41,"(195, 153, 68)"
AZ_GrandCanyon,Yd_poly,17482,12844,0.015282780802027414,0.030105466360721117,0.030105466360721117,0.016301736235418897,0.19646524076509542,8515,513822,34826,223981645,0.00019302231265073787,0.0023262660234661973,6.114879507303,41,"(239, 187, 94)"
AZ_GrandCanyon,Yh_poly,17482,12844,0.0035641812881448275,0.007103046032531674,0.007103046032531674,0.0035669458929475113,0.8213831114678237,130995,36593700,28486,187785627,0.0007102602949597915,0.16355611454034263,7.6157151959833955,41,"(189, 107, 103)"
AZ_GrandCanyon,Yi_poly,17482,12844,0.0027481024292521548,0.005481142118533291,0.005481142118533291,0.0027497249811634108,0.8232336685090231,74175,26901250,15927,197547456,0.0004012758453763592,0.12013702771593943,4.82520292714424,41,"(244, 121, 166)"
AZ_GrandCanyon,Ys_poly,17482,12844,0.012853500679572987,0.025380769619592455,0.02538076961959245,0.013026115669976024,0.4923777943451023,88499,6705468,91239,217653602,0.0008004763256781875,0.030257428818273587,7.104181817323547,41,"(242, 177, 108)"
AZ_PipeSpring,Qaf_poly,11067,14425,0.2385067477227037,0.38515211671031496,0.385152116710315,0.2692804750641289,0.6760624055927277,123977,336424,59404,159121670,0.0011487052471796568,0.002883968592748219,11.339423122711183,33,"(204, 124, 45)"
AZ_PipeSpring,Qs_poly,11067,14425,0.08213404088820161,0.1518001241709152,0.1518001241709152,0.09317953950000381,0.409290898299448,771648,7509655,1113681,150246491,0.011809769359748147,0.05187438289454542,5.552032788689625,33,"(254, 249, 196)"
AZ_PipeSpring,Qfp_poly,11067,14425,0.021801898934864065,0.04267343593232812,0.04267343593232811,0.022035326878765478,0.6729967889383301,99973,4436969,48576,155055957,0.0009305163335530444,0.028419569538555064,6.204810814794531,33,"(238, 223, 113)"
AZ_PipeSpring,Qps_poly,11067,14425,0.018644251743992125,0.0366060117888494,0.0366060117888494,0.01884061486942645,0.6414325300439357,131248,6834979,73369,152601879,0.0012817283227933092,0.043636699047036494,4.131414463316157,33,"(226, 235, 177)"
AZ_PipeSpring,Qes_poly,11067,14425,0.2562544298293018,0.40796581288731665,0.40796581288731665,0.2648072902984605,0.888067536392888,7098608,19708086,894712,131940069,0.050070446918634395,0.16791810524176126,10.549040102827421,33,"(219, 181, 168)"
AZ_PipeSpring,Qd_poly,11067,14425,0.15565479961339482,0.2693794023361761,0.2693794023361761,0.15859892018778762,0.8934478850218412,5122931,27178241,610958,126729345,0.035917289037826795,0.20233571507654888,6.270061589043992,33,"(249, 170, 130)"
AZ_PipeSpring,Qae_poly,11067,14425,0.5997650495852818,0.749816418030589,0.749816418030589,0.734121727075848,0.7661968385355282,3795910,1374772,1158313,153312480,0.03103343288453079,0.03238933992560517,4.404349326425042,33,"(235, 199, 109)"
AZ_PipeSpring,Qv_poly,11067,14425,0.06757365175305884,0.12659295523469766,0.12659295523469766,0.06962030275252028,0.6968440525622593,346551,4631178,150764,154512982,0.0031151992300246538,0.031180675322625275,6.204810814794531,33,"(254, 247, 156)"
AZ_PipeSpring,Qtr_poly,11067,14425,6.732333883657231e-06,1.3464577119285692e-05,1.3464577119285694e-05,6.760312065732022e-06,0.0016240784231250074,139,20561042,85448,138994846,0.0005361200778181234,0.12879598487798988,4.64032323921093,33,"(254, 236, 207)"
AZ_PipeSpring,Qg1_poly,11067,14425,0.07677044029286277,0.1425938852332955,0.1425938852332955,0.08377012450420719,0.47883160957693,385888,4220623,420007,154614957,0.005048155562331155,0.028855352282356448,4.404349326425042,33,"(253, 218, 128)"
AZ_PipeSpring,Qa1_poly,11067,14425,0.1353966872247856,0.2385011137485903,0.2385011137485903,0.3146619669726286,0.19202366315132097,3291266,7168422,13848632,135333155,0.10736494385309331,0.0655198656865329,4.64032323921093,33,"(254, 234, 189)"
AZ_PipeSpring,Qg2_poly,11067,14425,0.06367276520483417,0.11972246970631525,0.11972246970631524,0.06570296742433085,0.6732695678240096,440220,6259934,213634,152727687,0.0040957652138957,0.04197000810722903,3.9741456039342586,33,"(234, 201, 142)"
AZ_PipeSpring,Qa2_poly,11067,14425,0.0011253993033882314,0.0022482684070773084,0.0022482684070773084,0.0015145123411184497,0.004361194852989549,31489,20760022,7188780,131661184,0.04522802736569554,0.1302387803670694,6.509518541737444,33,"(222, 211, 184)"
AZ_PipeSpring,Ql_poly,11067,14425,0.11156576773594638,0.20073624246846894,0.20073624246846894,0.1260405567816594,0.4927640721941907,820839,5691660,844946,152284030,0.010434537766579769,0.04079453036875286,5.107425568001592,33,"(233, 181, 121)"
AZ_PipeSpring,Qg3_poly,11067,14425,0.00415194327569087,0.008269551841221603,0.008269551841221603,0.0041644977804145555,0.5793468261269549,17633,4216491,12803,155394548,0.00019065220989720872,0.026522706583611808,5.107425568001592,33,"(250, 186, 100)"
AZ_PipeSpring,Qa3_poly,11067,14425,0.01407515837208191,0.027759596033645244,0.027759596033645247,0.014139560266012277,0.7555148646547704,87472,6098859,28306,153426838,0.0007252375988132157,0.0387514021653834,3.9741456039342586,33,"(252, 206, 143)"
AZ_PipeSpring,Qg4_poly,11067,14425,0.0003368882897989707,0.0006735496686019914,0.0006735496686019913,0.000336916127644108,0.8030447193149381,3376,10016922,828,149620349,2.6334008753051173e-05,0.06276751076122292,6.270061589043992,33,"(246, 150, 92)"
AZ_PipeSpring,Jn_poly,11067,14425,4.812548501465366e-06,9.625050681907496e-06,9.625050681907496e-06,0.0010052547406899702,4.835675503753748e-06,44,43726,9098995,150498710,0.05699671091112131,0.0002741768703903544,8.374028851526408,33,"(204, 207, 198)"
AZ_PipeSpring,Jkt_poly,11067,14425,0.0035075483547306486,0.006990576922876843,0.006990576922876842,0.0035466725399578005,0.24125456683512717,26876,7550931,84525,151979143,0.0006978199117741803,0.04746765838889925,16.42746803809845,33,"(143, 127, 101)"
AZ_PipeSpring,Jnl_poly,11067,14425,1.3995897025032128e-06,2.799175487309238e-06,2.7991754873092385e-06,1.420402759937256e-06,9.550692955833351e-05,9,6336222,94225,153211019,0.0005902852000083311,0.039690381212025255,8.374028851526408,33,"(203, 194, 192)"
AZ_PipeSpring,Jk_poly,11067,14425,0.16956238378786143,0.2899586822187283,0.2899586822187283,0.23561224894030028,0.3768930008554862,594756,1929544,983294,156133881,0.009884962538713703,0.015812306920867526,7.290858980203122,33,"(139, 156, 137)"
AZ_PipeSpring,Jms_poly,11067,14425,0.0520199185273692,0.09889531103210925,0.09889531103210925,0.053621414227025224,0.6352674897119341,324177,5721486,186123,153409689,0.003196537741836825,0.03787025270218782,7.2765397701324295,33,"(119, 206, 221)"
AZ_PipeSpring,Jmw_poly,11067,14425,0.05476705806642987,0.1038467359168902,0.1038467359168902,0.058874675296160306,0.43976928084455724,87146,1393049,111017,158050263,0.0012413002322861275,0.009271995263135723,7.290858980203122,33,"(119, 138, 129)"
AZ_PipeSpring,Jmd_poly,11067,14425,0.03059116836850642,0.05936625367542058,0.05936625367542058,0.031620196868148105,0.48453917489935744,172839,5293256,183869,153991511,0.002234431873045523,0.0342398176914865,5.275655865593389,33,"(132, 173, 188)"
AZ_PipeSpring,TRcp_poly,11067,14425,0.2060905283352039,0.34174968378149134,0.3417496837814914,0.21577522417134595,0.8211635500963047,1496013,5437188,325808,152382466,0.011411952940174224,0.0434298229830312,7.2765397701324295,33,"(151, 213, 210)"
AZ_PipeSpring,TRcs_poly,11067,14425,0.5852910017078627,0.7384019729845411,0.738401972984541,0.7857315176785098,0.6964503913286212,2644645,721193,1152675,155122962,0.023786550456264578,0.021083731530293113,5.275655865593389,33,"(156, 179, 188)"
AZ_PipeSpring,TRmu_poly,11067,14425,0.12759902407535303,0.22631985546455405,0.226319855464554,0.15477925964415962,0.42083351729122415,514724,2810812,708382,155607557,0.007661580425763418,0.020831278337913126,4.131414463316157,33,"(208, 227, 156)"
AZ_PipeSpring,TRms_poly,11067,14425,0.4419080256322948,0.6129489784045172,0.6129489784045172,0.4643424682321618,0.9014438624023418,1696237,1956750,185452,155803036,0.011786968267488132,0.022882443299900607,7.760654976548346,33,"(162, 207, 120)"
AZ_PipeSpring,TRmm_poly,11067,14425,0.24196498593851215,0.38964864336439753,0.38964864336439753,0.2760374431238975,0.6621935798158992,1631198,4278138,832127,152900012,0.015430357305330586,0.03701629542072322,7.949506382233436,33,"(182, 220, 194)"
AZ_PipeSpring,TRmv_poly,11067,14425,0.11673039102827053,0.20905742687057477,0.2090574268705748,0.11929862079023804,0.844293132389081,1140266,8417816,210291,149873102,0.008459938120717063,0.05987217294252637,7.760654976548346,33,"(159, 210, 158)"
AZ_PipeSpring,TRml_poly,11067,14425,0.3124045410845456,0.4760796405449505,0.47607964054495056,0.3247695735089722,0.8913675875133472,4179800,8690248,509399,146262028,0.029373312918838917,0.08061844830737125,9.09546066903132,33,"(136, 179, 147)"
AZ_PipeSpring,Pkh_poly,11067,14425,4.2246357096627556e-07,8.449267849817644e-07,8.449267849817644e-07,6.594513022250811e-07,1.1755622243894365e-06,5,7582056,4253279,147806135,0.02664272551979365,0.04749430559946906,9.80119183018528,33,"(222, 241, 252)"
AZ_PipeSpring,Pkf_poly,11067,14425,0.004185012648476368,0.008335142619662594,0.008335142619662592,0.004231356937752596,0.27646481425551195,29292,6893310,76660,152642213,0.0006636871777838435,0.04336343046191474,9.80119183018528,33,"(174, 210, 238)"
AZ_PrescottNF,Qa_poly,22800,15450,0.0,0.0,0.0,0.0,0.0,0,727866,18795,351513339,5.335547606881281e-05,0.0020662749105774146,3.598675690417091,180,"(236, 238, 237)"
AZ_PrescottNF,Qal_poly,22800,15450,2.724012269356068e-05,5.44787613789772e-05,5.447876137897721e-05,5.6075298535861804e-05,5.2970618526268834e-05,323,5759789,6097397,340402491,0.017310282177936752,0.016351876454891272,4.155758431636111,180,"(254, 252, 227)"
AZ_PrescottNF,Qc_poly,22800,15450,0.012221581940721067,0.02414803667254114,0.024148036672541135,0.5442981477348806,0.01234792910192737,2439,2042,195084,352060435,0.0005607307102708227,1.2720717651734514e-05,7.867597334024009,180,"(253, 241, 3)"
AZ_PrescottNF,Qf_poly,22800,15450,0.2572281607921942,0.40919885318208543,0.40919885318208543,0.28931970883816377,0.6987069088970994,3366525,8269478,1451697,339172300,0.013678027593254982,0.03303242775222847,3.6196576200662736,180,"(254, 249, 174)"
AZ_PrescottNF,Qt_poly,22800,15450,0.11283441487302827,0.20278742886631954,0.20278742886631954,0.12270175503045387,0.583872864949641,714783,5110586,509427,345925204,0.003475302333503662,0.016537128825299494,3.081659928931451,180,"(254, 236, 133)"
AZ_PrescottNF,Qg_poly,22800,15450,0.15888635332804174,0.27420523655621365,0.27420523655621365,0.170637982609151,0.6976192046839236,1120975,5448342,485883,345204800,0.004561568159881906,0.018649057514336,2.9514498620279683,180,"(254, 219, 127)"
AZ_PrescottNF,Qs_poly,22800,15450,0.012090441937782564,0.023892018809373982,0.023892018809373982,0.018989512771578353,0.032206827532165735,239045,12349219,7183139,332488597,0.021070186793845456,0.03573571793561574,4.803799315949127,180,"(255, 252, 206)"
AZ_PrescottNF,QTl_poly,22800,15450,0.03074541203258164,0.059656655608009215,0.059656655608009215,0.031896789693885666,0.4599687833452552,272003,8255595,319348,343413054,0.0016787344575029807,0.024208249588372224,2.649883454511574,180,"(253, 227, 133)"
AZ_PrescottNF,QTf_poly,22800,15450,0.07033323645578164,0.13142306350997315,0.13142306350997315,0.0729581729176538,0.6615745403763915,1050282,13345391,537267,337327060,0.00450675353432124,0.040866612729234086,3.309380064610755,180,"(254, 231, 168)"
AZ_PrescottNF,QTg_poly,22800,15450,0.024671386922420838,0.04815472987202431,0.04815472987202431,0.025071630571954162,0.6071403626958182,269475,10478729,174368,341337428,0.0012599869414636916,0.030512133083517856,2.649883454511574,180,"(254, 226, 147)"
AZ_PrescottNF,QTs_poly,22800,15450,0.17781560591417797,0.301941331090046,0.301941331090046,0.19591047246009446,0.6581411101840139,1173692,4817269,609652,345659387,0.005062578777039687,0.017007213421904276,2.973228611844148,180,"(254, 247, 134)"
AZ_PrescottNF,Tvs_poly,22800,15450,0.002206460909579584,0.004403206316544897,0.004403206316544898,0.008311426697097722,0.00299492500066516,8780,1047597,2922846,348280777,0.00832233577471186,0.0029988559586668936,6.328116415682177,180,"(206, 232, 214)"
AZ_PrescottNF,Tvl_poly,22800,15450,0.02737559258557653,0.05329227749450598,0.05329227749450596,0.027958704006749772,0.5675843549621673,361860,12580800,275684,339041656,0.0018098677113495714,0.036741781638562426,3.6196576200662736,180,"(239, 240, 178)"
AZ_PrescottNF,Tvls_poly,22800,15450,0.00011850096282032292,0.0002369738440119672,0.00023697384401196714,0.00016477741935277528,0.0004217705653264645,1288,7815317,3052505,341390890,0.008669144949753023,0.0221898739567365,4.155758431636111,180,"(237, 243, 215)"
AZ_PrescottNF,Tvg_poly,22800,15450,0.021911790747953,0.04288391805698889,0.0428839180569889,0.022952430121501406,0.3258222342341432,257988,10982129,533818,340486065,0.0022477885652642934,0.03190858172940442,5.698225548696061,180,"(208, 229, 174)"
AZ_PrescottNF,Tvt_poly,22800,15450,0.01513494295169481,0.0298185833455543,0.029818583345554296,0.015331853049116398,0.5409558984631757,17283,1109978,14666,351118073,9.069721228637938e-05,0.003200082325554988,4.301498232085206,180,"(178, 221, 193)"
AZ_PrescottNF,Tve_poly,22800,15450,0.07624053861755425,0.14167936605600506,0.14167936605600506,0.07910865212673279,0.6777183194808152,119048,1385819,56612,350698521,0.0004986657582467496,0.004272034860614319,4.301498232085206,180,"(156, 210, 175)"
AZ_PrescottNF,Tfy_poly,22800,15450,0.035358474139242944,0.06830189740541528,0.0683018974054153,0.03631937292851763,0.5720010997077838,1009070,26774174,755035,323721721,0.005007962868335888,0.07887141316073355,2.5192699909353578,180,"(241, 212, 179)"
AZ_PrescottNF,Taby_poly,22800,15450,0.014041273380547168,0.0276936920599637,0.027693692059963703,0.017226226453987126,0.07058362050380024,330014,18827635,4345490,328756861,0.013272877987849884,0.05438496848918412,4.486036887515995,180,"(199, 196, 224)"
AZ_PrescottNF,Tby_poly,22800,15450,0.002175478912604012,0.004341512955324918,0.004341512955324918,0.002443574104383675,0.019443041050861115,48644,19858262,2453228,329899866,0.007102344858911032,0.05651196843240788,2.345023757839965,180,"(216, 202, 227)"
AZ_PrescottNF,Tcy_poly,22800,15450,1.699913857737649e-05,3.399769922315257e-05,3.399769922315257e-05,1.7005643330219623e-05,0.04255053656101822,341,20051826,7673,332200160,2.2750241299040483e-05,0.056924337137341734,2.345023757839965,180,"(219, 199, 228)"
AZ_PrescottNF,Tay_poly,22800,15450,0.0057426870231207,0.011419793744895872,0.01141979374489587,0.0057483921543951275,0.8526428363094274,105240,18202488,18188,333934084,0.00035038891727701127,0.05197220235053653,0.0,180,"(177, 172, 212)"
AZ_PrescottNF,Tbsy_poly,22800,15450,2.3757728190999465e-06,4.751534349633736e-06,4.751534349633737e-06,2.400055681291806e-06,0.00023476015337663353,3,1249968,12776,350997253,3.6277181627207176e-05,0.003548432975642991,4.71289586678525,180,"(219, 213, 213)"
AZ_PrescottNF,Tdy_poly,22800,15450,1.133328132494201e-05,2.2666305766264175e-05,2.2666305766264175e-05,1.134600086791399e-05,0.010008259243064666,206,18155971,20377,334083446,5.8431272355646394e-05,0.05154197751660705,3.1486294414022598,180,"(232, 203, 230)"
AZ_PrescottNF,Tsvy_poly,22800,15450,2.8124541092867436e-06,5.6248923988217455e-06,5.624892398821746e-06,2.9290461582107547e-06,7.064997981429148e-05,14,4779699,198146,347282141,0.0005625390336683132,0.013568707772667915,3.1929645055775695,180,"(233, 218, 211)"
AZ_PrescottNF,Tsy_poly,22800,15450,0.1424613555612805,0.24939374074721432,0.24939374074721432,0.15195587989618847,0.6951251343973298,4426080,24701322,1941234,321191364,0.018075608925225684,0.08268722534491568,2.604904200701557,180,"(254, 220, 182)"
AZ_PrescottNF,Tgy_poly,22800,15450,0.0013190263753711199,0.0026345776733031887,0.0026345776733031887,0.0013206170122002476,0.5226990049751243,11767,8898462,10745,343339026,6.390734116845512e-05,0.025294467154942372,2.4677296455887543,180,"(234, 182, 103)"
AZ_PrescottNF,Tabo_poly,22800,15450,0.01644914598300988,0.032365900543114494,0.032365900543114494,0.01670965587609171,0.5134016569590799,415689,24461484,393987,326988840,0.00229851814001022,0.07062162323283938,1.5436954297263439,180,"(199, 178, 213)"
AZ_PrescottNF,Tbo_poly,22800,15450,3.256946013716353e-05,6.513679880395496e-05,6.513679880395497e-05,9.706491201372709e-05,4.9014259754022235e-05,664,6840119,13546414,331872803,0.03845761085561801,0.01941969851814001,2.6494859588311015,180,"(233, 231, 244)"
AZ_PrescottNF,Tco_poly,22800,15450,9.744761946834529e-07,1.948950490161048e-06,1.948950490161048e-06,9.873521289341457e-07,7.471918041361218e-05,9,9115280,120442,343024269,0.0003419377732356782,0.025876593993073297,0.9091917182735946,180,"(235, 228, 244)"
AZ_PrescottNF,Tao_poly,22800,15450,0.0017601727868385446,0.0035141600447976414,0.0035141600447976414,0.0017611067573003725,0.7684651650078576,30807,17462170,9282,334757741,0.00011380514392778062,0.04965927723840345,0.0,180,"(177, 172, 212)"
AZ_PrescottNF,Tdo_poly,22800,15450,3.2032487868642126e-05,6.406292364245985e-05,6.406292364245984e-05,3.223506155372125e-05,0.005071402259857967,592,18364504,116141,333778763,0.00033138306932379495,0.052135059331175834,0.5313674798308377,180,"(220, 212, 237)"
AZ_PrescottNF,Trdo_poly,22800,15450,1.1346113182636321e-06,2.2692200618444983e-06,2.2692200618444987e-06,1.153213660507737e-06,7.033293051745855e-05,11,9538551,156388,342565050,0.00044398739567365017,0.027078186566740475,0.9091917182735946,180,"(235, 227, 245)"
AZ_PrescottNF,Tto_poly,22800,15450,0.005814731972321311,0.011562232660718923,0.011562232660718923,0.005821696787344656,0.829362428816372,240885,41136227,49561,310833327,0.0008245216601373986,0.117461852041106,5.519573659823395,180,"(248, 170, 160)"
AZ_PrescottNF,Tmo_poly,22800,15450,0.001829917065769901,0.0036531491715270214,0.003653149171527021,0.001832686152496385,0.547738099925194,41736,22731394,34461,329452409,0.00021630897632430592,0.06464864020893658,1.5436954297263439,180,"(202, 176, 214)"
AZ_PrescottNF,Tbso_poly,22800,15450,5.7802298797423175e-06,1.1560392937755954e-05,1.1560392937755954e-05,6.511285685915113e-06,5.148005148005148e-05,4,614314,77696,351567986,0.00022057571112246637,0.0017439334582410719,3.541109312396361,180,"(202, 207, 210)"
AZ_PrescottNF,Tso_poly,22800,15450,0.1499646794970038,0.2608161488274554,0.26081614882745546,0.15658750727550821,0.7800121342909715,4317155,23253084,1217573,323472188,0.01571205359677511,0.0782667319593482,3.6174482427234405,180,"(242, 204, 161)"
AZ_PrescottNF,Tbu_poly,22800,15450,0.0009498015366834263,0.0018978005394981188,0.0018978005394981185,0.0009499663508329545,0.8455485611510791,18805,19776633,3435,332461127,6.313518423891443e-05,0.05619553170953273,4.980123268421385,180,"(177, 122, 180)"
AZ_PrescottNF,Tgbd_poly,22800,15450,0.00032158823048427114,0.0006429696894838462,0.0006429696894838462,0.00032166860849882164,0.5627419922562478,6395,19874314,4969,332374322,3.226026230625107e-05,0.05643760006813149,4.571848884296387,180,"(173, 137, 185)"
AZ_PrescottNF,Tmu_poly,22800,15450,0.0037535202719861612,0.0074789680856493,0.0074789680856493,0.003757701653833505,0.7713341428454045,84485,22398673,25046,329751796,0.00031093794356441265,0.0638254641458014,1.729711830796476,180,"(179, 169, 213)"
AZ_PrescottNF,Tsu_poly,22800,15450,0.0009381049795050702,0.001874451526699103,0.0018744515266991032,0.0009391964605928922,0.4466638001798069,22854,24310713,28312,327898121,0.00014525066712087661,0.06907842786578096,6.94363867908687,180,"(206, 193, 160)"
AZ_PrescottNF,Tsv_poly,22800,15450,0.0018437524304462077,0.0036807185271621715,0.0036807185271621723,0.0018540744262135474,0.24878764744465112,46275,24912270,139727,327161728,0.0005280247544427411,0.07085262306251064,2.5192699909353578,180,"(236, 214, 183)"
AZ_PrescottNF,Tsb_poly,22800,15450,2.2814093328514105e-05,4.562714571506755e-05,4.562714571506755e-05,2.284841636848586e-05,0.014959859017035441,382,16718501,25153,335515964,7.248907057287231e-05,0.047461769715551015,4.235673320249563,180,"(233, 218, 199)"
AZ_PrescottNF,Thab_poly,22800,15450,0.028902680653715162,0.056181563518430705,0.05618156351843071,0.029086230936819172,0.8207902360330318,667529,22282471,145747,329164253,0.00230873786407767,0.06515074092999489,6.089362580264592,180,"(215, 165, 203)"
AZ_PrescottNF,Thb_poly,22800,15450,0.0026291498846739074,0.005244511163427319,0.00524451116342732,0.00444312896215575,0.006398588636875881,59220,13269225,9195946,329735609,0.026273678532901835,0.037836952818940554,2.429619973294442,180,"(216, 214, 235)"
AZ_PrescottNF,Thc_poly,22800,15450,6.112925411793777e-05,0.0001222510351212834,0.0001222510351212834,6.176453061846117e-05,0.005908156108462809,994,16092385,167248,335999373,0.0004776074490433203,0.04568608130358258,0.5313674798308377,180,"(219, 212, 236)"
AZ_PrescottNF,Tha_poly,22800,15450,0.0038641952393749968,0.00769864142520506,0.007698641425205061,0.0038713577796321424,0.67622872258856,70555,18154317,33781,334001347,0.00029619031397263386,0.05173698972349969,0.28306473650475183,180,"(177, 172, 213)"
AZ_PrescottNF,Tht_poly,22800,15450,1.57869269838062e-05,3.1573355521354155e-05,3.1573355521354155e-05,1.578719563058615e-05,0.4812547819433818,629,39841786,678,312416907,3.710327598932607e-06,0.1131051354113439,5.519573659823395,180,"(245, 151, 151)"
AZ_PrescottNF,Thsb_poly,22800,15450,0.00016097329335481713,0.0003218947702483537,0.00032189477024835374,0.00016143683934801784,0.053085326247416596,2697,16703527,48108,335505668,0.00014422585590189064,0.04742583319139272,4.708603513583045,180,"(219, 199, 192)"
AZ_PrescottNF,Thbs_poly,22800,15450,7.915381638659897e-05,0.00015829510311167133,0.00015829510311167133,8.207659874574797e-05,0.0022178413011335633,54,657868,24294,351577784,6.911940044285471e-05,0.0018677170271958212,3.5010704812872873,180,"(190, 203, 209)"
AZ_PrescottNF,Ths_poly,22800,15450,0.18754029118039836,0.3158466160234209,0.3158466160234209,0.20246148328525018,0.7178872279565487,3301292,13004486,1297330,334656892,0.01305462442514052,0.0462890421847499,4.286965953000297,180,"(241, 201, 141)"
AZ_PrescottNF,Tbx_poly,22800,15450,7.333455062211909e-06,1.4666802566086293e-05,1.4666802566086295e-05,7.333476859026792e-06,0.7115928369462771,1510,205903551,612,146354327,6.023959575313689e-06,0.5845258076420825,10.26960099345698,180,"(145, 40, 143)"
AZ_PrescottNF,Tr_poly,22800,15450,0.0015992661644429087,0.0031934251920275286,0.003193425192027528,0.0016006311496428699,0.6522171597253417,40654,25358077,21678,326839591,0.00017694884460341793,0.07210222846760915,8.444771149261944,180,"(159, 85, 159)"
AZ_PrescottNF,Tmcd_poly,22800,15450,0.0033737049810443442,0.00672472273151324,0.0067247227315132396,0.0033831966496411163,0.5459743083210519,52235,15387305,43438,336777022,0.00027159768352921136,0.043829955146766596,1.3060136668046105,180,"(223, 174, 105)"
AZ_PrescottNF,Tmcl_poly,22800,15450,0.0025501921858657466,0.005087410497235153,0.005087410497235154,0.002556534781663899,0.5068829020441924,34318,13389321,33386,338802975,0.00019219894396184636,0.03810719071140635,1.3060136668046105,180,"(222, 176, 104)"
AZ_PrescottNF,Tmc_poly,22800,15450,0.011492847517895562,0.022724525528970148,0.022724525528970144,0.011546472711636238,0.7121985483493327,380225,32549745,153650,319176380,0.0015155708851416567,0.09348200193039233,4.519606272271169,180,"(227, 189, 155)"
AZ_PrescottNF,Tlau_poly,22800,15450,0.028945541977542573,0.05626253440373879,0.05626253440373879,0.41472076711355765,0.030178317612094586,4671,6592,150109,352098628,0.0004393913586555385,3.197354226991427e-05,7.538988734467421,180,"(253, 201, 9)"
AZ_PrescottNF,Tlal_poly,22800,15450,0.6043985795125593,0.7534269691215817,0.7534269691215816,0.8237901568464485,0.6941378957348511,725540,155194,319699,351059567,0.0029672372679270995,0.0025002384602282406,6.839959759206807,180,"(248, 166, 28)"
AZ_PrescottNF,Tla_poly,22800,15450,0.05039407535542462,0.09595270296697483,0.09595270296697483,0.05128814536555953,0.7429864830400408,349590,6466605,120930,345322875,0.0013357179356157385,0.019349897802759326,4.242437181633737,180,"(250, 204, 107)"
AZ_PrescottNF,Ta_poly,22800,15450,0.01582430466465528,0.031155593722241588,0.031155593722241585,0.015910754853223682,0.7444017350213351,126654,7833622,43488,344256236,0.0004830011923011412,0.022597728950207233,3.6277238762834254,180,"(251, 185, 99)"
AZ_PrescottNF,Td_poly,22800,15450,0.02946685509266994,0.057246826251666764,0.057246826251666764,0.029553684280361512,0.9093341338486651,726999,23872269,72486,327588246,0.002269587804462613,0.06983270311701584,4.6740011177728675,180,"(248, 168, 97)"
AZ_PrescottNF,Tos_poly,22800,15450,0.02727698532086419,0.05310541501588177,0.05310541501588177,0.027884021560532646,0.556139452746374,376963,13141998,300858,338440181,0.0019242065519786522,0.038377791971838986,4.941140983984833,180,"(209, 189, 107)"
AZ_PrescottNF,TKb_poly,22800,15450,0.0,0.0,0.0,0.0,0.0,0,352234,2628,351905138,7.46039856923863e-06,0.000999926190881735,3.598675690417091,180,"(254, 254, 254)"
AZ_PrescottNF,TKr_poly,22800,15450,7.236944054969968e-06,1.4473783363979467e-05,1.4473783363979465e-05,7.237094451319684e-06,0.25829383886255924,109,15061184,313,337198394,1.1979787656844377e-06,0.042756182933060806,1.315614720371395,180,"(206, 89, 156)"
AZ_PrescottNF,TKgd_poly,22800,15450,0.0005256024670860949,0.0010506527085165428,0.0010506527085165428,0.0005257386744316531,0.6698299015219338,7482,14223923,3688,338024907,3.170953273150514e-05,0.04040028672003634,1.9432333018893886,180,"(197, 94, 151)"
AZ_PrescottNF,Kt_poly,22800,15450,0.03047170396230091,0.05914127257475028,0.05914127257475028,0.030641638854218896,0.8460229563010884,512118,16201022,93206,335453654,0.0017184011809458922,0.04744546641685119,1.315614720371395,180,"(213, 88, 160)"
AZ_PrescottNF,TRm_poly,22800,15450,0.0005798463614066034,0.0011590206688955526,0.0011590206688955526,0.0005804182009468701,0.3704931794333683,8827,15199173,14998,337037002,6.763470164083347e-05,0.04317265656049509,5.965141886554556,180,"(91, 196, 191)"
AZ_PrescottNF,Pk_poly,22800,15450,0.010281432332507041,0.020353600498763166,0.020353600498763166,0.010381545733760905,0.5160109759322931,156083,14878576,146397,337078944,0.0008586839266450917,0.04268057400783512,1.1490768522221557,180,"(146, 214, 230)"
AZ_PrescottNF,Pt_poly,22800,15450,0.0019904076356658112,0.003972907565776906,0.003972907565776906,0.001998482019516027,0.3300477277443453,34991,17473798,71027,334680184,0.00030096519616192583,0.04970416453755749,0.7881908292350289,180,"(118, 207, 222)"
AZ_PrescottNF,Pkt_poly,22800,15450,0.043883002496469224,0.08407647675366312,0.0840764767536631,0.04502826223786447,0.633074821348053,731492,15513683,423967,335590858,0.003280131153125532,0.0461170016465111,1.1490768522221557,180,"(140, 215, 234)"
AZ_PrescottNF,Pc_poly,22800,15450,4.344735851200596e-05,8.689094184211025e-05,8.689094184211026e-05,5.74187556156805e-05,0.0001785253025284545,273,4754271,1528922,345976534,0.004341097484812355,0.013497257707375233,5.67321203552171,180,"(233, 247, 254)"
AZ_PrescottNF,Ptc_poly,22800,15450,0.006902803231715422,0.013710962387949378,0.01371096238794938,0.006932992649557907,0.6131867911573524,122351,17525295,77182,334535172,0.0005664367228751491,0.050098353488900245,0.7881908292350289,180,"(112, 206, 223)"
AZ_PrescottNF,Psh_poly,22800,15450,0.09172451120720562,0.16803600224342058,0.16803600224342058,0.09751420509733423,0.6070557771687614,1706710,15795458,1104745,333653087,0.00798119286890365,0.0496853687617101,2.2455769402269565,180,"(119, 210, 248)"
AZ_PrescottNF,Pshh_poly,22800,15450,0.001962642482516716,0.003917596124450242,0.003917596124450242,0.0019642001823210395,0.7122151012266033,33561,17052783,13561,335160095,0.00013377051041844093,0.048504922500425825,2.2455769402269565,180,"(137, 215, 247)"
AZ_PrescottNF,Ph_poly,22800,15450,0.18449317070996846,0.31151411468144785,0.31151411468144785,0.19504062065780595,0.7733247844743839,2786150,11498823,816670,337158357,0.01022772951796968,0.04055235621415999,2.9730268993693105,180,"(160, 221, 248)"
AZ_PrescottNF,PPss_poly,22800,15450,0.0784151679069322,0.14542667840832793,0.14542667840832793,0.07995542855513943,0.8027829975559565,1284627,14782162,315590,335877621,0.004542715607789701,0.0456105972860955,1.4866029510075471,180,"(140, 202, 239)"
AZ_PrescottNF,Ps_poly,22800,15450,0.08085341547256421,0.14961032516553405,0.14961032516553405,0.08413322423434651,0.6746953174775614,1285582,13994731,619844,336359843,0.0054091466530403675,0.043377939590075514,1.4866029510075471,180,"(146, 201, 239)"
AZ_PrescottNF,Mr_poly,22800,15450,0.18816305396680866,0.3167293467653388,0.3167293467653388,0.2379110350584052,0.47364458370507423,2645934,8475593,2940394,338198079,0.015858536308408562,0.03157192698574916,5.721024596458398,180,"(197, 232, 250)"
AZ_PrescottNF,Dm_poly,22800,15450,0.15013087007207576,0.26106745584990243,0.26106745584990243,0.15790362428059768,0.7530809931603933,2470556,13175418,810042,335803984,0.00931300176006359,0.0444159825129166,4.261702850138006,180,"(64, 200, 243)"
AZ_PrescottNF,MDrm_poly,22800,15450,0.0038248336704904706,0.0076205201190429755,0.0076205201190429755,0.0038391115797418783,0.5070101472850203,45818,11888714,44551,340280917,0.0002565406234031681,0.03387989553170953,5.923523153687058,180,"(143, 182, 223)"
AZ_PrescottNF,DCmt_poly,22800,15450,0.0119521994032456,0.023622063196846423,0.02362206319684642,0.012128617938652669,0.4510631333045665,151573,12345564,184462,339578401,0.0009539402713904503,0.035477025492533926,5.923523153687058,180,"(173, 199, 231)"
AZ_PrescottNF,Cb_poly,22800,15450,0.0063450324627573286,0.0126100537252707,0.012610053725270699,0.006352846211608242,0.8376288443635571,99873,15621112,19360,336519655,0.00033848009992619086,0.044628924657923126,5.479991304182932,180,"(36, 173, 227)"
AZ_PrescottNF,Ct_poly,22800,15450,0.03524932215274685,0.06809822793111853,0.06809822793111854,0.035838665352778507,0.6818886619771576,613037,16492427,285991,334868545,0.002552171691364333,0.048559200590472945,0.9580641243828998,180,"(118, 192, 220)"
AZ_PrescottNF,Cbt_poly,22800,15450,0.006418460059643139,0.012755052325377186,0.012755052325377186,0.006427871847565858,0.8142489466217036,114209,17653569,26054,334466168,0.0003981803213535457,0.050439385681031054,0.9580641243828998,180,"(112, 193, 224)"
AZ_PrescottNF,Yg_poly,22800,15450,0.0034452271304876705,0.006866796587074013,0.006866796587074014,0.003447928971468309,0.814697944778908,117732,34027983,26778,318087507,0.00041023675694089594,0.09693327371827627,0.0,180,"(245, 178, 210)"
AZ_PrescottNF,Ygb_poly,22800,15450,0.0013161817639744326,0.0026289034132171386,0.002628903413217138,0.0013187902103506816,0.3995584988962472,181,137066,272,352122481,1.2859819451541476e-06,0.0003896184636348152,12.21015272922308,180,"(115, 187, 71)"
AZ_PrescottNF,Yd_poly,22800,15450,0.0037892711986324754,0.007549933651129141,0.007549933651129141,0.003794391628082668,0.7373924396846211,131028,34400990,46663,317681319,0.000504431385908136,0.09802991540339522,0.20562071503117904,180,"(246, 178, 210)"
AZ_PrescottNF,Yy_poly,22800,15450,0.0021718326476920244,0.004334252025332107,0.004334252025332107,0.0021883650752073606,0.22328965181341587,58223,26547484,202528,325451765,0.0007402231306421393,0.07552860671095214,4.66672926846029,180,"(245, 204, 222)"
AZ_PrescottNF,Ykp_poly,22800,15450,0.0128445864481073,0.025363390632616837,0.025363390632616837,0.012869707237719498,0.8680816874478775,426775,32734430,64855,319033940,0.0013956452620223698,0.09413843467893034,0.6415462478962203,180,"(246, 176, 210)"
AZ_PrescottNF,Ywcb_poly,22800,15450,2.8299839529921685e-06,5.659951888411318e-06,5.659951888411319e-06,2.8299971440334703e-06,0.37777777777777777,85,30035281,140,322224494,6.387327542156362e-07,0.08526476466246523,2.877400568967891,180,"(245, 144, 195)"
AZ_PrescottNF,Ywc_poly,22800,15450,0.05549756731987659,0.10515906248992353,0.10515906248992354,0.05571124769474758,0.93535648448062,1777399,30126374,122838,320233389,0.005394416056322035,0.09056882132515755,2.877400568967891,180,"(242, 153, 192)"
AZ_PrescottNF,YXgr_poly,22800,15450,0.010389950931714059,0.020566219848352885,0.020566219848352885,0.01040112048775763,0.9063245023538472,344803,32805760,35638,319073799,0.0010800005677624482,0.09410822403906206,0.0,180,"(245, 178, 210)"
AZ_PrescottNF,Xum_poly,22800,15450,0.006497497230856271,0.012911104595356916,0.012911104595356914,0.006508026967059834,0.8006321704518848,109424,16704274,27248,335419054,0.00038798614659626415,0.047730931698177485,8.444771149261944,180,"(124, 81, 160)"
AZ_PrescottNF,Xgb_poly,22800,15450,0.06518991010310428,0.12240054000660647,0.12240054000660648,0.06651489263422854,0.7659489057169011,1150551,16147094,351574,334610781,0.004264250837449611,0.04910476636575257,0.9986811706443564,180,"(137, 115, 179)"
AZ_PrescottNF,Xlgb_poly,22800,15450,0.0012899205647941717,0.0025765176265163453,0.0025765176265163453,0.0012910167219608382,0.6030524754217897,23984,18553622,15787,333666607,0.00011290240163515585,0.0527383353205019,0.9986811706443564,180,"(139, 113, 178)"
AZ_PrescottNF,Xdi_poly,22800,15450,0.0032189512420957747,0.0064172456832286865,0.006417245683228686,0.003221840361972008,0.7821187558423931,61078,18896410,17015,333285497,0.000221691364333163,0.05381674899222166,4.571848884296387,180,"(158, 133, 189)"
AZ_PrescottNF,Xch_poly,22800,15450,0.08135183805180657,0.1504632168534014,0.1504632168534014,0.08297129442714052,0.8065009268650446,2136625,23614751,512628,325995996,0.007520731845795719,0.07310332141032193,0.3770608699761343,180,"(180, 137, 162)"
AZ_PrescottNF,Xchd_poly,22800,15450,7.809445945969226e-05,0.00015617672238266985,0.00015617672238266983,7.80975612728486e-05,0.6628757108042242,2448,31342961,1245,320913346,1.0483733605859309e-05,0.08898373076704706,5.014185864119672,180,"(176, 122, 130)"
AZ_PrescottNF,Xchg_poly,22800,15450,0.004586510766069605,0.009131141453555971,0.009131141453555971,0.004591157519168708,0.8192216535568303,119250,25854592,26315,326259843,0.000413231703855107,0.07373486061431897,0.3770608699761343,180,"(179, 137, 161)"
AZ_PrescottNF,Xbl_poly,22800,15450,0.013334300799294397,0.026317673819541317,0.026317673819541313,0.013415716247327488,0.6872301361618388,406498,29893636,185004,321774862,0.0016791631181513654,0.0860163913018793,7.088634964174192,180,"(201, 159, 171)"
AZ_PrescottNF,Xgc_poly,22800,15450,0.04179174062725464,0.08023050864675153,0.08023050864675153,0.04228301111251044,0.7824649669364272,1311067,29695878,364493,320888562,0.004756600238460228,0.08802289502072333,3.9564622165485765,180,"(182, 135, 149)"
AZ_PrescottNF,Xcm_poly,22800,15450,3.878664319539164e-05,7.757027770009956e-05,7.757027770009955e-05,3.878723453071295e-05,0.7178423236514523,1038,26760344,408,325498210,4.104922500425821e-06,0.07597053880656333,0.538344738591766,180,"(181, 136, 162)"
AZ_PrescottNF,Xpr_poly,22800,15450,0.02095351823069059,0.041046958272895666,0.04104695827289566,0.02103116647539122,0.8501939545531626,802175,37340027,141345,313976453,0.0026784761255890534,0.10827854993470731,0.3084806327390727,180,"(231, 167, 129)"
AZ_PrescottNF,Xpv_poly,22800,15450,0.008650107894429498,0.017151850432032798,0.017151850432032798,0.008659165250947693,0.8921230473599551,330553,37843219,39971,314046257,0.0010518480667688639,0.10836817123715438,0.3084806327390727,180,"(230, 167, 130)"
AZ_PrescottNF,Xvr_poly,22800,15450,0.0002357089428112177,0.00047130679439618854,0.0004713067943961885,0.0002357301189089371,0.7240532403739502,9139,38759772,3483,313487606,3.583148810537671e-05,0.1100576591154261,0.8871535450146828,180,"(232, 166, 130)"
AZ_PrescottNF,Xhy_poly,22800,15450,0.0031734629405607315,0.006326847863894827,0.006326847863894826,0.0031753817368643518,0.8400436910654536,121514,38146011,23138,313969337,0.00041063986827911204,0.10863431840118094,0.8341744177426702,180,"(230, 145, 122)"
AZ_PrescottNF,Xmh_poly,22800,15450,0.01618646472629305,0.03185727282965303,0.03185727282965303,0.016222891730257323,0.8781779985521757,544682,33030220,75559,318609539,0.0017607477431442684,0.09531284278657809,0.27325485300925556,180,"(229, 164, 114)"
AZ_PrescottNF,Xbp_poly,22800,15450,0.011330610327380666,0.022407331908430618,0.02240733190843062,0.011338424053983708,0.9426662721305598,436446,38056205,26545,313740804,0.0013143445182535627,0.10927340884573894,0.42835844631849745,180,"(229, 146, 109)"
AZ_PrescottNF,Xbpr_poly,22800,15450,0.0027734351009660835,0.005531528865614265,0.005531528865614266,0.0027738965691488492,0.9434107040092078,103278,37128824,6195,315021703,0.00031077329245443705,0.1056949469142111,0.0,180,"(227, 146, 110)"
AZ_PrescottNF,Xbs_poly,22800,15450,0.018686179048909204,0.03668682158102008,0.03668682158102008,0.018706748171140784,0.9444268180228735,699519,36694420,41162,314824899,0.002102654289445296,0.10615437177085107,0.0,180,"(227, 146, 110)"
AZ_PrescottNF,Xcb_poly,22800,15450,0.05980783864777267,0.1128654393122484,0.11286543931224839,0.06029728241309483,0.8804979627531484,2088174,32543138,283409,317345279,0.006732478850848805,0.09831179242604894,0.19569638791901345,180,"(244, 163, 188)"
AZ_PrescottNF,Xcc_poly,22800,15450,0.0170743226968476,0.03357536871361332,0.03357536871361332,0.017108886050776383,0.8942000746237718,474518,27260660,56144,324468678,0.0015064497814114574,0.07873496281155964,0.3125671324844429,180,"(241, 133, 156)"
AZ_PrescottNF,Xcca_poly,22800,15450,0.006485672607911406,0.012887759427526351,0.012887759427526351,0.006490733188182562,0.8926873500222932,178192,27275101,21421,324785286,0.0005666638278544257,0.07793474422301709,0.3125671324844429,180,"(240, 134, 156)"
AZ_PrescottNF,Xd1_poly,22800,15450,0.019080756103780867,0.0374469952248568,0.0374469952248568,0.019419500800553692,0.5224128036727667,49158,2482215,44940,349683687,0.0002671265542497019,0.007186092658831545,0.0,180,"(130, 200, 156)"
AZ_PrescottNF,Xd2_poly,22800,15450,0.0967703801457607,0.17646424793656432,0.17646424793656432,0.10902479159702091,0.46263851755648794,285689,2334715,331832,349307764,0.0017530261738488617,0.0074388349514563105,0.0,180,"(130, 200, 156)"
AZ_PrescottNF,Xd3_poly,22800,15450,0.005392628572301395,0.010727408216547494,0.010727408216547496,0.0054240761844185905,0.4818972871523631,14122,2589455,15183,349641240,8.319139272128542e-05,0.007391066257877704,0.0,180,"(130, 201, 157)"
AZ_PrescottNF,Xd_poly,22800,15450,0.04306748732070258,0.08257852506040389,0.08257852506040389,0.04668526214517967,0.3572276098117513,125244,2557487,225356,349351913,0.0009952875716800092,0.007615769601998524,0.3694123750102099,180,"(129, 202, 157)"
AZ_PrescottNF,Xa1_poly,22800,15450,0.012697263914214827,0.025076129593039776,0.025076129593039776,0.012962460959606062,0.3829539227028767,132072,10056734,212805,341858389,0.0009790410492250042,0.02892410719355022,0.0,180,"(95, 193, 172)"
AZ_PrescottNF,Xa3_poly,22800,15450,0.00018876909143128654,0.0003774669287733832,0.0003774669287733832,0.0001888500477584716,0.30572390572390573,1816,9614279,4124,342639781,1.6862544711292794e-05,0.0272982881962187,0.0,180,"(95, 193, 172)"
AZ_PrescottNF,Xa_poly,22800,15450,0.024924407024157245,0.04863657622619145,0.04863657622619144,0.026169515258936675,0.34377078646271786,256859,9558340,490322,341954479,0.0021211065690115256,0.02786350706864248,0.3559144369028343,180,"(94, 195, 173)"
AZ_PrescottNF,Xab_poly,22800,15450,0.05753592375973064,0.10881128946462655,0.10881128946462654,0.06004317626675832,0.5794535598798186,445120,6968212,323052,344523616,0.002180696076761483,0.02104505762788849,0.04519693198715126,180,"(43, 186, 155)"
AZ_PrescottNF,Xab1_poly,22800,15450,0.011869388188939917,0.023460316771088292,0.02346031677108829,0.011970786340654703,0.5835532272668478,90229,7447204,64391,344658176,0.0004389371486969852,0.021397357065803667,0.3706965592610733,180,"(45, 185, 155)"
AZ_PrescottNF,Xb_poly,22800,15450,0.19901934504603783,0.33197019859324495,0.33197019859324495,0.23574064796979274,0.5609508577568731,902092,2924537,706056,347727315,0.004565230227672742,0.010863081246806336,0.6291448329444388,180,"(67, 186, 125)"
AZ_PrescottNF,Xb2_poly,22800,15450,0.06201678301242729,0.11679058938506737,0.11679058938506737,0.06470892222154463,0.5984984963082361,246175,3558169,165146,348290510,0.001167663089763243,0.010799818316016578,0.0806019944600052,180,"(68, 184, 125)"
AZ_PrescottNF,Xb4_poly,22800,15450,0.016791290738504983,0.03302799874752922,0.03302799874752922,0.017084730970451125,0.49434311712364615,61390,3531877,62795,348603938,0.0003525378981434168,0.010200610344631806,0.6436211757132184,180,"(71, 182, 125)"
AZ_PrescottNF,Xwa_poly,22800,15450,2.3311951398524898e-05,4.662281592823081e-05,4.662281592823081e-05,2.341751386334371e-05,0.005144814973945423,467,19941872,90304,332227357,0.0002576818259240334,0.05661255606654176,4.073167487053883,180,"(253, 226, 215)"
AZ_PrescottNF,Xpa_poly,22800,15450,0.00024576925913916115,0.000491417742903721,0.000491417742903721,0.00024669077412725545,0.06173128277098805,6334,25669535,96272,326487859,0.00029127916879577583,0.07288897121444388,1.0756442641993682,180,"(234, 203, 206)"
AZ_PrescottNF,Xw_poly,22800,15450,3.059249244939046e-06,6.118479771923469e-06,6.118479771923468e-06,4.965867934397574e-06,7.967878824498837e-06,12,2416484,1506035,348337469,0.00427538465905865,0.0068599784250269686,1.1992333668355775,180,"(253, 237, 229)"
AZ_PrescottNF,Xs_poly,22800,15450,9.617860218458597e-06,1.923553543222618e-05,1.923553543222618e-05,9.760366485243977e-06,0.0006583011778527228,65,6659521,98674,345501740,0.0002803014818599898,0.018905314256515073,3.1929645055775695,180,"(239, 221, 219)"
AZ_PrescottNF,Xwp_poly,22800,15450,0.0,0.0,0.0,0.0,0.0,0,1791391,43978,350424631,0.00012484528473286776,0.005085422699142679,1.1992333668355775,180,"(253, 236, 230)"
AZ_PrescottNF,Xmp_poly,22800,15450,2.8475166238020497e-06,5.695017030948431e-06,5.69501703094843e-06,3.047349719948561e-06,4.3421246884525535e-05,5,1640765,115146,350504084,0.00032689206835859874,0.004657837960597286,3.831549863366451,180,"(219, 224, 227)"
AZ_PrescottNF,Xtgr_poly,22800,15450,0.0031167746369347143,0.006214181071915164,0.006214181071915165,0.0032159459463805334,0.09179364787956673,6000,1859703,59364,350334933,0.00018555612331800375,0.005296380514392778,3.5010704812872873,180,"(177, 199, 206)"
AZ_PrescottNF,Xtgs_poly,22800,15450,0.00011420443318647892,0.00022838278404655626,0.00022838278404655629,0.00011769160068049408,0.0038395904436860067,189,1605703,49035,350605073,0.00013973769374893544,0.004558825867257139,4.780823459410186,180,"(179, 186, 189)"
AZ_PrescottNF,Xp_poly,22800,15450,0.001840549425458789,0.003674336053804805,0.0036743360538048046,0.001907704868514415,0.04968714659041189,41563,21745350,794931,329678156,0.0023746494066882416,0.061848955317095326,1.0756442641993682,180,"(232, 204, 206)"
AZ_PrescottNF,Xtgc_poly,22800,15450,1.6960363630196233e-05,3.392015196228079e-05,3.3920151962280786e-05,1.704382037233646e-05,0.003451747447145117,24,1408111,6929,350844936,1.9738261511383637e-05,0.003997430874921932,5.647975150290122,180,"(179, 188, 203)"
AZ_PrescottNF,Xtc_poly,22800,15450,0.0003582728089378528,0.0007162889910068864,0.0007162889910068863,0.00035830082477535655,0.820853743876837,9384,26180899,2048,326067669,3.245330153863623e-05,0.07434929597456424,1.3618482947781954,180,"(244, 131, 173)"
AZ_PrescottNF,Xgr_poly,22800,15450,0.004753283188813612,0.00946159274787933,0.00946159274787933,0.004755937984233298,0.8949058516029231,167768,35107713,19702,316964817,0.0005321921308124681,0.10014046726849486,0.3248007489762647,180,"(244, 162, 188)"
AZ_PrescottNF,Xhm_poly,22800,15450,0.01327489870341118,0.026201968923532538,0.026201968923532534,0.013303377896126446,0.8611314277912681,353212,26197338,56960,325652490,0.0011644012944983819,0.0753720263441776,0.4064091200775766,180,"(240, 136, 171)"
AZ_PrescottNF,Xgg_poly,22800,15450,0.0070297219692657415,0.01396129988203126,0.01396129988203126,0.0070511976169912935,0.6977117466792231,268199,37767751,116199,314107851,0.0010912337477999206,0.10797692045648101,2.1361463838026182,180,"(248, 189, 206)"
AZ_PrescottNF,Xcf_poly,22800,15450,0.01370746739338628,0.027044226927977963,0.027044226927977963,0.0137531046056364,0.8051003152466648,539889,38715902,130697,312873512,0.0019036677454153182,0.11143982001930393,0.23146537710397497,180,"(248, 193, 204)"
AZ_PrescottNF,Xob_poly,22800,15450,0.003293555176662681,0.006565486561074825,0.006565486561074826,0.0032965381716296874,0.7844707478707551,129502,39154739,35580,312940179,0.0004686368023618918,0.11152058422755919,0.23146537710397497,180,"(247, 193, 204)"
AZ_PrescottNF,Xsb_poly,22800,15450,0.003223710741521502,0.006426703649455678,0.006426703649455678,0.0032255471987035805,0.8498975100982697,112778,34851212,19918,317276092,0.0003766990291262136,0.0992562028047465,0.19569638791901345,180,"(243, 163, 188)"
AZ_PrescottNF,Xsv_poly,22800,15450,0.000545648557896558,0.0010907019758329079,0.0010907019758329079,0.0005457371584603983,0.770691351725646,21147,38728276,6292,313504285,7.789416907965708e-05,0.1100023363424743,0.856184261240435,180,"(226, 166, 131)"
AZ_PrescottNF,Xjf_poly,22800,15450,0.016292907536726995,0.03206340891666254,0.03206340891666254,0.016316782479708226,0.9175938333024476,514961,31045244,46247,320653548,0.0015931641401237722,0.08959349628115597,0.5096245723992346,180,"(227, 128, 117)"
AZ_PrescottNF,Xdf_poly,22800,15450,0.010147489985896228,0.020091105678118167,0.020091105678118167,0.010153291612646735,0.946691928901899,305293,29763084,17191,322174432,0.0009154715267132232,0.0853584766933515,0.6391481896146278,180,"(229, 128, 103)"
AZ_PrescottNF,Xjgb_poly,22800,15450,0.0016582994818864281,0.0033111081548352233,0.003311108154835223,0.0016585641758378445,0.9122102671163214,51123,30772526,4920,321431431,0.00015909555442003066,0.08750255209220462,0.5096245723992346,180,"(225, 128, 118)"
AZ_PrescottNF,Xbgb_poly,22800,15450,0.0007402638191063158,0.001479432467883846,0.001479432467883846,0.0007403637947021692,0.8457262261472954,21451,28952143,3913,323282493,7.200363367966843e-05,0.08225059331175837,3.9627267952246887,180,"(219, 128, 92)"
AZ_PrescottNF,Xrg_poly,22800,15450,0.001742281918857412,0.003478503304303051,0.003478503304303051,0.0017426924277544947,0.880900423017525,52477,30060123,7095,322140305,0.0001691137228183728,0.08548401748708341,1.3926302169467382,180,"(219, 129, 106)"
AZ_PrescottNF,Xmw_poly,22800,15450,0.02548219236977621,0.049697971470162104,0.049697971470162104,0.025535201425923467,0.9246711557939398,975934,37243228,79505,313961333,0.002996193152784875,0.10849702492477148,0.4618649246066753,180,"(229, 146, 121)"
AZ_PrescottNF,Xbb_poly,22800,15450,0.014181748146781078,0.027966877086272657,0.02796687708627266,0.014211775723419945,0.8703334786320783,483190,33516080,71988,318188742,0.001576046102310793,0.09651754385964913,0.27325485300925556,180,"(230, 164, 113)"
AZ_PrescottNF,Xhc_poly,22800,15450,0.0038445362090087825,0.007659624713459252,0.007659624713459252,0.0038461812992394385,0.8998841957700981,147644,38239522,16426,313856408,0.0004657639243740419,0.10897395673650145,0.4618649246066753,180,"(227, 146, 122)"
AZ_PrescottNF,Xbg_poly,22800,15450,0.000557435834493723,0.0011142505458046103,0.0011142505458046105,0.0005576033180890486,0.6498442184468873,22109,39627942,11913,312598036,9.658207006188611e-05,0.11255905013342418,2.4337058562632143,180,"(232, 160, 116)"
AZ_PrescottNF,Xwg_poly,22800,15450,0.02815481746046808,0.054767661411168005,0.054767661411168,0.02826462922874227,0.8787410530397792,743255,25553039,102563,325861143,0.0024011184920229374,0.07465024129904048,0.4064091200775766,180,"(242, 135, 171)"
AZ_PrescottNF,Xr_poly,22800,15450,0.052716992326444084,0.1001541586403817,0.1001541586403817,0.0581684010675073,0.36000343641659344,259808,4206672,461874,347331646,0.0020487196956793276,0.012679498097995798,0.11928665105226212,180,"(238, 237, 112)"
AZ_PrescottNF,Xrd_poly,22800,15450,0.006532849609027616,0.012980896970357602,0.012980896970357604,0.006591425762840345,0.42367263555064516,60972,9189227,82941,342926860,0.0004085419860330438,0.026259578152500993,0.18268553159701434,180,"(198, 220, 139)"
AZ_PrescottNF,Xr1_poly,22800,15450,0.0004578131430642537,0.0009152072922015092,0.0009152072922015091,0.0004582324313849681,0.3334824090638044,2237,4879565,4471,347373727,1.9042752512348832e-05,0.013858519275535115,0.12232935000729518,180,"(237, 236, 114)"
AZ_PrescottNF,Xr2_poly,22800,15450,0.018882860369735154,0.03706581218351811,0.03706581218351811,0.019593361048004198,0.3424208809493737,124709,6240151,239489,345655651,0.0010338897405325611,0.018068642479986373,0.12232935000729518,180,"(237, 236, 115)"
AZ_PrescottNF,Xr3_poly,22800,15450,0.0036377408993460685,0.0072491114096333974,0.0072491114096333974,0.0036601364427765793,0.3728525372079671,16885,4596331,28401,347618383,0.00012855845114404134,0.013096054050985068,0.11928665105226212,180,"(238, 237, 113)"
AZ_PrescottNF,Xr1h_poly,22800,15450,4.425179050809993e-05,8.849966474757542e-05,8.849966474757542e-05,4.428725015882324e-05,0.05237358101135191,203,4583509,3673,347672615,1.1003236245954692e-05,0.013012297734627832,0.1203426802810447,180,"(238, 237, 114)"
AZ_PrescottNF,Xr2h_poly,22800,15450,0.0009109288083657209,0.0018201995445293558,0.0018201995445293558,0.0009153904946663585,0.15746369162450405,4326,4721526,23147,347511001,7.799068869584966e-05,0.013415806506557656,0.0,180,"(238, 237, 115)"
AZ_PrescottNF,Xh_poly,22800,15450,0.00022772941494280557,0.00045535513212778046,0.0004553551321277804,0.00022783226631372451,0.3353084168945609,2207,9684744,4375,342568674,1.8685062169988075e-05,0.02749943507636405,0.18268553159701434,180,"(198, 220, 140)"
AZ_PrescottNF,Xah_poly,22800,15450,0.000569625347284993,0.0011386021179431332,0.0011386021179431332,0.0005705171067027371,0.26709148389646314,5407,9471960,14837,342767796,5.746891500596151e-05,0.02690446545165503,0.3559144369028343,180,"(96, 194, 172)"
AZ_PrescottNF,Xd1h_poly,22800,15450,0.00036839518729419495,0.0007365190445170393,0.0007365190445170393,0.00036901372053336074,0.1801818181818182,991,2684546,4509,349569954,1.5613467325271106e-05,0.007623735309146653,0.0,180,"(131, 201, 157)"
AZ_PrescottNF,Xdh_poly,22800,15450,0.007155935503798764,0.01421018384848068,0.014210183848480678,0.007224484278772846,0.42993226079593566,18279,2511867,24237,349705617,0.00012069494123658662,0.007182609436211889,0.0,180,"(131, 201, 157)"
AZ_PrescottNF,Xbh_poly,22800,15450,0.0006973813576399308,0.0013937907116211253,0.0013937907116211253,0.0006976904086379729,0.6115533318171481,2689,3851456,1708,348404147,1.248225742349401e-05,0.010941194004428547,0.0806019944600052,180,"(69, 184, 125)"
AZ_PrescottNF,Xfv_poly,22800,15450,0.009753235983056363,0.019318058383959506,0.01931805838395951,0.009913749305677632,0.37593102702162895,45173,4511428,74990,347628409,0.0003411201953102822,0.012935334695963209,0.2893776467210302,180,"(238, 236, 113)"
AZ_PrescottNF,Xiv_poly,22800,15450,0.038243017794811915,0.0736687213674475,0.0736687213674475,0.04113093384348445,0.3526139544505427,109091,2543195,200287,349407427,0.0008782660534832226,0.007529341963322546,0.0,180,"(130, 201, 157)"
AZ_PrescottNF,Xam_poly,22800,15450,0.0010592195304153296,0.00211619754306283,0.00211619754306283,0.0010611364172643705,0.36962412283749047,10640,10016346,18146,342214868,8.171804916822801e-05,0.02846473059671833,0.0,180,"(95, 193, 172)"
AZ_PrescottNF,Xmv_poly,22800,15450,0.019853619326087115,0.03893425281798041,0.038934252817980415,0.02011920560740048,0.6006373455288508,148146,7215266,98502,344798086,0.0007001873616079032,0.020903344120819848,0.04519693198715126,180,"(44, 186, 155)"
AZ_PrescottNF,Xi_poly,22800,15450,0.006983489720891343,0.013870117617970038,0.01387011761797004,0.006999688583464487,0.7510973442484887,105237,14929289,34874,337190600,0.00039774882189292,0.042680196445807075,5.479991304182932,180,"(3, 157, 221)"
AZ_PrescottNF,Xt_poly,22800,15450,0.04578249248254054,0.08755643321941516,0.08755643321941516,0.04808351857153129,0.48893450681208844,750977,14867202,784969,335856852,0.004360262306251065,0.04433707772667916,4.941140983984833,180,"(208, 201, 129)"
AZ_PrescottNF,Xgn_poly,22800,15450,0.00099758098183467,0.001993173611580932,0.0019931736115809326,0.0009984583917573998,0.5316616372084112,22199,22211076,19555,330007170,0.00011853176630897632,0.06311609322659399,5.923537052133634,180,"(185, 184, 129)"
AZ_PrescottNF,Xm_poly,22800,15450,0.004772012961605139,0.009498698013173042,0.009498698013173042,0.004960443295067755,0.11160357111108289,61516,12339795,489685,339369004,0.0015647561460285016,0.035204993470731846,8.872061076294921,180,"(183, 196, 166)"
AZ_PrescottNF,Xrh_poly,22800,15450,0.0014052273826271528,0.0028065109791767227,0.0028065109791767223,0.0014150731257096757,0.16802930056710774,7111,5018071,35209,347199609,0.00012013853403735878,0.01426554817464373,0.0,180,"(238, 237, 115)"
AZ_PrescottNF,Xwv_poly,22800,15450,0.0035105434670934968,0.006996525327904763,0.006996525327904763,0.0035115169694773436,0.9268089289946542,105583,29962049,8338,322184030,0.00032340032930221993,0.08535636177823198,0.6391481896146278,180,"(226, 129, 104)"
AZ_PrescottNF,Xtgq_poly,22800,15450,0.00029872283940876967,0.0005972672614453146,0.0005972672614453146,0.00035163027777728546,0.001981420190911433,992,2820153,499659,348939196,0.0014212541872480554,0.008008700959518538,4.012461349412123,180,"(202, 219, 228)"
AZ_PrescottNF,Xkw_poly,22800,15450,0.000787850738716104,0.0015744610371410167,0.0015744610371410167,0.000787954343037764,0.8569780853517878,20804,26381741,3472,325853983,6.89150059615057e-05,0.07495186793845456,0.29379111792007023,180,"(243, 130, 157)"
AZ_PrescottNF,Xbn_poly,22800,15450,0.017685088493298206,0.034755522495630374,0.034755522495630374,0.017729031976986852,0.877075313327329,450886,24981185,63193,326764736,0.0014593737580196446,0.0721968744677227,0.29379111792007023,180,"(242, 131, 157)"
AZ_PrescottNF,Xlg_poly,22800,15450,0.01684713773205317,0.03313602823257888,0.033136028232578885,0.01687001846798679,0.9254923068120896,436750,25452374,35161,326335715,0.0013396667234429115,0.07349436211888946,0.4072073795776854,180,"(243, 131, 156)"
AZ_PrescottNF,Xap_poly,22800,15450,0.008423832529558686,0.016706928689751623,0.016706928689751627,0.008432352995310397,0.8928959958332808,212578,24997230,25499,327024693,0.0006758559018906489,0.07156591154261058,1.3151888947806318,180,"(233, 132, 154)"
CA_AZ_Needles,c_poly,11100,8850,0.389645126844086,0.5607836408263144,0.5607836408263143,0.4509394572025052,0.7413748890423119,37584,45762,13111,98138543,0.0005160584313126686,0.0008484348755535197,41.15596354837348,34,"(10, 92, 133)"
CA_AZ_Needles,sw_poly,11100,8850,0.7173729054618815,0.8354305616216142,0.8354305616216141,0.7421124778852405,0.9555930966379745,819638,284828,38089,97092445,0.008731378836463582,0.01124310072784649,5.935011898140487,34,"(177, 209, 225)"
CA_AZ_Needles,fw_poly,11100,8850,0.11240788303973093,0.20209832158428917,0.20209832158428914,0.15073975054376496,0.3065394346616295,150597,848456,340684,96895263,0.005001079045146841,0.01017003104799715,5.935011898140487,34,"(200, 235, 250)"
CA_AZ_Needles,d_poly,11100,8850,2.202698158397493e-06,4.405386613058006e-06,4.405386613058006e-06,0.0007692307692307692,2.209018834830925e-06,6,7794,2716132,95511068,0.027649391764646,7.940143533363872e-05,9.599212960579584,34,"(255, 255, 255)"
CA_AZ_Needles,Qds_poly,11100,8850,0.00036472280528858825,0.0007291796621252468,0.0007291796621252468,0.024280189084658357,0.0003701479499918109,339,13623,915511,97305527,0.009323051865424746,0.00014212856924721332,9.599212960579584,34,"(210, 211, 214)"
CA_AZ_Needles,Qce_poly,11100,8850,0.048428480339341946,0.09238299273149703,0.09238299273149703,0.04874762626720155,0.8809121165087528,114079,2226117,15422,95879382,0.001318277599633532,0.023822425815646156,4.841550401076954,34,"(254, 229, 111)"
CA_AZ_Needles,Qcm_poly,11100,8850,0.18236207136816815,0.3084707735205819,0.30847077352058194,0.1861744993742333,0.8990448877829381,1876571,8203064,210723,87944642,0.021247966610678477,0.10260737008194636,5.168354819402136,34,"(224, 208, 147)"
CA_AZ_Needles,Qcmo_poly,11100,8850,0.060064094309487975,0.11332162768632013,0.11332162768632015,0.061082671827142485,0.7827012785072563,724844,11141762,201236,86167158,0.009427189901766173,0.12079814729984222,4.807150130731389,34,"(223, 220, 169)"
CA_AZ_Needles,Qc4ch_poly,11100,8850,0.2043927225930851,0.3394120850431957,0.33941208504319575,0.20795899063051962,0.9225928732656393,1134649,4321470,95199,92683682,0.012519448261821144,0.055541497429633026,2.549278651139877,34,"(237, 223, 132)"
CA_AZ_Needles,Qc3hc_poly,11100,8850,0.09134658323397189,0.1674016020892022,0.16740160208920224,0.0918502764372887,0.9433664553263641,689349,6815789,41384,90688478,0.0074386216725199775,0.07639983712526086,5.739645560632616,34,"(253, 231, 169)"
CA_AZ_Needles,Qc2ch_poly,11100,8850,0.0393477420417141,0.0757162217227098,0.07571622172270978,0.04123078376485098,0.46281380594371985,457385,10635904,530885,86610826,0.010060263653483992,0.11292603450908535,3.475532263230327,34,"(254, 249, 196)"
CA_AZ_Needles,Qc3ch_poly,11100,8850,0.47209093510094635,0.6413882781889061,0.6413882781889062,0.4951226913925165,0.9103036353298594,1455327,1483999,143400,95152274,0.01627451519315926,0.029921372219677306,5.426097956200047,34,"(254, 246, 134)"
CA_AZ_Needles,Qc1ch_poly,11100,8850,1.4260888116772716e-07,2.852177216608741e-07,2.852177216608741e-07,1.5881248914119606e-07,1.3977158527534304e-06,1,6296733,715452,91222814,0.007283076296635618,0.06409868173258004,5.2500597348852995,34,"(254, 252, 228)"
CA_AZ_Needles,Qc3fp_poly,11100,8850,0.020806172993949976,0.040764199011310814,0.04076419901131082,0.024491099030588732,0.1214845644092452,78169,3113562,565279,94477990,0.00655008907212297,0.032490772128060265,4.055581627659391,34,"(219, 198, 176)"
CA_AZ_Needles,Qc2fp_poly,11100,8850,1.5003711414262437e-05,3.000697261256738e-05,3.0006972612567376e-05,3.0282218720375147e-05,2.9736685058768544e-05,262,8651680,8810404,80772654,0.08968968290324222,0.08807392477222986,5.2500597348852995,34,"(234, 228, 206)"
CA_AZ_Needles,Qc1fp_poly,11100,8850,0.0012933675907549939,0.002583393903560968,0.002583393903560968,0.0016573079138343966,0.005855239045447142,4601,2771588,781191,94677620,0.007999104188934698,0.02826069119967425,4.055581627659391,34,"(205, 193, 177)"
CA_AZ_Needles,Qcts_poly,11100,8850,0.008870803621262526,0.01758560876064898,0.017585608760648984,0.013786851055034667,0.024273918976663405,8805,629847,353930,97242418,0.0036925230315060825,0.006501267369063979,9.81914316371344,34,"(217, 199, 211)"
CA_AZ_Needles,Qch_poly,11100,8850,0.03192841618928151,0.06188106788877309,0.06188106788877308,0.032160018423465116,0.8159580205851948,72617,2185373,16379,95960631,0.0009059500178144246,0.022985595765256783,6.418609436355628,34,"(244, 150, 121)"
CA_AZ_Needles,Qchs_poly,11100,8850,0.06830760083476839,0.12788002403314044,0.12788002403314044,0.06881720247125561,0.9021941615447254,242637,3283182,26304,94682877,0.0027377309512902734,0.03589167811879676,6.010893439849942,34,"(228, 148, 137)"
CA_AZ_Needles,Qchm_poly,11100,8850,0.43972971170730624,0.6108503674427221,0.6108503674427223,0.6329648530611592,0.5902289848586559,39566,22943,27469,98145022,0.0006823942586654451,0.0006363210668295414,17.6489214714898,34,"(232, 161, 35)"
CA_AZ_Needles,Qchg_poly,11100,8850,0.0018000945448193736,0.00359372005377434,0.0035937200537743403,0.0018012723349908769,0.7335467470106393,7791,4317485,2830,93906894,0.00010811828777930472,0.04402988751463328,6.010893439849942,34,"(248, 171, 160)"
CA_AZ_Needles,Qcn_poly,11100,8850,0.23505778030295343,0.38064256434269,0.38064256434269,0.23956405298369335,0.9259052034209895,23168,73541,1854,98136437,0.0002547157326818344,0.0009844658217539573,26.21162326240107,34,"(216, 25, 106)"
CA_AZ_Needles,Tcb_poly,11100,8850,0.42882020779742347,0.6002437611915706,0.6002437611915706,0.46453364737298086,0.8479728341982391,123860,142773,22206,97946161,0.0014869038530055478,0.0027142362701684736,13.304703205937825,34,"(243, 117, 34)"
CA_AZ_Needles,Tcbm_poly,11100,8850,0.015661123126258482,0.03083926866877157,0.03083926866877157,0.01614142966948501,0.3448275862068966,210,12800,399,98221591,6.199419758741793e-06,0.00013243752226803075,16.282460006168286,34,"(166, 101, 53)"
CA_AZ_Needles,Qac_poly,11100,8850,0.0,0.0,0.0,0.0,0.0,0,1931524,256045,96047431,0.0026064539115386574,0.019662279228380923,8.270302497053795,34,"(224, 239, 227)"
CA_AZ_Needles,Qay_poly,11100,8850,0.19312109504911024,0.3237242151705668,0.32372421517056676,0.2201001333806592,0.6117286941348249,2585809,9162521,1641243,84845427,0.04302999949101644,0.11959413650939074,3.475532263230327,34,"(239, 240, 178)"
CA_AZ_Needles,Qayd_poly,11100,8850,0.021516900475101144,0.04212735093289943,0.04212735093289943,0.02172815836515154,0.688768480244293,147964,6661817,66860,91358359,0.00218683768514277,0.06932133150099251,2.549278651139877,34,"(225, 218, 133)"
CA_AZ_Needles,Qayi_poly,11100,8850,0.1381266881154649,0.24272638460693352,0.24272638460693352,0.1436338741772365,0.7827270665472993,1639324,9773889,455051,86366736,0.021320048862421743,0.11618275563699293,3.8818275338762023,34,"(226, 233, 155)"
CA_AZ_Needles,Qau_poly,11100,8850,0.010932486119413535,0.021628518757724768,0.021628518757724768,0.01106069291561733,0.4853771271333682,116773,10440703,123809,87553715,0.0024490456558253168,0.10747163434621061,5.100739214213424,34,"(163, 186, 131)"
CA_AZ_Needles,Qai_poly,11100,8850,0.12236070938893724,0.21804168368573026,0.21804168368573026,0.13370310337231592,0.5905627759944514,1016655,6587170,704847,89926328,0.017524324324324325,0.07740443833664172,6.588708294617908,34,"(184, 217, 156)"
CA_AZ_Needles,Qao_poly,11100,8850,0.28594301505166914,0.44472112948205555,0.4447211294820556,0.32081671332539224,0.724555922398974,1699472,3597858,646064,92291606,0.02387678525983611,0.05392507761999287,5.100739214213424,34,"(159, 196, 151)"
CA_AZ_Needles,QTab_poly,11100,8850,0.01518568272250829,0.029917054546678742,0.02991705454667874,0.01578683826935523,0.2850956367207595,152405,9501523,382170,88198902,0.005441797729933323,0.0982738127958467,5.71771295525675,34,"(161, 177, 143)"
CA_AZ_Needles,QTar_poly,11100,8850,0.01282939353977764,0.025333770172170228,0.025333770172170228,0.01288038855287891,0.7641768263230094,158206,12124498,48822,85903474,0.0021074769684939175,0.12503388812541355,6.890594449716876,34,"(185, 184, 128)"
CA_AZ_Needles,QTas_poly,11100,8850,0.011772668691379986,0.023271371239167147,0.023271371239167147,0.011808767914927765,0.793860000177868,89264,7469865,23179,90652692,0.0011446327683615819,0.07694944775283759,7.602344857622573,34,"(163, 161, 124)"
CA_Elsinore,Qaf_poly,14749,11049,0.005616770957326374,0.011170798100312754,0.011170798100312752,0.005655052775605942,0.453467868338558,4629,813931,5579,162137562,6.264048507937457e-05,0.005023020715769284,9.014145679224447,29,"(184, 144, 92)"
CA_Elsinore,Qw_poly,14749,11049,0.0,0.0,0.0,0.0,0.0,0,540519,229244,162191938,0.0014067354390219578,0.0033168468215731255,4.740049687447619,29,"(250, 251, 250)"
CA_Elsinore,Qf_poly,14749,11049,0.0,0.0,0.0,0.0,0.0,0,3017983,23681,159920037,0.0001453163525827458,0.01851958454950099,5.269553765443864,29,"(252, 251, 223)"
CA_Elsinore,Ql_poly,14749,11049,0.0,0.0,0.0,0.0,0.0,0,44187,3441080,159476434,0.02111588170032663,0.0002711495997455255,4.740049687447619,29,"(254, 250, 239)"
CA_Elsinore,Qyf_poly,14749,11049,0.0005241492590131972,0.0010477493409856852,0.0010477493409856852,0.0005260458669275675,0.126926380678086,2512,4772737,17279,158169173,0.00012144571318631487,0.0293028912357757,3.348860139961538,29,"(254, 250, 203)"
CA_Elsinore,Qya_poly,14749,11049,7.16428829854685e-06,1.432847394377549e-05,1.4328473943775488e-05,7.167485587029718e-06,0.01580660158066016,34,4743610,2117,158215940,1.319942039632981e-05,0.029108949961193644,3.348860139961538,29,"(253, 241, 197)"
CA_Elsinore,Qoa_poly,14749,11049,0.07643155238896206,0.14200912676581218,0.14200912676581218,0.08259766699454406,0.5058879380243584,120416,1337446,117613,161386226,0.001460643811026494,0.00894604064055517,6.540442354388081,29,"(244, 211, 97)"
CA_Elsinore,Qvof_poly,14749,11049,0.005340700403832417,0.010624657694027758,0.01062465769402776,0.005363336928323666,0.5585744209343979,18400,3412300,14541,159516460,0.00020213951988633206,0.021052185752528443,9.014145679224447,29,"(210, 175, 120)"
CA_Elsinore,Qvoa_poly,14749,11049,0.0002754899858522002,0.0005508282240447513,0.0005508282240447513,0.00027570755768862074,0.25876596901331883,952,3451982,2727,159506040,2.2575856642537132e-05,0.02118862271816861,6.540442354388081,29,"(248, 232, 135)"
CA_Elsinore,Qpf_poly,14749,11049,0.014371083258728738,0.028334962413480397,0.028334962413480397,0.014670974661323485,0.412817199323651,64210,4312459,91331,158493701,0.00095446352759904,0.026857040477259134,8.525179838278673,29,"(203, 191, 101)"
CA_Elsinore,Qpfs_poly,14749,11049,0.02152106095236674,0.04213532500700984,0.04213532500700984,0.02173423897197414,0.6869273565621217,103838,4673785,47325,158136753,0.0009275983195585324,0.029317459075859795,7.17261774314465,29,"(223, 211, 158)"
CA_Elsinore,Tcg_poly,14749,11049,0.0,0.0,0.0,0.0,0.0,0,4383703,240,158577758,1.4727386774147627e-06,0.026900203993329697,8.624720862466214,29,"(228, 214, 228)"
CA_Elsinore,Tsi_poly,14749,11049,0.6847661469933185,0.8128916267879333,0.8128916267879333,0.9393146693449528,0.7164624288905913,491936,31782,194682,162243301,0.0042133703550382064,0.003213748977742936,9.864105098122238,29,"(208, 154, 45)"
CA_Elsinore,Mzm_poly,14749,11049,3.49945269589087e-05,6.998660476969003e-05,6.998660476969003e-05,3.501434815899192e-05,0.05821917808219178,68,1941993,1100,161018540,7.167328230085178e-06,0.011917284785828297,6.991588818287632,29,"(177, 215, 217)"
CA_Elsinore,Mzp_poly,14749,11049,0.5017924518379414,0.6682580555306852,0.6682580555306852,0.709726634140701,0.6313678953736785,4198373,1717106,2451273,154594949,0.04080496189715153,0.036299811328061676,12.80313660654751,29,"(111, 178, 136)"
CA_Elsinore,Mzq_poly,14749,11049,0.1440122967961174,0.251767043412791,0.251767043412791,0.1503927534397784,0.7724423861207595,684506,3866950,201652,158208593,0.005437829837085463,0.027929605373964526,5.819944901461853,29,"(139, 197, 198)"
CA_Elsinore,Mzu_poly,14749,11049,0.4628190204247707,0.6327768698145286,0.6327768698145286,0.6413658957567238,0.6244148484357972,1153401,644950,693770,160469580,0.011335000731245435,0.01103542113861465,5.819944901461853,29,"(145, 183, 176)"
CA_Elsinore,Ksv_poly,14749,11049,0.14462849584993437,0.2527081867598302,0.2527081867598302,0.15006811434718148,0.7995995516637743,848224,4804036,212587,157096854,0.006509572454695966,0.03468459132001819,12.561180921728948,29,"(248, 196, 171)"
CA_Elsinore,Kvs_poly,14749,11049,0.03175949128794121,0.06156374921891141,0.06156374921891141,0.03189187456685757,0.8844069564428724,195025,5920169,25490,156821017,0.0013531707060421515,0.037525344682061215,5.1239429088755974,29,"(221, 154, 146)"
CA_Elsinore,Kvem_poly,14749,11049,0.09034240658999136,0.16571382722338418,0.16571382722338418,0.09120415445905387,0.9053164854383782,816839,8139321,85430,153920111,0.0055366935572180856,0.054958680137979166,4.4733324688232505,29,"(244, 163, 173)"
CA_Elsinore,Kvsp_poly,14749,11049,0.006027859664080713,0.011983484564917426,0.011983484564917426,0.0060317368759587025,0.903637459807074,8993,1481954,959,161469795,6.106956382346549e-05,0.009149063803647951,6.966305198909759,29,"(240, 102, 75)"
CA_Elsinore,Khg_poly,14749,11049,0.09193732354053401,0.16839304153911208,0.16839304153911205,0.09477780664811747,0.7541580160979546,1050521,10033519,342451,151535210,0.008547848920649153,0.06801622670838468,0.27282843413862284,29,"(243, 165, 200)"
CA_Elsinore,Kgb_poly,14749,11049,0.04983256498430766,0.09493430980596898,0.09493430980596897,0.050251814312340604,0.8565897309040849,278754,5268389,46669,157367889,0.001996929327584768,0.034039550188543995,16.037324328497935,29,"(164, 120, 179)"
CA_Elsinore,Kgd_poly,14749,11049,0.10063973999023751,0.18287498867000782,0.18287498867000782,0.10480299259821321,0.7169895841720405,979544,8366983,386646,153228528,0.008383503557071978,0.05735413255167237,6.999902662083196,29,"(247, 193, 217)"
CA_Elsinore,Kpvg_poly,14749,11049,0.14587500373005421,0.2546089289934795,0.2546089289934795,0.1484206348335234,0.8947933804471203,1676756,9620568,197147,151467230,0.011499039274264817,0.06932502502535856,0.27282843413862284,29,"(244, 165, 201)"
CA_Elsinore,Kgbf_poly,14749,11049,0.0034946863703959846,0.006965032137910244,0.006965032137910244,0.0034986935959747134,0.7531594077127516,13886,3955024,4551,158988240,0.00011313701248123325,0.024354863600742606,6.966305198909759,29,"(242, 133, 104)"
CA_Elsinore,Kgh_poly,14749,11049,0.034186086969869856,0.0661120612636241,0.0661120612636241,0.03440325547919027,0.8441316007252191,267247,7500826,49347,155144281,0.0019427509534893723,0.04766808981700553,4.4733324688232505,29,"(246, 161, 159)"
CA_Elsinore,Kgt_poly,14749,11049,0.0005498169468143378,0.0010990296285138675,0.0010990296285138675,0.0008507267156434184,0.001552020125959009,5060,5942796,3255207,153758638,0.020006338789995817,0.036498489912056085,8.050934803570984,29,"(214, 188, 218)"
CA_Elsinore,Katg_poly,14749,11049,0.2523189917505399,0.4029628128498453,0.4029628128498452,0.25305244253572884,0.9886433522842696,2131608,6291974,24486,154513633,0.013230679274757939,0.05169056255739501,13.38215468014357,29,"(237, 104, 165)"
CA_MarbleCanyon,Jh_poly,6479,13614,5.422223089777916e-07,1.0844440299458375e-06,1.0844440299458373e-06,1.233208327115908e-06,9.677075974723477e-07,1,810892,1033369,86360844,0.01171553492606199,0.009193265977141958,7.394079916049096,14,"(250, 215, 231)"
CA_MarbleCanyon,IPb_poly,6479,13614,0.12426976501030915,0.22106752111966588,0.22106752111966588,0.23520269214544762,0.20853501931858096,742124,2413129,2816626,82233227,0.04034630376159856,0.03577177266812649,13.382301094199384,14,"(200, 234, 252)"
CA_MarbleCanyon,Mi_poly,6479,13614,0.007692728845892234,0.015268005068772692,0.015268005068772694,0.007723540644244491,0.6585076337440138,32176,4133789,16686,84022455,0.000553958860386155,0.04723042904114871,13.382301094199384,14,"(118, 194, 237)"
CA_MarbleCanyon,Mlu_poly,6479,13614,0.012305728106718525,0.024312275955868618,0.02431227595586862,0.01460015988187355,0.07261864459475331,42043,2837583,536913,84788567,0.0065637470012223555,0.03264693089309365,7.531903547738364,14,"(201, 177, 201)"
CA_MarbleCanyon,Msr_poly,6479,13614,0.0004907337913515386,0.000980986179635881,0.000980986179635881,0.0005546535012241945,0.004240211426812571,799,1439740,187635,86576932,0.0021363162354796103,0.016331696262572373,7.394079916049096,14,"(217, 200, 211)"
CA_MarbleCanyon,Msc_poly,6479,13614,0.07901709945223863,0.14646125532644763,0.14646125532644763,0.07948579416531842,0.9305578988324169,270261,3129856,20168,84784821,0.003292655189371917,0.038547847785591914,9.506514480669512,14,"(200, 144, 180)"
CA_MarbleCanyon,Mt_poly,6479,13614,0.00930205565080294,0.018432649767675204,0.0184326497676752,0.009318473386587289,0.8407570922760852,19234,2044838,3643,86137391,0.0002593614025020275,0.023400822170090697,9.470468187576548,14,"(215, 164, 174)"
CA_MarbleCanyon,Pd_poly,6479,13614,0.6415102222375137,0.7816097804899228,0.7816097804899228,0.6881337362813493,0.9044733898720879,1305175,591513,137847,86170571,0.01635984656035672,0.021503154250503368,14.046850350260089,14,"(175, 221, 210)"
CA_MarbleCanyon,Po_poly,6479,13614,0.22473150012514428,0.3669890095946434,0.3669890095946434,0.28071670284586914,0.5298169904708224,300793,770725,266937,86866651,0.006436475457554577,0.012148026895404446,12.303203335147568,14,"(186, 218, 140)"
CA_MarbleCanyon,Qoa_poly,6479,13614,0.1495837042630113,0.2602397784664287,0.2602397784664287,0.1576395975343844,0.7453584444087472,385120,2057921,131571,85630494,0.005857835486303933,0.02769727412379052,5.955955319323641,14,"(254, 249, 174)"
CA_MarbleCanyon,Qsb_poly,6479,13614,0.00016081379804266634,0.00032157588224634976,0.0003215758822463497,0.00016086723856611478,0.3261834319526627,441,2740950,911,85462804,1.5327910835456623e-05,0.031079731370653306,12.084380427432585,14,"(254, 223, 184)"
CA_MarbleCanyon,Qt_poly,6479,13614,0.0316813817891951,0.061416988516845405,0.061416988516845405,0.03255427664366453,0.5416092522023397,56993,1693714,48236,86406163,0.0011930034980061131,0.019848136682699524,5.955955319323641,14,"(254, 247, 134)"
CA_MarbleCanyon,QTs_poly,6479,13614,0.6291333325194464,0.7723533979216973,0.7723533979216973,0.9467651967704964,0.6522050662980198,1339864,75338,714496,86075408,0.023290715165627713,0.016044445318165595,8.940818420916564,14,"(254, 219, 107)"
CA_MarbleCanyon,Qya_poly,6479,13614,0.0006294043797708459,0.001258016958158401,0.001258016958158401,0.0006849504847216517,0.007701541224549636,1681,2452511,216587,85534327,0.0024745506229537323,0.027823695376546567,8.743973963575765,14,"(254, 252, 216)"
CA_NV_DeathValley,Qay_poly,16552,12571,0.4831504465257866,0.6515191330151906,0.6515191330151905,0.5451188024484576,0.8095290085192615,16156635,13482106,3801433,174635018,0.09591757579634962,0.1424424541682028,5.826594753419503,13,"(254, 249, 174)"
CA_NV_DeathValley,Qayy_poly,16552,12571,1.399074213938314e-07,2.798148036394952e-07,2.798148036394952e-07,1.4912331892039886e-07,2.263850235742271e-06,3,20117575,1325173,186632441,0.006368736163415387,0.09668417367121786,8.061950665425044,13,"(254, 252, 217)"
CA_NV_DeathValley,Qayo_poly,16552,12571,0.06331475690890034,0.11908939756081056,0.11908939756081055,0.06492302834718817,0.7187774789259365,1195884,17224144,467891,189187273,0.007996027705215333,0.08852582483739821,5.743199828311279,13,"(254, 247, 135)"
CA_NV_DeathValley,Qai_poly,16552,12571,0.293522951633976,0.4538349339116068,0.45383493391160673,0.33258470179978417,0.7142164568997167,2883079,5785627,1153623,198252863,0.019400207978661866,0.04166141055393091,6.910753135064634,13,"(235, 196, 83)"
CA_NV_DeathValley,Qao_poly,16552,12571,0.4899047211071182,0.6576322823422962,0.6576322823422962,0.9641417482676774,0.4989966808613372,2831639,105314,2843026,202295213,0.02727218437457936,0.014114863822881874,5.743199828311279,13,"(254, 243, 79)"
CA_NV_DeathValley,QTa_poly,16552,12571,0.17231358279542638,0.2939718268631471,0.2939718268631471,0.17388266481918227,0.9502375193956814,1414038,6718101,74051,199869002,0.007151688702995406,0.03908269372160426,17.062573090614716,13,"(229, 144, 94)"
CA_NV_DeathValley,Qe_poly,16552,12571,5.404158711496226e-05,0.00010807733355928782,0.00010807733355928782,5.427303997639677e-05,0.012513558559750258,1419,26144159,111978,181817636,0.000544980874029423,0.12565447013981368,8.061950665425044,13,"(236, 221, 186)"
CA_NV_DeathValley,Qp_poly,16552,12571,0.0006002271628954959,0.0011997342127282571,0.0011997342127282574,0.0006130726197827572,0.027849132916056524,14625,23840624,510526,183709417,0.0025238520505606456,0.11464725213373828,10.710937469228748,13,"(253, 211, 194)"
CA_NV_DeathValley,Qps_poly,16552,12571,0.07248057271619814,0.1351643555325791,0.1351643555325791,0.07262656916308666,0.9730136545018924,1863651,23797082,51688,182362771,0.009205032957508937,0.12332432690966831,6.738674465208459,13,"(253, 208, 159)"
CA_NV_DeathValley,Qpx_poly,16552,12571,0.37894606306160417,0.5496169476277403,0.5496169476277403,0.38377910381570457,0.9678364693263971,3336924,5357984,110894,199269390,0.01657005800095573,0.04178733618566119,6.738674465208459,13,"(253, 205, 125)"
CA_NV_DeathValley,Qlb_poly,16552,12571,4.9404468571907786e-05,9.880405578194692e-05,9.880405578194692e-05,4.9562537718548925e-05,0.015254454557108063,119,2400888,7682,205666503,3.749125460376843e-05,0.011539131488582263,14.887138698723831,13,"(203, 232, 231)"
CA_NV_DeathValley,QTc_poly,16552,12571,0.08276492699009036,0.15287700021862238,0.15287700021862238,0.0925556283770369,0.43896240647179724,43355,425066,55412,207551359,0.0004746697530381229,0.0022512102259648523,9.700627860312053,13,"(200, 161, 12)"
CA_NV_DeathValley,QTm_poly,16552,12571,0.018317746995277204,0.03597648582542509,0.0359764858254251,0.02222431023111504,0.09437439515374457,282415,12425066,2710081,192657630,0.014381800978946112,0.06107158127721444,14.311916946598592,13,"(183, 219, 177)"
CO_Alamosa,af_poly,16826,11769,0.0,0.0,0.0,0.0,0.0,0,121592,23289,197880313,0.00011760624761715927,0.0006140228803411752,7.535251888867668,71,"(210, 211, 214)"
CO_Alamosa,Qed_poly,16826,11769,0.0,0.0,0.0,0.0,0.0,0,5888646,575167,191561381,0.0029045142609480288,0.029736852574425453,0.42698463896654854,71,"(253, 251, 217)"
CO_Alamosa,Qey_poly,16826,11769,0.0,0.0,0.0,0.0,0.0,0,6559658,1406618,190058918,0.007103227481246654,0.03312537090608784,0.34490958087565565,71,"(253, 249, 216)"
CO_Alamosa,Qeo_poly,16826,11769,0.0,0.0,0.0,0.0,0.0,0,6012205,448330,191564659,0.0022640048518270863,0.030360808534291853,1.5522859268450384,71,"(249, 251, 218)"
CO_Alamosa,Qsm_poly,16826,11769,0.0,0.0,0.0,0.0,0.0,0,8404796,8054,189612344,4.067159252473703e-05,0.0424430640880978,0.48958372092387015,71,"(225, 235, 177)"
CO_Alamosa,Qpt_poly,16826,11769,2.6550750598805236e-05,5.310009135032826e-05,5.310009135032826e-05,2.659218428403931e-05,0.016754793909664268,263,9889861,15434,188119636,7.9267691564539e-05,0.04994376624622825,4.2135871463053105,71,"(208, 191, 127)"
CO_Alamosa,Qlp_poly,16826,11769,2.0730866705709798e-05,4.146087389156945e-05,4.146087389156945e-05,3.742269873791948e-05,4.64759603095299e-05,8,213766,172124,197639296,0.0008692429307757679,0.0010795293047408908,4.5673362529520025,71,"(206, 231, 215)"
CO_Alamosa,Qlal_poly,16826,11769,0.003937112148550182,0.00784334417147758,0.00784334417147758,0.003942515103347428,0.7417952485917217,24230,6121593,8434,191870937,0.00016494870849615226,0.03103556106098298,9.174720338978906,71,"(120, 191, 220)"
CO_Alamosa,Qlas_poly,16826,11769,0.11581099477897897,0.20758174156890957,0.2075817415689096,0.12426151993742365,0.6300343121964261,70693,498212,41512,197414777,0.000566619821112257,0.002872892022012108,8.039795349980622,71,"(152, 213, 209)"
CO_Alamosa,QTla_poly,16826,11769,0.00020254231551179331,0.0004050026008590203,0.00040500260085902037,0.00026369977176820294,0.0008725634078422519,371,1406532,424813,196193478,0.0021471207345465345,0.007104666692057375,9.174720338978906,71,"(177, 209, 225)"
CO_Alamosa,Qaa_poly,16826,11769,1.5778731689768046e-06,3.155741358593991e-06,3.155741358593991e-06,2.8799230484561454e-06,3.4899872266467504e-06,4,1388922,1146132,195490136,0.005787829199147256,0.007013885314007065,4.572787711297814,71,"(232, 228, 218)"
CO_Alamosa,Qa_poly,16826,11769,0.0,0.0,0.0,0.0,0.0,0,6275744,3112086,188637364,0.01571560636875326,0.03169164424603468,0.5931994642854991,71,"(254, 252, 216)"
CO_Alamosa,Qau_poly,16826,11769,0.0,0.0,0.0,0.0,0.0,0,75360,1002406,196947428,0.005062012462919239,0.00038055763752969734,5.36263328677377,71,"(254, 243, 79)"
CO_Alamosa,Qfp_poly,16826,11769,0.00392478942822999,0.00781889135433202,0.00781889135433202,0.009863814092611486,0.00647626123783342,21791,2187395,3342959,192473049,0.016991524825876448,0.01115608552313803,3.906307421221704,71,"(237, 223, 132)"
CO_Alamosa,Qay_poly,16826,11769,8.606498848845622e-05,0.0001721151638873138,0.00017211516388731377,0.00024382479833657305,0.0001329995739449923,1224,5018774,9201813,183803383,0.04647407137497868,0.025350299618946467,5.826594753419503,71,"(254, 249, 174)"
CO_Alamosa,Qai_poly,16826,11769,0.002226080061944416,0.004442271272379638,0.004442271272379638,0.013012173643342157,0.0026783153357777967,11747,891023,4374219,192748205,0.022148525202303298,0.004558864363491041,5.743199828311279,71,"(254, 247, 135)"
CO_Alamosa,Qao_poly,16826,11769,0.0,0.0,0.0,0.0,0.0,0,230899,6159947,191634348,0.031106885318844833,0.001166008199946518,2.7793655663272174,71,"(253, 219, 106)"
CO_Alamosa,Qpy_poly,16826,11769,0.02974427264888997,0.057770212350638284,0.057770212350638284,0.030862948202251276,0.45073343753757367,494835,15538468,603009,181388882,0.005543961239598634,0.08096597547077772,5.397683810320164,71,"(253, 205, 161)"
CO_Alamosa,Qpo_poly,16826,11769,0.005224809808656535,0.010395306119933655,0.010395306119933653,0.00706263006748409,0.019683406623088148,51449,7233231,2562377,188178137,0.013199461882612775,0.03678663231103816,3.072918502637679,71,"(253, 231, 169)"
CO_Alamosa,Qac_poly,16826,11769,1.794442448605537e-05,3.588820497892655e-05,3.588820497892656e-05,2.987860233330758e-05,4.492393560902563e-05,99,3313309,2203626,192508160,0.011128508224059612,0.01673225478572186,3.725693187666831,71,"(254, 220, 148)"
CO_Alamosa,Qc_poly,16826,11769,6.536179916996841e-06,1.3072274391256335e-05,1.3072274391256335e-05,7.025753693393389e-06,9.379032416658977e-05,62,8824614,660987,188539531,0.003338206551637061,0.044563400351977436,3.7763700649690435,71,"(236, 224, 170)"
CO_Alamosa,Qta_poly,16826,11769,3.855205684235423e-05,7.710114127712733e-05,7.710114127712733e-05,3.89927158568386e-05,0.003399768639121182,385,9873254,112858,188038697,0.0005718615783807791,0.04986051926301863,4.2135871463053105,71,"(224, 206, 149)"
CO_Alamosa,Qls_poly,16826,11769,0.0,0.0,0.0,0.0,0.0,0,120243,136260,197768691,0.0006880942633996359,0.000607210615837094,7.777368260006046,71,"(212, 189, 43)"
CO_Alamosa,Qlsy_poly,16826,11769,0.0,0.0,0.0,0.0,0.0,0,41482,164973,197818739,0.0008330909651829454,0.00020947839596612136,2.7793655663272174,71,"(253, 218, 80)"
CO_Alamosa,Qlso_poly,16826,11769,0.0,0.0,0.0,0.0,0.0,0,194530,323700,197506964,0.0016346404892298705,0.0009823497509109877,4.64197171576223,71,"(238, 221, 88)"
CO_Alamosa,Qlsb_poly,16826,11769,0.0,0.0,0.0,0.0,0.0,0,6472594,89796,191462804,0.00045345745248960594,0.032685709677931184,0.34490958087565565,71,"(254, 250, 216)"
CO_Alamosa,Qrg_poly,16826,11769,0.0,0.0,0.0,0.0,0.0,0,6154223,68843,191802128,0.0003476476836578683,0.031077979905930555,0.4019075967045913,71,"(253, 250, 216)"
CO_Alamosa,Qti_poly,16826,11769,0.0,0.0,0.0,0.0,0.0,0,4778543,230280,193016371,0.001162882335062881,0.024130985070515826,5.02672234258239,71,"(252, 236, 219)"
CO_Alamosa,Qtp_poly,16826,11769,0.0002474167302078844,0.0004947110606227518,0.0004947110606227517,0.0002629931582062711,0.004160017910236362,3642,13844627,871835,183305090,0.00442103846644887,0.06993185422658897,5.397683810320164,71,"(253, 221, 181)"
CO_Alamosa,Qtb_poly,16826,11769,7.717667864099586e-06,1.543521660432401e-05,1.5435216604324013e-05,7.853454538315042e-06,0.0004461653680067562,28,3565282,62729,194397155,0.0003169142205208495,0.018004325247624804,3.072918502637679,71,"(250, 227, 150)"
CO_Alamosa,QTsf_poly,16826,11769,0.08259452928734025,0.15258626762452107,0.15258626762452107,0.08406614349673845,0.8251204868154158,1016961,11080192,215539,185712502,0.00622395552355828,0.061088959215967235,6.962222329096472,71,"(203, 158, 131)"
CO_Alamosa,Tsf_poly,16826,11769,0.14715886980416573,0.25656231874716284,0.25656231874716284,0.16448337625277762,0.5828405004532369,2340431,11888551,1675129,182121083,0.02027802583543991,0.07185440252617553,6.006336606336704,71,"(227, 181, 137)"
CO_Alamosa,Tsfv_poly,16826,11769,0.03142634069574922,0.060937634527639783,0.060937634527639783,0.03153919632337762,0.8977772881896547,546047,16767235,62174,180649738,0.003071432415816747,0.0874296934156772,6.831995022320305,71,"(224, 164, 147)"
CO_Alamosa,Qba_poly,16826,11769,0.004849639714153233,0.009652468434049091,0.00965246843404909,0.0048503607225881375,0.970259734571416,44304,9089862,1358,188889670,0.00023058682119003504,0.04612628229517099,5.689066096700898,71,"(197, 87, 159)"
CO_Alamosa,Tsb_poly,16826,11769,0.17417046373649836,0.2966698092238587,0.2966698092238587,0.1771042190031226,0.9131513207085797,2263020,10514880,215233,185032061,0.012514836874746351,0.06452663795900637,6.403090678698794,71,"(245, 172, 206)"
CO_Alamosa,Toa_poly,16826,11769,0.007917302532798385,0.015710222481354317,0.015710222481354317,0.007922315689874398,0.9259903439589768,30879,3866845,2468,194125002,0.00016839776457938983,0.019682970238625294,5.689066096700898,71,"(212, 87, 144)"
CO_Alamosa,Tbb_poly,16826,11769,0.34831832932178064,0.5166707620106131,0.5166707620106131,0.3686814028992508,0.8631344297947533,158752,271842,25173,197569427,0.0009287959591646707,0.002174440490637772,12.994728035796394,71,"(229, 127, 40)"
CO_Alamosa,Tb_poly,16826,11769,0.14980462620702678,0.2605740537002395,0.2605740537002395,0.15325497961842163,0.8693476447764441,215766,1192123,32427,196584878,0.0012533405219135904,0.007109645856476222,7.101574984843968,71,"(243, 113, 84)"
CO_Alamosa,Tba_poly,16826,11769,6.916968707633566e-05,0.0001383298059232823,0.00013832980592328232,0.000468055230517201,8.11576324695456e-05,10,21355,123207,197880622,0.000622228906893534,0.00010789031217916645,7.935070745382715,71,"(248, 166, 27)"
CO_Alamosa,Th_poly,16826,11769,0.08181967157206678,0.15126305006668805,0.15126305006668803,0.08219343593337304,0.9473482651743987,1034024,11546348,57469,185387353,0.005511889562900769,0.06352914872033909,5.3585744666184105,71,"(215, 128, 131)"
CO_Alamosa,Tcu_poly,16826,11769,0.030852931107328056,0.05985903551573794,0.05985903551573794,0.030913399166751745,0.9403807419920733,361835,11342960,22940,186297459,0.001943060841036217,0.05910760526764084,7.069375703647255,71,"(200, 144, 181)"
CO_Alamosa,Tcl_poly,16826,11769,0.04959134347573128,0.09449647957558242,0.09449647957558241,0.05047045135866176,0.7400631322752789,640982,12059162,225136,185099914,0.004373776803369777,0.06413398085094163,7.069375703647255,71,"(181, 154, 191)"
CO_Alamosa,Tv_poly,16826,11769,0.027191277470214412,0.052942968007247085,0.052942968007247085,0.02724169008217473,0.936279241782213,298733,10667290,20331,187038840,0.0016112293267088024,0.05537690825340133,8.988781750409942,71,"(181, 106, 112)"
CO_Alamosa,Tvl_poly,16826,11769,0.005385975744553176,0.010714244826350425,0.010714244826350425,0.005394378326683518,0.7756713583893426,77208,14235470,22329,183690187,0.0005026481630413148,0.07227705581745321,6.831995022320305,71,"(203, 152, 149)"
CO_Alamosa,Tdt_poly,16826,11769,0.027179259872670072,0.05292018819780149,0.05292018819780149,0.027355061494459623,0.8087641011465203,61441,2184615,14528,195764610,0.00038363300378839677,0.011342273953282933,6.232325285347823,71,"(154, 165, 212)"
CO_Alamosa,Ti_poly,16826,11769,0.056549516811014604,0.10704565363239787,0.10704565363239787,0.05811434551776131,0.6774325126075349,18269,296094,8699,197702132,0.00013618469173169956,0.0015874899231256403,7.101574984843968,71,"(227, 93, 49)"
CO_Alamosa,Tgr_poly,16826,11769,0.0042611306531810675,0.00848610092159912,0.00848610092159912,0.004262261261415862,0.9413969761339498,45204,10560434,2814,187416742,0.00024248429722533184,0.053557013558587906,5.3585744666184105,71,"(242, 133, 145)"
CO_Alamosa,Tdi_poly,16826,11769,0.001121987248951851,0.002241459608803584,0.002241459608803584,0.0011221389806512507,0.8924466338259441,7609,6773191,917,191243477,4.30551276217914e-05,0.034242107597682744,6.170094685702324,71,"(241, 114, 148)"
CO_Alamosa,Tiq_poly,16826,11769,0.0019591516670441583,0.003910641793698978,0.003910641793698978,0.0019611678233742505,0.6558509690574703,33129,16859357,17384,181115324,0.0002550837041472612,0.08530473147775328,6.403090678698794,71,"(247, 183, 196)"
CO_Alamosa,Tcs_poly,16826,11769,8.376290818631654e-06,1.675244131394294e-05,1.675244131394294e-05,8.397559591666727e-06,0.003296313200466555,65,7740279,19654,190265196,9.957823851443872e-05,0.039087672854394476,5.263907940706366,71,"(235, 200, 141)"
CO_Alamosa,Tch_poly,16826,11769,1.0455417056130952e-05,2.0910615483056127e-05,2.0910615483056127e-05,0.00015847190821307076,1.1193829364250192e-05,15,94639,1340009,196590531,0.00676693693833725,0.0004779896844842884,8.28396375401934,71,"(207, 154, 47)"
CO_Alamosa,TKs_poly,16826,11769,0.14755818292069867,0.2571689786484588,0.2571689786484588,0.3474497398627859,0.2041285551550916,273272,513236,1065453,196173233,0.006760377166957857,0.003971757250241603,6.822382080159558,71,"(236, 181, 103)"
CO_Alamosa,Kvt_poly,16826,11769,4.526981506235859e-06,9.053922025534149e-06,9.05392202553415e-06,4.639125408287643e-06,0.00018723535003408644,39,8406718,208255,189410182,0.00105185605827509,0.042452966868448065,0.48958372092387015,71,"(225, 236, 176)"
CO_Alamosa,Kpu_poly,16826,11769,0.015389492873277764,0.030312491868966774,0.03031249186896677,0.2852326873458011,0.016006789542160373,15145,37952,931016,197041081,0.004777982946957749,0.0002681325488311351,9.729221867344872,71,"(166, 206, 81)"
CO_Alamosa,Kdp_poly,16826,11769,0.10993305812145907,0.1980895285838566,0.19808952858385662,0.11456388449958255,0.7311595493043721,114988,888714,42280,196979212,0.0007941817746685303,0.005068557084711151,9.729221867344872,71,"(160, 208, 139)"
CO_Alamosa,Js_poly,16826,11769,0.06335061525580855,0.11915282569440823,0.11915282569440823,0.06709558309323338,0.5316163922072741,23986,333504,21133,197646571,0.00022784474585592376,0.0018052753428939956,9.203601612907942,71,"(129, 203, 176)"
CO_Alamosa,JTRs_poly,16826,11769,0.013327076192318302,0.02630360227301174,0.026303602273011737,0.01951706524262828,0.04032583040700017,4203,211147,100023,197709821,0.0005263269682745519,0.0010874878880310552,9.492849177188733,71,"(39, 188, 173)"
CO_Alamosa,TRs_poly,16826,11769,0.057562429841188055,0.10885868903234787,0.10885868903234788,0.06964989497591498,0.24907102664826414,18768,250694,56584,197699148,0.0003805172386297473,0.001360746047293356,9.36705328182283,71,"(31, 190, 208)"
CO_Alamosa,PPs_poly,16826,11769,0.022445776607466338,0.04390604787266609,0.043906047872666096,0.07666088028517574,0.030762275332991116,150238,1809536,4733601,191331819,0.0246627153916587,0.009896589218844547,8.622915877445799,71,"(200, 209, 233)"
CO_Alamosa,Pm_poly,16826,11769,0.0904831416690936,0.16595055569699152,0.16595055569699152,0.09248971270493364,0.8066017294370995,604915,5935434,145040,191339805,0.003787169626507221,0.03302786311119584,6.232325285347823,71,"(129, 159, 210)"
CO_Alamosa,PzZg_poly,16826,11769,0.004785656993898422,0.00952572712515836,0.009525727125158362,0.004796416952723084,0.6808456444218034,2673,554618,1253,197466650,1.982576015049883e-05,0.0028142429190095883,9.07107207407085,71,"(202, 41, 122)"
CO_Alamosa,Xp_poly,16826,11769,0.00013090593001268192,0.0002617775917862546,0.0002617775917862546,0.0001310411564037891,0.11257391498382238,2018,15397724,15908,182609544,9.052383506312839e-05,0.07776657953936912,7.2312838301873015,71,"(231, 187, 184)"
CO_Alamosa,Xma_poly,16826,11769,0.0,0.0,0.0,0.0,0.0,0,10000202,46034,187978958,0.00023246537003771347,0.050499645009816276,7.737407987515293,71,"(183, 198, 179)"
CO_Alamosa,Xg_poly,16826,11769,4.634503214359015e-05,9.268576876224776e-05,9.268576876224776e-05,0.00029276147259020715,5.505839139044068e-05,28,95613,508523,197421030,0.002568112621063762,0.0004829738987656288,5.099786015640334,71,"(190, 217, 211)"
CO_Alamosa,Xag_poly,16826,11769,1.850022556400019e-07,3.7000444282834727e-07,3.7000444282834727e-07,1.9056949693178345e-07,6.3326810671834135e-06,2,10494857,315820,187214515,0.001594857672504035,0.05299759484139175,7.726891459618782,71,"(218, 182, 203)"
CO_Alamosa,Xgg_poly,16826,11769,0.0,0.0,0.0,0.0,0.0,0,11713304,2589343,183722547,0.013075826099178067,0.05915057454760024,4.572787711297814,71,"(227, 215, 200)"
CO_Alamosa,Xsv_poly,16826,11769,0.0,0.0,0.0,0.0,0.0,0,133968,8397,197882829,4.2403695360096455e-05,0.0006765199785639397,4.735683357361959,71,"(220, 239, 237)"
CO_Alamosa,Xmv_poly,16826,11769,0.0,0.0,0.0,0.0,0.0,0,4373309,1865560,191786325,0.009420821473857513,0.02208460909271979,4.5673362529520025,71,"(222, 237, 213)"
CO_Alamosa,Xms_poly,16826,11769,0.0,0.0,0.0,0.0,0.0,0,1984084,389029,195652081,0.0019645429560846686,0.010019351376067836,7.564467737749557,71,"(233, 218, 221)"
CO_Alamosa,Xr_poly,16826,11769,0.0,0.0,0.0,0.0,0.0,0,14123105,31059,183871030,0.00015684367919366866,0.07131973823492378,7.225257953679566,71,"(233, 206, 194)"
CO_Alamosa,Breccia_poly,16826,11769,0.0,0.0,0.0,0.0,0.0,0,94753,155971,197774470,0.0007876321030141246,0.0004784896208711706,4.735683357361959,71,"(236, 243, 239)"
CO_Clifton,af_poly,11699,9284,0.0,0.0,0.0,0.0,0.0,0,95,323311,108290110,0.002976710559669204,8.746609399883528e-07,8.460459222235277,19,"(255, 255, 255)"
CO_Clifton,Qalc1_poly,11699,9284,0.0,0.0,0.0,0.0,0.0,0,13263318,1394302,93955896,0.012837278925764636,0.12211480199204673,2.0028763511135415,19,"(254, 251, 227)"
CO_Clifton,Qa_poly,11699,9284,0.005510035486226253,0.01095968273168315,0.01095968273168315,0.00554334422009605,0.47835089176704554,76009,13635750,82889,94818868,0.001462967095181782,0.12624357911403955,4.459856529996044,19,"(253, 248, 153)"
CO_Clifton,Qalc2_poly,11699,9284,0.02627235947726489,0.05119958505098354,0.05119958505098355,0.02647931924989192,0.7707157272291061,436891,16062438,129973,91984214,0.005219092621953239,0.15190861697175884,2.7407988334801607,19,"(254, 250, 193)"
CO_Clifton,Qt1_poly,11699,9284,0.001155353910145387,0.0023080412158472683,0.0023080412158472683,0.001156006805666019,0.671663071692319,18372,15874268,8981,92711895,0.00025183790201580437,0.14632285727680522,2.893266743076437,19,"(254, 239, 174)"
CO_Clifton,Qtsc_poly,11699,9284,0.014508997641428345,0.028602994503073804,0.028602994503073808,0.3248652809853734,0.014960082812211966,2110,4385,138932,108468089,0.0012985676662930238,5.9799187423414226e-05,3.375678538282432,19,"(248, 243, 2)"
CO_Clifton,Qt2_poly,11699,9284,0.08255973856290674,0.1525268964325321,0.1525268964325321,0.08374827808420626,0.8533169867004553,1350276,14772754,232109,92258377,0.014568951068668103,0.14844404816063592,5.351958758472684,19,"(252, 224, 167)"
CO_Clifton,Qtu_poly,11699,9284,0.0,0.0,0.0,0.0,0.0,0,2520573,231329,105861614,0.002129836216700691,0.023206807889360657,2.0028763511135415,19,"(250, 250, 231)"
CO_Clifton,Qls_poly,11699,9284,2.402047697621268e-07,4.804094241276185e-07,4.804094241276185e-07,2.5196035655749925e-07,5.1483408613517484e-06,3,11906632,582709,96124172,0.005365004480657821,0.10962387959156022,2.9417267376526066,19,"(253, 245, 224)"
CO_Clifton,Qpu_poly,11699,9284,9.742890919743121e-05,0.0001948388354596543,0.0001948388354596543,9.744678901391332e-05,0.34683098591549294,1576,16171353,2968,92437619,4.183641380323237e-05,0.1489034661211041,2.3554982497270402,19,"(244, 245, 177)"
CO_Clifton,Qp4_poly,11699,9284,0.00035447264754494203,0.0007086940824221884,0.0007086940824221884,0.0003548099562521697,0.27159596693614313,5980,16848113,16038,91743385,0.00020271878501751107,0.15517491395822228,2.7407988334801607,19,"(244, 237, 180)"
CO_Clifton,Qpmv_poly,11699,9284,0.0006167803442836363,0.0012328003215605074,0.0012328003215605074,0.000617295759994353,0.42485656498947455,10293,16664048,13934,91925241,0.00022305695361155605,0.15351994497627716,2.3554982497270402,19,"(235, 244, 179)"
CO_Clifton,Qac_poly,11699,9284,0.7891858549868205,0.8821731434855702,0.8821731434855701,0.9379580403998969,0.8326513446157995,13504355,893256,2714144,91501761,0.14932302716358065,0.13255818916680684,4.459856529996044,19,"(234, 227, 139)"
CO_Clifton,Qt5_poly,11699,9284,0.017833581167403186,0.03504223381380084,0.03504223381380083,0.645320197044335,0.018010110196916177,3406,1872,185710,108422528,0.0017411829297561824,4.859432043430028e-05,3.375678538282432,19,"(246, 230, 2)"
CO_Clifton,Qt4_poly,11699,9284,0.01438620519128143,0.02836435495210356,0.028364354952103564,0.014452496917084653,0.7582431935602469,156741,10688513,49975,97718287,0.0019032253775856036,0.09985179008476257,9.096697355533818,19,"(235, 197, 104)"
CO_Clifton,Qt3_poly,11699,9284,0.07155118704822934,0.13354693254613306,0.13354693254613306,0.07212782325587679,0.8994963893868314,1132027,14562707,126485,92792297,0.011587066199017072,0.14450074519270695,7.264653228518885,19,"(249, 204, 155)"
CO_Clifton,Kd_poly,11699,9284,0.0003058245902235081,0.000611462180276296,0.0006114621802762961,0.0003060458626265205,0.29725512447691327,4191,13689835,9908,94909582,0.00012980889045153458,0.12608031214089413,5.666976860454374,19,"(220, 233, 120)"
CO_Clifton,Km_poly,11699,9284,0.00026685555917659384,0.0005335687325706984,0.0005335687325706984,0.00044680038971624356,0.0006621597153114209,7431,16624157,11214937,80766991,0.10332386256605486,0.15312631993241063,3.7501957006073012,19,"(235, 235, 200)"
CO_Clifton,Kmg_poly,11699,9284,0.0,0.0,0.0,0.0,0.0,0,14450721,5792,94157003,5.3326696467500416e-05,0.13304717066704663,3.741881205536758,19,"(239, 244, 218)"
DC_Frederick,CZa_poly,10250,14537,2.6999652827472934e-05,5.399784773180368e-05,5.399784773180367e-05,2.751157555628162e-05,0.0014489037056032825,113,4107249,77877,144819011,0.000523407889372283,0.0275654016580064,5.507907621195609,267,"(220, 226, 242)"
DC_Frederick,CZac_poly,10250,14537,7.536179536301727e-05,0.00015071223278158893,0.00015071223278158896,7.572751116390487e-05,0.015365135856546438,449,5928704,28773,143046324,0.0001961152114788672,0.039791838152267466,4.563309294558969,267,"(217, 214, 235)"
DC_Frederick,CZas_poly,10250,14537,3.313494270815811e-05,6.626768964021658e-05,6.626768964021659e-05,3.316749585406302e-05,0.03265773830838645,456,13747944,13507,135242343,9.37087364957711e-05,0.09226850911970631,4.563309294558969,267,"(216, 203, 226)"
DC_Frederick,CZat_poly,10250,14537,9.974008595143327e-05,0.0001994602777176231,0.00019946027771762306,9.976757138949776e-05,0.26580713528788413,1505,15083557,4157,133915031,3.799891613829807e-05,0.10123913915207117,3.457714624092156,267,"(216, 184, 215)"
DC_Frederick,CZbg_poly,10250,14537,0.0003157218516289084,0.0006312444056052487,0.0006312444056052487,0.00031574060759658764,0.8416445208691574,5384,17046588,1013,131951265,4.2931661345230085e-05,0.11443950088671967,3.3961606107277524,267,"(214, 165, 202)"
DC_Frederick,CZg_poly,10250,14537,0.00012247910378157588,0.0002449282089756256,0.0002449282089756256,0.0001224803467638233,0.9234817813765183,2281,18621115,189,130380665,1.6576708382479024e-05,0.12498566987183252,3.2636306789647933,267,"(213, 145, 192)"
DC_Frederick,CZgm_poly,10250,14537,0.01648051532217053,0.032426623184109105,0.032426623184109105,0.016486466806531812,0.9785653328928714,284375,16964621,6229,131749025,0.0019503067865513904,0.11576177189576807,3.007047873503408,267,"(211, 130, 180)"
DC_Frederick,CZgn_poly,10250,14537,0.00023592785203650378,0.00047174440642848864,0.00047174440642848864,0.000235928663240916,0.9856356236533397,4117,17446073,60,131554000,2.803275745490481e-05,0.1171120286837456,2.5221614065096016,267,"(210, 111, 170)"
DC_Frederick,CZh_poly,10250,14537,0.001044416778411722,0.002086654220145181,0.002086654220145181,0.0010444429431267215,0.9765758716807668,79880,76401081,1916,72521373,0.0005489507849608317,0.5132803997201422,1.6155345543219897,267,"(210, 14, 139)"
DC_Frederick,CZi_poly,10250,14537,8.632624285810204e-06,1.726509952850292e-05,1.726509952850292e-05,1.0150700304333033e-05,5.771919398352224e-05,27,2659888,467755,145876580,0.003139386963794657,0.01785126934298854,4.7870497272363375,267,"(220, 239, 237)"
DC_Frederick,CZic_poly,10250,14537,0.0,0.0,0.0,0.0,0.0,0,1206876,15917,147781457,0.00010682245640644478,0.008099607897090183,4.609114074596297,267,"(219, 224, 227)"
DC_Frederick,CZid_poly,10250,14537,0.0,0.0,0.0,0.0,0.0,0,2572428,172,146431650,1.154329490601778e-06,0.017264125016568318,5.228591942400784,267,"(219, 214, 220)"
DC_Frederick,CZig_poly,10250,14537,3.078640843595062e-05,6.157092132436957e-05,6.157092132436957e-05,3.081765098080843e-05,0.02947269932500167,441,14309540,14522,134679747,0.00010041995446438608,0.09603740161773909,3.0183195612553635,267,"(217, 200, 211)"
DC_Frederick,CZil_poly,10250,14537,0.00010148614031163075,0.0002029516838401988,0.00020295168384019884,0.00010152274442039099,0.2196493982208268,1679,16536487,5965,132460119,5.1300550152092976e-05,0.11099123682713748,2.9367344058252716,267,"(217, 182, 203)"
DC_Frederick,CZim_poly,10250,14537,9.518532582938982e-07,1.9037047045402706e-06,1.9037047045402706e-06,9.518651321331583e-07,0.0708955223880597,19,19960792,249,129043190,1.7986064155888172e-06,0.13396135345132773,1.7972314343049085,267,"(215, 165, 191)"
DC_Frederick,CZip_poly,10250,14537,0.0033825106208025843,0.006742215625643687,0.006742215625643687,0.003383237575114155,0.9402705796905199,76381,22499923,4852,126423094,0.0005451723692445014,0.15151449706971445,2.458062640879351,267,"(214, 147, 182)"
DC_Frederick,CZiq_poly,10250,14537,0.0003420073106918705,0.0006837807633637602,0.0006837807633637603,0.0003420666873991682,0.6633324892377818,5239,15310488,2659,133685864,5.3005199516121186e-05,0.10278718224480174,1.720363098654445,267,"(214, 130, 170)"
DC_Frederick,CZl_poly,10250,14537,0.012440386963655277,0.024575050785882693,0.024575050785882693,0.012452530230390462,0.9273108823823324,185592,14718367,14548,134085743,0.001343183164238604,0.10002371744430108,1.820613638927451,267,"(210, 111, 160)"
DC_Frederick,CZlb_poly,10250,14537,0.004481140979202721,0.008922299874807707,0.008922299874807707,0.004481408701241274,0.986843832499526,67659,15030049,902,133905640,0.00046012781514621226,0.10132400921450227,1.6155345543219897,267,"(211, 17, 132)"
DC_Frederick,CZlm_poly,10250,14537,0.0,0.0,0.0,0.0,0.0,0,2649370,6093,146348787,4.089145108277113e-05,0.017780499549509495,3.8857789722178837,267,"(222, 239, 226)"
DC_Frederick,CZm_poly,10250,14537,0.0,0.0,0.0,0.0,0.0,0,559749,8092,148436409,5.430717580203249e-05,0.0037565975467142715,3.9899365106098057,267,"(221, 223, 217)"
DC_Frederick,CZmb_poly,10250,14537,0.00044441708728302354,0.0008884393369436948,0.0008884393369436948,0.0011438300245347843,0.0007262782631554946,2166,1891472,2980162,144130450,0.020015053261903604,0.01270861737165215,3.272047702677352,267,"(219, 214, 210)"
DC_Frederick,CZmbg_poly,10250,14537,2.628530761131718e-05,5.256923342416291e-05,5.256923342416292e-05,2.6298821124209407e-05,0.048664768876236955,359,13650443,7018,135346430,4.950865495447278e-05,0.09161350766840543,3.0183195612553635,267,"(219, 200, 204)"
DC_Frederick,CZmbgs_poly,10250,14537,2.7943865955612136e-06,5.588757573973176e-06,5.588757573973176e-06,2.794409311662808e-06,0.2558139534883721,55,19682101,160,129321934,1.4429118632522226e-06,0.13209123900828332,2.9367344058252716,267,"(217, 180, 193)"
DC_Frederick,CZmbq_poly,10250,14537,0.001109435875055413,0.0022164127822562594,0.0022164127822562594,0.0011107594336526843,0.4821504896768319,25945,23331948,27866,125618491,0.0003611373501091412,0.15675991121058627,1.7972314343049085,267,"(216, 164, 185)"
DC_Frederick,CZmg_poly,10250,14537,0.02656686008117431,0.05175865521135871,0.05175865521135871,0.026654250872008466,0.8901450251562245,605255,22102380,74696,126221919,0.00456329936897773,0.15239588803675064,2.458062640879351,267,"(213, 146, 173)"
DC_Frederick,CZmm_poly,10250,14537,0.01771723519005515,0.03481759879353231,0.0348175987935323,0.01772591643212568,0.9731010601207852,247011,13688009,6828,135062402,0.0017035688579352603,0.09352095661700925,1.720363098654445,267,"(212, 129, 163)"
DC_Frederick,CZmp_poly,10250,14537,0.026171050813794703,0.05100718986964213,0.05100718986964213,0.02619468337841791,0.9666759739926719,339282,12613041,11696,136040231,0.0023554898601885516,0.0869258628529052,1.7463064297247362,267,"(213, 110, 154)"
DC_Frederick,CZms_poly,10250,14537,0.10356080509780444,0.18768481921324892,0.18768481921324895,0.1120054768984166,0.5786943181142301,1488635,11802099,1083768,134629748,0.017263957236119103,0.08919701283688217,5.918489282341183,267,"(159, 149, 179)"
DC_Frederick,CZmt_poly,10250,14537,0.0,0.0,0.0,0.0,0.0,0,5194077,335,143809838,2.2482580194860216e-06,0.034858582892769836,4.026173124375737,267,"(223, 238, 214)"
DC_Frederick,CZo_poly,10250,14537,2.464379246279465e-07,4.928757277926216e-07,4.928757277926216e-07,2.468689000237735e-07,0.00014114326040931546,1,4050732,7084,144946433,4.75489793076372e-05,0.0271853520956617,4.237242184326055,267,"(222, 222, 205)"
DC_Frederick,CZp_poly,10250,14537,4.1305438509077606e-05,8.260746488059419e-05,8.26074648805942e-05,4.3092218248562763e-05,0.0009951823182334889,239,5546006,239918,143218087,0.00161174597368867,0.03722205910234104,3.272047702677352,267,"(220, 212, 201)"
DC_Frederick,CZpb_poly,10250,14537,0.0006047527262807372,0.0012087744429216591,0.001208774442921659,0.0006101826869784841,0.06363364903871921,8311,13612200,122296,135261443,0.0008765320452268979,0.09141021816491811,5.087300947169895,267,"(219, 199, 192)"
DC_Frederick,CZpg_poly,10250,14537,0.0002568093417756508,0.0005134868153402435,0.0005134868153402434,0.0002568823341919432,0.47473185815054597,4913,19120575,5436,129873326,6.945439475719653e-05,0.12835531872413036,4.134150926078603,267,"(217, 182, 182)"
DC_Frederick,CZpq_poly,10250,14537,7.721140453346136e-06,1.544216167559307e-05,1.544216167559307e-05,7.721201358831272e-06,0.4946524064171123,185,23959817,189,125044059,2.509995520262006e-06,0.16080079595045108,3.467445859681949,267,"(215, 163, 173)"
DC_Frederick,CZs_poly,10250,14537,0.00025772156480012505,0.0005153103230174444,0.0005153103230174443,0.0002577439347583696,0.7480750721847931,6218,24118501,2094,124877437,5.578364375512779e-05,0.16190624764058742,3.2023794057252997,267,"(215, 145, 163)"
DC_Frederick,CZscc_poly,10250,14537,0.00037121183953063,0.0007421481848683508,0.0007421481848683506,0.0003712312623244193,0.8764675189146882,6719,18092511,947,130904073,5.1448196947402505e-05,0.12146787759409547,2.4265381513892033,267,"(212, 129, 155)"
DC_Frederick,CZscf_poly,10250,14537,1.683439722872813e-05,3.366822767313762e-05,3.366822767313763e-05,1.6834565323683718e-05,0.6276923076923077,204,12117721,121,136886204,2.1811458397998715e-06,0.0813260360023288,1.7463064297247362,267,"(212, 111, 148)"
DC_Frederick,CZscg_poly,10250,14537,0.0020503220089103757,0.004092253580239145,0.004092253580239145,0.002050444298976041,0.9717337361096127,18014,8767399,524,140218313,0.00012441255870218468,0.058960821587303716,2.290338951310112,267,"(210, 23, 119)"
DC_Frederick,CZscgs_poly,10250,14537,0.00048239026228835815,0.0009643153482429487,0.0009643153482429487,0.0004962313119195866,0.017000702918010924,3773,7599536,218159,141182782,0.0014894340262106619,0.051027463981732066,3.813289636563875,267,"(224, 237, 194)"
DC_Frederick,CZschp_poly,10250,14537,7.269746921262179e-06,1.4539388144852155e-05,1.4539388144852155e-05,7.287098313886902e-06,0.0030437968547432502,54,7410303,17687,141576206,0.00011906371798119852,0.049732521052251864,4.31390289615401,267,"(221, 221, 186)"
DC_Frederick,CZscl_poly,10250,14537,1.047266433762263e-05,2.0945109324145795e-05,2.0945109324145795e-05,1.0483331861358654e-05,0.010186994138989674,73,6963362,7093,142033722,4.809258796309501e-05,0.046733130095282516,4.738907519355142,267,"(222, 211, 183)"
DC_Frederick,CZscm_poly,10250,14537,0.000495450302393588,0.0009904099058998042,0.0009904099058998042,0.0004970727023574715,0.13179116169761762,5720,11501651,37682,137459197,0.0002912802822738278,0.07722847502671903,4.444090099804126,267,"(220, 198, 176)"
DC_Frederick,CZscmp_poly,10250,14537,0.017740045841167635,0.034861644510618406,0.034861644510618406,0.017795914618223142,0.8496409568940433,327037,18050046,57875,130569292,0.0025832283307355326,0.12333260964032905,3.8087329798596614,267,"(218, 180, 169)"
DC_Frederick,CZscq_poly,10250,14537,0.0015518439142254913,0.003098878852163331,0.0030988788521633314,0.001553380750343095,0.6106753006475486,33007,21215486,21043,127734714,0.00036274133120364017,0.14260326802758982,3.457324640296212,267,"(217, 162, 160)"
DC_Frederick,CZscqs_poly,10250,14537,0.0027660927857262475,0.005516925244334749,0.005516925244334749,0.002767023441511347,0.8915888107654416,64798,23353146,7879,125578427,0.0004877511883050316,0.15716292656081957,3.188147109493297,267,"(215, 145, 150)"
DC_Frederick,CZscs_poly,10250,14537,0.0021679012066508413,0.004326423155322776,0.004326423155322776,0.0021684812740180907,0.8901620663459103,42183,19410602,5205,129546260,0.0003180311970967271,0.13055188023160413,3.6199415792055545,267,"(216, 128, 143)"
DC_Frederick,CZsctp_poly,10250,14537,0.019638943782576745,0.03852136857331425,0.03852136857331425,0.019656395155811895,0.9567480977172607,224566,11200011,10152,137569521,0.001575243659157373,0.07667282644622553,2.9305406408933643,267,"(215, 111, 137)"
DC_Frederick,CZsm_poly,10250,14537,0.0012804738292282593,0.0025576726255957098,0.0025576726255957098,0.0012805957319637496,0.9308028216325159,8313,6483197,618,142512122,5.993788767770047e-05,0.04356593855544389,1.6949465678159745,267,"(210, 25, 108)"
DC_Frederick,CZst_poly,10250,14537,5.264922554470404e-05,0.00010529290749937288,0.00010529290749937288,5.2651912550424977e-05,0.5077922077922078,391,7425740,379,141577740,5.167637835833542e-06,0.049838383804488795,3.8532372406596362,267,"(226, 236, 176)"
DC_Frederick,CZt_poly,10250,14537,7.31693797232128e-05,0.00014632805271357245,0.00014632805271357245,7.317998061839302e-05,0.33559322033898303,495,6763650,980,142239125,9.89904650370711e-06,0.04539565146631724,3.537044712218353,267,"(223, 220, 168)"
DC_Frederick,CZu_poly,10250,14537,0.010471370767580297,0.020725714890122957,0.020725714890122957,0.010581688518966285,0.5011012727460864,67798,6339308,67500,142529644,0.0009080143687176708,0.04299948491402091,3.7138231828638633,267,"(223, 210, 165)"
DC_Frederick,CZum_poly,10250,14537,0.0022682295269909666,0.004526192610258497,0.0045261926102584974,0.002271023113011582,0.6483749943497717,14344,6301752,7779,142680375,0.0001484722751196694,0.04238869696669726,3.651106428196324,267,"(222, 197, 159)"
DC_Frederick,CZwm_poly,10250,14537,0.00022547699977308684,0.00045085234271259817,0.00045085234271259817,0.00022549664661796067,0.7212863705972435,3297,14617763,1274,134381916,3.067697733453911e-05,0.09812512059219787,3.62441416312543,267,"(220, 180, 153)"
DC_Frederick,Ca_poly,10250,14537,0.008583833696918841,0.017021557177761184,0.017021557177761184,0.008601411398029387,0.8077064878384168,162118,18685719,38596,130117817,0.0013470354033525889,0.12649194234392644,3.645652335188629,267,"(219, 163, 144)"
DC_Frederick,Cam_poly,10250,14537,8.064794033956013e-05,0.0001612828735475566,0.00016128287354755656,8.065009586228464e-05,0.7510882469331223,1898,23531862,629,125469861,1.6959247806690076e-05,0.15794019298107267,2.973641815822053,267,"(216, 144, 138)"
DC_Frederick,Car_poly,10250,14537,0.008307611524277352,0.016478327505072745,0.016478327505072745,0.008310509988188108,0.9597093950969489,158782,18947386,6666,129891416,0.0011103575904714128,0.12822565799297672,2.95910890302426,267,"(215, 128, 131)"
DC_Frederick,Ccbs_poly,10250,14537,0.008609623790653486,0.01707226182969774,0.017072261829697743,0.008617177340728659,0.9075952837949,92680,10662582,9436,138239552,0.0006853227340830882,0.07218090759156198,2.714384865593085,267,"(214, 109, 125)"
DC_Frederick,Ccf_poly,10250,14537,0.005121237791768358,0.010190288691978328,0.010190288691978326,0.005123701932207207,0.9141529235382309,30487,5919703,2863,143051197,0.00022381911925330988,0.03993302204467322,1.6949465678159745,267,"(210, 29, 102)"
DC_Frederick,Ccg_poly,10250,14537,0.000860754251032518,0.0017200279806687806,0.0017200279806687804,0.0008615532237135865,0.48137458284477314,5337,6189289,5750,142803874,7.440727361803438e-05,0.0415734853200496,2.902658005702127,267,"(226, 233, 155)"
DC_Frederick,Cch_poly,10250,14537,0.14196612373396508,0.24863456241550963,0.24863456241550963,0.15408357241297593,0.6435215818153216,814040,4469067,450937,143270206,0.008489536372284683,0.03545608262851563,3.396932450087391,267,"(225, 219, 151)"
DC_Frederick,Ccp_poly,10250,14537,0.0005303600736596734,0.0010601578819070079,0.0010601578819070079,0.000530744840179949,0.42249134948096884,2442,4598639,3338,144399831,3.879083985859464e-05,0.03087885748225302,3.2812816692982207,267,"(225, 208, 147)"
DC_Frederick,Ccs_poly,10250,14537,1.3719306196393241e-06,2.743857474896562e-06,2.743857474896562e-06,1.3721201199690358e-06,0.009836065573770493,6,4372789,604,144630851,4.093842960855144e-06,0.02934678037706978,3.280091474030282,267,"(223, 196, 144)"
DC_Frederick,Cd_poly,10250,14537,3.086662395362571e-05,6.173134246911727e-05,6.173134246911728e-05,3.0868566419433895e-05,0.3290909090909091,181,5863389,369,143140311,3.691169882738244e-06,0.039351696344231794,3.1225046560431764,267,"(221, 178, 134)"
DC_Frederick,Ce_poly,10250,14537,0.06272151170324886,0.11803941298360209,0.11803941298360209,0.06294402671526633,0.9466449653965041,1038195,15455745,58515,132451795,0.0073602598583597445,0.11069442650125752,2.9413328145419158,267,"(218, 161, 132)"
DC_Frederick,Cfa_poly,10250,14537,0.009737689679337979,0.019287563054975938,0.019287563054975938,0.009741090682710278,0.9653865576049078,193086,19628719,6923,129175522,0.0013423039946847154,0.13302845388638243,2.920371053467107,267,"(215, 143, 124)"
DC_Frederick,Cfi_poly,10250,14537,0.016288125171615455,0.03205414836243405,0.03205414836243405,0.016309544515623903,0.9253866617980752,283842,17119587,22886,131577935,0.0020585184650773383,0.11679820542031519,3.2400583168606296,267,"(216, 126, 114)"
DC_Frederick,Cfl_poly,10250,14537,0.010017687043718514,0.019836656668933958,0.019836656668933958,0.010019484097996838,0.9824109824109825,100760,9955646,1804,138946040,0.0006883293597330278,0.06749073264688758,2.301589795821115,267,"(214, 108, 112)"
DC_Frederick,Cfr_poly,10250,14537,0.10008635206785989,0.1819609013051113,0.18196090130511128,0.10048668433375588,0.9617188186049235,492828,4411583,19617,144080222,0.0034391300919269082,0.03291457122867301,2.039877070506905,267,"(210, 30, 94)"
DC_Frederick,Cfrs_poly,10250,14537,0.0019325017541457737,0.0038575487884910855,0.003857548788491086,0.0019424865924882455,0.2732325141776938,7227,3713262,19223,145264538,0.00017751171526986646,0.024969012628834414,2.902658005702127,267,"(227, 233, 138)"
DC_Frederick,Cg_poly,10250,14537,0.0013150291782809964,0.0026266042952739093,0.0026266042952739093,0.0013168244052981874,0.4909885891009918,4604,3491686,4773,145503187,6.293109089170276e-05,0.0234643642714889,2.5679889721193887,267,"(226, 219, 132)"
DC_Frederick,Ch_poly,10250,14537,0.07579845846467587,0.14091572239813677,0.14091572239813677,0.09521800923773575,0.27095384357342783,258471,2456047,695459,145594273,0.006402032156800896,0.018217721977728824,3.1183779949704085,267,"(225, 208, 130)"
DC_Frederick,Chs_poly,10250,14537,0.0005038143318984586,0.0010071212616713273,0.0010071212616713275,0.0005116306982487583,0.03192502168531957,1509,2947884,45758,146009099,0.0003172191397225247,0.019794019298107268,3.280091474030282,267,"(223, 194, 127)"
DC_Frederick,Ci_poly,10250,14537,0.021111674324330743,0.04135037303985449,0.041350373039854484,0.02131809437669481,0.685565704086467,62224,2856611,28539,146056876,0.0006091302764854022,0.019588937899422332,3.1225046560431764,267,"(221, 177, 121)"
DC_Frederick,Cl_poly,10250,14537,0.008547568091526243,0.016950252743558342,0.016950252743558342,0.008560856938463215,0.8463065999737724,90350,10463500,16408,138433992,0.000716476207893399,0.0708291877580673,2.856733051213472,267,"(218, 161, 114)"
DC_Frederick,Clc_poly,10250,14537,0.00021085987936889788,0.00042163085370684495,0.0004216308537068449,0.00021088232200870195,0.6645809632157755,3505,16617139,1769,132381837,3.539496356647545e-05,0.11154476466275291,2.9053419009711834,267,"(216, 143, 109)"
DC_Frederick,Clo_poly,10250,14537,0.004537764277644633,0.009034531978810581,0.009034531978810581,0.004538825302393992,0.9510080947895764,69668,15279678,3589,133651315,0.0004916436947268283,0.1030128066816886,3.0906749040180976,267,"(216, 127, 104)"
DC_Frederick,Clp_poly,10250,14537,0.0063171443827996455,0.01255497716214328,0.01255497716214328,0.006321237955632372,0.9070186598812553,59885,9413734,6139,139524492,0.00044310145515983604,0.06357952206061236,2.638164547465648,267,"(215, 108, 100)"
DC_Frederick,Cm_poly,10250,14537,0.0036333600506048475,0.007240413073598206,0.007240413073598206,0.0036336885454710775,0.9757227832341956,14107,3868174,351,145121618,9.703078939023551e-05,0.026054834006412567,2.0054765043098017,267,"(210, 32, 84)"
DC_Frederick,Cp_poly,10250,14537,0.06123243468304362,0.11539872450530933,0.11539872450530933,0.06937903721342198,0.3427429457039147,58826,789067,112807,148043550,0.0011518664736072965,0.005690394737062869,2.9951385866005036,267,"(228, 231, 117)"
DC_Frederick,Cpo_poly,10250,14537,0.11671639229466903,0.20903497629301562,0.20903497629301557,0.1334779534714255,0.48171810305017887,246183,1598189,264869,146895009,0.0034297813652966274,0.012377982507210365,2.5679889721193887,267,"(226, 217, 114)"
DC_Frederick,Cps_poly,10250,14537,0.02406480921170384,0.04699860593828676,0.04699860593828676,0.024954058246126593,0.40309389786262034,39529,1544542,58535,147361644,0.0006581288788742603,0.010631045758761915,3.1183779949704085,267,"(225, 206, 109)"
DC_Frederick,Cs_poly,10250,14537,0.39464388828446717,0.5659421614357961,0.5659421614357961,0.6680956201728292,0.49088468870554386,1144075,568367,1186564,146105244,0.01564142633515487,0.01149257152061099,3.5759137479361063,267,"(224, 194, 107)"
DC_Frederick,Csql_poly,10250,14537,0.004036598493003229,0.008040739748056821,0.008040739748056823,0.0040853381752156154,0.25280898876404495,4365,1064090,12901,147922894,0.0001158758894461064,0.007170634394656528,3.59903818895258,267,"(222, 177, 104)"
DC_Frederick,Csqm_poly,10250,14537,0.005254338309004327,0.010453749083725318,0.010453749083725318,0.005282440960282239,0.49689465255263465,12721,2395446,12880,146583203,0.00017181389121451233,0.016161733641825653,3.2093585305999826,267,"(219, 160, 98)"
DC_Frederick,Csqu_poly,10250,14537,0.002246336692980656,0.004482603948232298,0.004482603948232299,0.0022469568891708923,0.890571982549685,29396,13053187,3612,135918055,0.00022152388270804357,0.087800066105497,2.6591666682506823,267,"(219, 142, 95)"
DC_Frederick,Ct_poly,10250,14537,0.013918068237912886,0.02745402942093947,0.02745402942093947,0.013943415365787113,0.8844773023428981,166295,11760123,21720,137056112,0.0012618096463691472,0.08004079078281325,2.714697649280725,267,"(217, 126, 90)"
DC_Frederick,Cta_poly,10250,14537,0.11139865795813712,0.2004657053712821,0.20046570537128208,0.11350844606362197,0.8570069170498665,1101451,8602241,183779,139116779,0.008625458669803042,0.06512359211230552,2.554198904432151,267,"(215, 109, 87)"
DC_Frederick,Ctb_poly,10250,14537,0.015047951878751088,0.029649735957594615,0.029649735957594615,0.015116299147239255,0.7689539193213222,35894,2338629,10785,146618942,0.0003132729435569791,0.01593594142448957,2.6189734364171136,267,"(210, 32, 73)"
DC_Frederick,Ctbh_poly,10250,14537,0.0022944726154693344,0.004578440125449259,0.004578440125449258,0.03174099349309634,0.0024671559859372107,200,6101,80865,148917084,0.0005440448846257741,4.2287384420243044e-05,3.099875243625048,267,"(231, 229, 20)"
DC_Frederick,Ctd_poly,10250,14537,0.010489923968919774,0.02076205555364334,0.020762055553643344,0.12559340384775547,0.011316393762475799,1508,10499,131750,148860493,0.0008943234840616963,8.058159414916018e-05,2.9235395484863207,267,"(229, 216, 27)"
DC_Frederick,Ctf_poly,10250,14537,0.007991681521093285,0.015856641810840285,0.01585664181084028,0.027969846633740577,0.01106472245645065,538,18697,48085,148936930,0.0003263195512879666,0.0001290902776263093,3.1892796621152164,267,"(229, 206, 33)"
DC_Frederick,Ctg_poly,10250,14537,0.1018741311089723,0.18491065037790097,0.184910650377901,0.21620471502737668,0.1615303094531581,15242,55256,79118,148854634,0.0006332705275185103,0.0004731274443514195,3.0507236973468044,267,"(226, 193, 35)"
DC_Frederick,Cu_poly,10250,14537,0.20317401437015653,0.3377300572378386,0.3377300572378386,0.8578189370467468,0.21025444167202142,75585,12528,283908,148632229,0.0024126358811913085,0.0005913455488685725,2.7872855247029245,267,"(223, 177, 39)"
DC_Frederick,Cum_poly,10250,14537,0.0030867516366741518,0.006154505842366458,0.006154505842366457,0.0032050650536257297,0.07716635041113219,488,151771,5836,148846155,4.244174243352119e-05,0.0010218433366833495,2.751607037561518,267,"(220, 159, 42)"
DC_Frederick,Cuq_poly,10250,14537,0.0998389547250076,0.1815519523037267,0.1815519523037267,0.11797083132867535,0.39378468102446096,32857,245661,50582,148675150,0.000559977316083266,0.0018691950061827097,2.8088981186156765,267,"(220, 142, 43)"
DC_Frederick,Cvf_poly,10250,14537,0.0031708423949879474,0.006321639866282041,0.006321639866282042,0.0031835826548002274,0.44207066557107644,2152,673816,2716,148325566,3.267020907121777e-05,0.004536568587808737,2.883443590509229,267,"(218, 125, 41)"
DC_Frederick,Cvm_poly,10250,14537,0.06844056990436537,0.1281130122389332,0.1281130122389332,0.06883529631706861,0.9226913920561333,58912,796928,4936,148143474,0.00042849784486012984,0.0057437287862594525,2.6190827416464733,267,"(215, 107, 41)"
DC_Frederick,Cw_poly,10250,14537,0.09386729997943233,0.17162465681385172,0.17162465681385172,0.09491491826531723,0.8947860184419324,116834,1114100,13738,147759578,0.0008762971525979964,0.008261066378979123,1.9271709413628704,267,"(212, 34, 41)"
DC_Frederick,Cwac_poly,10250,14537,5.343934115230064e-05,0.00010687297108343959,0.00010687297108343959,5.4565362635337256e-05,0.002582904045114724,180,3298616,69509,145635945,0.00046769806901481,0.022138938989995253,3.8857789722178837,267,"(206, 232, 215)"
DC_Frederick,Cwak_poly,10250,14537,1.2773742052527452e-05,2.5547157772251347e-05,2.5547157772251347e-05,1.3476466239526861e-05,0.00024490795542675214,42,3116502,171451,145716255,0.0011509269030916904,0.020915806092779234,3.702163877152392,267,"(206, 216, 206)"
DC_Frederick,Cwar_poly,10250,14537,5.445319598059179e-06,1.089057989343023e-05,1.089057989343023e-05,5.549147831240426e-06,0.0002909429460882721,20,3604137,68722,145331371,0.0004613425455985316,0.024188283220109495,3.702163877152392,267,"(204, 207, 199)"
DC_Frederick,Cwb_poly,10250,14537,0.00018334492064309903,0.00036662262289049823,0.00036662262289049823,0.00018762671283966377,0.007970081030542281,1918,10220507,238732,138543093,0.0016150546041471972,0.06860492234281908,4.684218071085367,267,"(203, 195, 191)"
DC_Frederick,Cwm_poly,10250,14537,0.007094364723789868,0.014088778514286693,0.014088778514286693,0.007122846108320457,0.639537527353334,135023,18821304,76103,129971820,0.0014169126048418081,0.12722004238134146,3.99390229377018,267,"(203, 175, 182)"
DC_Frederick,Cwmq_poly,10250,14537,0.0004050212757651863,0.0008097145998901195,0.0008097145998901194,0.000405046616807839,0.8661990127305794,10002,24683452,1545,124309251,7.749443388359728e-05,0.16572315219196768,3.467445859681949,267,"(200, 159, 171)"
DC_Frederick,Cwo_poly,10250,14537,0.004897120859147256,0.009746511871703665,0.009746511871703663,0.0049028158343264495,0.8082800550731355,118586,24068739,28128,124788797,0.0009846296330473796,0.16232641015273055,2.4727186981647713,267,"(201, 142, 166)"
DC_Frederick,Cy_poly,10250,14537,0.0008085211377921443,0.001615735918940735,0.001615735918940735,0.0008085673988932725,0.9339131785353731,12026,14861193,851,134130180,8.642035378185521e-05,0.09981741460394586,2.5343408779484697,267,"(200, 126, 155)"
DC_Frederick,Dg_poly,10250,14537,0.0,0.0,0.0,0.0,0.0,0,10824160,100,138179990,6.711217968614989e-07,0.07264329708716362,2.6324923184988744,267,"(199, 109, 145)"
DC_Frederick,Dl_poly,10250,14537,3.197911222786544e-05,6.395617919389878e-05,6.395617919389877e-05,3.1979269561503944e-05,0.8666666666666667,260,8130007,40,140873943,2.013365390584497e-06,0.05456399398003748,2.7349539342845905,267,"(197, 26, 119)"
DC_Frederick,Dp_poly,10250,14537,0.0,0.0,0.0,0.0,0.0,0,7165052,210,141838988,1.4093557734091478e-06,0.04808622572846077,4.076243832187604,267,"(205, 229, 192)"
DC_Frederick,Jd_poly,10250,14537,0.0034398006700847653,0.006856018004842361,0.006856018004842361,0.00345616587377147,0.42077713755039153,59808,17244917,82329,131617196,0.0009539123884050287,0.11613578136194101,3.8087329798596614,267,"(203, 176, 168)"
DC_Frederick,Jdc_poly,10250,14537,0.0014060377609070847,0.0028081271889490774,0.0028081271889490774,0.0014060874241637043,0.9754952076677317,30533,21684333,767,127288617,0.00021006112241764917,0.1457331988852667,3.457324640296212,267,"(202, 159, 159)"
DC_Frederick,Jdg_poly,10250,14537,0.006755634787152336,0.013420604869185776,0.013420604869185776,0.0067561761676465685,0.9882776562623757,162207,23846492,1924,124993627,0.0011015189164067468,0.1611276121318687,3.188147109493297,267,"(201, 141, 149)"
DC_Frederick,Jdh_poly,10250,14537,0.07321864107147238,0.13644683062599972,0.13644683062599974,0.07333119077538952,0.9794683263789417,1509823,19079274,31649,128383504,0.010345154584516885,0.13817791774395696,2.9562414017972305,267,"(201, 125, 144)"
DC_Frederick,JTrc_poly,10250,14537,1.8266931445638986e-05,3.653319554189952e-05,3.653319554189952e-05,1.953081368816439e-05,0.0002821998306801016,153,7833622,542016,140628459,0.00363861433482602,0.052574171542086885,4.69067508607782,267,"(205, 216, 187)"
DC_Frederick,JTrcg_poly,10250,14537,2.790498474021976e-06,5.580981374323943e-06,5.5809813743239435e-06,2.8604232829500865e-06,0.0001141382561659471,23,8040745,201487,140761995,0.0013523775328556065,0.053963346683064406,4.237242184326055,267,"(207, 206, 184)"
DC_Frederick,JTrtm_poly,10250,14537,0.00047896119496955555,0.0009574638019323974,0.0009574638019323975,0.0005469307371766245,0.003839261870943522,5952,10876596,1544346,136577356,0.010404387794307881,0.07303515168191511,4.444090099804126,267,"(205, 193, 178)"
DC_Frederick,Jdl_poly,10250,14537,0.02504705513021609,0.04887005919359332,0.04887005919359333,0.025078679042372633,0.9520683484790008,271349,10548559,13661,138170681,0.001912764233234958,0.07261476098836107,2.6818713801029643,267,"(201, 108, 134)"
DC_Frederick,Jdo_poly,10250,14537,0.0038622541611783604,0.00769478909116996,0.007694789091169961,0.0038637514247491485,0.9088149400553336,23651,6097602,2373,142880624,0.00017465273641523648,0.041081063124038406,1.8670822017882518,267,"(200, 30, 110)"
DC_Frederick,Jhg_poly,10250,14537,0.0019956565195394923,0.003983363613513979,0.003983363613513979,0.0020113537705514577,0.20363888189372953,16173,8024680,63247,140900150,0.0005330049310674024,0.05396391713659174,3.813289636563875,267,"(208, 228, 175)"
DC_Frederick,Jhgs_poly,10250,14537,4.5899137096222594e-05,9.17940609242582e-05,9.17940609242582e-05,4.5945190540786153e-05,0.0437862202189311,408,8879738,8910,140115194,6.253512903155447e-05,0.05959659539912452,3.830581055802714,267,"(206, 214, 168)"
DC_Frederick,Jm_poly,10250,14537,0.006254126289799243,0.012430510596481405,0.012430510596481405,0.006395964537520777,0.21998074164638945,55057,8553027,195224,140200942,0.001679690344402928,0.05777072801614719,4.266686793805077,267,"(206, 203, 167)"
DC_Frederick,Jmc_poly,10250,14537,7.132925811043929e-05,0.00014264834122052863,0.00014264834122052863,7.13696876192711e-05,0.11183475995534053,601,8420341,4773,140578535,3.6066085363336954e-05,0.05651477726306464,4.0511832767260465,267,"(205, 193, 160)"
DC_Frederick,Jmz_poly,10250,14537,0.0021462213946981073,0.004283249986636056,0.004283249986636056,0.0021506575063009762,0.5099247436739229,30288,14052847,29109,134892006,0.00039862621368182453,0.09451498866643065,3.62441416312543,267,"(205, 175, 154)"
DC_Frederick,Js_poly,10250,14537,0.02653017640491756,0.05168903362944619,0.05168903362944619,0.026552659745918885,0.9690708344997786,488089,17893836,15578,130606747,0.0033802190205984056,0.12336510535773308,3.645652335188629,267,"(203, 159, 145)"
DC_Frederick,Jss_poly,10250,14537,0.0026556760232939844,0.005297284176013156,0.005297284176013156,0.0026559731776536043,0.9595739080619939,61976,23272597,2611,125667066,0.0004334574349389363,0.15660340560755817,2.973641815822053,267,"(202, 142, 138)"
DC_Frederick,Jtr_poly,10250,14537,0.016447587069923737,0.032362882807044864,0.03236288280704487,0.01645234380539706,0.9827252744730061,342466,20473170,6020,128182594,0.0023387655050107633,0.13969827035134905,2.95910890302426,267,"(202, 125, 131)"
DC_Frederick,Jw_poly,10250,14537,0.014602355437730563,0.02878439096749516,0.02878439096749516,0.014609075866310611,0.9694591701660048,153065,10324326,4822,138522037,0.0010596140714107148,0.07031605474340497,2.6818713801029643,267,"(202, 108, 126)"
DC_Frederick,Jwm_poly,10250,14537,0.011887962483343888,0.02349659828775672,0.02349659828775672,0.011889649146123681,0.9882076594664085,62264,5174560,743,143766683,0.00042285371054852464,0.03514546732727422,1.8670822017882518,267,"(200, 32, 103)"
DC_Frederick,Kp_poly,10250,14537,0.13458695411344554,0.23724396552507585,0.23724396552507585,0.1461178693110495,0.6303776146345916,1070315,6254696,627580,141051659,0.011394943432821547,0.04915974544350245,3.4825996493058127,267,"(207, 227, 156)"
DC_Frederick,Kpc_poly,10250,14537,0.0065167259302672965,0.012949066344117133,0.012949066344117134,0.006584536039639337,0.38755168795901995,50236,7579155,79388,141295471,0.0008699349179637493,0.05120250596878948,3.535926463256897,267,"(208, 212, 151)"
DC_Frederick,Kps_poly,10250,14537,0.009404120227306622,0.018633013356808805,0.018633013356808805,0.00953542116375284,0.4058060151300818,72578,7538832,106271,141286569,0.0012002946224688221,0.05108183155849581,3.6682662663959302,267,"(209, 202, 150)"
DC_Frederick,Ks_poly,10250,14537,0.00015579585940490783,0.0003115431816720853,0.0003115431816720853,0.00015593251112754693,0.1509433962264151,1168,7489252,6570,141507260,5.1931404641142785e-05,0.050269841296473085,3.6682662663959302,267,"(207, 192, 144)"
DC_Frederick,OCc_poly,10250,14537,0.13498921617166879,0.23786872024562297,0.23786872024562297,0.14195580715483128,0.7333780133887533,1057061,6389348,384298,141173543,0.009673274420024932,0.04997447388245637,3.5930253365957165,267,"(206, 174, 137)"
DC_Frederick,OCgs_poly,10250,14537,0.00364056124332057,0.0072547112659747505,0.0072547112659747505,0.003642353334288171,0.8809423937360179,50404,13787902,6812,135159132,0.00038398904729227524,0.09287188788239262,2.9413328145419158,267,"(205, 158, 130)"
DC_Frederick,OCgu_poly,10250,14537,0.004611623836285189,0.009180908774825634,0.009180908774825632,0.00461260335787867,0.9559787600156239,90557,19541957,4170,129367566,0.0006357335445129921,0.13175808072588532,2.920371053467107,267,"(201, 141, 123)"
DC_Frederick,OCi_poly,10250,14537,7.182689861953615e-05,0.00014364347977341324,0.00014364347977341324,7.182897823784295e-05,0.7127151051625239,1491,20756148,601,128246010,1.4039867990342557e-05,0.13930903984282328,3.5313233130838686,267,"(202, 125, 119)"
DC_Frederick,OCl_poly,10250,14537,0.07528659388647788,0.14003074959646744,0.14003074959646744,0.07546413801133536,0.9696971037362477,876900,10743189,27403,137356758,0.00606897454267244,0.07798495009370537,2.301589795821115,267,"(202, 108, 110)"
DC_Frederick,OCmI_poly,10250,14537,0.12526416837623552,0.22263957548207125,0.22263957548207125,0.12562728972169138,0.9774454859561242,591247,4115111,13643,144284249,0.004059548637035521,0.031585394376334903,2.039877070506905,267,"(200, 33, 93)"
DC_Frederick,OCmII_poly,10250,14537,0.09177027134481865,0.16811278664288604,0.16811278664288604,0.09723128127093299,0.6203400630799134,541274,5025597,331270,143106109,0.005855832971207197,0.03736048468416169,3.110353041543593,267,"(210, 226, 138)"
DC_Frederick,OCmIII_poly,10250,14537,0.18269595625670523,0.3089483062662149,0.3089483062662149,0.19565557909404577,0.7339165456530924,1271575,5227473,461013,142044189,0.011627775717806706,0.043616527716491306,3.0205161909734737,267,"(209, 212, 133)"
DC_Frederick,OCmIV_poly,10250,14537,0.047708257991388274,0.09107164638150712,0.09107164638150712,0.04878144084797263,0.6844007212318277,272154,5306894,125499,143299703,0.0026687359588736565,0.03744220718536552,2.939816391281071,267,"(207, 201, 129)"
DC_Frederick,OCmIVq_poly,10250,14537,0.010938253380934992,0.021639805090674143,0.021639805090674143,0.011003582457197052,0.6481802426343154,53856,4840550,29232,144080612,0.0005576216785762822,0.032847425492897014,2.971146664786414,267,"(208, 191, 126)"
DC_Frederick,OCmIVv_poly,10250,14537,0.007518162371341411,0.014924122764489556,0.014924122764489558,0.0075587241016221865,0.5835099982810978,30552,4011400,21807,144940491,0.0003513926616187122,0.027126420890679293,3.141982084613429,267,"(207, 174, 121)"
DC_Frederick,OCp_poly,10250,14537,0.03951984023695355,0.07603479742713751,0.0760347974271375,0.039666132849949354,0.9146430311028588,439400,10638060,41006,137885784,0.0032241093794304525,0.0743432485986138,2.856733051213472,267,"(206, 157, 118)"
DC_Frederick,OCpg_poly,10250,14537,0.027127105510159316,0.05282132145989015,0.05282132145989015,0.02717405853255351,0.9401190809126024,463898,16607457,29548,131903347,0.003311623661741192,0.11456958442460534,2.9053419009711834,267,"(203, 141, 113)"
DC_Frederick,OCq_poly,10250,14537,0.00045961749226192626,0.0009188126821430275,0.0009188126821430276,0.0004596763374691824,0.7821520068317677,9159,19915730,2551,129076810,7.858836241248152e-05,0.13372027307945913,3.0906749040180976,267,"(203, 125, 108)"
DC_Frederick,OCt_poly,10250,14537,0.00957878581265031,0.018975806439791545,0.018975806439791545,0.009581066040443701,0.9757564959982458,142398,14720040,3538,134138274,0.000979408305467797,0.09974506096302622,2.607791422624401,267,"(203, 107, 102)"
DC_Frederick,OCte_poly,10250,14537,0.0009380011650220849,0.0018742442867196907,0.001874244286719691,0.000938097625514244,0.9012077294685991,3731,3973467,409,145026643,2.7784442390066054e-05,0.0266918426823396,2.259308193085168,267,"(198, 36, 85)"
DC_Frederick,OCtj_poly,10250,14537,0.007040154024703328,0.013981873506367907,0.013981873506367908,0.007074477910705053,0.592010322852478,22481,3155280,15493,145810996,0.0002548517911401856,0.021326646723163936,3.110353041543593,267,"(211, 224, 118)"
DC_Frederick,Ob_poly,10250,14537,0.0001531882400661354,0.0003063295540470061,0.0003063295540470061,0.00015336981000495502,0.1145710928319624,585,3813725,4521,145185419,3.4267478947748136e-05,0.02559866580986784,2.736047658684009,267,"(211, 211, 115)"
DC_Frederick,Oc_poly,10250,14537,0.015014655767951366,0.02958510142218864,0.029585101422188637,0.015259079750724474,0.48382992663472013,63508,4098473,67753,144774516,0.0008809211817783721,0.02793196167223418,2.736047658684009,267,"(209, 202, 113)"
DC_Frederick,Ocla_poly,10250,14537,0.0,0.0,0.0,0.0,0.0,0,3091321,62,145912867,4.1609551405412933e-07,0.020746529041956858,2.971146664786414,267,"(208, 190, 109)"
DC_Frederick,Odl_poly,10250,14537,0.0004566638127900493,0.0009129107322843567,0.0009129107322843567,0.000457129553392928,0.30949745406243084,1398,3056816,3119,145942917,3.0314571564233905e-05,0.02052434074866992,3.141982084613429,267,"(206, 172, 105)"
DC_Frederick,Odm_poly,10250,14537,0.008311630425310329,0.016486233371729424,0.016486233371729424,0.008363723749855945,0.5716344343098564,34908,4138831,26159,144804352,0.00040983394768941156,0.028010872173109155,3.2093585305999826,267,"(204, 155, 100)"
DC_Frederick,Odt_poly,10250,14537,0.00029135679606751014,0.0005825438640212302,0.0005825438640212302,0.0002913864180363815,0.7413366336633663,3594,12330543,1254,136668859,3.253598471184547e-05,0.08277708186175897,2.6591666682506823,267,"(206, 139, 95)"
DC_Frederick,Ofg_poly,10250,14537,0.0004478981356395193,0.0008953952254269095,0.0008953952254269095,0.0004479242865954418,0.8846834581347855,6498,14500418,847,134496487,4.92938959794771e-05,0.09735907532838828,2.714697649280725,267,"(204, 125, 94)"
DC_Frederick,Ofm_poly,10250,14537,3.101644627067226e-05,6.203096856114103e-05,6.203096856114103e-05,3.101668608838529e-05,0.8004587155963303,349,11251659,87,137752155,2.9260910343161353e-06,0.07551467827259961,2.554198904432151,267,"(202, 108, 87)"
DC_Frederick,Oft_poly,10250,14537,0.04576949981795943,0.0875326729760749,0.0875326729760749,0.04587856065877749,0.9506266196524916,111884,2326815,5811,146559740,0.0007898767988161412,0.016366640548843406,2.0054765043098017,267,"(201, 36, 78)"
DC_Frederick,Oftr_poly,10250,14537,0.0004082735609091283,0.0008162138832696706,0.0008162138832696707,0.00040981552404791596,0.09788732394366197,139,339038,1281,148663792,9.529929515433285e-06,0.0022762907769409263,3.099875243625048,267,"(215, 224, 34)"
DC_Frederick,Og_poly,10250,14537,0.011775443392976774,0.023276792236601368,0.023276792236601368,0.03334446991778128,0.017878689294200494,8683,251720,476979,148266868,0.0032593835410734927,0.001747621292681249,2.9094930391302967,267,"(214, 209, 36)"
DC_Frederick,Ogb_poly,10250,14537,0.00022656767402140193,0.00045303270547646844,0.00045303270547646844,0.00022729815923459967,0.06585612968591692,65,285903,922,148717360,6.623972135022994e-06,0.0019191935800488913,2.9094930391302967,267,"(212, 199, 40)"
DC_Frederick,Ogg_poly,10250,14537,0.006231923427238299,0.012386654174143653,0.012386654174143653,0.006915457643708529,0.05931017701806679,1950,280027,30928,148691345,0.0002206514243721236,0.0018924091091361487,3.0507236973468044,267,"(212, 189, 43)"
DC_Frederick,Ogh_poly,10250,14537,0.050605250378829986,0.09633542257776194,0.09633542257776194,0.059441220230425355,0.2539712834365916,17299,273728,50815,148662408,0.00045712790071424135,0.0019531456317521145,2.7872855247029245,267,"(210, 172, 47)"
DC_Frederick,Ogp_poly,10250,14537,0.009015627590156276,0.017870144611512914,0.01787014461151291,0.009140251099083683,0.39803725881570196,2393,259416,3619,148738822,4.034784242731332e-05,0.0017570572651451218,2.751607037561518,267,"(207, 154, 47)"
DC_Frederick,Ok_poly,10250,14537,0.3071847605451585,0.46999440295960576,0.4699944029596057,0.3534944131998901,0.7010308228766321,137714,251865,58731,148555940,0.0013183852138445717,0.0026145495849950588,2.8088981186156765,267,"(207, 140, 48)"
DC_Frederick,Ol_poly,10250,14537,0.21652212297465726,0.355969067698028,0.355969067698028,0.22181641165329533,0.900711824495836,166774,585082,18384,148234010,0.0012426356966328141,0.005045869497010991,2.883443590509229,267,"(204, 123, 46)"
DC_Frederick,Ola_poly,10250,14537,0.09826329449673031,0.178943054892422,0.17894305489242196,0.0984913509473442,0.9769782755053449,118994,1089173,2804,147793279,0.0008174129261413685,0.008108272079487666,2.6190827416464733,267,"(202, 107, 46)"
DC_Frederick,Olm_poly,10250,14537,0.027258197223159104,0.05306980717572721,0.05306980717572721,0.027280408674002502,0.9709967476563994,25377,904851,758,148073264,0.00017539768160975273,0.006242962868508784,1.9271709413628704,267,"(203, 36, 43)"
DC_Frederick,Olp_poly,10250,14537,0.005903643842816737,0.01173799076870477,0.01173799076870477,0.0059086885459388415,0.873653405717194,20599,3465623,2979,145515049,0.0001582370972640042,0.023396795728980884,4.50120708977406,267,"(172, 223, 250)"
DC_Frederick,Om_poly,10250,14537,0.12860522870723093,0.22790117471729726,0.2279011747172973,0.1303391924598992,0.9062533049578543,488437,3258993,50526,145206294,0.0036170981700186402,0.02514981955212687,3.7605828576444216,267,"(173, 210, 239)"
DC_Frederick,Omm_poly,10250,14537,3.211315549218059e-05,6.42242485410814e-05,6.42242485410814e-05,3.2114838153892615e-05,0.38,114,3549647,186,145454303,2.013365390584497e-06,0.02382321980748871,3.757634152698488,267,"(173, 200, 230)"
DC_Frederick,Ong_poly,10250,14537,2.6031939678453483e-05,5.2062524068420906e-05,5.2062524068420906e-05,2.603365799264373e-05,0.28284671532846717,155,5953676,393,143050026,3.677747446801014e-06,0.039957457589296946,3.7477009873908753,267,"(176, 189, 225)"
DC_Frederick,Ont_poly,10250,14537,0.010509673714014265,0.020800738453867828,0.02080073845386783,0.010518277091079496,0.9277919345851151,148186,13940243,11533,134904288,0.0010719090227292174,0.0945505178543565,4.491206783175369,267,"(177, 171, 213)"
DC_Frederick,Ontr_poly,10250,14537,1.7878215168069613e-06,3.5756366410137994e-06,3.5756366410137994e-06,1.7878259604626212e-06,0.41836734693877553,41,22932840,57,126071312,6.57699360924269e-07,0.15390756303930928,3.3764122360621505,267,"(177, 155, 201)"
DC_Frederick,Onu_poly,10250,14537,0.00012728934078784873,0.0002545462805474466,0.0002545462805474466,0.00012729080420664096,0.9171626984126984,1849,14523945,167,134478289,1.3529815424727819e-05,0.09748576970119979,3.290833010236025,267,"(178, 138, 190)"
DC_Frederick,Oo_poly,10250,14537,0.07197299242273375,0.13428135397342383,0.13428135397342383,0.07225728385307517,0.9481680109155467,899911,11554349,49194,136500796,0.006369650530102329,0.08358325349780292,3.289827767335431,267,"(176, 122, 179)"
DC_Frederick,Opg_poly,10250,14537,7.46291938003575e-05,0.00014924724939881543,0.00014924724939881546,7.46291938003575e-05,1.0,1165,15609348,0,133393737,7.818568933436463e-06,0.10476555534489788,2.7743458858163574,267,"(179, 106, 170)"
DC_Frederick,Opm_poly,10250,14537,0.0006421297487024776,0.0012834353653763102,0.0012834353653763105,0.0006421321958300038,0.994100169779287,46842,72900754,278,76056376,0.0003162325906811383,0.4895672170424669,2.3264536378002076,267,"(179, 29, 143)"
DC_Frederick,Ops_poly,10250,14537,0.004617099510053877,0.00919175975066642,0.00919175975066642,0.004640278315058777,0.48033583738400354,22827,4896490,24696,144060237,0.00031893721152249016,0.03301460864371318,4.577077855753103,267,"(174, 222, 232)"
DC_Frederick,Oq_poly,10250,14537,0.24761425957380898,0.39694041274968306,0.396940412749683,0.2611080659092419,0.8273298626796546,943185,2669055,196850,145195160,0.0076510233768499894,0.02424252999494981,3.917065024830546,267,"(177, 209, 224)"
DC_Frederick,Oqq_poly,10250,14537,0.006659807824592604,0.013231496425757876,0.013231496425757877,0.006702719653601856,0.5098628377448506,22229,3294186,21369,145666466,0.0002925956809956763,0.02225718393938428,3.757634152698488,267,"(177, 200, 219)"
DC_Frederick,Orr_poly,10250,14537,0.06921357789552174,0.1294663280123159,0.1294663280123159,0.0712999186085224,0.7028539368974325,333235,4340473,140882,144189660,0.0031819025296258327,0.03136627310965962,3.7477009873908753,267,"(177, 187, 211)"
DC_Frederick,Os_poly,10250,14537,0.0065224558944355126,0.012960378293079217,0.012960378293079217,0.006639034025444785,0.27084408721087433,88150,13189384,237314,135489402,0.002184259844937309,0.08910842475969645,2.5111793332809156,267,"(179, 170, 198)"
DC_Frederick,Osp_poly,10250,14537,0.0012807050462337484,0.0025581338775016393,0.0025581338775016393,0.0012813291633308888,0.7244664322512061,35438,27621780,13478,121333554,0.0003282859381527708,0.1856136184035019,2.2255811356971664,267,"(181, 155, 191)"
DC_Frederick,Oss_poly,10250,14537,0.005797866508648973,0.011528890051784807,0.011528890051784807,0.005804005545418939,0.8457136381664684,119408,20453970,21784,128409088,0.0009475702874246876,0.13807242410870832,3.290833010236025,267,"(179, 137, 178)"
DC_Frederick,Ot_poly,10250,14537,0.0010409794087929021,0.002079793795070601,0.0020797937950706004,0.00104102777285229,0.9572775486152033,16245,15588526,725,133398754,0.00011388936892739637,0.10472701953132209,1.7075603580983796,267,"(180, 123, 169)"
DC_Frederick,Ou_poly,10250,14537,0.011728531555273364,0.023185135517022046,0.023185135517022046,0.01173301939459568,0.9684175003970145,195140,16436555,6364,132366191,0.0013523372655477948,0.11161893033252407,1.5770368769077638,267,"(179, 106, 159)"
DC_Frederick,PzZd_poly,10250,14537,0.0006168639523784327,0.0012329673316555068,0.0012329673316555068,0.0006168969611236845,0.9201820194318042,37410,60604808,3245,88358787,0.0002728445665140424,0.40698314309826733,1.386017179635598,267,"(179, 31, 132)"
DC_Frederick,PzZp_poly,10250,14537,0.1888322189724138,0.31767681924979113,0.3176768192497911,0.1946898401021122,0.8625659885899636,1053068,4355884,167787,143427511,0.008193424013073453,0.03630065585377598,4.085570363893493,267,"(176, 222, 221)"
DC_Frederick,PzZpa_poly,10250,14537,0.0028521371587499084,0.005688051215267879,0.005688051215267879,0.0028623131541594925,0.44513854803444736,9976,3475317,12435,145506522,0.00015040510589463051,0.023390561007488042,3.9563106234297396,267,"(179, 209, 213)"
DC_Frederick,PzZpg_poly,10250,14537,0.009692978198335369,0.019199852643585213,0.019199852643585216,0.010220364659766534,0.15813779018880506,18971,1837225,100994,147047060,0.0008051112636048972,0.012457335948471268,3.917065024830546,267,"(177, 199, 207)"
DC_Frederick,PzZph_poly,10250,14537,0.00020269926735326274,0.0004053163773737855,0.0004053163773737855,0.00020429584617676614,0.025281370737443305,602,2946105,23210,146034333,0.00015980752226866013,0.01977599296664357,4.030447276242298,267,"(179, 188, 202)"
DC_Frederick,PzZpm_poly,10250,14537,0.000784461632906839,0.001567693470433964,0.001567693470433964,0.0007867662306465157,0.21123654965602398,9580,12166845,35772,136792053,0.000304367157312627,0.08171864225349278,2.5111793332809156,267,"(179, 171, 192)"
DC_Frederick,PzZpmb_poly,10250,14537,9.165947644758792e-05,0.00018330215151593618,0.0001833021515159362,9.166174845686546e-05,0.7871390294730575,2644,28842540,715,120158351,2.254298115657775e-05,0.1935863171688056,2.2255811356971664,267,"(180, 154, 183)"
DC_Frederick,SCi_poly,10250,14537,0.0003855722372468145,0.0007708472571920979,0.000770847257192098,0.0003855722372468145,1.0,6757,17517845,0,131479648,4.534769981393148e-05,0.11761142383522617,1.7075603580983796,267,"(180, 123, 163)"
DC_Frederick,SOe_poly,10250,14537,0.05938290220472261,0.11210847764512447,0.11210847764512447,0.05964693591484733,0.9306277442606066,842072,13275535,62771,134823872,0.006072598600375493,0.09474633777224475,1.5770368769077638,267,"(181, 106, 154)"
DC_Frederick,SOg_poly,10250,14537,8.764367452847282e-05,0.00017527198757591258,0.0001752719875759126,8.764416385202842e-05,0.9401129943502825,832,9492099,53,139511266,5.9394279022242656e-06,0.06370912910202225,1.1758736360266633,267,"(179, 33, 126)"
DC_Frederick,Sf_poly,10250,14537,0.018556225660102173,0.036436330548323584,0.036436330548323584,0.018657918938069736,0.7729624077829703,105194,5532841,30898,143335317,0.0009133430757847511,0.037838081799680214,4.085570363893493,267,"(177, 221, 210)"
DC_Frederick,Ta_poly,10250,14537,0.08612705893310688,0.15859481305568196,0.15859481305568196,0.10700751971981318,0.3062210079753939,244120,2037215,553082,146169833,0.005350196387015806,0.015310536444430277,4.185447800639796,267,"(178, 208, 203)"
DC_Frederick,Tb_poly,10250,14537,0.003018143218038695,0.006018122879323836,0.006018122879323836,0.004362452069224194,0.009699259044021502,3338,761828,340812,147898272,0.0023096656638988485,0.005135195808173257,3.9563106234297396,267,"(179, 199, 198)"
DC_Frederick,Tbs_poly,10250,14537,0.00012639128134699228,0.0002527506172196129,0.000252750617219613,0.00013770848816665283,0.0015355754846165415,194,1408579,126143,147469334,0.0008478751445009119,0.009454582671299644,5.208749294115523,267,"(179, 186, 189)"
DC_Frederick,Tc_poly,10250,14537,0.018466377964379103,0.03626310767624568,0.03626310767624569,0.021635465856524896,0.11195618266960632,243692,11019851,1932981,135807726,0.014608126949399095,0.07559209217186758,3.4233288364341794,267,"(179, 168, 181)"
DC_Frederick,Te_poly,10250,14537,0.012878181869022698,0.025428885920435396,0.025428885920435396,0.012959785820851461,0.6716170878997987,300280,22869856,146820,125687294,0.0030005855537677617,0.15549983305845302,3.8071787929234655,267,"(181, 154, 172)"
DC_Frederick,Tmc_poly,10250,14537,0.0003610134438510703,0.0007217663203571727,0.0007217663203571727,0.00036110005816167344,0.6008120881315316,9026,24986816,5997,124002411,0.00010082262754250298,0.16775254397106124,3.521275655797295,267,"(180, 138, 161)"
DC_Frederick,Tms_poly,10250,14537,0.02255755976768507,0.044119882645647694,0.0441198826456477,0.022600165813704755,0.9228725097661736,492801,21312393,41185,127157871,0.0035836964381888436,0.14633940978193574,2.5369384168470575,267,"(180, 122, 154)"
DC_Frederick,Tn_poly,10250,14537,0.05607899236584563,0.10620226852579757,0.10620226852579757,0.056455165037973445,0.8938001764306431,704176,11769014,83669,136447391,0.0052873995204834765,0.08371029685394879,1.8442448042511945,267,"(181, 107, 148)"
DC_Frederick,Tps_poly,10250,14537,0.3286330593229177,0.4946934851830223,0.49469348518302225,0.33093417969637373,0.9792798319369694,2549368,5154182,53941,141246759,0.01747137413865712,0.051700203182124,1.1758736360266633,267,"(179, 34, 121)"
DC_Frederick,Trbb_poly,10250,14537,0.2434913705749817,0.391625348332563,0.391625348332563,0.25693200638850244,0.8231526985098435,1756556,5080101,377381,141790212,0.014321316338292363,0.04588229530365744,4.626681383595172,267,"(179, 221, 193)"
DC_Frederick,Trbg_poly,10250,14537,0.0027817019739838854,0.005547971145680226,0.005547971145680226,0.00436014187463603,0.007625333418958729,16861,3850215,2194321,142942853,0.014839724370278029,0.025952789937199777,4.211274019973655,267,"(180, 205, 185)"
DC_Frederick,Trbl_poly,10250,14537,4.948777639362728e-05,9.897065494961288e-05,9.897065494961288e-05,5.480044986440366e-05,0.0005102080457477915,197,3594664,385920,145023469,0.002591315348387714,0.02412589573787325,4.211274019973655,267,"(181, 197, 184)"
DC_Frederick,Trmp_poly,10250,14537,3.719766662062936e-05,7.439256601138918e-05,7.439256601138918e-05,4.5669174683719115e-05,0.0002004892320974627,418,9152364,2084482,137766986,0.013992218342765391,0.06142631502121584,5.465619737052468,267,"(182, 186, 177)"
DC_Frederick,Trmr_poly,10250,14537,2.2483731510151035e-05,4.496645200666819e-05,4.496645200666819e-05,2.2654425071943014e-05,0.0029751596372969563,335,14787063,112264,134104588,0.0007556764320480792,0.09924145116666136,5.7369436986976,267,"(181, 170, 166)"
DC_Frederick,Trmra_poly,10250,14537,0.0019439343756346194,0.0038803256528440184,0.0038803256528440176,0.001945183698471243,0.751656896516992,37313,19144937,12328,129809672,0.00033315157118001665,0.12873626087846488,4.312932288802599,267,"(181, 153, 160)"
DC_Frederick,Trmt_poly,10250,14537,0.0005609165125507508,0.0011212041231948616,0.0011212041231948616,0.0005610482384024188,0.7049331018282096,13804,24590141,5778,124394527,0.00013141907026141872,0.1651224377828149,3.521275655797295,267,"(182, 136, 150)"
DC_Frederick,Trtmr_poly,10250,14537,0.0069964298327152554,0.013895639796612824,0.01389563979661282,0.006998126219567694,0.9665131414924747,147314,20903178,5104,127948654,0.0010229104203403594,0.1412744401585861,3.872069420630146,267,"(182, 121, 142)"
DC_Frederick,Tu1_poly,10250,14537,0.007811638156541648,0.01550217890087171,0.01550217890087171,0.007818864371483757,0.8942056472682937,92409,11726315,10933,137174593,0.0006935506873126102,0.07931803287490122,3.534768322626693,267,"(180, 105, 135)"
DC_Frederick,Tu2_poly,10250,14537,0.009124442504291792,0.01808387968811485,0.018083879688114854,0.009129942395244589,0.9380681446602577,57376,6227001,3788,142716085,0.0004104849358323672,0.04217582384395076,2.435851391012661,267,"(179, 35, 111)"
DC_Frederick,Tu3_poly,10250,14537,0.007319836997692856,0.014533292662059669,0.014533292662059669,0.00757403107904769,0.17905184140258956,56864,7450895,260720,141235771,0.0021313754473446227,0.0503862071048309,3.940994516497418,267,"(184, 219, 177)"
DC_Frederick,Tu4_poly,10250,14537,0.000333877963380627,0.0006675330521853011,0.0006675330521853011,0.00033727775605451666,0.032060567433416384,3320,9840199,100234,139060497,0.0006949734655219566,0.06606200158720305,3.940994516497418,267,"(181, 205, 168)"
DC_Frederick,Tug4_poly,10250,14537,1.6284095156110044e-05,3.256765997734601e-05,3.256765997734601e-05,1.6670952188615154e-05,0.0007012435639941919,184,11036978,262207,137704881,0.0017609631940028556,0.07407279993691455,4.073393215084886,267,"(183, 196, 166)"
DC_Frederick,Ty_poly,10250,14537,0.00036836228124500066,0.0007364532808794262,0.0007364532808794264,0.00041285213156896927,0.003406643816326556,5540,13413308,1620694,133964708,0.010914010841972629,0.09005681381571332,4.156212108050809,267,"(182, 186, 160)"
DC_Frederick,Tym_poly,10250,14537,0.00012115358738098165,0.00024227782193469308,0.00024227782193469308,0.00013044019773584983,0.0016988384396010654,1771,13575332,1040706,134386441,0.006996290374267848,0.09111889761533648,5.7369436986976,267,"(182, 169, 153)"
DC_Frederick,Tyv_poly,10250,14537,0.0017485062531919196,0.0034909086308135403,0.0034909086308135403,0.0017502338148662033,0.6391784727791143,28694,16365687,16198,132593671,0.0003012799970470641,0.11002626435152017,4.714048634337516,267,"(184, 153, 144)"
DC_Frederick,Ya_poly,10250,14537,0.0009800959627585535,0.0019582726304180533,0.0019582726304180533,0.0009802039091544004,0.8989871551088517,23166,23610692,2603,125367789,0.00017294137583323966,0.1586119724772951,4.624115369775491,267,"(182, 136, 138)"
DC_Frederick,Ybg_poly,10250,14537,0.00894705777720611,0.017735435587506877,0.017735435587506877,0.008954223799723283,0.917896148687488,220363,24389587,19711,124374589,0.001611188942597275,0.16516273864671646,4.1546901858667695,267,"(181, 122, 130)"
DC_Frederick,Yc_poly,10250,14537,0.002869894987933396,0.005723364520714677,0.005723364520714677,0.0028707226764722172,0.9087077467756891,32340,11233116,3249,137735545,0.00023884553628503885,0.07560493073184155,3.8572632994379537,267,"(181, 104, 123)"
DC_Frederick,Yf_poly,10250,14537,0.019394056080223942,0.03805016512416799,0.038050165124167985,0.019410417622178055,0.95834725689462,97508,4925980,4238,143976524,0.0006828395834347007,0.03371372293072177,2.042684129010464,267,"(181, 36, 102)"
DC_Frederick,Yg_poly,10250,14537,0.00017257210619458878,0.0003450846604025164,0.0003450846604025165,0.0001726325840307028,0.3300295234078448,1565,9063931,3177,139935577,3.182459560717228e-05,0.06084051964960731,3.3855232450190678,267,"(184, 217, 156)"
DC_Frederick,Ygt_poly,10250,14537,0.03049305240635502,0.05918148081668128,0.05918148081668127,0.03236608757422774,0.3450870965674177,344546,10300732,653886,137705086,0.006700694778840201,0.07144278099450184,3.0417553257201426,267,"(185, 206, 150)"
DC_Frederick,Yhm_poly,10250,14537,0.002432957250287232,0.004854104671420478,0.004854104671420477,0.0024891761636528743,0.09724707929405917,31298,12542340,290542,136140070,0.002159938391019048,0.08438442527646023,3.599834265873797,267,"(186, 195, 147)"
DC_Frederick,Ylg_poly,10250,14537,0.0010998094903434622,0.0021972024765510075,0.0021972024765510075,0.0011322283369215038,0.03699003193962847,18391,16224799,478797,132282263,0.0033367370393797492,0.1090115885956273,3.554318544164688,267,"(184, 185, 144)"
DC_Frederick,Ym_poly,10250,14537,0.022432912619223002,0.04388143680108139,0.0438814368010814,0.02460084486036416,0.2029077254968021,298724,11844111,1173492,135687923,0.009880362472882485,0.08149321244192699,3.2860226317540486,267,"(184, 168, 136)"
DC_Frederick,Ymc_poly,10250,14537,0.007918923041456041,0.015713412776417007,0.015713412776417007,0.007947417543740884,0.6883445130778882,114111,14244138,51665,134594336,0.0011125588699651184,0.0963613386866482,3.546193570980364,267,"(183, 153, 131)"
DC_Frederick,Yml_poly,10250,14537,0.03844054700387285,0.07403514262762986,0.07403514262762986,0.03853866797547247,0.9378811525146017,734964,18335856,48679,129884751,0.005259198982579356,0.1279884298602221,4.541655714099723,267,"(184, 136, 126)"
DC_Frederick,Yn_poly,10250,14537,0.0010492869120102002,0.0020963741260872203,0.0020963741260872203,0.0010494188705036322,0.8929863793453954,21963,20906763,2632,128072892,0.00016506240593808566,0.1404572419914197,4.1546901858667695,267,"(182, 120, 118)"
DC_Frederick,Yp_poly,10250,14537,0.003928555678486984,0.00782636504613008,0.00782636504613008,0.003929877632171767,0.9211277608124423,64852,16437443,5553,132496402,0.0004725033010803383,0.1107504987273853,3.530640320165636,267,"(181, 105, 111)"
DC_Frederick,Ypb_poly,10250,14537,0.04167413542506369,0.08001376631677279,0.08001376631677279,0.041744421457162055,0.9611668375470709,203430,4669796,8219,144122805,0.001420422571839394,0.03270528189632175,2.042684129010464,267,"(181, 38, 95)"
DC_Frederick,Ypg_poly,10250,14537,0.020355851626500217,0.03989951465275949,0.039899514652759496,0.020922707905247882,0.42900734568244986,338969,15862041,451155,132352085,0.0053026943862339495,0.10872850942171113,5.4092900689372865,267,"(163, 177, 128)"
DC_Frederick,Yq_poly,10250,14537,0.0008629082147888843,0.0017243284923567194,0.0017243284923567196,0.0008642004321218753,0.36592076302274396,7980,9225989,13828,139756453,0.0001463582414595557,0.06197117867443378,2.757227354756575,267,"(185, 204, 135)"
DC_Frederick,Yqp_poly,10250,14537,0.0007626725684380018,0.0015241826845532067,0.0015241826845532067,0.0007640022771490594,0.30468831213832775,8793,11500335,20066,137475056,0.00019367903935625996,0.0772402666366899,2.757227354756575,267,"(184, 195, 131)"
DC_Frederick,Zav_poly,10250,14537,7.103651977882299e-06,1.4207203032738676e-05,1.4207203032738676e-05,7.1045863273004195e-06,0.05124653739612189,74,10415733,1370,138587073,9.690998746680045e-06,0.06990275109602578,3.554318544164688,267,"(185, 184, 129)"
DC_Frederick,Zbh_poly,10250,14537,0.005900681951161314,0.011732136297423854,0.011732136297423854,0.00599008238338898,0.28334030822237843,69736,11572174,176385,137185955,0.0016517716776534898,0.07813139558099853,3.2860226317540486,267,"(184, 168, 125)"
DC_Frederick,Zbm_poly,10250,14537,0.019482687025712143,0.03822073150168322,0.03822073150168321,0.019633237241731678,0.7175727709381255,253075,12637056,99607,136014512,0.002366925775607072,0.0865084787850011,3.546193570980364,267,"(184, 151, 119)"
DC_Frederick,Zc_poly,10250,14537,0.27317970663212116,0.4291298474348917,0.42912984743489163,0.2798136771003957,0.9201432543818223,4107214,10571175,356454,133969407,0.02995664888753173,0.0985098680071206,4.580290716979008,267,"(182, 136, 111)"
DC_Frederick,Zcb_poly,10250,14537,0.0018283461339914562,0.0036500187702752833,0.0036500187702752833,0.0018284053124921458,0.9826054879259953,34628,18904280,613,130064729,0.00023651003243196084,0.12710313967554618,4.311189462212019,267,"(183, 121, 107)"
DC_Frederick,Zch_poly,10250,14537,0.002710069506336558,0.005405489759708515,0.005405489759708515,0.0027102487327134383,0.9761799735333039,39834,14657710,972,134305734,0.00027385796042730324,0.09863842138730942,3.530640320165636,267,"(181, 104, 101)"
DC_Frederick,Zclb_poly,10250,14537,0.020736980170345448,0.04063138805235559,0.04063138805235559,0.020763339604249968,0.942311674736458,95557,4506641,5850,144396202,0.0006805644805433402,0.030886353912723968,2.6642397963921174,267,"(181, 39, 86)"
DC_Frederick,Zcm_poly,10250,14537,0.0032544062377773677,0.006487698867890252,0.006487698867890253,0.0032604092580437215,0.6386708375140175,21642,6616175,12244,142354189,0.00022741633208448752,0.04454783672277804,3.9597840772192456,267,"(185, 215, 120)"
DC_Frederick,Zcp_poly,10250,14537,0.002306031633393276,0.004601452172517181,0.004601452172517182,0.0023254940581038074,0.21601788294797689,19134,8208795,69442,140706879,0.0005944528427880413,0.05521942494928836,2.595710793932452,267,"(188, 203, 119)"
DC_Frederick,Zcr_poly,10250,14537,0.000761376993925096,0.0015215954800576158,0.0015215954800576156,0.000763202285504379,0.24147706079820963,6474,8476205,20336,140501235,0.00017992775373856787,0.05692910772679303,2.595710793932452,267,"(186, 194, 113)"
DC_Frederick,Zcrr_poly,10250,14537,0.0009373531887359899,0.0018729507611037139,0.0018729507611037139,0.0009387316882857721,0.3896184469031124,7536,8020317,11806,140964591,0.0001298083779489511,0.053876671302999744,3.7271423155562062,267,"(186, 182, 110)"
DC_Frederick,Zcrs_poly,10250,14537,0.013217738241446486,0.026090617529826037,0.026090617529826037,0.013377414362658999,0.5254729279527217,90694,6688942,81901,142142713,0.001158322665293104,0.04549961494386905,3.9875588446422414,267,"(187, 168, 108)"
DC_Frederick,Zcs_poly,10250,14537,0.0011854762733045374,0.0023681451667022088,0.0023681451667022088,0.0011883602952761031,0.328171497850766,11910,10010303,24382,138957655,0.0002435635225169752,0.06726125597088674,5.226698223070152,267,"(184, 152, 103)"
DC_Frederick,Zga_poly,10250,14537,0.00013737139327657362,0.0002747050499376972,0.0002747050499376972,0.0001373805483801964,0.6733500417710944,1612,11732218,782,137269638,1.6066655816864283e-05,0.07874829073667362,4.580290716979008,267,"(185, 136, 97)"
DC_Frederick,Zmd_poly,10250,14537,0.005681212513181632,0.011298237339015952,0.01129823733901595,0.005698494337549838,0.6519703333035475,72962,12730771,38948,136161569,0.0007510524028677035,0.0859286429749487,4.327423686079103,267,"(184, 120, 92)"
DC_Frederick,Zmm_poly,10250,14537,0.03187710214182251,0.06178468748973418,0.06178468748973418,0.03191956986046176,0.9599350224335388,283057,8584763,11814,140124616,0.0019789435536234704,0.059513872926443376,4.390094300940642,267,"(183, 105, 90)"
DC_Frederick,Zrbg_poly,10250,14537,0.008076817238973634,0.016024209863480972,0.016024209863480975,0.008083045808719824,0.9129040116940068,22483,2759018,2145,146220604,0.00016528387613104996,0.01866725949092056,3.241758502185667,267,"(179, 40, 75)"
DC_Frederick,Zrc_poly,10250,14537,0.00012186397723400366,0.00024369825642923387,0.00024369825642923387,0.00013256071710438297,0.001507937616062328,648,4887678,429078,143686846,0.002883984852781045,0.03280662128764784,6.501575290844066,267,"(159, 163, 166)"
DC_Frederick,Zrd_poly,10250,14537,0.0003691070694895491,0.0007379417594588105,0.0007379417594588104,0.00037158688310485815,0.05241000085918034,610,1640998,11029,147351613,7.811186593670985e-05,0.011017189107022115,4.807737732659841,267,"(191, 200, 49)"
DC_Frederick,Zrl_poly,10250,14537,0.04504314151403951,0.0862034106051963,0.0862034106051963,0.0456447984802558,0.7736124928401314,205292,4292307,60076,144446575,0.0017809424898954224,0.030184367224424805,5.480280168000098,267,"(155, 179, 189)"
DC_Frederick,Zsl_poly,10250,14537,3.923613096686592e-05,7.846918310658661e-05,7.846918310658661e-05,3.9294981153040155e-05,0.025529603476371537,94,2392069,3588,146608499,2.471070456044039e-05,0.016054327309455937,5.1934858366574215,267,"(189, 182, 52)"
DC_Frederick,Zsm_poly,10250,14537,0.020620499731048247,0.04040777103043123,0.04040777103043122,0.024809036323702485,0.10884310861289784,39715,1561113,325168,147078254,0.002448809346042143,0.010743505638261996,4.904296908967692,267,"(189, 166, 53)"
DC_Frederick,Zsmc_poly,10250,14537,0.0028911606452370997,0.005765651864708815,0.005765651864708815,0.002930553093423152,0.17701187886899783,2116,719932,9838,148272364,8.022589959682359e-05,0.0048458215118025155,4.873473806056307,267,"(187, 150, 54)"
DC_Frederick,Zsp_poly,10250,14537,0.06027780913842723,0.11370191589204053,0.11370191589204054,0.06481146259705854,0.4628593155893536,30433,439129,35317,148499371,0.00044126258143643556,0.0031513329317787915,5.002917545333295,267,"(185, 134, 52)"
DC_Frederick,Zss_poly,10250,14537,0.06402483947189493,0.12034463312655791,0.12034463312655791,0.06948471683027156,0.4489773052647304,36065,482970,44262,148440953,0.0005390920057649362,0.003483357018340081,4.488710879992901,267,"(184, 120, 52)"
DC_Frederick,Zu_poly,10250,14537,0.00865120118956907,0.017153999676728957,0.017153999676728954,0.008667918622123003,0.8177049180327869,7482,855701,1668,148139399,6.140764441282715e-05,0.0057930092598029925,3.4691949329016136,267,"(186, 105, 51)"
KY_WestFranklin,af_poly,16200,10800,1.286009668556169e-05,2.571986261120346e-05,2.571986261120346e-05,1.5942650819209645e-05,6.650666512448312e-05,23,1442648,345807,173171522,0.001976623228166438,0.008245719021490626,12.266490594835814,9,"(232, 233, 236)"
KY_WestFranklin,Qas_poly,16200,10800,0.0009250762001870025,0.001848442450255858,0.001848442450255858,0.0013478845078750362,0.0029404093343223,2886,2138247,978610,171840257,0.0056098308184727936,0.01223784293552812,11.051879590336602,9,"(252, 189, 119)"
KY_WestFranklin,Qc_poly,16200,10800,4.0601043077706705e-05,8.119878939986713e-05,8.119878939986713e-05,0.00020539862270887172,5.060132777884092e-05,55,267717,1086873,173605355,0.006212437128486511,0.0015304755372656607,12.675574258305259,9,"(207, 154, 46)"
KY_WestFranklin,Qa_poly,16200,10800,2.755897687298359e-05,5.511643479341539e-05,5.511643479341538e-05,0.01763608614549771,2.7601347370387787e-05,104,5793,3767828,171186275,0.021535962505715593,3.370484682213077e-05,14.52231187327271,9,"(253, 241, 2)"
KY_WestFranklin,Qal_poly,16200,10800,0.061224489795918366,0.11538461538461539,0.11538461538461539,0.43330129781679216,0.06655365673978604,286293,374432,4015394,170283881,0.02458668838591678,0.0037764346136259716,8.167311477980261,9,"(254, 249, 175)"
KY_WestFranklin,Qt_poly,16200,10800,0.44464811891313943,0.6155798261069473,0.6155798261069473,0.4959652726118033,0.811227933843329,4284274,4353980,996947,165324799,0.03018530521262003,0.049372736625514405,11.051879590336602,9,"(254, 222, 184)"
KY_WestFranklin,Qlt_poly,16200,10800,0.003763333022807279,0.0074984468928031055,0.0074984468928031055,0.011533686418019409,0.0055549583445310404,12402,1062883,2220198,171664517,0.012760631001371743,0.0061458904892546865,8.167311477980261,9,"(210, 225, 138)"
KY_WestFranklin,Ql_poly,16200,10800,3.5403589711575214e-07,7.080715435487602e-07,7.080715435487601e-07,1.5312059778281373e-05,3.6241530958240574e-07,6,391842,16555586,158012566,0.09462501143118426,0.0022396433470507544,11.988958946204301,9,"(254, 252, 228)"
KY_WestFranklin,R_poly,16200,10800,0.019734557615446464,0.038705283582021334,0.03870528358202133,0.022970546269320703,0.12287244076207612,8468,360178,60449,174530905,0.00039390146319158664,0.0021070301783264744,29.384122886201897,9,"(62, 170, 179)"
MA_Grafton,SCns_poly,13823,9687,0.3916352818134033,0.5628418407200393,0.5628418407200393,0.4313230721485823,0.8097504571367108,722712,952858,169800,132058031,0.006665342279095659,0.012513274401447056,9.588195010211793,19,"(235, 214, 166)"
MA_Grafton,Cgg_poly,13823,9687,5.3205516718098664e-05,0.00010640537208339405,0.00010640537208339405,0.0010261810004818588,5.611182158977965e-05,115,111951,2049364,131741971,0.015305653065525946,0.0008369167561322808,8.028906427861509,19,"(253, 232, 223)"
MA_Grafton,Cm_poly,13823,9687,0.01086159420810836,0.021489775198388357,0.021489775198388357,0.07973505215171167,0.012418352364326469,36258,418473,2883453,130565217,0.021804606740347097,0.0033959630345759477,9.51235135597886,19,"(204, 231, 225)"
MA_Grafton,Cmg_poly,13823,9687,0.00019232010189368655,0.0003845662439681483,0.0003845662439681483,0.00019244094508192713,0.23445963373742584,909,4722618,2968,129176906,2.8953708203423452e-05,0.03527563127392112,14.174359314211861,19,"(251, 190, 153)"
MA_Grafton,Zd_poly,13823,9687,0.0006425496068888057,0.00128427400402119,0.0012842740040211898,0.0006433317933354012,0.3457567363384538,1373,2132829,2598,131766601,2.9655706803145352e-05,0.015938370377911463,7.253743466072398,19,"(163, 187, 114)"
MA_Grafton,Za_poly,13823,9687,3.466229921696533e-05,6.932219556724553e-05,6.932219556724553e-05,3.46851422857909e-05,0.05,104,2998298,1976,130903023,1.5533586036399477e-05,0.02239227665322705,8.403886230743417,19,"(104, 192, 142)"
MA_Grafton,Zhv_poly,13823,9687,0.0010254084790601618,0.002048716187170811,0.0020487161871708113,0.007388359276253398,0.0011892401345805679,4916,660455,4128816,129109214,0.030871000804527735,0.004969037343569787,8.886568802524833,19,"(230, 218, 237)"
MA_Grafton,Zhvb_poly,13823,9687,0.2466341707055385,0.39568010648377255,0.3956801064837726,0.38062101729560255,0.4119798947149273,1066604,1735669,1522367,129578761,0.01933461719915538,0.020927571511047727,10.032535431870867,19,"(216, 184, 215)"
MA_Grafton,Zncg_poly,13823,9687,0.0950209923330048,0.17355099673579252,0.1735509967357925,0.2036173713384431,0.15122146217827528,466814,1825790,2620142,128990655,0.02305360414258634,0.01712132763528538,8.028906427861509,19,"(230, 204, 205)"
MA_Grafton,Zpg_poly,13823,9687,0.07417863120388217,0.138112282350556,0.138112282350556,0.2643486424982242,0.09347464471082371,643082,1789622,6236666,125234031,0.051378441089782324,0.0181676042716794,6.2366185549428526,19,"(207, 213, 188)"
MA_Grafton,Zpgh_poly,13823,9687,0.02450317677008625,0.047834262158828085,0.047834262158828085,0.02518114338706388,0.4764674390217787,111248,4306661,122237,129363255,0.0017436823729368904,0.03299325459254018,7.253743466072398,19,"(186, 195, 149)"
MA_Grafton,Zgdn_poly,13823,9687,0.007193002334789318,0.014283265110291892,0.01428326511029189,0.007397452907544312,0.20651167905284668,22536,3023918,86591,130770356,0.0008149680977856566,0.02275113236294872,14.452269646093052,19,"(183, 170, 154)"
MA_Grafton,Zw_poly,13823,9687,0.00013682177833316566,0.00027360612139023984,0.00027360612139023984,0.003427618201078817,0.00014249012502939016,563,163691,3950588,129788559,0.02950747307755088,0.0012266604042417116,9.143199600125062,19,"(221, 222, 226)"
MA_Grafton,Zwa_poly,13823,9687,0.23335750420972734,0.37841015830888536,0.37841015830888536,0.2713036135252102,0.6252489409872011,192768,517757,115538,133077338,0.0023024508541048933,0.0053062505858234325,7.226731708522059,19,"(158, 197, 187)"
MA_Grafton,Zwq_poly,13823,9687,0.04846632859626732,0.0924518551991196,0.0924518551991196,0.061872198315154635,0.18279753761969905,21380,324171,95580,133462270,0.0008734654917390784,0.0025805991290691714,9.918907642653346,19,"(178, 200, 208)"
MA_Grafton,Sd_poly,13823,9687,0.005864158771354552,0.01165994179277154,0.011659941792771538,0.007436759818846948,0.026983067098121802,6304,841377,227324,132828396,0.001744750306976893,0.006330541223519782,6.2366185549428526,19,"(181, 198, 180)"
MA_Grafton,SCn_poly,13823,9687,0.21771293912421621,0.3575767853477786,0.3575767853477786,0.5080068321230515,0.27588286104083776,942532,912821,2473889,129574159,0.02551407189426055,0.013855906467976867,8.01104278126078,19,"(237, 240, 196)"
MA_Grafton,SCna_poly,13823,9687,0.03587952159463758,0.06927354165550928,0.0692735416555093,0.03697368421052632,0.5480087692162849,40745,1061255,33606,132767795,0.0005552584881693931,0.008229813371207801,8.403886230743417,19,"(156, 210, 175)"
MA_Grafton,SCng_poly,13823,9687,0.0029991837823930586,0.005980431152661337,0.005980431152661338,0.0030010795613147107,0.8260205498472647,35694,11858026,7518,122002163,0.0003227102499061992,0.08882313601579096,13.980134853240914,19,"(224, 149, 163)"
MN,Mss_poly,10000,11300,2.7680109748259528e-05,5.5358687161982895e-05,5.5358687161982895e-05,0.00013548120611317637,3.47863271068636e-05,246,1815504,7071498,104112752,0.06258180530973452,0.01606858407079646,6.458664311604938,100,"(255, 252, 219)"
MN,Mbd_poly,10000,11300,0.006194013592656036,0.012311767927420005,0.012311767927420007,0.006651765183514173,0.08257520750580162,5800,866149,64439,112063612,0.0006215840707964602,0.007716362831858407,4.7532146956360855,100,"(190, 197, 49)"
MN,Mbg_poly,10000,11300,0.04404222217626147,0.08436866103835788,0.08436866103835788,0.04426316914736089,0.8981996639015539,134156,2896716,15205,109953923,0.001321778761061947,0.02682187610619469,4.826364594643791,100,"(227, 172, 133)"
MN,Mbf_poly,10000,11300,0.0036764100433490316,0.0073258871217073765,0.0073258871217073765,0.0036785255390586464,0.8647317599535179,31254,8465085,4889,104498772,0.0003198495575221239,0.0751888407079646,6.026646845909765,100,"(225, 183, 184)"
MN,Mbt_poly,10000,11300,0.0038333972748536564,0.007637516913185659,0.007637516913185658,0.004296831650205305,0.03432228039557882,1239,287113,34860,112676788,0.00031946017699115045,0.002551787610619469,3.969371234562319,100,"(233, 212, 25)"
MN,Mlf_poly,10000,11300,0.01250817442934698,0.024707305570933546,0.02470730557093355,0.012595676181367284,0.6429238362011471,4820,377851,2677,112614652,6.634513274336283e-05,0.0033864690265486726,6.9993219812524075,100,"(146, 155, 62)"
MN,Mlg_poly,10000,11300,0.11506769477682535,0.20638692218566249,0.20638692218566249,0.1168527311561091,0.8828025004474733,261404,1975634,34703,110728259,0.0026204159292035397,0.019796796460176992,4.826364594643791,100,"(205, 166, 133)"
MN,Mlt_poly,10000,11300,0.033703623123488236,0.06520945147052451,0.06520945147052451,0.8562139315614078,0.0338954691275794,10534,1769,300245,112687452,0.0027502566371681416,0.00010887610619469027,4.112859019721461,100,"(255, 221, 0)"
MN,Mlc_poly,10000,11300,0.011679041518350893,0.023088432277538776,0.023088432277538776,0.01184044861548902,0.4614237422946908,9282,774641,10834,112205243,0.00017801769911504424,0.006937371681415929,4.407734685422055,100,"(167, 190, 56)"
MN,Mau_poly,10000,11300,0.26925847351156196,0.424276818521644,0.424276818521644,0.2725141241529248,0.9575159963276777,546508,1458922,24248,110970322,0.005050938053097345,0.017747168141592922,9.617223373625533,100,"(88, 204, 245)"
MN,Mge_poly,10000,11300,0.02163714220425033,0.04235778303354702,0.042357783033547015,0.024192670436241237,0.17001046074099518,10889,439206,53160,112496745,0.0005668053097345133,0.003983141592920354,5.915987603781517,100,"(189, 166, 50)"
MN,Mfg_poly,10000,11300,0.2142324188241104,0.3528688832597269,0.35286888325972693,0.2156858153204843,0.9695050851849453,119730,435383,3766,112441121,0.0010928849557522123,0.0049125044247787615,4.8913901786780105,100,"(4, 180, 157)"
MN,Mmd_poly,10000,11300,0.09852407594436162,0.17937536027085071,0.17937536027085071,0.10940772960046523,0.4975913206579675,36875,300167,37232,112625726,0.0006558141592920354,0.0029826725663716813,6.0167702377609045,100,"(209, 165, 44)"
MN,Mmg_poly,10000,11300,0.09066203981378346,0.1662513895308263,0.16625138953082633,0.0922013179016589,0.8444928236666032,190461,1875247,35072,110899220,0.0019958672566371682,0.018280601769911503,6.948014195835535,100,"(229, 198, 141)"
MN,Mmf_poly,10000,11300,0.005751397812012165,0.011437016790678475,0.011437016790678475,0.006512002929433056,0.0469303086819168,3699,564329,75120,112356852,0.0006975132743362832,0.005026796460176991,4.7532146956360855,100,"(189, 182, 50)"
MN,Mcv_poly,10000,11300,0.17497312255307454,0.29783340434695066,0.29783340434695066,0.1811066488174922,0.8378331651756109,324688,1468112,62845,111144355,0.003429495575221239,0.015865486725663718,7.565939670902405,100,"(130, 201, 157)"
MN,Mbv_poly,10000,11300,0.22172039309140482,0.36296421725493205,0.36296421725493205,0.22606923804533036,0.9201651362608911,274373,939295,23805,111762527,0.0026387433628318586,0.010740424778761063,7.116553422318564,100,"(1, 159, 196)"
MN,Mmv_poly,10000,11300,0.06337017051797504,0.11918741427005985,0.11918741427005985,0.06378755417611297,0.906408074780298,77768,1141404,8030,111772798,0.0007592743362831859,0.010789132743362831,4.429675434664601,100,"(75, 190, 157)"
MN,Mpv_poly,10000,11300,0.17115583277758162,0.2922853270032536,0.2922853270032536,0.17453083038421638,0.8984870534611055,65444,309527,7394,112617635,0.0006445840707964602,0.0033183274336283184,4.936804898087163,100,"(143, 157, 108)"
MN,Mfv_poly,10000,11300,0.5999294129101354,0.7499448514030563,0.7499448514030563,0.6579245912579246,0.8718914712228943,98590,51260,14486,112835664,0.0010006725663716815,0.0013261061946902655,7.177854036942385,100,"(126, 136, 63)"
MN,Msl_poly,10000,11300,0.00033149713057789224,0.0006627745532931477,0.0006627745532931477,0.0003913672686088215,0.0021622899415277863,311,794339,143518,112061832,0.0012728230088495576,0.007032300884955752,5.913521828348938,100,"(179, 204, 200)"
MN,Mns_poly,10000,11300,0.00823511403643043,0.01633570170644319,0.016335701706443186,0.008312071263982201,0.47075,1883,224655,2117,112771345,3.5398230088495574e-05,0.0020047610619469028,7.458701951021072,100,"(0, 166, 80)"
MN,Mnu_poly,10000,11300,0.040079923761484004,0.07707085358696976,0.07707085358696977,0.07538801459996318,0.07883053784386786,13921,170737,162673,112652669,0.0015627787610619469,0.001634141592920354,8.406815201638835,100,"(171, 197, 150)"
MN,Mnr_poly,10000,11300,0.03593490747929996,0.06937676724638804,0.06937676724638804,0.039025697564461795,0.3121144530024745,35822,882086,78950,112003142,0.0010156814159292035,0.0081230796460177,5.141106202290878,100,"(179, 210, 54)"
MN,Mnb_poly,10000,11300,0.028558961285990843,0.055531986713302325,0.055531986713302325,0.05107008003556062,0.06084819038517998,21140,392801,326282,112259777,0.0030745309734513276,0.0036631946902654865,4.280745736073107,100,"(214, 223, 34)"
MN,Mms_poly,10000,11300,0.014822813389614215,0.029212613658347843,0.029212613658347843,0.016194766194766196,0.14891518737672585,302,18346,1726,112979626,1.7946902654867258e-05,0.00016502654867256637,8.909318639195984,100,"(254, 184, 18)"
MN,Mvu_poly,10000,11300,0.29341242745276985,0.45370281160915177,0.4537028116091517,0.30769127289778536,0.8634378100867164,160109,360247,25323,112454321,0.001640991150442478,0.004604920353982301,4.930481298351973,100,"(143, 183, 61)"
MN,Mld_poly,10000,11300,0.02268746272228823,0.044368320819923916,0.044368320819923916,0.023297239608984114,0.46432428262881825,24078,1009435,27778,111938709,0.00045890265486725663,0.009146132743362833,8.848298500611122,100,"(138, 172, 145)"
MN,Pgs_poly,10000,11300,0.0083397970303382,0.0165416401393652,0.016541640139365196,0.00840684934468816,0.5111512818104986,21773,2568139,20823,110389265,0.0003769557522123894,0.022919575221238938,6.98188920246655,100,"(109, 153, 180)"
MN,Pml_poly,10000,11300,0.0032467002612347542,0.0064723866231293815,0.0064723866231293815,0.0032470726382751087,0.9658828192086664,29245,8977329,1033,103992393,0.0002679469026548673,0.07970419469026549,5.7784489148865905,100,"(140, 115, 180)"
MN,Pls_poly,10000,11300,0.0005342549104843981,0.001067939269170143,0.0010679392691701432,0.0005957171602646227,0.005151540420151608,5313,8913349,1026029,103055309,0.0091269203539823,0.07892621238938054,3.9036455367401963,100,"(212, 210, 232)"
MN,Pm_poly,10000,11300,0.0015090588626366689,0.0030135700706500467,0.003013570070650047,0.0018235844547307323,0.008673468443200353,4685,2564431,535468,109895416,0.0047801150442477874,0.02273553982300885,5.710584359770596,100,"(228, 201, 192)"
MN,Pif_poly,10000,11300,0.042048329093307,0.08070322252691202,0.08070322252691203,0.042715425726627135,0.7291757795413359,23338,523022,8668,112444972,0.00028323893805309733,0.004835044247787611,3.543942999547841,100,"(218, 33, 41)"
MN,Pvs_poly,10000,11300,0.15083168430676902,0.26212640191189396,0.26212640191189396,0.159466793723248,0.7358304494356608,162659,857359,58396,111921586,0.0019562389380530973,0.00902670796460177,4.429675434664601,100,"(88, 176, 151)"
MN,Pmv_poly,10000,11300,0.48111693549185014,0.6496677257046968,0.6496677257046968,0.5310531465965385,0.8365078272836746,243131,214697,47519,112494653,0.0025721238938053097,0.004051575221238938,3.8567719176855184,100,"(118, 176, 66)"
MN,Pmq_poly,10000,11300,0.003921567748756161,0.007812498256313151,0.00781249825631315,0.003923648502700489,0.8808792812743791,70007,17772315,9467,95148211,0.0007033097345132744,0.15789665486725663,4.397731460054246,100,"(182, 123, 155)"
MN,Pmd_poly,10000,11300,3.9990731559862006e-05,7.997826473040856e-05,7.997826473040857e-05,4.0347622457011985e-05,0.004500728058950712,102,2527928,22561,110449409,0.00020055752212389381,0.022371946902654868,10.17851084879662,100,"(254, 230, 202)"
MN,Pgn_poly,10000,11300,0.017617929459797944,0.03462582360189037,0.03462582360189038,0.017659246501815874,0.8827673819241131,120910,6725928,16057,106137105,0.0012120973451327434,0.06059148672566372,4.2218420376104575,100,"(222, 110, 109)"
MN,Aml_poly,10000,11300,0.022960104917035713,0.044889541257130114,0.04488954125713012,0.023358277188940728,0.573910682774535,8456,353557,6278,112631709,0.00013038938053097345,0.003203654867256637,4.936804898087163,100,"(141, 170, 112)"
MN,Ami_poly,10000,11300,0.15560679849357634,0.2693075165297088,0.2693075165297088,0.17045263925786355,0.641139830228685,87388,425294,48913,112438405,0.0012062035398230089,0.004537008849557522,10.895602152814732,100,"(185, 121, 77)"
MN,APg_poly,10000,11300,0.07940949852407322,0.14713507456188504,0.14713507456188504,0.08053741760211536,0.850077648242525,388647,4437023,68543,108105787,0.004045929203539823,0.04270504424778761,8.085238093692407,100,"(175, 189, 226)"
MN,APd_poly,10000,11300,0.004013588545977161,0.00799508809794035,0.00799508809794035,0.004015615701824423,0.8882751777741028,53714,13322566,6756,99616964,0.0005351327433628318,0.1183741592920354,4.282778158704777,100,"(222, 130, 155)"
MN,APm_poly,10000,11300,0.016442097633691324,0.03235225631045592,0.03235225631045592,0.01654666664230736,0.722356811724241,72456,4306432,27849,108593263,0.0008876548672566371,0.03875122123893805,4.46485538294036,100,"(224, 146, 123)"
MN,APv_poly,10000,11300,0.20030821777692245,0.3337613036556745,0.3337613036556746,0.20978193077202634,0.8160256805975677,132188,497933,29802,112340077,0.0014335398230088496,0.00557629203539823,4.253918335411946,100,"(78, 172, 119)"
MN,Agr_poly,10000,11300,5.228322653132162e-06,1.0456590635834628e-05,1.045659063583463e-05,1.6143559666039852e-05,7.732593066423775e-06,29,1796353,3750330,107453288,0.033189017699115045,0.015897185840707966,4.010367833854895,100,"(253, 233, 242)"
MN,Agu_poly,10000,11300,0.07053390146759797,0.1317733167924955,0.13177331679249552,0.07120543930156152,0.8820608591960731,838824,10941512,112158,101107506,0.008415769911504424,0.1042507610619469,4.282778158704777,100,"(242, 133, 154)"
MN,Agm_poly,10000,11300,0.09523302209102981,0.1739045849972821,0.1739045849972821,0.09710707719388506,0.8314979818139719,1246102,11586145,252521,99915232,0.013262150442477876,0.11355970796460177,2.969505041669193,100,"(235, 159, 169)"
MN,Agp_poly,10000,11300,0.027636571828669812,0.05378666463668335,0.05378666463668334,0.02769123205597856,0.9333371987203888,370239,13000022,26444,99603295,0.0035104690265486726,0.11832089380530973,3.719461222359756,100,"(221, 109, 145)"
MN,Agd_poly,10000,11300,0.03855451328215189,0.07424648930619494,0.07424648930619494,0.038721643638748145,0.8993205470448518,733404,18207011,82105,93977480,0.007216893805309734,0.16761429203539824,4.448733457966201,100,"(221, 148, 193)"
MN,Asd_poly,10000,11300,0.009003674255232111,0.017846662970534617,0.01784666297053462,0.009013077455373856,0.8961592118421216,145176,15962086,16822,96875916,0.0014336106194690265,0.14254214159292036,5.2156549281863684,100,"(245, 144, 188)"
MN,Aqm_poly,10000,11300,0.002696818591489201,0.005379130643453089,0.005379130643453089,0.0026976616633072243,0.8961500928636635,56936,21048750,6598,91887716,0.0005622477876106195,0.18677598230088496,4.448733457966201,100,"(220, 130, 182)"
MN,Ast_poly,10000,11300,0.0025283131270493293,0.00504387376185538,0.00504387376185538,0.0025308351589749837,0.7172855796418474,38052,14997301,14998,97949649,0.0004694690265486726,0.13305622123893807,4.002364693265079,100,"(202, 108, 145)"
MN,Adt_poly,10000,11300,0.010238669711629884,0.02026980359908909,0.02026980359908909,0.010259245728555631,0.8362004387607683,125022,12061254,24490,100789234,0.0013231150442477877,0.10784315044247787,2.969505041669193,100,"(246, 152, 166)"
MN,Aqp_poly,10000,11300,0.01905703271720866,0.03740130749384081,0.03740130749384082,0.019342864309004264,0.563248612328367,1928,97747,1495,112898830,3.0292035398230087e-05,0.0008820796460176991,9.375497577126477,100,"(244, 130, 33)"
MN,Agl_poly,10000,11300,0.0330166595621727,0.06392280174100247,0.06392280174100247,0.03358487893060339,0.6611852694952466,433360,12470066,222069,99874505,0.005800256637168141,0.11418961061946903,4.940543634924062,100,"(224, 185, 216)"
MN,Agt_poly,10000,11300,0.0021966661234379212,0.0043837027156252055,0.0043837027156252055,0.0028026127972036454,0.010057790601676742,30274,10771789,2979731,99218206,0.02663721238938053,0.0955934778761062,6.289050069328062,100,"(250, 203, 223)"
MN,Agn_poly,10000,11300,0.03880369511425462,0.07470842719708795,0.07470842719708795,0.038943674993198764,0.9152221997339964,759693,18747788,70371,93422148,0.007345699115044247,0.17263257522123893,5.254989139565507,100,"(188, 125, 182)"
MN,Ags_poly,10000,11300,0.038004593133122176,0.07322625233942132,0.07322625233942132,0.0383772718844728,0.7964829014960042,650122,16290165,166119,95893594,0.007223371681415929,0.14991404424778762,4.940543634924062,100,"(221, 167, 203)"
MN,Aql_poly,10000,11300,0.017351014449531472,0.034110182627418446,0.03411018262741845,0.017394600620600054,0.8738096303357987,253895,14342301,36666,98367138,0.0025713362831858407,0.12916987610619468,2.5212931364482682,100,"(182, 138, 163)"
MN,Aqg_poly,10000,11300,1.3892746377148007e-06,2.778545415266926e-06,2.778545415266926e-06,1.5137224617617938e-06,1.6898171617830952e-05,12,7927465,710124,104362399,0.0062843893805309735,0.07015466371681416,4.010367833854895,100,"(239, 219, 235)"
MN,Aqt_poly,10000,11300,0.003490288925208648,0.006956298359293407,0.006956298359293406,0.0034930658185094495,0.8144867032641925,49555,14137123,11287,98802035,0.000538424778761062,0.12554582300884956,2.5212931364482682,100,"(192, 140, 163)"
MN,Aqs_poly,10000,11300,0.5829563257719687,0.7365412630543363,0.7365412630543364,0.6652167943123913,0.8249973889074734,2180115,1097185,462457,109260243,0.02338559292035398,0.029002654867256637,8.085238093692407,100,"(173, 206, 237)"
MN,Aqa_poly,10000,11300,0.04412985713799746,0.08452944207334363,0.08452944207334363,0.04442663061056493,0.8685280698274152,35026,753375,5302,112206297,0.00035688495575221237,0.006977,4.253918335411946,100,"(62, 186, 124)"
MN,Asc_poly,10000,11300,0.17836396336799454,0.3027315310257715,0.3027315310257715,0.23105969309873864,0.43886063072227877,8628,28713,11032,112951627,0.00017398230088495575,0.00033045132743362833,9.457070892106328,100,"(249, 157, 30)"
MN,Aks_poly,10000,11300,0.004881259592582454,0.009715097273406222,0.009715097273406222,0.0059324663284874265,0.026808790986029698,1587,265924,57610,112674879,0.0005238672566371681,0.002367353982300885,4.280745736073107,100,"(237, 232, 18)"
MN,Akc_poly,10000,11300,0.0034669665898943982,0.006909976522049895,0.0069099765220498955,0.0034785473241264906,0.5101365923795831,3548,1016418,3407,111976627,6.154867256637168e-05,0.00902624778761062,4.407734685422055,100,"(167, 176, 57)"
MN,Akv_poly,10000,11300,0.0021974730287807583,0.004385309458304037,0.0043853094583040375,0.0023653845137350873,0.030026503841379542,895,377479,28912,112592714,0.0002637787610619469,0.0033484424778761064,3.969371234562319,100,"(213, 204, 37)"
MN,Ams_poly,10000,11300,0.04446231376061861,0.08513914417942126,0.08513914417942126,0.04489068867976897,0.8233009130584653,718922,15296025,154297,96830756,0.007727601769911504,0.14172519469026548,5.254989139565507,100,"(177, 138, 191)"
MN,Aif_poly,10000,11300,0.008125696616690038,0.016120403723385284,0.016120403723385284,0.008170118414498948,0.5991163475699558,4068,493844,2722,112499366,6.008849557522124e-05,0.004406300884955752,3.543942999547841,100,"(201, 36, 43)"
MN,Asg_poly,10000,11300,0.014387205729606,0.028366299670071034,0.028366299670071038,0.014432602450219595,0.8205957789214289,244755,16713725,53510,95988010,0.0026395132743362833,0.15007504424778761,5.338770950761908,100,"(199, 160, 203)"
MN,Avs_poly,10000,11300,0.003632281930646804,0.007238272415190811,0.007238272415190812,0.05156694550279191,0.0038923112927903877,7268,133675,1860003,110999054,0.016524522123893805,0.001247283185840708,6.135097894059676,100,"(204, 231, 212)"
MN,Acv_poly,10000,11300,0.2415570380852556,0.3891195179526956,0.38911951795269567,0.27365448534119113,0.6731441292961369,312040,828230,151516,111708214,0.004102265486725664,0.010090884955752213,6.995654836107131,100,"(165, 218, 210)"
MN,Aag_poly,10000,11300,0.02138338048750924,0.04187140871100309,0.04187140871100309,0.021522306275550344,0.7681267753027359,82208,3737457,24816,109155519,0.0009471150442477876,0.03380234513274336,4.752478914391928,100,"(205, 149, 126)"
MN,Amv_poly,10000,11300,1.653657891255457e-05,3.3072610917268865e-05,3.3072610917268865e-05,0.00104948388395296,1.6801032734165544e-05,73,69485,4344898,108585544,0.03845107079646018,0.0006155575221238938,6.135097894059676,100,"(229, 241, 214)"
MN,Auv_poly,10000,11300,0.0025604736373495613,0.005107868711520232,0.005107868711520233,0.0025820874804944882,0.23423623445825933,7385,2852704,24143,110115768,0.0002790088495575221,0.025310522123893807,6.659309685962305,100,"(103, 168, 188)"
MN,Amm_poly,10000,11300,0.008759527580818336,0.017366929067476,0.017366929067475997,0.008777006515294075,0.8147659854976929,4944,558346,1124,112435586,5.3699115044247785e-05,0.004984867256637168,3.8567719176855184,100,"(122, 164, 66)"
MN,Amg_poly,10000,11300,0.14637900143672405,0.25537627826970216,0.25537627826970216,0.1489293617438522,0.8952645247244463,2357287,13470935,275775,96896003,0.023301433628318585,0.1400727610619469,5.503865922907472,100,"(246, 173, 203)"
MN,Amt_poly,10000,11300,0.03864700426553497,0.07441797666929906,0.07441797666929906,0.038873867854528225,0.8688059876111848,549525,13586578,82981,98780916,0.005597398230088496,0.12509825663716814,5.575980629198103,100,"(176, 163, 207)"
MN,Amd_poly,10000,11300,0.12425307672081445,0.22104111484085393,0.22104111484085395,0.12829827674473362,0.7976049572636156,2032441,13809089,515739,96642731,0.022550265486725663,0.14019053097345133,5.545182765011442,100,"(199, 177, 215)"
MN,Amn_poly,10000,11300,0.15852855585111925,0.27367224579916444,0.27367224579916444,0.16347190605258793,0.8398049232773036,456502,2336039,87079,110120380,0.004810451327433628,0.02471275221238938,4.762159018370847,100,"(153, 197, 200)"
MN,Psq_poly,10000,11300,0.8265410641343268,0.9050341986437176,0.9050341986437176,0.8923281641529223,0.918107307374774,1738158,209733,155039,110897070,0.01675395575221239,0.017237973451327434,4.905130708578906,100,"(254, 225, 145)"
MN,Pmy_poly,10000,11300,0.023706965803202865,0.04631592163603639,0.0463159216360364,0.023842069650892667,0.8070846161653754,71565,2930062,17106,109981267,0.0007846991150442478,0.026563070796460177,4.46485538294036,100,"(248, 150, 121)"
MN,Pmi_poly,10000,11300,0.010960533028511809,0.021683404387068575,0.02168340438706857,0.010997680516880635,0.7644240201178296,128583,11563246,39626,101268545,0.001488575221238938,0.10346751327433629,8.203996739725488,100,"(184, 120, 118)"
MN,Pgu_poly,10000,11300,0.022312640197265324,0.04365130454214061,0.04365130454214061,0.02244392243113396,0.7922964396832132,358549,15616778,93995,96930678,0.004004814159292035,0.14137457522123895,5.224242789150254,100,"(181, 104, 146)"
MN,Pgr_poly,10000,11300,0.03050593074754242,0.05920573543019402,0.05920573543019403,0.0341228539089193,0.2234817291495103,148987,4217207,517676,108116130,0.005899672566371681,0.03863888495575221,5.710584359770596,100,"(253, 210, 193)"
MN,Pgk_poly,10000,11300,0.015027518756758071,0.029610071607052216,0.029610071607052216,0.015035090234959133,0.9675755770113003,183492,12020758,6149,100789601,0.0016782389380530973,0.10800221238938053,4.232690888814791,100,"(241, 113, 146)"
MN,Pgd_poly,10000,11300,0.030510907235154542,0.05921510780902815,0.05921510780902815,0.03059171116544,0.9203262256175789,506450,16048688,43844,96401018,0.004869858407079646,0.1465056460176991,3.719461222359756,100,"(221, 118, 161)"
MN,Pgp_poly,10000,11300,0.01260251300608746,0.024891332668481533,0.024891332668481533,0.012615883911864622,0.9224257792315027,173155,13552003,14562,99260280,0.0016612123893805309,0.12146157522123893,3.785740003992437,100,"(223, 147, 163)"
MN,Pga_poly,10000,11300,0.00135351556888025,0.0027033720815596326,0.002703372081559633,0.0013538132916143051,0.8602326055906958,8432,6219901,1370,106770297,8.674336283185841e-05,0.055117991150442476,5.348166264338791,100,"(118, 113, 180)"
MN,Pgm_poly,10000,11300,0.007502389840447024,0.014893046242074204,0.014893046242074204,0.007511422699598378,0.861854330096021,94155,12440754,15092,100449999,0.000966787610619469,0.1109283982300885,3.0972909549976086,100,"(225, 165, 173)"
MN,Pdt_poly,10000,11300,0.01937476811864702,0.03801304235615915,0.038013042356159155,0.019410149688864613,0.9140073391088505,187058,9450065,17599,103345278,0.0018111238938053097,0.08528427433628319,6.150223761087798,100,"(249, 181, 178)"
MN,Pgt_poly,10000,11300,0.003576138828633406,0.0071267912623100985,0.0071267912623100985,0.003576755644411563,0.9539957178404027,16486,4592719,795,108390000,0.00015292920353982302,0.04078942477876106,4.2218420376104575,100,"(244, 112, 108)"
MN,Pdg_poly,10000,11300,0.001899990898286545,0.0037927755575345307,0.0037927755575345307,0.0019002410266980184,0.9352094452531133,28912,15186000,2003,97783085,0.00027358407079646017,0.1346452389380531,4.3063699640508695,100,"(201, 125, 155)"
MN,Pas_poly,10000,11300,4.738032598296014e-07,9.476060706803574e-07,9.476060706803574e-07,1.0952626604149074e-06,8.350321598719172e-07,3,2739066,3592673,106668258,0.03179359292035398,0.02423954867256637,3.9036455367401963,100,"(227, 224, 240)"
MN,Pac_poly,10000,11300,0.013976432942344982,0.02756756959683635,0.027567569596836355,0.014012355156588385,0.8450058421555784,47731,3358620,8755,109584894,0.0004998761061946903,0.03014469911504425,5.348166264338791,100,"(115, 126, 188)"
MN,Pai_poly,10000,11300,0.14683427135203064,0.256068858456635,0.256068858456635,0.15233639127653795,0.8025814075872703,86930,483715,21383,112407972,0.0009585221238938053,0.00504995575221239,4.264106657897379,100,"(238, 28, 37)"
MN,Paq_poly,10000,11300,0.029944009842625473,0.05814686925981713,0.05814686925981712,0.03036036752810587,0.6858789311430408,62963,2010892,28836,110897309,0.0008123805309734513,0.01835269911504425,4.905130708578906,100,"(231, 216, 147)"
MN,Pag_poly,10000,11300,0.01490528229506416,0.029372755379414285,0.029372755379414285,0.014980241525977617,0.7486647139903515,52143,3428642,17505,109501710,0.000616353982300885,0.030803407079646017,4.762159018370847,100,"(128, 188, 199)"
MN,Psi_poly,10000,11300,0.06165821969590905,0.11615455624423052,0.11615455624423052,0.062323106532321974,0.8524970963995354,13212,198780,2286,112785722,0.00013715044247787612,0.0018760353982300885,9.375497577126477,100,"(240, 101, 34)"
MN,PMm_poly,10000,11300,0.05795392326159289,0.10955850153270433,0.10955850153270433,0.058711155158269156,0.8179631981409927,30272,485337,6737,112477654,0.00032751327433628316,0.004562911504424779,6.357017768671118,100,"(87, 122, 188)"
NH_Hartland,Kmd_poly,15403,11199,0.011373634954311202,0.02249146025014782,0.02249146025014782,0.011382826646335652,0.9337085678549093,2986,259339,212,172235660,1.8539324211023493e-05,0.0015207405327256841,11.74151612909071,45,"(236, 40, 45)"
NH_Hartland,Msz_poly,15403,11199,0.0002537217262309377,0.0005073147356913934,0.0005073147356913934,0.00025422709972180746,0.11318758815232723,1605,6311648,12575,166172369,8.220375775869704e-05,0.0365989506545393,9.966708823589737,45,"(184, 185, 143)"
NH_Hartland,KDq_poly,15403,11199,0.0,0.0,0.0,0.0,0.0,0,7812,9539,172480846,5.529912872074831e-05,4.5287429873832245e-05,12.68135048350272,45,"(254, 254, 254)"
NH_Hartland,DSm_poly,15403,11199,0.05129089288584328,0.09757697556962061,0.0975769755696206,0.052988429536249354,0.615538381283453,140416,2509521,87703,169760557,0.0013224428079094647,0.015362114190677598,7.477492112508211,45,"(230, 218, 166)"
NH_Hartland,Dgm_poly,15403,11199,0.23087066837434272,0.37513391830071363,0.3751339183007136,0.2623735998118695,0.6578642997848775,2379807,6690492,1237667,162190231,0.0209710829615222,0.052581993074397176,7.826708781245573,45,"(161, 183, 203)"
NH_Hartland,Dgq_poly,15403,11199,0.11980226031521356,0.21397038488114922,0.21397038488114925,0.16489331865333975,0.3046402047870748,1928399,9766429,4401688,156401681,0.03669654008035806,0.06779681297190603,8.06044403715919,45,"(180, 176, 201)"
NH_Hartland,Dgqs_poly,15403,11199,0.524554171832947,0.6881410730092771,0.6881410730092771,0.5904998220806668,0.8244701522153525,7603643,5272979,1618817,158002758,0.0534640950479036,0.07464786429043081,7.826708781245573,45,"(175, 189, 225)"
NH_Hartland,Dgqc_poly,15403,11199,0.02115068617914152,0.04142520093343214,0.04142520093343213,0.021700370221263206,0.4550363040614829,167204,7537918,200248,164592827,0.002130178786738275,0.04466784078908373,10.211985188696525,45,"(114, 139, 169)"
NH_Hartland,Dgqcm_poly,15403,11199,0.007310873943190708,0.01451562597467407,0.01451562597467407,0.007416378499832677,0.33946024799416485,2327,311438,4528,172179904,3.973954579942653e-05,0.001818946548177544,5.2352825667612555,45,"(237, 223, 131)"
NH_Hartland,Dgqq_poly,15403,11199,3.899436572244009e-05,7.798569044234596e-05,7.798569044234596e-05,3.8994370337191956e-05,0.9969742813918305,3295,84496082,10,87998810,1.9159620549541163e-05,0.4898565809357416,9.39508814659143,45,"(191, 26, 139)"
NH_Hartland,Dgab_poly,15403,11199,0.0003371477689192706,0.0006740682772227762,0.0006740682772227762,0.00033715250792074123,0.9599777654252363,1727,5120584,72,167375814,1.0429094513955992e-05,0.02969486689765227,3.6996903661654117,45,"(204, 90, 158)"
NH_Hartland,Dgg_poly,15403,11199,0.1069771757283355,0.19327801525437935,0.19327801525437935,0.1447389343130445,0.29079934088845544,34590,204392,84358,172174857,0.0006895608305981308,0.0013854173791741139,6.3720809581313,45,"(89, 184, 72)"
NH_Hartland,Dgh_poly,15403,11199,0.0355157152783429,0.06859522217641362,0.06859522217641363,0.03561018595928328,0.9304949650670777,28368,768258,2119,171699452,0.00017673807918119864,0.00461817000904653,11.82230848322052,45,"(241, 101, 57)"
NH_Hartland,Dgf_poly,15403,11199,0.00015455838631019283,0.0003090690034139595,0.0003090690034139595,0.00015457242787720143,0.629822968679074,2775,17949974,1631,154543817,2.554229595802674e-05,0.10407499505632514,9.475560093996993,45,"(163, 132, 137)"
NH_Hartland,DSwl_poly,15403,11199,0.057811056027348734,0.10930317980313127,0.10930317980313128,0.6052956508697045,0.06007577675925651,746611,486854,11681210,159583522,0.07204609216871989,0.007150596478408409,7.609072912834173,45,"(253, 251, 204)"
NH_Hartland,DSws_poly,15403,11199,0.01271726785237862,0.02511513974546425,0.02511513974546425,0.026614800367505076,0.023775466681579788,120739,4415797,4957563,163004098,0.029439739593336154,0.026299034302370128,9.12554989074272,45,"(199, 219, 239)"
NH_Hartland,DSwq_poly,15403,11199,4.868463571504876e-05,9.736453127336091e-05,9.736453127336091e-05,4.869410211839328e-05,0.2002739726027397,731,15011354,2919,157483193,2.1159641454107487e-05,0.08702748933659869,10.211985188696525,45,"(125, 120, 184)"
NH_Hartland,DSwv_poly,15403,11199,0.34985351525227587,0.5183577496361023,0.5183577496361023,0.5652591099808341,0.4786431898406333,458320,352494,499220,171188163,0.005551014541908516,0.004700420144101564,1.728679572177542,45,"(252, 183, 37)"
NH_Hartland,DSwvp_poly,15403,11199,0.03766951995970146,0.0726040791121327,0.0726040791121327,0.037730904111835946,0.9585994473886851,21163,539730,914,171936390,0.00012798394640611808,0.003251587609347592,9.445596596443083,45,"(237, 66, 98)"
NH_Hartland,DSwgs_poly,15403,11199,0.21362691236503759,0.3520470915542492,0.3520470915542492,0.28634225127632557,0.45688515059513896,268770,669862,319496,171240069,0.003410273325929314,0.0054414018020141975,5.2352825667612555,45,"(240, 210, 123)"
NH_Hartland,DSwa_poly,15403,11199,0.5809915653754402,0.7349711131918295,0.7349711131918295,0.7304867516341473,0.7395108726348489,327326,120767,115299,171934805,0.002565968848938172,0.0025976677309850374,11.261719049559888,45,"(75, 173, 121)"
NH_Hartland,DSwhg_poly,15403,11199,0.578422511858003,0.7329121417270291,0.7329121417270291,0.7257517184694324,0.7402152654642156,851195,321651,298734,171026617,0.006666324750049416,0.006799178312571001,6.3720809581313,45,"(130, 196, 110)"
NH_Hartland,DSwf_poly,15403,11199,0.008093978354670852,0.016057983736558343,0.016057983736558343,0.008324437075992897,0.22622413850730305,33842,4031538,115753,168317064,0.0008672264557060849,0.023567666623205343,14.64905185472758,45,"(159, 156, 149)"
NH_Hartland,DSwss_poly,15403,11199,0.008357003300113287,0.016575485215579003,0.016575485215579003,0.665359477124183,0.008392277126510693,509,256,60142,172437290,0.0003516036750227598,4.434828962299241e-06,10.540237498337119,45,"(245, 238, 32)"
NH_Hartland,Dl_poly,15403,11199,0.04186533708998074,0.08036611949662174,0.08036611949662174,0.042271036556564306,0.8135050067899433,769182,17427249,176334,154125432,0.005481309465512848,0.10548765909709769,9.522292051340429,45,"(159, 148, 190)"
NH_Hartland,Dlc_poly,15403,11199,0.0002788587846195393,0.0005575620881528263,0.0005575620881528265,0.00027889414745346666,0.687427764222422,5353,19188309,2434,153302101,4.514250082277672e-05,0.11126876879762401,4.954089182305556,45,"(244, 142, 168)"
NH_Hartland,Sfm_poly,15403,11199,0.015865894381579416,0.031236198536299855,0.031236198536299855,0.01587215306843507,0.9757494748902044,30660,1901025,762,170565750,0.00018215842569067547,0.011198290959528116,9.445596596443083,45,"(235, 11, 117)"
NH_Hartland,Sfgr_poly,15403,11199,0.01706448135989271,0.033556341161528315,0.03355634116152832,0.01726800797625441,0.591472978753743,4148,236065,2865,172255119,4.0655497402097486e-05,0.0013925536856480882,9.67958889551692,45,"(16, 106, 103)"
NH_Hartland,Sfs_poly,15403,11199,0.0009930924900139033,0.0019842144715375458,0.0019842144715375458,0.0009973016417622299,0.19047994636589502,14490,14514715,61581,157907411,0.00044099591371381117,0.08422815572965091,9.068279860480027,45,"(223, 192, 219)"
NH_Hartland,Sfg_poly,15403,11199,0.26615830511668115,0.42041868546943456,0.4204186854694345,0.3095352159575496,0.6550880670710083,144084,321401,75862,171956850,0.0012750626025383907,0.002698491973223349,7.1823622117532775,45,"(169, 211, 147)"
NH_Hartland,Opp_poly,15403,11199,0.0036862490632112925,0.007345421074866466,0.007345421074866465,0.0036902083182115118,0.77455919395466,19065,5147310,5549,167326273,0.00014269134650723335,0.029950313045880705,8.995946093474107,45,"(205, 167, 120)"
NH_Hartland,Oqd_poly,15403,11199,0.003697776267663381,0.007368306187573476,0.007368306187573476,0.003699996943674838,0.8603562444301556,76268,20536722,12379,151872828,0.0005139010235567853,0.11949684320468579,9.475560093996993,45,"(193, 158, 172)"
NH_Hartland,Scq_poly,15403,11199,0.05696165789696577,0.10778377336847252,0.10778377336847252,0.05736144447260946,0.8909828439581705,119708,1967199,14647,170396643,0.0007788777061826333,0.01209813804604578,3.6996903661654117,45,"(192, 84, 143)"
NH_Hartland,Scd_poly,15403,11199,0.3653571601062545,0.5351818129079453,0.5351818129079453,0.4070607885594734,0.780998476144853,189118,275476,53031,171980572,0.0014037769913618286,0.00269332670184373,9.67958889551692,45,"(22, 131, 136)"
NH_Hartland,Op_poly,15403,11199,0.4968462687800349,0.6638574436705199,0.6638574436705198,0.5524591261971591,0.8315272996276674,2441434,1977778,494650,167584335,0.01702095471757308,0.025618888062928565,4.798743519769209,45,"(234, 202, 157)"
NH_Hartland,Opa_poly,15403,11199,0.004938861414903095,0.009829177882422475,0.009829177882422475,0.004963374835365181,0.5,765,153364,765,172343303,8.869657924598482e-06,0.0008935107884055159,7.341085714704544,45,"(186, 215, 119)"
NH_Hartland,Otp_poly,15403,11199,0.044775087497507804,0.08571239500887239,0.08571239500887237,0.04485825158502205,0.9602408387833489,980500,20877240,40598,150599859,0.005919470566988013,0.12671286065674067,4.954089182305556,45,"(246, 163, 185)"
NH_Hartland,Ot_poly,15403,11199,0.003744223873903231,0.007460513913499948,0.007460513913499948,0.003761898757264787,0.4434908501274033,76582,20280691,96098,152044826,0.001001053941450762,0.1180144103187351,9.068279860480027,45,"(248, 201, 207)"
NH_Hartland,Oa_poly,15403,11199,0.26623498415618324,0.4205143397354509,0.4205143397354509,0.48594254139055654,0.3706141639170975,5848197,6186553,9931548,150531899,0.09147773874993023,0.06976739588762194,7.5237118119640165,45,"(251, 213, 194)"
NH_Hartland,Oaf_poly,15403,11199,0.27824277740345105,0.4353520040514642,0.4353520040514642,0.34614934172001555,0.5864905901002637,263051,496884,185466,171552796,0.002600125727690939,0.004405466336555391,1.728679572177542,45,"(251, 177, 23)"
NH_Hartland,Oafa_poly,15403,11199,0.024332679201943885,0.04750932913885251,0.04750932913885251,0.02452757838936017,0.7538284118006515,164070,6525135,53579,165755413,0.0012617465213274083,0.03877840531863646,4.798743519769209,45,"(252, 218, 181)"
NH_Hartland,Oaa_poly,15403,11199,0.17424354790863245,0.2967758234123851,0.2967758234123851,0.19795728268043458,0.5925931115657316,42291,171346,29075,172255485,0.0004137202663051603,0.0012384883072140169,14.224988249030126,45,"(79, 133, 71)"
NH_Hartland,Oag_poly,15403,11199,0.04088977794297605,0.07856696993178877,0.07856696993178877,0.04110546522010558,0.8862697173901082,306044,7139292,39273,165013588,0.002001858604933708,0.04316181925078324,9.119142488693232,45,"(249, 181, 124)"
NH_Hartland,Oarq_poly,15403,11199,0.0403611188523989,0.07759059449841883,0.07759059449841882,0.04084407425466652,0.773416529645713,55034,1292383,16123,171134657,0.00041250865943833604,0.0078111946874436025,10.195179424871654,45,"(225, 143, 39)"
NH_Hartland,Oarr_poly,15403,11199,0.20389267990074442,0.3387223517590529,0.3387223517590529,0.22343643779741673,0.6997924096449673,52588,182772,22560,172240277,0.000435645133148841,0.0013644200582571887,10.195179424871654,45,"(179, 126, 55)"
NM_Sunshine,Qa_poly,13200,12000,0.0,0.0,0.0,0.0,0.0,0,583761,1007125,156809114,0.0063581123737373735,0.0036853598484848484,0.5863019541518829,20,"(255, 252, 215)"
NM_Sunshine,Qsw_poly,13200,12000,0.0,0.0,0.0,0.0,0.0,0,1281318,7619472,149499210,0.048102727272727276,0.008089128787878788,3.746696553893757,20,"(253, 235, 219)"
NM_Sunshine,Qsa_poly,13200,12000,0.40744507368736066,0.5789853988687412,0.5789853988687412,0.5498923531364771,0.6113288533398276,160656,131503,102142,158005699,0.0016590782828282827,0.0018444381313131313,6.178491657998946,20,"(253, 207, 126)"
NM_Sunshine,Qay_poly,13200,12000,0.007512677943036965,0.014913316938849914,0.014913316938849914,0.028825267846762894,0.010058688135829654,42399,1428498,4172763,152756340,0.02661087121212121,0.009285965909090909,4.128478010495137,20,"(235, 219, 149)"
NM_Sunshine,Qai_poly,13200,12000,0.049211194067197345,0.09380607897716652,0.09380607897716653,0.08749298777738677,0.10110106648815023,219287,2287051,1949701,153943961,0.01369310606060606,0.015822840909090908,6.941862992406024,20,"(213, 192, 110)"
NM_Sunshine,Qao3_poly,13200,12000,1.3875450258360884e-06,2.775086201115122e-06,2.7750862011151225e-06,0.00010910677916787896,1.4054161929242917e-06,3,27493,2134596,156237908,0.013476003787878789,0.00017358585858585858,10.05584799721993,20,"(230, 179, 35)"
NM_Sunshine,Qao2_poly,13200,12000,0.01960126474903455,0.03844888276763607,0.03844888276763607,0.025564586287852607,0.07751634986759302,128709,4905951,1531702,151833638,0.010482392676767677,0.0317844696969697,6.178491657998946,20,"(229, 199, 144)"
NM_Sunshine,Qao1_poly,13200,12000,0.0015661477215853598,0.0031273974767380345,0.0031273974767380345,0.0023873307837703464,0.00453244401489042,3414,1426635,749822,156220129,0.0047552777777777775,0.00902808712121212,3.4651828410842014,20,"(253, 231, 170)"
NM_Sunshine,Qac_poly,13200,12000,0.0,0.0,0.0,0.0,0.0,0,27982,18375,158353643,0.00011600378787878788,0.0001766540404040404,10.43628567302456,20,"(253, 228, 81)"
NM_Sunshine,Qf_poly,13200,12000,0.0023947715383415796,0.004778100617317475,0.0047781006173174745,0.02066461472213115,0.0027013559233129637,4223,200136,1559066,156636575,0.009869248737373737,0.001290145202020202,6.495329532065184,20,"(254, 249, 175)"
NM_Sunshine,Qls_poly,13200,12000,0.0,0.0,0.0,0.0,0.0,0,737339,364670,157297991,0.002302209595959596,0.00465491792929293,0.5863019541518829,20,"(254, 251, 216)"
NM_Sunshine,Qt_poly,13200,12000,0.0,0.0,0.0,0.0,0.0,0,5991560,24155,152384285,0.00015249368686868687,0.037825505050505054,3.4651828410842014,20,"(253, 233, 187)"
NM_Sunshine,Qc_poly,13200,12000,2.9708857908191455e-05,5.9415950636347974e-05,5.941595063634799e-05,3.2240521798345603e-05,0.0003781966622643775,189,5861999,499551,152038261,0.0031549242424242425,0.037008762626262626,3.746696553893757,20,"(253, 230, 204)"
NM_Sunshine,QTsf_poly,13200,12000,0.6096344674453513,0.7574818752643901,0.75748187526439,0.627068582240996,0.9563838257789723,1554271,924359,70883,155850487,0.010259810606060606,0.015647916666666668,10.814760281940591,20,"(204, 125, 93)"
NM_Sunshine,Tsb_poly,13200,12000,0.668120834417417,0.8010460880680205,0.8010460880680205,0.6905811957075224,0.9535801047534623,10944462,4903728,532772,142019038,0.07245728535353535,0.10005170454545455,11.373906548355343,20,"(247, 175, 205)"
NM_Sunshine,Tb_poly,13200,12000,0.013181208081281462,0.026019448399054814,0.026019448399054818,0.013188669806116117,0.9588441985645934,102604,7677104,4404,150615888,0.0006755555555555555,0.04911431818181818,6.062527186560924,20,"(227, 148, 138)"
NM_Sunshine,Tao_poly,13200,12000,0.033471054512163395,0.06477405316003354,0.06477405316003354,0.0335401634392115,0.94200975031049,254093,7321690,15642,150808575,0.0017028724747474746,0.04782691287878788,6.062527186560924,20,"(248, 171, 160)"
NM_Sunshine,Tag_poly,13200,12000,0.04767254255528201,0.09100657050533803,0.09100657050533803,0.04774110168134827,0.9707574492002404,621775,12402118,18730,145357377,0.004043592171717172,0.08222154671717172,3.3359769182561907,20,"(244, 132, 144)"
NM_Sunshine,Tvc_poly,13200,12000,0.02606130465058107,0.05079872817044999,0.05079872817044999,0.026099015952727383,0.947468933107869,385491,14384836,21373,143608300,0.0025685858585858586,0.09324701388888888,3.3359769182561907,20,"(244, 134, 156)"
NM_Sunshine,Tmd_poly,13200,12000,0.02497106236413427,0.048725399732822854,0.04872539973282285,0.025589469116157962,0.5081873024992818,1769,67361,1712,158329158,2.19760101010101e-05,0.00043642676767676765,15.402301228631872,20,"(239, 63, 68)"
NM_Volcanoes,Qa_poly,14663,10775,0.05321768919600712,0.10105734026672455,0.10105734026672455,0.05694850905639484,0.4482250198480209,177840,2944981,218925,154652079,0.002511269032191606,0.019765462352721697,8.595456935751256,5,"(236, 224, 149)"
NM_Volcanoes,QTs_poly,14663,10775,0.0025385396611403,0.005064223589844896,0.005064223589844896,0.002551909209480833,0.32639208467556374,8511,3326639,17565,154641110,0.0001650444249957237,0.021109369306047246,7.368303564351832,5,"(250, 189, 136)"
NM_Volcanoes,Qac_poly,14663,10775,0.027196164814719252,0.0529522320006418,0.052952232000641794,0.02764573124860216,0.6258054420265842,67985,2391165,40651,155494024,0.00068759649309079,0.01556484881608506,7.368303564351832,5,"(234, 201, 158)"
NM_Volcanoes,Qaa_poly,14663,10775,0.018923008765860432,0.03714315724164548,0.037143157241645484,0.03628539611835826,0.03804245397094903,68427,1817373,1730274,154377751,0.011384628481524516,0.011935909520514489,8.595456935751256,5,"(238, 241, 196)"
NM_Volcanoes,QTa_poly,14663,10775,0.011741712283119042,0.02321088898592988,0.023210888985929882,0.026536691037097212,0.020625879691137976,1568,57520,74453,157860284,0.0004811643746203372,0.00037398929989827134,14.757863018825391,5,"(252, 184, 20)"
NV_HiddenHills,Qas_poly,14925,9338,0.0,0.0,0.0,0.0,0.0,0,421904,358214,138589532,0.0025702439519651515,0.0030272301035411944,8.046926818272478,14,"(254, 251, 234)"
NV_HiddenHills,Qayy_poly,14925,9338,6.309445342651093e-05,0.00012618094553523045,0.00012618094553523045,6.316599592626185e-05,0.05276755656462851,1348,21339248,24198,118004856,0.00018329672206251503,0.1531222615540758,2.8323185427037254,14,"(254, 251, 207)"
NV_HiddenHills,Qay_poly,14925,9338,0.4956465967773219,0.6627857113375505,0.6627857113375504,0.5376940766936387,0.8637271978638221,11312914,9726771,1784872,116545093,0.09397875362390593,0.1509631759855894,3.5957110523911404,14,"(254, 247, 147)"
NV_HiddenHills,Qayo_poly,14925,9338,0.013960028509599414,0.02753565844231354,0.02753565844231354,0.2449300620162057,0.014587829612963845,21643,66721,1461991,137819295,0.010645316250704511,0.0006340261312272794,4.605327102439633,14,"(252, 241, 3)"
NV_HiddenHills,Qau_poly,14925,9338,0.008365235265301932,0.01659167724698686,0.01659167724698686,0.008380206250143862,0.8240226902534187,174027,20592407,37165,118566051,0.0015153370909663617,0.14900255543441487,3.5957110523911404,14,"(254, 236, 143)"
NV_HiddenHills,Qai_poly,14925,9338,0.7658443946756053,0.8673973731601586,0.8673973731601589,0.987853781063217,0.7731245126960016,7991175,98256,2345032,128935187,0.07416397328973705,0.05804298855597327,5.7823613531694,14,"(254, 222, 82)"
NV_HiddenHills,Qao_poly,14925,9338,0.015798694288234216,0.03110595510127977,0.031105955101279774,0.26353012447080537,0.016528450950890696,74822,209100,4452039,134633689,0.03248096698240973,0.002037186718916206,4.605327102439633,14,"(235, 220, 4)"
NV_HiddenHills,QTa_poly,14925,9338,0.024014246582079145,0.04690217282080421,0.0469021728208042,0.024620897099447325,0.4935728411338167,179700,7118978,184380,131886592,0.0026123334599749658,0.0523692066386046,6.472588870398282,14,"(231, 195, 30)"
NV_HiddenHills,Qfy_poly,14925,9338,0.0004291275902980746,0.0008578870375989564,0.0008578870375989564,0.00043004806036128133,0.1670071409201844,9238,21472082,46077,117842253,0.0003968941588071721,0.1541319792365124,2.8323185427037254,14,"(242, 244, 194)"
NV_HiddenHills,Qse_poly,14925,9338,0.0,0.0,0.0,0.0,0.0,0,278239,75974,139015437,0.0005451258577459297,0.0019964102657931623,12.75251697083371,14,"(227, 244, 253)"
NV_HiddenHills,Qsu_poly,14925,9338,0.0003566619481725299,0.0007130695715624837,0.0007130695715624837,0.0003624837589437991,0.021724433076556728,6523,17988766,293738,121080623,0.0021544217123311998,0.12911913748796816,7.779878515883994,14,"(228, 218, 184)"
NV_HiddenHills,Qby_poly,14925,9338,0.0,0.0,0.0,0.0,0.0,0,562347,5125038,133682265,0.03677298464909685,0.004034931565086086,8.046926818272478,14,"(225, 240, 221)"
NV_HiddenHills,Qbw_poly,14925,9338,0.0023185638881704413,0.0046264011696567275,0.0046264011696567275,0.002320215196403567,0.7651347607358981,31483,13537517,9664,125790986,0.0002952364449505326,0.0973597910305436,13.198456170476732,14,"(183, 200, 106)"
NV_HiddenHills,Qbo_poly,14925,9338,0.00019910575151965874,0.0003981322326219371,0.0003981322326219371,0.00023569067052381444,0.001281053856908039,1095,4644825,853670,133870060,0.00613307847153236,0.03333523475161199,8.454201249933995,14,"(196, 225, 186)"
OR_Camas,af_poly,18999,17998,0.0,0.0,0.0,0.0,0.0,0,19046,288802,341636154,0.0008445885826650646,5.56991784871255e-05,0.595674520571988,27,"(255, 255, 255)"
OR_Camas,Qac_poly,18999,17998,0.4132289576367913,0.5848011469108231,0.5848011469108232,0.49374859698180196,0.7170290046644591,2047728,2099581,808123,336988570,0.008351809019302523,0.012128620404928172,2.0578645190338154,27,"(254, 248, 195)"
OR_Camas,Qa_poly,18999,17998,3.690255053107665e-05,7.380237756618586e-05,7.380237756618586e-05,4.709387539345011e-05,0.0001704967544724952,98,2080852,574693,339288359,0.001680950672151284,0.0060856455671943616,5.423253664972641,27,"(254, 250, 221)"
OR_Camas,Qt_poly,18999,17998,0.0075538592217810115,0.01499445246056721,0.01499445246056721,0.0076217966144862094,0.4587152385038418,23522,3062627,27756,338830097,0.00014996022652855306,0.009025305260362484,6.602348648592581,27,"(254, 226, 183)"
OR_Camas,Qls_poly,18999,17998,5.228732132052875e-05,0.0001045691749990041,0.00010456917499900409,6.506357253232847e-05,0.0002662044006122701,84,1290961,315463,340337494,0.0009228031436562528,0.0037756035855250943,5.04091077649741,27,"(235, 228, 211)"
OR_Camas,Qh_poly,18999,17998,0.006225250843719419,0.012373473709787244,0.012373473709787242,0.01542990035963177,0.010327712278738334,19453,1241281,1864120,338819148,0.005508425323980387,0.0036869604164017477,12.275612620483296,27,"(243, 219, 227)"
OR_Camas,Qtds_poly,18999,17998,0.020214970881488045,0.03962884579908069,0.03962884579908069,0.020230767265387466,0.9628111031668442,197953,9586797,7646,332151606,0.0006012651159180151,0.028615065457413696,8.212063255681016,27,"(249, 190, 167)"
OR_Camas,Qtdwl_poly,18999,17998,0.003737478359372361,0.0074471232567331035,0.0074471232567331035,0.003783157411656723,0.23637275985663084,16487,4341513,53263,337532739,0.00020398076758778767,0.012744776847993959,2.0578645190338154,27,"(245, 245, 192)"
OR_Camas,Qtdl_poly,18999,17998,0.00039218004232847515,0.0007840525948771037,0.0007840525948771037,0.0003933388017570185,0.11748468322897732,1745,4434634,13108,337494515,4.343693678826395e-05,0.012973992741653647,2.5581845514468826,27,"(245, 238, 192)"
OR_Camas,Qlo_poly,18999,17998,6.791291391223207e-06,1.3582490539795339e-05,1.3582490539795339e-05,0.0004160772239327619,6.903931789153923e-06,5,12012,724220,341207765,0.002117963747760079,3.514318113408522e-05,5.0260776646533545,27,"(245, 248, 239)"
OR_Camas,Qfs_poly,18999,17998,0.002178444417064663,0.0043474182251680635,0.004347418225168063,0.004461107607878527,0.00423937948696387,11192,2497602,2628817,336806391,0.007720588706217458,0.007336856284439228,5.04091077649741,27,"(253, 235, 213)"
OR_Camas,Qfg_poly,18999,17998,3.7899233517922546e-05,7.579559444091175e-05,7.579559444091175e-05,0.0012079291009192976,3.912532252650741e-05,475,392760,12140000,329410767,0.03550427827068597,0.0011499982386004829,5.884182009773179,27,"(234, 244, 220)"
OR_Camas,Qbph_poly,18999,17998,0.06979530823275984,0.13048348164483478,0.1304834816448348,0.0699099035906151,0.9770532942963436,665769,8857474,15636,332405123,0.001992738565421598,0.02785029988623693,7.017576708851572,27,"(229, 157, 134)"
OR_Camas,Qbbb_poly,18999,17998,0.00023302623243281746,0.00046594388771695514,0.00046594388771695514,0.0002330369502727924,0.8351648351648352,1976,8477366,390,333464270,6.919261593013701e-06,0.02479745791827049,7.017576708851572,27,"(215, 153, 148)"
OR_Camas,Qaas_poly,18999,17998,0.0007051366492836277,0.0014092795638976647,0.0014092795638976645,0.0010630344376431008,0.002090032154340836,91,85513,43449,341814949,0.0001273307902619681,0.00025034508428078815,11.101518203393782,27,"(208, 236, 244)"
OR_Camas,QTc_poly,18999,17998,0.07227825799143968,0.13481250310312026,0.13481250310312026,0.10470632484988464,0.18921841829698846,462952,3958481,1983702,335538867,0.0071551306228205165,0.012930283830508598,7.166114699015482,27,"(219, 202, 179)"
OR_Camas,Qgwg_poly,18999,17998,0.12301104211294556,0.2190736110332455,0.2190736110332455,0.12619848670948966,0.829650917886212,244226,1691027,50146,339958603,0.0008608777995175947,0.0056595611815995536,3.1003491545723287,27,"(254, 231, 161)"
OR_Camas,QTfg_poly,18999,17998,0.005107749307199582,0.01016358556725933,0.01016358556725933,0.0051164202293181305,0.7508664552761596,20365,3959957,6757,337956923,7.931708069556956e-05,0.011640274362818039,8.40992288950667,27,"(201, 224, 168)"
OR_Camas,QTwh_poly,18999,17998,0.016403451022758968,0.0322774406290198,0.0322774406290198,0.016450944438913276,0.8503416951412618,40813,2440078,7183,339455928,0.0001403621637439922,0.007255255204037765,12.167560364832408,27,"(184, 167, 97)"
OR_Camas,Ttfh_poly,18999,17998,0.44185907043907857,0.6129018840995639,0.6129018840995639,0.5276055325127963,0.7310958914789669,1031501,923560,379396,339609545,0.004126105420033073,0.005717488795139036,3.1003491545723287,27,"(254, 239, 162)"
OR_Camas,Ttfc_poly,18999,17998,0.004145715604524064,0.008257199209435906,0.008257199209435906,0.0041524296997037255,0.7194146572664257,12143,2912169,4736,339014954,4.936188352851997e-05,0.00855202016381618,7.226325737582515,27,"(226, 193, 149)"
OR_Camas,Ta_poly,18999,17998,0.004184432550122471,0.008333992072544125,0.008333992072544127,0.004235780290420708,0.2566063977746871,369,86746,1069,341855818,4.205366936075106e-06,0.00025476393646466127,11.127020878437852,27,"(172, 204, 234)"
OR_Camas,Td_poly,18999,17998,0.0013515577141472988,0.002699466942923803,0.002699466942923803,0.001351751088203514,0.904286553141515,10780,7964061,1141,333968020,3.4862433410953644e-05,0.02332206721964961,14.416468626123724,27,"(243, 163, 200)"
OR_Camas,Tbem_poly,18999,17998,0.40921536588925017,0.580770513570188,0.5807705135701882,0.4184207227097407,0.9489808790931537,1421766,1976168,76437,338469631,0.004381427927488548,0.009937106602618519,15.538330257601167,27,"(177, 172, 212)"
OR_Camas,Tvs_poly,18999,17998,0.19465402739122048,0.3258751453193335,0.3258751453193335,0.210711260127194,0.7186546209254059,35319,132299,13827,341762557,0.0001437252875106726,0.000490191373498635,9.603443747939615,27,"(179, 220, 193)"
OR_Camas,Tmv_poly,18999,17998,0.08941832815072252,0.1641579287591192,0.1641579287591192,0.10775691046157916,0.3444424872291703,9777,80955,18608,341834662,8.301066792801939e-05,0.00026534169182473334,12.282088203088145,27,"(141, 195, 195)"
OR_Camas,Qbph-pattern_poly,18999,17998,0.0,0.0,0.0,0.0,0.0,0,21566,406859,341515577,0.0011898410196415727,6.306880621932944e-05,0.595674520571988,27,"(252, 252, 252)"
OR_Carlton,Qa_poly,10561,10513,0.0,0.0,0.0,0.0,0.0,0,23291,6966211,104038291,0.06274294761492737,0.00020977630348826263,2.1193132188330805,9,"(252, 249, 242)"
OR_Carlton,Qaf_poly,10561,10513,0.0,0.0,0.0,0.0,0.0,0,44636,361287,110621870,0.0032540230715024663,0.00040202546402052684,1.1657086601798488,9,"(244, 247, 240)"
OR_Carlton,Qls_poly,10561,10513,0.0,0.0,0.0,0.0,0.0,0,35204,196625,110795964,0.0017709529721085242,0.00031707376188230634,1.1657086601798488,9,"(249, 250, 242)"
OR_Carlton,Qff_poly,10561,10513,0.0,0.0,0.0,0.0,0.0,0,234861,15190183,95602749,0.136814238935651,0.002115335211607782,1.5840597377684242,9,"(248, 241, 224)"
OR_Carlton,Qtd_poly,10561,10513,0.0,0.0,0.0,0.0,0.0,0,25948,3716,110998129,3.346909723766193e-05,0.00023370724841842078,3.5642649958317256,9,"(254, 254, 254)"
OR_Carlton,Tk_poly,10561,10513,0.007129941500921511,0.0141589306545604,0.0141589306545604,0.007859779960127003,0.07130846631027507,21289,2687311,277259,108041934,0.0026889483428712306,0.024395693427860896,7.514469662642773,9,"(224, 236, 197)"
OR_Carlton,Tes_poly,10561,10513,0.4829191135545282,0.6513087721918702,0.6513087721918703,0.6637582026199595,0.63931774628455,1360472,689178,767534,108210609,0.019166426193844996,0.018460692990628032,7.514469662642773,9,"(254, 248, 194)"
OR_Carlton,Ty_poly,10561,10513,9.953827040310581e-07,1.990763426490634e-06,1.990763426490634e-06,2.323713160847425e-05,1.0399278824869608e-06,7,301235,6731229,103995322,0.06062658563338281,0.002713212537693152,1.5840597377684242,9,"(240, 234, 218)"
OR_Carlton,Tidb_poly,10561,10513,0.07514832512978326,0.13979154945102473,0.13979154945102473,0.0870719623229769,0.3543255585036506,382999,4015650,697925,105931219,0.009735616378504435,0.03961754873394628,20.559961493567375,9,"(205, 180, 201)"
