map,label,f1_zs,iou_zs,precision_zs,recall_zs,f1_pre,iou_pre,precision_pre,recall_pre,f1_sc,iou_sc,precision_sc,recall_sc,delta_e_nearest,n_legend_entries,gt_positive_frac,delta_pre_zs,ratio_pre_sc
AK_Hughes,I1_poly,0.11807570875531474,0.06274200790363395,0.06500057298540181,0.6435813283880728,0.14922228619222447,0.08062680087346401,0.08271786024148771,0.7613037431067298,0.0035700711618620717,0.0017882276308789588,0.0017882276308789588,1.0,0.0,84,0.0017882276308789,0.031146577436909725,41.79812654333573
AK_Hughes,I_poly,0.10650050920200772,0.056245332897937234,0.05758067747323451,0.7080568863632929,0.12521062971576122,0.06678650503377768,0.06790529799248582,0.8021219036679916,0.0028829997802903803,0.00144358081172671,0.00144358081172671,1.0,0.0,84,0.0014435808117267,0.018710120513753495,43.43067612136613
AK_Hughes,Tgmd_poly,0.08174781247746736,0.042615779619178513,0.04690049753422951,0.3180913462966692,0.25770794410121595,0.14791317174908084,0.1496804055896078,0.9260786184177953,0.006587911252328426,0.003304841627837811,0.003304841627837811,1.0,6.432348214498003,84,0.0033048416278378,0.17596013162374857,39.118308403157656
AK_Hughes,ad_poly,0.5106476664925512,0.3428655899641743,0.3807946420272027,0.7748889851486161,0.5184121879467779,0.34990311322036943,0.3610211773393913,0.9191063457996959,0.149059134210865,0.08053154855777349,0.0814131144867952,0.8814763439900494,10.304680381594492,84,0.0133219620463935,0.0077645214542266805,3.4778961429724347
AK_Hughes,afi_poly,2.055300955149736e-06,1.0276515336414576e-06,1.0290423183362992e-06,0.0007597821957705458,0.0032886527661698376,0.0016470346456065445,0.0016497816465467806,0.4972774471318222,0.00017227584296623878,8.6145341863813e-05,8.6145341863813e-05,1.0,7.800618935557282,84,8.6145341863813e-05,0.003286597465214688,19.089459726598587
AK_Hughes,agl_poly,0.09605524146652446,0.050450645186004006,0.05155646647298797,0.7016839501474645,0.10521087461469915,0.055526429408499355,0.05620115466502619,0.8222243364094758,0.002290582897450292,0.0011466046452203854,0.0011466046452203854,1.0,7.250930907597974,84,0.0011466046452203,0.009155633148174691,45.931921840424174
AK_Hughes,al1_poly,2.834432189290776e-05,1.4172361799446292e-05,1.975262838779047e-05,5.016379569812736e-05,0.004419993710056888,0.00221489175884973,0.002442638517968856,0.023204027062277262,0.009953374802508226,0.00500157869493156,0.00500157869493156,1.0,3.9657369675316,84,0.0050015786949315,0.00439164938816398,0.44406985547686406
AK_Hughes,al2_poly,0.0,0.0,0.0,0.0,0.0044341695707034055,0.002222011172515168,0.002782050897497975,0.01091754458242599,0.025616404630341153,0.012974380809492625,0.012974380809492625,1.0,0.0,84,0.0129743808094926,0.0044341695707034055,0.17309882611127198
AK_Hughes,al_poly,0.0,0.0,0.0,0.0,0.0007600609206189675,0.0003801749383663092,0.0004700630111115022,0.001984151963882391,0.01718043431592187,0.008664648369048433,0.008664648369048433,1.0,1.1052886132582609,84,0.0086646483690484,0.0007600609206189675,0.044239913068704284
AK_Hughes,als_poly,0.0,0.0,0.0,0.0,0.0001787472992055455,8.938163796596524e-05,9.07232457148387e-05,0.006007921555829168,0.001469640732674256,0.0007353607243740025,0.0007353607243740025,1.0,0.4240937450004616,84,0.000735360724374,0.0001787472992055455,0.12162652764821306
AK_Hughes,alsa_poly,0.0,0.0,0.0,0.0,0.00011626518050911843,5.8135969849073506e-05,5.881955170485465e-05,0.004977474204330766,0.0012002742437387018,0.0006004975027123184,0.0006004975027123184,1.0,0.0,84,0.0006004975027123,0.00011626518050911843,0.0968655131238734
AK_Hughes,altip_terr_poly,0.0,0.0,0.0,0.0,0.007900267174343905,0.0039657990230930465,0.004074060774173179,0.12985919143054594,0.0010097151061265004,0.0005051125629558056,0.0005051125629558056,1.0,0.678582896071079,84,0.0005051125629558,0.007900267174343905,7.8242537191021615
AK_Hughes,ao_poly,0.11103258024243888,0.05877951047810519,0.06183910237359606,0.5429668652454335,0.15254790320436573,0.08257204799461743,0.08360274645268784,0.8700900989611541,0.007734640382093593,0.003882334421342851,0.0038825076712599034,0.9886366993254887,8.146980835548218,84,0.0011078245147498,0.04151532296192685,19.722688537340176
AK_Hughes,av_poly,0.0002741074644772512,0.0001370725185388787,0.0001371043391298081,0.3713063763608087,0.00011469119384687657,5.7348885629517605e-05,5.734895083368934e-05,0.9805598755832037,5.6112347216572315e-05,2.8056960779248705e-05,2.8056960779248705e-05,1.0,0.2730329751185863,84,2.8056960779248705e-05,-0.00015941627063037462,2.0439564469511886
AK_Hughes,b_poly,0.004605245166406869,0.0023079368908088195,0.0023142591713742815,0.4579405366207397,0.018869260048269137,0.009524490064057497,0.009554972308617281,0.7490935460478607,0.00012033661265873971,6.017192677229232e-05,6.017192677229232e-05,1.0,12.856886204244804,84,6.017192677229232e-05,0.01426401488186227,156.80398202482323
AK_Hughes,bedrock_poly,0.0,0.0,0.0,0.0,0.011247660561869016,0.005655636621424035,0.006431786271962629,0.04476886711457454,0.005953969581150986,0.002985873691140598,0.002985873691140598,1.0,1.0343359047795049,84,0.0029858736911405,0.011247660561869016,1.8891027924423298
AK_Hughes,br_undiff_poly,0.0,0.0,0.0,0.0,0.019971964986684843,0.010086708184690192,0.07014087116970777,0.011643700569986804,0.12500322016682772,0.0666684985869415,0.0666684985869415,1.0,0.3963747162089032,84,0.0666684985869415,0.019971964986684843,0.15977160396372597
AK_Hughes,c_poly,0.0,0.0,0.0,0.0,0.09810027171551924,0.051580149182736346,0.06486328966307692,0.20119662461547144,0.02669560165608715,0.013528374881488794,0.013528374881488794,1.0,6.230360203507792,84,0.0135283748814887,0.09810027171551924,3.6747728325932054
AK_Hughes,d_poly,0.027672875733605513,0.014030570990549256,0.014257449172095102,0.46856772521062867,0.01669550647524348,0.008418024831664647,0.008445225849252214,0.7232663642255347,0.00010098686903454951,5.0495984232948e-05,5.0495984232948e-05,1.0,9.926040629906446,84,5.0495984232948e-05,-0.010977369258362034,165.3235379495886
AK_Hughes,ds_poly,0.043594541730422515,0.022282978994027897,0.022462241637268704,0.7362963693764799,0.038985813662399976,0.019880434284470977,0.01991680395722928,0.9158741120757695,0.008508474650525923,0.004272413184903122,0.004272839304910405,0.9771902131018153,6.81213590152606,84,0.0011056973345974,-0.004608728068022538,4.58199798009508
AK_Hughes,dt_poly,0.0,0.0,0.0,0.0,0.00018044279645671344,9.022953886351449e-05,9.097234056456666e-05,0.010929802955665025,0.00014171469899064925,7.086237061508537e-05,7.086237061508537e-05,1.0,0.4636106944331201,84,7.086237061508537e-05,0.00018044279645671344,1.2732821488660084
AK_Hughes,dta_poly,0.0,0.0,0.0,0.0,0.0031404079685390207,0.0015726734023117752,0.0015949867399360227,0.10105633802816902,0.0003097567170744098,0.00015490234955883812,0.00015490234955883812,1.0,0.4636106944331201,84,0.0001549023495588,0.0031404079685390207,10.138304661153262
AK_Hughes,dti_poly,0.0,0.0,0.0,0.0,0.0016598549975728536,0.000830616850551655,0.0008389987736898427,0.0767596794438544,0.00022593554894512343,0.00011298053763245678,0.00011298053763245678,1.0,0.908272599944042,84,0.0001129805376324,0.0016598549975728536,7.3465862513561735
AK_Hughes,f_poly,0.014797014537486492,0.007453653175944161,0.007468511645156931,0.7893197614797371,0.0019786682674234305,0.0009903138850412751,0.0009903231347351273,0.9906566903414485,0.0011481922687616804,0.0005744259100753026,0.0005744259100753026,1.0,0.0,84,0.0005744259100753,-0.012818346270063062,1.723290010964291
AK_Hughes,fd_poly,0.028342357870733817,0.014374888046043255,0.014425289096822157,0.8044674475619722,0.0006870901877982877,0.0003436631576909224,0.00034366432736675337,0.9901934077907927,0.000400375133286147,0.00020022764972904743,0.00020022764972904743,1.0,0.394750313443233,84,0.000200227649729,-0.02765526768293553,1.7161160388730392
AK_Hughes,fdi_poly,0.0015967919517117933,0.0007990339213232535,0.0007992622780594407,0.7366110623353819,4.2117878799733386e-05,2.105938288813473e-05,2.1059388806698774e-05,0.9868305531167691,2.484951887328049e-05,1.2424913813205395e-05,1.2424913813205395e-05,1.0,0.394750313443233,84,1.2424913813205396e-05,-0.0015546740729120599,1.6949172744354717
AK_Hughes,fi_poly,0.0053254719224002664,0.00266984505363528,0.0026719070736738347,0.7757600913147245,0.0007167001333268913,0.0003584785274676611,0.00035847940687210435,0.9932032790287434,0.0004204169421876536,0.00021025266798570746,0.00021025266798570746,1.0,0.0,84,0.0002102526679857,-0.0046087717890733754,1.7047365636539724
AK_Hughes,fl_poly,0.0004574583698229874,0.00022878151392069555,0.00022882252221324286,0.5607446113651209,0.0015914997607269514,0.0007963836025199044,0.000796585415868681,0.7586544741998694,6.680213406420366e-05,3.340218270064523e-05,3.340218270064523e-05,1.0,7.800618935557282,84,3.340218270064523e-05,0.001134041390903964,23.824085607764538
AK_Hughes,gr_poly,0.0,0.0,0.0,0.0,0.022297300117625745,0.01127434377217157,0.011403755060327713,0.49836919609204156,0.0029188721062341962,0.0014615691197846343,0.0014615691197846343,1.0,0.0,84,0.0014615691197846,0.022297300117625745,7.639012367140939
AK_Hughes,grfn_poly,0.0,0.0,0.0,0.0,0.018395340666932835,0.009283052792742224,0.00931752979957524,0.7150004100713524,0.0018603904592317318,0.0009310612983941121,0.0009310612983941121,1.0,0.0,84,0.0009310612983941,0.018395340666932835,9.887892391433457
AK_Hughes,high_level_poly,0.0,0.0,0.0,0.0,0.0003224609617162466,0.00016125648031798645,0.00016316770538973467,0.01358005082592122,0.000549294275509118,0.00027472258952744924,0.00027472258952744924,1.0,1.4749733924928288,84,0.0002747225895274,0.0003224609617162466,0.5870459170858298
AK_Hughes,id1A_poly,0.16002175213963152,0.08696937168997183,0.10505509047736705,0.33562840853788045,0.3946939097340371,0.24586831890025734,0.260705267357183,0.8120385251535671,0.012961006898522132,0.006522774310680181,0.006522774310680181,1.0,0.0,84,0.0065227743106801,0.2346721575944056,30.4524110529593
AK_Hughes,id1B_poly,0.06638332885249114,0.03433117320668104,0.03714568255880239,0.3118162307410445,0.17625898097913514,0.09664693568923814,0.09876363207619172,0.8184947043325016,0.00498899345918766,0.0025007348043849494,0.0025007348043849494,1.0,0.0,84,0.0025007348043849,0.109875652126644,35.32956746105552
AK_Hughes,id1_poly,0.1288485284978753,0.06886055482960882,0.08777353305854362,0.2421808294699188,0.42982519980567174,0.27374353463861195,0.2918993835159876,0.8148522704452763,0.014988215010685087,0.0075506932120132314,0.0075506932120132314,1.0,0.2353144359281475,84,0.0075506932120132,0.3009766713077965,28.677544290580943
AK_Hughes,id2_poly,0.0054986316000267006,0.0027568953760296524,0.0027720290074537716,0.33553971486761713,0.01166831471419677,0.00586839449400997,0.005882053779374564,0.716479972844535,0.00025900136336172517,0.00012951745427948136,0.00012951745427948136,1.0,6.432348214498003,84,0.0001285471329015,0.00616968311417007,45.05117101604067
AK_Hughes,id_poly,0.0,0.0,0.0,0.0,0.0006981481467305309,0.00034919596862443593,0.00035535993441427173,0.019734279655515646,0.0005040037455982694,0.0002520653937504276,0.0002520653937504276,1.0,3.9657369675316,84,0.0002520653937504,0.0006981481467305309,1.3852042823646193
AK_Hughes,idt_poly,0.007945974390457813,0.003988834784752613,0.004461407040802151,0.036290730621331715,0.3947804154577158,0.24593545908567038,0.261015815804388,0.8097677595628415,0.005160996957125217,0.0025871746788852477,0.0025871746788852477,1.0,6.981586625227101,84,0.0025871746788852,0.386834441067258,76.49305332619625
AK_Hughes,igl1A_poly,0.15713129165274684,0.08526450687508146,0.08713946574294888,0.7984968741674257,0.16465691919619715,0.08971451763889525,0.09116774433889466,0.8491297855598308,0.003515047191637979,0.0017606179233625207,0.0017606179233625207,1.0,0.1518891289193779,84,0.0017606179233625,0.0075256275434503195,46.84344482995933
AK_Hughes,igl1B_poly,0.05030975777823499,0.025803974748780923,0.025972493286522198,0.7990746312011121,0.05318725653777551,0.027320170733620194,0.027449558389661524,0.8528539120692159,0.0010509725846658809,0.000525762573358262,0.000525762573358262,1.0,0.1518891289193779,84,0.0005257625733582,0.00287749875954052,50.60765362845739
AK_Hughes,igl_poly,0.36035544603963576,0.21977656387126132,0.23196842671029275,0.8070085934135884,0.3865618212260363,0.2395888645202266,0.2487364826981894,0.8669284631082321,0.009279336914737308,0.004661295322245758,0.004661295322245758,1.0,0.2568414996594824,84,0.0046612953222457,0.02620637518640051,41.65834528673104
AK_Hughes,ii1_poly,0.0,0.0,0.0,0.0,0.00012964840240835382,6.482840365365909e-05,6.483151731112471e-05,0.574438202247191,1.5533748770935763e-05,7.766934710274136e-06,7.766934710274136e-06,1.0,8.52794100430492,84,7.766934710274136e-06,0.00012964840240835382,8.346240454907507
AK_Hughes,ik_poly,0.15214322381930187,0.0823349654477897,0.0834006354066124,0.865657037707743,0.1899419463533455,0.10493693612239494,0.10552969428131186,0.9491923941934165,0.0014927981113402754,0.0007469565833585831,0.0007469565833585831,1.0,8.929125250657815,84,0.0007469565833585,0.03779872253404362,127.23887102376514
AK_Hughes,io1A_poly,0.0035266692235188706,0.0017664494532202222,0.001768590619147528,0.5933433540906162,0.005440018990050327,0.0027274281254233133,0.00273023361230263,0.7263474339703672,0.0005081786370234293,0.0002541538963020232,0.0002541538963020232,1.0,0.0,84,0.0002540071274279,0.0019133497665314563,10.70493443391151
AK_Hughes,io1B_poly,0.002898934570493026,0.0014515712903440698,0.0014527936010286446,0.6330658105939004,0.004083227212397316,0.002045790319550482,0.002046974481800753,0.7795612627073302,0.00040790984105626085,0.00020399652662350591,0.00020399652662350591,1.0,0.9101570099982772,84,0.0002038820361446,0.0011842926419042901,10.010121849043935
AK_Hughes,io1_poly,0.028648827666458498,0.014532584588947748,0.014679213723364821,0.5926471173357737,0.037888922842933256,0.019310284358534435,0.019516572843007084,0.6462569132216608,0.004387834087085862,0.0021987408986748687,0.0021987408986748687,1.0,0.0,84,0.0021933300008238,0.009240095176474759,8.634994416595369
AK_Hughes,io2B_io2A_poly,0.011932318184740607,0.006001967787055157,0.006032468022224988,0.5427725046853273,0.010210173819325801,0.0051312825530542795,0.005137521508366021,0.8086270479414788,0.0014424742431664841,0.0007217576800148567,0.0007217576800148567,1.0,1.538279855911776,84,0.0007217576800148,-0.0017221443654148062,7.078236486852394
AK_Hughes,io2_poly,0.01228673424026303,0.006181341369458957,0.0062152280184825555,0.5313380201057959,0.012135852267410695,0.006104970644625373,0.0061196988595866005,0.7172479333165404,0.001903659750887754,0.0009527367187161833,0.0009527367187161833,1.0,1.538279855911776,84,0.0009527367187161,-0.00015088197285233543,6.375011218129319
AK_Hughes,io_poly,0.0,0.0,0.0,0.0,5.768241713647957e-05,2.8842040407542708e-05,2.8844041514839167e-05,0.29365079365079366,1.3744761909416213e-05,6.872428184652676e-06,6.872428184652676e-06,1.0,6.729032141105503,84,6.872428184652676e-06,5.768241713647957e-05,4.196683617848826
AK_Hughes,l2_poly,0.03981847320355655,0.020313666188168055,0.020519543930875062,0.6693815322273265,0.04846912376551791,0.0248364626743903,0.02501182230829363,0.7798551625910249,0.0010869761347258174,0.0005437836072646845,0.0005437836072646845,1.0,0.0,84,0.0005437836072646,0.008650650561961362,44.590789270404656
AK_Hughes,l3_poly,0.040656433617690814,0.020750027874263006,0.020973022105517266,0.6611982604643939,0.050892086568219835,0.026110450949129088,0.026272591458396527,0.8088258134658693,0.001123130937032842,0.0005618810014842699,0.0005618810014842699,1.0,0.0,84,0.0005618810014842,0.010235652950529021,45.31269230519975
AK_Hughes,lake_poly,2.9456093238353802e-05,1.4728263537728902e-05,3.8366605706393155e-05,2.3904382470119523e-05,0.0032833531095227127,0.0016443760884329473,0.001789832400065294,0.019832669322709162,0.0027343192889253444,0.0013690313288474776,0.0013690313288474776,1.0,1.0343359047795049,84,0.0013690313288474,0.003253897016284359,1.200793602569052
AK_Hughes,ls_poly,0.001317313460417443,0.0006590908448294875,0.0006591794700236651,0.8305718866916088,0.0032477234480914707,0.0016265029399139094,0.001626623176941397,0.9565294851238197,0.0006672791528341746,0.0003337509289356462,0.0003338058771857225,0.669695350080171,10.5999123310463,84,6.123006254040552e-05,0.0019304099876740278,4.8671136124921945
AK_Hughes,lsa_poly,0.0211115632220656,0.010668394857286581,0.010729010177573642,0.6537783611475717,0.026871826963643847,0.013618895787338554,0.013669623689056668,0.7858616163510219,0.0005815873290344,0.00029087825006946606,0.00029087825006946606,1.0,0.2724818758872599,84,0.0002908782500694,0.005760263741578248,46.20428544799747
AK_Hughes,m1_poly,0.1198176769066861,0.0637266266335063,0.06445300850698028,0.8497271952632971,0.25091407178757347,0.14345439966120405,0.14562113317965303,0.906025966509254,0.06265670594644807,0.03234156080585484,0.032414929427199785,0.9345926344913467,0.0,84,0.0074635551860783,0.13109639488088737,4.004584473400608
AK_Hughes,m2_poly,0.010276190759235648,0.0051646317501507,0.005169455798109418,0.8469643655592061,0.022295626951202862,0.011273488219491713,0.011284477069625145,0.9204883454188456,0.004953178280874682,0.002482737862065084,0.002483120354435003,0.9415812904605455,0.0,84,0.0005611283069688,0.012019436191967214,4.501276894734683
AK_Hughes,m3_poly,0.13458046157355422,0.07214487615321007,0.07343235098816331,0.8044909059405816,0.28070391044849247,0.16326676490127795,0.16707287688627198,0.877552250349675,0.070833256831664,0.036717021523672,0.03684581752514216,0.9130734480585194,0.2730695892516978,84,0.0086882109799672,0.14612344887493825,3.9628830157504735
AK_Hughes,m_poly,0.26103533506192184,0.15010962575896672,0.15553898966620178,0.8113314728786002,0.5005202736533898,0.3337959592644021,0.3498277467090355,0.8792813231193691,0.14387446502808215,0.07751332672133023,0.07803002041694652,0.9212964264080925,0.0,84,0.0182430351540191,0.23948493859146797,3.478868008688656
AK_Hughes,near_surfa_poly,0.0,0.0,0.0,0.0,0.0027860873703643933,0.0013949869629618621,0.0045931517740906746,0.0019994515485765555,0.05576297835468015,0.028681162704889993,0.028681162704889993,1.0,0.3963747162089032,84,0.0286811627048899,0.0027860873703643933,0.0499630301782573
AK_Hughes,pg_poly,0.0007449913834891973,0.0003726344964891362,0.0003737362976040545,0.11221546282809242,0.007638469463886027,0.003833877208937392,0.003838333259304084,0.7675720446691229,0.0007635951055544886,0.0003819433778241971,0.0003819433778241971,1.0,6.112702969129001,84,0.0003819433778241,0.00689347808039683,10.003298093875696
AK_Hughes,pr_poly,0.00011811895846735753,5.9062967461779056e-05,5.9069553679096725e-05,0.34628378378378377,5.538325484078549e-05,2.769239426785719e-05,2.76924373658084e-05,0.9467905405405406,2.5831269449811412e-05,1.2915801540680585e-05,1.2915801540680585e-05,1.0,0.2730329751185863,84,1.2915801540680584e-05,-6.273570362657203e-05,2.144039221471163
AK_Hughes,rga_poly,0.00012137786721619637,6.069261697830049e-05,6.069371799862129e-05,0.7698863636363636,0.0008904910982512729,0.00044544388103105075,0.00044544388103105075,1.0,2.960076390153205e-05,1.4800601005314005e-05,1.4800601005314005e-05,1.0,0.1781911509396923,84,7.679665780945214e-06,0.0007691132310350765,30.0833823482908
AK_Hughes,rgi_poly,0.0015664501895215662,0.0007838390171492671,0.0007841779049725012,0.6446066660263183,0.012937638387714927,0.006510937269838597,0.006513121627826508,0.9510133512630872,0.0005978381067231428,0.00029900843267921496,0.00029900896830435593,0.9940447603496302,0.1781911509396923,84,0.0001135696029054,0.011371188198193362,21.640705472303246
AK_Hughes,sa_poly,0.12758000071514936,0.06813642279182934,0.07245217061691217,0.533552660729319,0.04327640258297947,0.022116768377560644,0.022201578682792853,0.8527183304532766,0.005777721526115055,0.00289723045845048,0.0028972863386612056,0.9933869466967965,0.1844876387072519,84,0.0009847862330122,-0.0843035981321699,7.490219524664173
AK_Hughes,sap_poly,0.342791881526414,0.2068490237919853,0.2261278999137999,0.7081311310617352,0.11046496712878309,0.058461454911967185,0.058671877339804585,0.9421990363617456,0.01445935903161269,0.007282328416385663,0.007282541596498951,0.9959963950223578,0.1844876387072519,84,0.00251762134221,-0.2323269143976309,7.639686301949627
AK_Hughes,sd1_poly,0.07124018752691118,0.03693574859150855,0.10170580982058307,0.054819266526001845,0.48254313876874005,0.31799463371710346,0.3207040361914187,0.9741201454534099,0.10741605020932234,0.05675629354312272,0.05682353747736284,0.9795756242570692,0.3774584738915686,84,0.0111776008235394,0.41130295124182886,4.492281533610715
AK_Hughes,sd2_poly,0.013590351438805352,0.006841666042374077,0.007377598926894702,0.08607500602766148,0.025961591527997437,0.013151512866506442,0.013170289368161439,0.9021984525349056,0.004627494336354409,0.0023191130093352364,0.002319641481322983,0.9105495035398812,0.0,84,0.0004976837953466,0.012371240089192085,5.6102913674120805
AK_Hughes,sd_poly,0.06545988206663182,0.03383743839676034,0.07332635550272903,0.059117715767743655,0.31584060433566025,0.18753605219835653,0.18977374756263268,0.9408441437704707,0.06481957914360222,0.03349536738022435,0.033551121906737494,0.9527328435462366,0.0,84,0.0068642794483765,0.2503807222690284,4.872611154045639
AK_Hughes,sdt_poly,0.0833305369690543,0.04347673846552482,0.04373236373370214,0.8814884931668935,0.26909608229371856,0.15546563823733958,0.15813800070948322,0.9019582322664615,0.0018421850033934325,0.0009219416952792396,0.0009219416952792396,1.0,6.981586625227101,84,0.0009219416952792,0.18576554532466427,146.074407183874
AK_Hughes,sgl_poly,0.274449267664844,0.15905024553722447,0.16542951141308815,0.8048609345604312,0.6776996276375672,0.5125156445556946,0.5358437171758575,0.921706411755733,0.0064155467767474635,0.0032180963120848616,0.0032180963120848616,1.0,9.386052107919593,84,0.0032180963120848,0.4032503599727232,105.63396250087752
AK_Hughes,si_poly,0.08412986151522468,0.04391208977335038,0.044155533682548403,0.8884515776608413,0.15221073644144764,0.08237451068868841,0.08287310966981667,0.9319340247348296,0.03250884234938552,0.016522992859700776,0.01652696026492161,0.9856794218322009,5.887291337736494,84,0.005551591122027,0.06808087492622296,4.682133396371918
AK_Hughes,so1_poly,0.016603720939502346,0.008371358318453263,0.008410729510393778,0.6413641787597675,0.033484364360169716,0.01702725559528804,0.01710589583098144,0.7874052119019208,0.0005666292988832142,0.00028339493937951094,0.00028339493937951094,1.0,0.7246075865249866,84,0.0002833949393795,0.01688064342066737,59.093951594393374
AK_Hughes,so2_poly,0.02392391951160382,0.012106780577846431,0.012194841716255074,0.6263868852459017,0.04954185732473005,0.025400113050761442,0.0255549808592936,0.8073704918032787,0.0008314361958425769,0.0004158909913331481,0.0004158909913331481,1.0,0.7246075865249866,84,0.0004158909913331,0.02561793781312623,59.585879917730026
AK_Hughes,so_poly,0.08687827364024552,0.04541178558750444,0.04648048098360623,0.663874873864783,0.15486675927300786,0.08393256153793507,0.08568153515661589,0.8043750900965836,0.0030223486058006525,0.001513461406886845,0.001513461406886845,1.0,0.8014401368085532,84,0.0015134614068868,0.06798848563276234,51.2405349190293
AK_Hughes,st_poly,0.24604924194505454,0.140282867586267,0.14638126488217962,0.7710225706770778,0.3465970042771243,0.20962645233722374,0.21779348843195828,0.8482592863814961,0.04025721552215916,0.020542091462724996,0.020542091462724996,1.0,6.721078271604117,84,0.0205420914627249,0.10054776233206977,8.609562280489659
AK_Hughes,tailings_poly,0.0,0.0,0.0,0.0,0.0007332618176745726,0.00036676537636055136,0.00036958042045061437,0.04593967517401392,0.0002820570303609198,0.0001410484070278716,0.0001410484070278716,1.0,0.678582896071079,84,0.0001410484070278,0.0007332618176745726,2.5996934617665506
AK_Hughes,td2_poly,0.16735050449428432,0.09131615451000592,0.09621679009171778,0.6419439371079171,0.07113062213977114,0.03687684762701721,0.03701323346754092,0.9091558802509331,0.0037670920660346084,0.001887100473628312,0.0018871461870309492,0.9873262923846582,8.189823387666513,84,0.0006868610168994,-0.09621988235451318,18.882103461476078
AK_Hughes,tg1_poly,0.19113587500306198,0.10566624234608309,0.11285990533813689,0.6237455726092089,0.28104158054244494,0.16349527560482358,0.1715685308808954,0.7765120769382133,0.007070923505463895,0.0035480055907966884,0.0035480055907966884,1.0,0.0,84,0.0035480055907966,0.08990570553938296,39.74609261792698
AK_Hughes,tg2_poly,0.012121271965553996,0.006097591263798643,0.0061543295050744806,0.39809743441914097,0.023252104727786774,0.011762807378421305,0.011843578733471274,0.6329994234649755,0.0006052885890887004,0.00030273591584203344,0.00030273591584203344,1.0,0.0,84,0.000302735915842,0.011130832762232779,38.41490678486813
AK_Hughes,tg3_poly,0.1891153490716626,0.10443257607529775,0.11061646470529102,0.6513339770637955,0.26843437131712544,0.15502408160025194,0.16177724783799052,0.7878533352733429,0.006575925602562317,0.0032988091630979494,0.0032988091630979494,1.0,0.0,84,0.0032988091630979,0.07931902224546283,40.82077376491755
AK_Hughes,tgH_poly,0.01968480526586543,0.009940238462144507,0.010014470526917011,0.5728346456692913,0.0312459004982317,0.01587090053863968,0.015959381589347104,0.7411099822199645,0.0006869195392491988,0.00034357777476796937,0.00034357777476796937,1.0,0.0,84,0.0003435777747679,0.011561095232366269,45.4869875042183
AK_Hughes,tg_poly,0.02618624060064818,0.013266824428570644,0.013470369145980937,0.4675141242937853,0.044485621683044305,0.02274880828098618,0.023010654725964082,0.6665699249284112,0.0011269664511393844,0.0005638009179295062,0.0005638009179295062,1.0,0.0,84,0.0005638009179295,0.018299381082396125,39.47377638266738
AK_Hughes,tra_poly,0.0017232965154826223,0.0008623913357332368,0.0008628487803491888,0.6192904185256002,0.00016878599186698364,8.44001187123671e-05,8.440016440437413e-05,0.9936265137029955,0.00010271848048401246,5.136187814904536e-05,5.136187814904536e-05,1.0,0.2613298107118163,84,5.1346856293905e-05,-0.0015545105236156387,1.643190116049801
AK_Hughes,tri_poly,0.000605581757944138,0.0003028825890574351,0.00030296237463331595,0.5349070818684079,7.21035991465773e-05,3.60530993524005e-05,3.60530993524005e-05,1.0,4.3443961457372746e-05,2.1722452583382768e-05,2.1722452583382768e-05,1.0,0.2613298107118163,84,2.171905478673568e-05,-0.0005334781587975607,1.6596920890219788
AK_Hughes,us_poly,0.5026121813783004,0.33565932294075945,0.3568706461323296,0.8495632514599044,0.5587958272015615,0.38772842720579104,0.4039604635077904,0.9060966620026587,0.09516327452866485,0.04995875670399915,0.04995875670399915,1.0,6.112702969129001,84,0.0499587567039991,0.056183645823261075,5.871969307164208
AK_Kechumstuk,Dog_poly,0.0053960642883001024,0.0027053312147279603,0.0027077024881615136,0.7554507203876067,0.006873063045868892,0.0034483819963680843,0.0034519097619437502,0.7713884992987378,0.00011192729780423917,5.596678100740206e-05,5.596678100740206e-05,1.0,8.395137115713508,31,5.596678100740206e-05,0.0014769987575687892,61.40649493647098
AK_Kechumstuk,Jgmv_poly,0.019823727466954544,0.010011092316340096,0.017901630713933806,0.022208222677528516,0.5334379144872805,0.36373360511415875,0.3837508020115591,0.8745791707966929,0.009828757595055885,0.004938649190397662,0.004938649190397662,1.0,5.625516861896109,31,0.0049386491903976,0.5136141870203259,54.27317840818593
AK_Kechumstuk,Jmig_poly,0.0,0.0,0.0,0.0,0.10425731290981458,0.054995497869935746,0.05628786142094127,0.7054739101717306,0.0017271051268300049,0.0008642989309724005,0.0008642989309724005,1.0,5.833992170297479,31,0.0008642989309724,0.10425731290981458,60.36535430890212
AK_Kechumstuk,Jt_poly,0.23788178909859964,0.13499763388570435,0.13745712090640247,0.8829700289609677,0.7687213074406664,0.6243276295497356,0.6490396409656983,0.9425202328612682,0.003484476940156164,0.0017452791625761476,0.0017452791625761476,1.0,13.765135841648808,31,0.0017026018166547,0.5308395183420667,220.61311371634864
AK_Kechumstuk,Kdm_poly,0.18534180300624145,0.10213593023374139,0.10249785547975981,0.9665832049306625,0.0002155247995137272,0.00010777401374321601,0.00010777401486189445,0.9999036979969184,0.011628109061984053,0.005848055444245132,0.005854692167582318,0.8376348228043143,18.52836154734184,31,3.704953805819603e-05,-0.18512627820672772,0.018534810635578367
AK_Kechumstuk,Kgc_poly,0.07970203502569156,0.041505035405668356,0.041627062684798044,0.9340307500381555,0.1367449596580856,0.07339036079193559,0.07349074259202455,0.9817284786229504,0.002148432447592816,0.0010753714052064876,0.0010753714052064876,1.0,1.9339041726232815,31,0.0010753714052064,0.05704292463239405,63.648712721360994
AK_Kechumstuk,Kgg_poly,0.0,0.0,0.0,0.0,0.2345151106779637,0.13283325849819075,0.13456431551923198,0.9117063222297757,0.002359015250564073,0.0011809005064340747,0.0011809005064340747,1.0,6.136126317429016,31,0.001180900506434,0.2345151106779637,99.41229104893999
AK_Kechumstuk,Kggp_poly,0.002639838379439529,0.0013216636789719954,0.0013226567687701944,0.6377167630057804,0.0047357365772855865,0.002373488396550447,0.0023742764684798277,0.8773121387283237,9.875583347996864e-05,4.938035503904402e-05,4.938035503904402e-05,1.0,4.229442949942529,31,4.938035503904402e-05,0.0020958981978460574,47.953993302544205
AK_Kechumstuk,Kgkc_poly,0.0072021947689607175,0.00361411215430645,0.0036147590432383373,0.9528198271333748,0.00018950180282808433,9.475987999808987e-05,9.475987999808987e-05,1.0,0.00014947586549370593,7.47435189229435e-05,7.47435189229435e-05,1.0,8.311557615149647,31,7.471633055438011e-05,-0.007012692966132633,1.267775250554169
AK_Kechumstuk,Kgu_poly,0.010413167407882796,0.0052338340992718,0.005236901639072991,0.8993477496008011,0.00033673208587706405,0.00016839439483644364,0.00016839452513229227,0.9954261279060327,0.0002636293630154781,0.0001318320589085966,0.0001318320589085966,1.0,3.836710789030008,31,0.0001318319897642,-0.010076435322005733,1.2772935534396217
AK_Kechumstuk,Kgvc_poly,0.1414792326452537,0.07612464446476039,0.07638761915623776,0.9567330311441307,0.2648525446701656,0.15263979084695128,0.15270418022525264,0.9972451530376061,0.0037695442111017976,0.0018883311794840323,0.0018883311794840323,1.0,3.836710789030008,31,0.001888331179484,0.12337331202491192,70.2611588664063
AK_Kechumstuk,Kqfp_poly,0.022340358075126028,0.011296361417064645,0.011311662988814235,0.8930574788180345,0.0011267743747884593,0.0005637047714399318,0.000563705286877231,0.9983805477973103,0.0006078928611053842,0.0003040388420734897,0.0003040388420734897,1.0,7.93439914285755,31,0.0003040388420734,-0.02121358370033757,1.8535739550215278
AK_Kechumstuk,Kr_poly,0.09806905684961498,0.05156289044184329,0.051758784056096206,0.9316187287576726,0.08591237476354344,0.044884243349585545,0.04491034546419588,0.9872165576015827,0.01906526556946822,0.009624378450281957,0.009634101761212292,0.9050880129863542,17.23467472549955,31,7.033489442808343e-05,-0.01215668208607154,4.506224917271885
AK_Kechumstuk,MDag_poly,0.20902306242019425,0.11670896371376653,0.1219361341211423,0.7313642756680732,0.04215738116902149,0.021532568942744502,0.021590883615726388,0.8885469489928902,0.0011054372603162678,0.0005530242969900104,0.0005530242969900104,1.0,6.784930219146062,31,0.00055302429699,-0.16686568125117276,38.13638519562854
AK_Kechumstuk,MzPzmh_poly,0.0,0.0,0.0,0.0,0.0,0.0,0.0,0.0,4.9737025822975e-06,2.486857475593474e-06,2.486857475593474e-06,1.0,0.0,31,2.486857475593474e-06,0.0,0.0
AK_Kechumstuk,Pzam_poly,0.04271339811766835,0.021822761202468084,0.022393402609059223,0.4613171820634439,0.04854587905913376,0.02487677190982489,0.025066891546632632,0.7663525372154024,0.0017151303333179223,0.0008583012158842045,0.0008583012158842045,1.0,10.886871976985253,31,0.0008583012158842,0.005832480941465414,28.304483989401366
AK_Kechumstuk,Pzm_poly,0.07948337366228454,0.04138645433851489,0.04264457721808126,0.5838206776503642,0.12776130777556266,0.06823986081804952,0.06907258715049827,0.8498572322914599,0.000467257755230345,0.00023368347282264529,0.00023368347282264529,1.0,12.49787484357187,31,0.0002336682681981,0.04827793411327812,273.427902149168
AK_Kechumstuk,Pzms_poly,0.4899335036316221,0.32444498623728407,0.4134176183626102,0.6012054030341324,0.08597448336144814,0.04491814900798092,0.04505007929581857,0.938793549358668,0.0021773415301305416,0.0010898572608032014,0.0010898572608032014,1.0,10.324746122396254,31,0.0010898572608032,-0.40395902027017394,39.485988840847384
AK_Kechumstuk,Pzmv_poly,0.0,0.0,0.0,0.0,0.03795060530722234,0.019342329204288324,0.02393742882325982,0.09153736546420627,0.005234652859312366,0.0026241948040734513,0.0026241948040734513,1.0,4.261332732342396,31,0.0026241948040734,0.03795060530722234,7.2498800449983625
AK_Kechumstuk,Pzq_poly,0.0,0.0,0.0,0.0,0.08931460086938246,0.046744796872379715,0.04871646412681307,0.5359591136591325,0.0034344258317816063,0.0017201668085519354,0.0017201668085519354,1.0,4.261332732342396,31,0.0017201668085519,0.08931460086938246,26.005686319640382
AK_Kechumstuk,Pzqm_poly,0.0036650639571804405,0.0018358963173010507,0.0024302993358785974,0.007450392190612014,0.01534776739282019,0.007733227585499085,0.007739035340199509,0.9115419607071725,0.0005802505823889446,0.0002902094883067747,0.0002902094883067747,1.0,6.784930219146062,31,0.0002902094883067,0.011682703435639749,26.450240393783027
AK_Kechumstuk,Pzum_poly,0.00048173390694576516,0.00024092498433987602,0.0002409336913817495,0.8695652173913043,0.02098562832562534,0.010604080812141923,0.01060440057494949,0.997164461247637,1.5110784167824424e-05,7.555449168293049e-06,7.555449168293049e-06,1.0,13.359992199597636,31,7.549771044986788e-06,0.020503894418679572,1388.7848633501292
AK_Kechumstuk,Qa_poly,0.5947286891904954,0.4232127167300545,0.6414185713239285,0.5543748579591572,0.4645043528232052,0.3025110189516042,0.3208509125722754,0.8410765884224538,0.0044882229992416495,0.002249158862889509,0.002249158862889509,1.0,6.03144000038811,31,0.0021979253114994,-0.1302243363672902,103.4940449486779
AK_Kechumstuk,Qc_poly,6.883107533300754e-05,3.4416722136500815e-05,0.0008256551127019229,3.5912466372100326e-05,0.038358532846516295,0.01955430362214862,0.07411852825580698,0.025874737899658433,0.07091308904005358,0.03675992441665887,0.03675992441665887,1.0,9.909039560369845,31,0.0367599244166588,0.038289701771183286,0.5409231689914169
AK_Kechumstuk,Qf_poly,0.19551874548162812,0.10835177422433982,0.11855475990138334,0.5573273954414694,0.17721006999941288,0.09721914033141262,0.09783455860637258,0.9392288116840009,0.0005862383047114261,0.00029320509638503184,0.00029320509638503184,1.0,6.03144000038811,31,0.0002579766756317,-0.018308675482215236,302.2833352498929
AK_Kechumstuk,Qls_poly,0.02155511811023622,0.010894980349236357,0.09986320109439124,0.012081425497876096,0.10268366768866381,0.05412047845683866,0.054135424108348894,0.9949246979643626,0.009858396925387177,0.004953615818169283,0.004953742363644355,0.9948695316378883,9.099336947009103,31,6.46761340890716e-05,0.08112854957842759,10.415858528097461
AK_Kechumstuk,Qs_poly,0.35161129816391073,0.2133060592882381,0.2535310233728222,0.5734573365921878,0.32681191757986905,0.1953228815179953,0.19993475006946249,0.8943775139046592,0.004439578571118035,0.002224727712298063,0.002224727712298063,1.0,5.625516861896109,31,0.002224727712298,-0.024799380584041686,73.61327485134852
AK_Kechumstuk,Tb_poly,0.0,0.0,0.0,0.0,0.0,0.0,0.0,0.0,3.368134151298984e-06,1.6840699117361833e-06,1.6840699117361833e-06,1.0,0.8245293742838947,31,1.6840699117361831e-06,0.0,0.0
AK_Kechumstuk,Trg_poly,0.4467718805633663,0.28764086548047657,0.29221714631062984,0.9483663843922501,0.6692980084591701,0.5029661131597053,0.5086282776693768,0.9783461172113148,0.015071245857639318,0.00759283970580155,0.00759283970580155,1.0,1.9339041726232815,31,0.0075928397058015,0.22252612789580378,44.40893704351031
AK_Kechumstuk,alteration_poly,0.0002886961040460759,0.000144368891391283,0.0015595757953836558,0.0001590710252127575,0.0011525013585981319,0.0005765829356073819,0.0005954414822466792,0.01787958323391394,0.000448497093303287,0.00022429884534172704,0.00022429884534172704,1.0,0.8452513107458861,31,0.0002242988453417,0.0008638052545520559,2.569696383335926
AK_Kechumstuk,sz_poly,0.0,0.0,0.0,0.0,0.00040518157199194893,0.0002026318373391688,0.0002191820855175437,0.0026763588303320668,0.0008634978023460236,0.000431935388802505,0.000431935388802505,1.0,0.0,31,0.0004319353888025,0.00040518157199194893,0.46923289311347116
AR_Maumee,Mb_poly,0.6122695604919666,0.4412020829556951,0.6973861993893749,0.545670023035503,0.7495174832316319,0.5993826168546649,0.6253444299792986,0.9352221716491829,0.2839184789382336,0.16544579931294218,0.16544579931294218,1.0,7.768765775633034,19,0.1654457993129421,0.13724792273966535,2.6399038415343488
AR_Maumee,Mbs_poly,0.11268538714371215,0.05970673165783025,0.06111567726423198,0.7214401092623478,0.4038723939946569,0.25303264756220556,0.27231375260291835,0.7813571119019791,0.03303884246609615,0.016796896237401507,0.016796896237401507,1.0,9.972791071917234,19,0.0167968962374015,0.2911870068509448,12.224169003774977
AR_Maumee,Mbv_poly,0.1254861963925161,0.06694333013233571,0.06759477378409974,0.8741527442019902,0.49003209619818267,0.32453146518172565,0.34925374905992645,0.820938802272768,0.006489599948762674,0.0032553629760827324,0.0032553629760827324,1.0,8.69987270946754,19,0.0032553629760827,0.36454589980566654,75.5103704492006
AR_Maumee,Mf_poly,0.031201252867052703,0.015847863024338757,0.017516424220847617,0.14263884869744428,0.0900862819273971,0.047167723376691596,0.047503127817818624,0.8697973645391472,0.0073267462618121755,0.003676842777945379,0.003676842777945379,1.0,3.000868443746229,19,0.0036768427779453,0.05888502906034439,12.295537296949522
AR_Maumee,Mfw_poly,0.025438307602156245,0.012883014848355936,0.012906888847253432,0.8744488985201916,0.023218854936934454,0.011745789358079748,0.011760503259048018,0.9037365222694413,0.00536848991044996,0.0026914695187027,0.0026914695187027,1.0,7.768765775633034,19,0.0026914695187027,-0.002219452665221791,4.325025346836941
AR_Maumee,Oc_poly,0.0002241529429703074,0.0001120890340285798,0.00011211218634841483,0.3518181818181818,0.00023757718078809488,0.00011880270279964802,0.00011882183696015576,0.42454545454545456,2.854590408446474e-05,1.4273155762300055e-05,1.4273155762300055e-05,1.0,4.684326934138149,19,1.4273155762300057e-05,1.3424237817787489e-05,8.32263641344571
AR_Maumee,Oel_poly,0.03525485723211395,0.017943730443556533,0.017994876830097033,0.8632601674386979,0.019576005862440432,0.009884754941562626,0.009891620518573816,0.9343897411924695,0.00243965044187496,0.001221315011791573,0.001221315011791573,1.0,5.09352292078359,19,0.0012213150117915,-0.015678851369673515,8.02410276752417
AR_Maumee,Oeu_poly,0.03228714998879089,0.016408466300663213,0.03394930859811703,0.03078015326742985,0.3759660213951408,0.2315013271570326,0.24113891968275852,0.852774808741503,0.04857588882832343,0.02489253286880699,0.02489253286880699,1.0,4.130986950038023,19,0.0248925328688069,0.3436788714063499,7.7397661774934745
AR_Maumee,Of_poly,0.089050377070457,0.04660006522513142,0.04799346734184496,0.6161321799672979,0.08599887582868584,0.044931465683396565,0.0453704760706761,0.8228062309896795,0.06248326683538555,0.03224914952519116,0.03317143338874802,0.5370140830212564,15.22219802451807,19,0.0014760259641678,-0.0030515012417711568,1.3763505044519044
AR_Maumee,Opl_poly,0.24263944035689874,0.13807038005119215,0.14328483539112016,0.7914038222498446,0.01520796530964893,0.007662246242348274,0.007662521734823398,0.995329656101098,0.13611588076048095,0.07302808117492703,0.07901123325774477,0.4909338098197638,15.061887363542889,19,0.0050106562083361,-0.2274314750472498,0.1117280748189106
AR_Maumee,Osp_poly,0.0775955579746404,0.040363804971699495,0.05304649195499948,0.14444013824905721,0.17648730629053364,0.09678424882884458,0.102991835870302,0.6162369975187231,0.016996307020595083,0.00857099110847274,0.00857099110847274,1.0,3.000868443746229,19,0.0085709911084727,0.09889174831589323,10.383861981116082
AR_Maumee,Qal_poly,0.3776556687273203,0.23278391735191076,0.314887828125913,0.4716768966737573,0.42066309546495023,0.26635424921498413,0.30443776655968807,0.6804318293383665,0.006796512823995705,0.0034098439360173353,0.0034098439360173353,1.0,4.094976909086449,19,0.0034098439360173,0.04300742673762992,61.89396038211846
AR_Maumee,Qbx_poly,0.009442516609412872,0.004743654322069162,0.004814164222417647,0.24464440344866534,0.021895308921045825,0.011068832210848792,0.011125305396048042,0.6855916569406272,0.00034458542948514423,0.00017232240463747807,0.00017232240463747807,1.0,7.348993941416771,19,0.0001723224046374,0.012452792311632953,63.541017836303425
AR_Maumee,Qls_poly,0.032755132499751254,0.016650256935921124,0.016692075489556465,0.8692131666960042,0.05123654342196155,0.026291822770492194,0.02639414221703331,0.871501496215455,0.000589541063140953,0.00029485744685682404,0.00029485744685682404,1.0,9.19436694916828,19,0.0002948574468568,0.018481410922210298,86.90920213256025
AR_Maumee,Qtm_poly,0.3222472958006845,0.19207079505466962,0.2289258545011417,0.5440142825011246,0.3099085957246208,0.18336794976925702,0.18894681690258985,0.8613107287449393,0.00460453470547639,0.002307580018879492,0.002307580018879492,1.0,4.094976909086449,19,0.0023075800188794,-0.012338700076063691,67.30508412848575
AR_Maumee,Qto1_poly,0.23854079673179324,0.1354222659765297,0.1593139170533107,0.47451959705409297,0.3681943213658227,0.22563613191614926,0.2428854302532253,0.7606027258105477,0.0059259680533910964,0.002971789391192355,0.0029719780066946593,0.9790908321340895,9.01404797514662,19,0.0003065614345819,0.12965352463402946,62.13235003100057
AR_Maumee,Qto2_poly,0.2857142857142857,0.16666666666666666,0.25589362640344626,0.3234020662751318,0.278331545331183,0.16166384682045146,0.16681143869330473,0.8397136365584944,0.009274209935551295,0.004658707885253774,0.0046595277786875625,0.9636044069104471,9.01404797514662,19,0.0001513408656668,-0.007382740383102715,30.011348380657278
AR_Maumee,Qty_poly,0.0,0.0,0.0,0.0,0.11851695441652729,0.06299124230469673,0.06845368022081971,0.4411496781145679,0.004661182315096345,0.00233603550123106,0.00233603550123106,1.0,13.290624939910074,19,0.002336035501231,0.11851695441652729,25.426371766811613
AR_Maumee,Su_poly,0.1490442587207053,0.08052286469999159,0.08182538060320699,0.8349434238947347,0.004518577894815315,0.0022644048923534076,0.0022644362778981067,0.9939163347403048,0.001813628807778017,0.0009076374626136157,0.0009665867926364374,0.014664209420763729,15.061887363542889,19,0.0013095750167871,-0.14452568082589,2.491456838045757
AZ_GrandCanyon,Cba_poly,0.012249129834645002,0.006162306362681171,0.00713927706515833,0.043091004617979704,0.05679463554960201,0.029227294545713337,0.02939165460757128,0.8393978059658451,0.022296274890615555,0.011273819535017751,0.011273819535017751,1.0,7.999431321984626,41,0.0112738195350177,0.04454550571495701,2.547270152894766
AZ_GrandCanyon,Cm_poly,0.1061381903313625,0.05604326027881261,0.05754196606770055,0.6827158977221083,0.03850833219882316,0.019632167105757232,0.019730101036072697,0.7981902845203557,0.0174653716469352,0.00880961744483831,0.00880961744483831,1.0,5.269887653920204,41,0.0088096174448383,-0.06762985813253934,2.204838979511813
AZ_GrandCanyon,Ct_poly,0.03932612562850807,0.020057453787981103,0.02021167843464687,0.7244115695382334,0.015570753342313406,0.007846464351671268,0.00786328047218429,0.7858230219758773,0.006822413068070943,0.0034228826938459563,0.0034228826938459563,1.0,5.269887653920204,41,0.0034228826938459,-0.023755372286194662,2.282294136540179
AZ_GrandCanyon,Dtb_poly,0.022945975071075757,0.011606144688889151,0.011643402474735085,0.7838785266900785,0.20945232252281376,0.11697667990495743,0.12883491923231835,0.559646687062992,0.0028316464935935954,0.0014178306443831362,0.0014178306443831362,1.0,10.652194794949624,41,0.0014178306317543,0.186506347451738,73.96838658945782
AZ_GrandCanyon,MPu_poly,0.20784810825044436,0.1159768372353397,0.11755159928814461,0.8964519009752268,0.238992935853205,0.13571378600289524,0.1369982216168619,0.9353807558468884,0.04896123621475269,0.025094958195377968,0.025094958195377968,1.0,6.928413474366927,41,0.0250949581953779,0.031144827602760633,4.881268414158079
AZ_GrandCanyon,Mr_poly,0.12432548049056993,0.06628307800603188,0.06787404816976175,0.7387514176377347,0.3680646395997666,0.22553873672392175,0.23953599797520184,0.7942242177845279,0.019944268816029426,0.010072579524872154,0.010072579524872154,1.0,10.3587044056153,41,0.0100725795248721,0.24373915910919666,18.4546569741353
AZ_GrandCanyon,Ms_poly,0.015206345069333906,0.007661423660619825,0.007817212513615435,0.2776846445844654,0.06378767505016371,0.03294456616570516,0.03347321856256,0.6759542940825096,0.001614246356099998,0.0008077751520979101,0.0008078674892614253,0.8760429311906276,10.652194794949624,41,0.0002311270842766,0.0485813299808298,39.51545240236692
AZ_GrandCanyon,Pc_poly,0.0399586443579189,0.020386633293678146,0.026290349099836942,0.08322945876293703,0.11872006323951824,0.06310600613960266,0.07833074844906944,0.2450996315306448,0.013239950893187512,0.006664091569155418,0.006689015902672763,0.6413793238401434,6.469465838334655,41,0.0022759228329028,0.07876141888159935,8.966805405645763
AZ_GrandCanyon,Pe_poly,0.3692082274045263,0.2263981420613349,0.2323374893898042,0.8985422818065775,0.4693935555838023,0.3066716184922623,0.3072254458083392,0.9941561614030411,0.057263112477947575,0.029475485252656256,0.029475485252656256,1.0,10.136479479795671,41,0.0294710614122437,0.100185328179276,8.197136608048838
AZ_GrandCanyon,Ph_poly,0.36179290225052063,0.220846865300206,0.23041370964957278,0.8417473747208548,0.37250213363191964,0.2288802592799672,0.2319279753619584,0.9457039499976091,0.0403359118070026,0.020583074441189696,0.020583074441189696,1.0,8.327685759732748,41,0.0205830744411896,0.01070923138139901,9.234999704835001
AZ_GrandCanyon,Pk_poly,0.5202746219777747,0.3516021484156503,0.8703500938517592,0.371035382069998,0.5412553673346047,0.3710418912360495,0.6277414600676333,0.4757145439541674,0.28748985017363343,0.16787628978595096,0.16787628978595096,1.0,10.53463908485734,41,0.1678762897859509,0.020980745356829922,1.8826938307829166
AZ_GrandCanyon,Pt_poly,0.10375104376473399,0.05471383038792385,0.055572524596868435,0.7797813359658274,0.15585236549443846,0.08451187018778156,0.08534674617470106,0.8962589167635778,0.028181366757701228,0.014292068389353879,0.014292068389353879,1.0,6.928413474366927,41,0.0142920683893538,0.05210132172970447,5.530333813630529
AZ_GrandCanyon,Qa_poly,0.49534936772567034,0.32921221518176164,0.4467284565950497,0.5558464315497239,0.27461604074447427,0.15916227763179536,0.1627439937737834,0.8785217400483464,0.004359677781048399,0.002184600968675996,0.002184668824274179,0.9859816537004,3.2559811043112576,41,0.0008438006850023,-0.22073332698119608,62.98998562192723
AZ_GrandCanyon,Qhb_poly,0.019109969406128205,0.009647163199866794,0.009652164107677916,0.9490311323353844,0.012808224818707453,0.006445389407642325,0.006446138743333588,0.9822840397732491,0.0010663202470867494,0.0005334445348975042,0.0005334445348975042,1.0,1.5436108178788477,41,0.0005334445348975,-0.006301744587420752,12.01161175894417
AZ_GrandCanyon,Qhp_poly,0.005909318995468622,0.002963415381135916,0.0029647018409404906,0.8722749534087462,0.0031522168981117627,0.0015785964883187707,0.001578674747343588,0.9695531573700863,0.00041094471537928587,0.00020551458525601508,0.00020551458525601508,1.0,1.5436108178788477,41,0.000205514585256,-0.002757102097356859,7.670659288567296
AZ_GrandCanyon,Qi_poly,0.00013862274749008632,6.931617814457312e-05,6.931722928219954e-05,0.8205007085498347,7.36526852065304e-05,3.6827698832719704e-05,3.682770916136154e-05,0.9924421350968351,5.795379321942156e-05,2.897773629457937e-05,2.897783914373835e-05,0.8908833254605574,4.82520292714424,41,9.42821429781528e-06,-6.497006228355593e-05,1.2708863581659018
AZ_GrandCanyon,Ql_poly,0.12727683842926413,0.0679635095250872,0.5433989788475565,0.07207981423725726,0.2500132453178761,0.14286579292612403,0.14450236499890382,0.9265485919821522,0.014341887728119812,0.0072227377107283676,0.007224816036083291,0.961697816832472,4.913647354191145,41,0.0007825284259993,0.12273640688861198,17.43238059433981
AZ_GrandCanyon,Qp_poly,2.8785278890501147e-05,1.4392846596302228e-05,1.4392881757502134e-05,0.8548951048951049,3.5891510770421955e-05,1.794607744112686e-05,1.7946097794491296e-05,0.9405594405594405,5.094874671872702e-06,2.547443825389863e-06,2.547443825389863e-06,1.0,4.045642356451866,41,2.547443825389863e-06,7.106231879920809e-06,7.044630747949186
AZ_GrandCanyon,Qr_poly,0.00486488582278946,0.002438374117231518,0.002474954580846094,0.14161254554094727,0.003151681406650746,0.0015783278966681365,0.001582449014635287,0.3773562490099794,0.00022489796452736027,0.0001124616284593441,0.0001124616284593441,1.0,7.828565179803162,41,0.0001124616284593,-0.001713204416138714,14.013828063202963
AZ_GrandCanyon,Qsb_poly,0.0004274444646774076,0.00021376791929561805,0.0002141476667132914,0.10757973523990393,0.0010301489971284426,0.000515339937023874,0.0005153530196122896,0.9530525610232922,0.00031887842852977143,0.00015946463918165986,0.00015946463918165986,1.0,1.0257385271252653,41,0.0001594646391816,0.000602704532451035,3.2305383649752426
AZ_GrandCanyon,Qsp_poly,3.197166341782895e-05,1.5986087259815095e-05,1.5988578663807027e-05,0.09304511278195489,9.361668141453509e-05,4.681053183059016e-05,4.681088958449006e-05,0.8596491228070176,2.8431206633948216e-05,1.4215805403224552e-05,1.4215805403224552e-05,1.0,1.0257385271252653,41,1.4215805403224552e-05,6.164501799670613e-05,3.2927438718957607
AZ_GrandCanyon,Qt_poly,0.013928273561301083,0.0070129761054885985,0.0910577971646674,0.0075408651675246095,0.07932410077251291,0.041300096910893584,0.041696095890252347,0.8130362142147566,0.0031287955540969274,0.0015668489520660465,0.0015672306118479102,0.8654836087781089,7.205230492125031,41,0.0001972576606891,0.06539582721121183,25.352919166816076
AZ_GrandCanyon,Qtb_poly,0.0917245632065776,0.04806673158289314,0.049329392641802104,0.6525197697814796,0.030889381225152005,0.015686971026732326,0.015701488496285762,0.9443404613728885,0.0014469826510724345,0.0007240151442126121,0.0007240262021413907,0.9793411632586215,0.6895670666346476,41,0.000190354622351,-0.060835181981425596,21.34744407768695
AZ_GrandCanyon,Qtg_poly,0.06863131589078929,0.035535067154950556,0.03914674044540759,0.2780631783452579,0.05396756073511909,0.027732097187190507,0.028105055121802027,0.6763557564775551,0.0007548537585249253,0.00037756938409680733,0.0003775758250503959,0.9567727111393398,3.2559811043112576,41,0.0002384042227568,-0.0146637551556702,71.49406110208443
AZ_GrandCanyon,Qti_poly,2.6047755264078732e-05,1.3024047255637098e-05,1.3024060198984626e-05,0.9291044776119403,3.21054347359685e-05,1.6052975061855837e-05,1.605297996105901e-05,0.9813432835820896,2.181751754368773e-05,1.0908877774159976e-05,1.0908893910267137e-05,0.8805970149253731,5.974808080812831,41,1.1935575965113343e-06,6.05767947188977e-06,1.4715438945645438
AZ_GrandCanyon,Qtp_poly,0.0034287094048050222,0.0017172987616099072,0.0017209975552831508,0.44414655942806075,0.0019746841583304585,0.0009883178870026589,0.0009884598742959626,0.8731009830205541,9.777279705182545e-05,4.88887885227119e-05,4.8888843141457636e-05,0.9776586237712243,0.6895670666346476,41,1.4950644968240856e-05,-0.0014540252464745637,20.196662240150065
AZ_GrandCanyon,Trm_poly,0.011482381530984206,0.005774342366563808,0.005836395639687491,0.35195530726256985,0.012533210118978861,0.0063061230420505075,0.006365316359156376,0.40409683426443205,1.5075515692659864e-05,7.537814664551563e-06,7.53782101695256e-06,0.8994413407821229,15.106083537896318,41,2.39156876614398e-06,0.0010508285879946549,831.3619496997486
AZ_GrandCanyon,Xbr_poly,0.02639285589693701,0.013372902492674985,0.013560582350292004,0.491415858297485,0.19343494227602648,0.10707333314623511,0.11353522182213649,0.6529315213417243,0.0030707224791670586,0.0015377221986445752,0.0015433322172124897,0.29727501147404534,9.845047230102468,41,0.0005725112783176,0.16704208637908946,62.99329997691495
AZ_GrandCanyon,Xec_poly,0.001964042543080232,0.000982986585276496,0.0009835216809201705,0.6437171244886032,0.001971322875402999,0.0009866339247142184,0.0009869748601389725,0.7406779661016949,0.0022915600264096915,0.0011470943309625232,0.0011482090441751343,0.5416130917592051,5.974808080812831,41,7.620063610563035e-05,7.280332322767095e-06,0.8602536493410452
AZ_GrandCanyon,Xg_poly,0.02050559818123664,0.010359007917575346,0.010433246558979752,0.5928039988782025,0.07678281227646959,0.039924150411402945,0.04023761772993831,0.836728970420839,0.005278789989553735,0.0026463798364715287,0.0026475225341927,0.8597753105564445,7.5209139574469726,41,0.0002699622418945,0.05627721409523295,14.545532674801628
AZ_GrandCanyon,Xgd_poly,0.1327599482791184,0.07109956117145436,0.10008159420845404,0.19712445935305728,0.11227429822546729,0.05947595994477654,0.059959795200836705,0.8805345528674512,0.007358153217146851,0.0036926621956809187,0.003693892409536057,0.9172715800373195,4.913647354191145,41,0.0004129041247961,-0.02048565005365112,15.258488769142815
AZ_GrandCanyon,Xgr_poly,0.05234161998925086,0.026874127684015092,0.027065467724370226,0.7917275955713391,0.22177617744280886,0.12471780809003087,0.12758166673305812,0.8474688392173247,0.015600865791376243,0.007861758011498958,0.007878924362550336,0.7830025764222547,11.614147545737978,41,0.0006395776359514,0.169434557453558,14.215632671194507
AZ_GrandCanyon,Xo_poly,5.621491076463307e-05,2.810824543357093e-05,2.8110354785016734e-05,0.272508038585209,0.0001058060685307485,5.290583314447794e-05,5.290823122571157e-05,0.5385852090032154,2.0751557169675355e-05,1.0375886242735953e-05,1.0378968256419824e-05,0.03376205787781351,7.6157151959833955,41,5.5402449629108215e-06,4.9591157766115425e-05,5.09870501117694
AZ_GrandCanyon,Xr_poly,0.003553208309976049,0.001779766094827001,0.0017844308124999866,0.405055055869102,0.0736989264329614,0.038259297803582185,0.04028833106161566,0.4317128311891092,0.000636169146319144,0.00031818578314859027,0.0003182021237994698,0.8610347575752647,8.731874530549767,41,0.0002738190362175,0.07014571812298535,115.84800498323634
AZ_GrandCanyon,Xum_poly,0.0003431752076837766,0.00017161705120048222,0.00017162988191780402,0.6965681277607884,0.005602633237621682,0.0028091860383453893,0.0028220899087608256,0.38056405028882095,3.21403012159041e-05,1.6070408861842793e-05,1.6071692396805065e-05,0.16751613999320422,14.807245286162765,41,1.3106865696018124e-05,0.005259458029937905,174.31800654218233
AZ_GrandCanyon,Xv_poly,0.013092323882907637,0.006589296543709201,0.0066149483858879915,0.6295211756412342,0.019541624951193288,0.009867223263761703,0.009901310993380734,0.7413406268640529,0.0026246580008072095,0.0013140534708815236,0.0013140534708815236,1.0,4.045642356451866,41,0.0013140534708815,0.006449301068285651,7.445398579618103
AZ_GrandCanyon,Yb_poly,0.03930946878300077,0.020048787994401854,0.021236599327735955,0.2638655865011265,0.06467034908269925,0.033415676265822224,0.033963268308371465,0.6745362159052778,0.0054605878743243085,0.0027377688508570005,0.0027408398891425136,0.7095896649249797,8.731874530549767,41,0.0003716239555346,0.025360880299698484,11.843111139512894
AZ_GrandCanyon,Yd_poly,0.030105466360721117,0.015282780802027414,0.016301736235418897,0.19646524076509542,0.03501700544443903,0.017820513226558053,0.017911097081223324,0.7789391107727095,0.0026579159063791764,0.001330726432665799,0.0013310129623736772,0.8607554048129946,6.114879507303,41,0.0001930223126507,0.004911539083717914,13.174609986868234
AZ_GrandCanyon,Yh_poly,0.007103046032531674,0.0035641812881448275,0.0035669458929475113,0.8213831114678237,0.020834920319441456,0.010527126076216064,0.010547548572907791,0.8446460706918065,0.008890728650261087,0.0044652138273828705,0.0044766575890820386,0.6359315529749625,7.6157151959833955,41,0.0007102602949597,0.013731874286909782,2.343443506042625
AZ_GrandCanyon,Yi_poly,0.005481142118533291,0.0027481024292521548,0.0027497249811634108,0.8232336685090231,0.00296274669668215,0.0014835710709860035,0.0014837183911980871,0.937271092761537,0.0008022297753214401,0.0004012758453763592,0.0004012758453763592,1.0,4.82520292714424,41,0.0004012758453763,-0.0025183954218511414,3.6931397809250184
AZ_GrandCanyon,Ys_poly,0.02538076961959245,0.012853500679572987,0.013026115669976024,0.4923777943451023,0.10365100791810233,0.054658192321609324,0.05531700047302874,0.821089585952887,0.010637619544005921,0.0053472507817140915,0.00535002901519142,0.9114822686354582,7.104181817323547,41,0.0008004763256781,0.07827023829850988,9.743816037913062
AZ_PipeSpring,Jk_poly,0.2899586822187283,0.16956238378786143,0.23561224894030028,0.3768930008554862,0.1598608618215608,0.08687433385054116,0.09388262255268233,0.537842273692215,0.0195764129685905,0.009884962538713703,0.009884962538713703,1.0,7.290858980203122,33,0.0098849625387137,-0.13009782039716747,8.16599353916627
AZ_PipeSpring,Jkt_poly,0.006990576922876842,0.0035075483547306486,0.0035466725399578005,0.24125456683512717,0.01695664638470173,0.008550819806227619,0.008613434709372396,0.5404978411324853,0.0014117519348772441,0.0007063745802788505,0.0007063967207107707,0.9575138463748081,16.42746803809845,33,0.0006978199117741,0.009966069461824888,12.011066509482886
AZ_PipeSpring,Jmd_poly,0.05936625367542058,0.03059116836850642,0.031620196868148105,0.48453917489935744,0.09650661917996987,0.05069973983224179,0.051091673100624686,0.8685787815243841,0.004458900636390352,0.002234431873045523,0.002234431873045523,1.0,5.275655865593389,33,0.0022344318730455,0.03714036550454929,21.64359043849329
AZ_PipeSpring,Jms_poly,0.09889531103210925,0.0520199185273692,0.053621414227025224,0.6352674897119341,0.2042524711766291,0.11374230948292692,0.1153557445851434,0.8904977464236723,0.006372704891968884,0.003196537741836825,0.003196537741836825,1.0,7.276539770132429,33,0.0031965377418368,0.10535716014451985,32.051142276184095
AZ_PipeSpring,Jmw_poly,0.1038467359168902,0.05476705806642987,0.058874675296160306,0.43976928084455724,0.01828176870259016,0.009225210937591908,0.00937116974477064,0.3719766051180089,0.00247953297947595,0.001241305418599485,0.001241305418599485,1.0,7.290858980203122,33,0.0012413002322861,-0.08556496721430004,7.373069386015595
AZ_PipeSpring,Jn_poly,9.625050681907496e-06,4.812548501465366e-06,0.0010052547406899702,4.835675503753748e-06,0.4168574078074477,0.26331008328828204,0.3101025176064757,0.6357021878903915,0.10784652463486036,0.05699671091112131,0.05699671091112131,1.0,8.374028851526408,33,0.0569967109111213,0.41684778275676576,3.8652836446868917
AZ_PipeSpring,Jnl_poly,2.7991754873092385e-06,1.3995897025032128e-06,1.420402759937256e-06,9.550692955833351e-05,0.0024896506800078243,0.0012463768615043073,0.0012513671404897325,0.2381199991510495,0.0011798739378932484,0.0005902852000083311,0.0005902852000083311,1.0,8.374028851526408,33,0.0005902852000083,0.002486851504520515,2.110098884337829
AZ_PipeSpring,Pkf_poly,0.008335142619662592,0.004185012648476368,0.004231356937752596,0.27646481425551195,0.023130129433040058,0.011700380372738654,0.01185509082267755,0.47273293566898217,0.001326493978522734,0.0006636871777838435,0.0006636871777838435,1.0,9.80119183018528,33,0.0006636871777838,0.014794986813377466,17.437040655698418
AZ_PipeSpring,Pkh_poly,8.449267849817644e-07,4.2246357096627556e-07,6.594513022250811e-07,1.1755622243894365e-06,0.0025156098873651703,0.0012593890094046338,0.0020999626288509677,0.0031364000146710167,0.05190262368304285,0.02664272551979365,0.02664272551979365,1.0,9.80119183018528,33,0.0266427255197936,0.0025147649605801884,0.04846787520275294
AZ_PipeSpring,Qa1_poly,0.2385011137485903,0.1353966872247856,0.3146619669726286,0.19202366315132097,0.6774601645930408,0.5122417839191811,0.5366038391768494,0.9185849880786922,0.19391067858716088,0.10736494385309331,0.10736494385309331,1.0,4.64032323921093,33,0.1073649438530933,0.4389590508444505,3.4936712589994334
AZ_PipeSpring,Qa2_poly,0.0022482684070773084,0.0011253993033882314,0.0015145123411184497,0.004361194852989549,0.34145689367623683,0.2058776117270124,0.2127254197481746,0.8647832927000365,0.08654193378201777,0.04522802736569554,0.04522802736569554,1.0,6.509518541737444,33,0.0452280273656955,0.3392086252691595,3.9455657939918476
AZ_PipeSpring,Qa3_poly,0.027759596033645247,0.01407515837208191,0.014139560266012277,0.7555148646547704,0.01901080697325866,0.009596623262851909,0.009603510955242988,0.9304617457548066,0.0016195231531186138,0.0008104178217723369,0.0008104178217723369,1.0,3.974145603934258,33,0.0007252375988132,-0.008748789060386588,11.738521265750814
AZ_PipeSpring,Qae_poly,0.749816418030589,0.5997650495852818,0.734121727075848,0.7661968385355282,0.7382515185344054,0.5851019671344349,0.5909728569199896,0.9833047482925173,0.17512712652917473,0.09596675421893411,0.09599010964819972,0.9974710464183788,4.404349326425042,33,0.0310334328845307,-0.011564899496183556,4.2155177965043515
AZ_PipeSpring,Qaf_poly,0.385152116710315,0.2385067477227037,0.2692804750641289,0.6760624055927277,0.2625250640042739,0.15109574162220873,0.15287421956225455,0.9285094966217874,0.022899052579110804,0.01158213626319001,0.011607434690600021,0.8416248139120193,11.339423122711183,33,0.0011487052471796,-0.12262705270604113,11.464450902381746
AZ_PipeSpring,Qd_poly,0.2693794023361761,0.15565479961339482,0.15859892018778762,0.8934478850218412,0.8755650979774996,0.7786712208973917,0.795411959672819,0.9736824343826677,0.1406814694933652,0.0756629201425921,0.07567287608954164,0.9982641798611728,6.270061589043992,33,0.0359172890378267,0.6061856956413235,6.22374148585925
AZ_PipeSpring,Qes_poly,0.40796581288731665,0.2562544298293018,0.2648072902984605,0.888067536392888,0.6511356820213152,0.482728821084883,0.4994238909776056,0.935235546681479,0.09536588152835454,0.050070446918634395,0.050070446918634395,1.0,10.54904010282742,33,0.0500704469186343,0.24316986913399857,6.8277634682978015
AZ_PipeSpring,Qfp_poly,0.04267343593232811,0.021801898934864065,0.022035326878765478,0.6729967889383301,0.046275766975370926,0.023685925676281236,0.023697211536599507,0.9802893321395634,0.004333649826010748,0.002171530238826207,0.0021715323030932253,0.9995624339443551,6.204810814794531,33,0.000930516333553,0.0036023310430428127,10.678243243748453
AZ_PipeSpring,Qg1_poly,0.1425938852332955,0.07677044029286277,0.08377012450420719,0.47883160957693,0.15648259930908434,0.0848826266844227,0.08563752170037067,0.9059207464992338,0.01586549997849332,0.007996181699537683,0.007996192888313146,0.9998250392420849,4.404349326425042,33,0.0050481555623311,0.013888714075788844,9.863073935344383
AZ_PipeSpring,Qg2_poly,0.11972246970631524,0.06367276520483417,0.06570296742433085,0.6732695678240096,0.08790057113427498,0.0459707114636912,0.046297555543630145,0.866875479847183,0.008907285890509535,0.0044735666136437495,0.0044735666136437495,1.0,3.974145603934258,33,0.0040957652138957,-0.031821898572040264,9.86839001405923
AZ_PipeSpring,Qg3_poly,0.008269551841221603,0.00415194327569087,0.0041644977804145555,0.5793468261269549,0.006905267950112933,0.003464595956766642,0.0034652964860100613,0.9448679195689316,0.0013876906653980815,0.0006943270883086303,0.000694352062530606,0.9507491128926272,5.107425568001592,33,0.0001906522098972,-0.0013642838911086695,4.976085897451825
AZ_PipeSpring,Qg4_poly,0.0006735496686019913,0.0003368882897989707,0.000336916127644108,0.8030447193149381,0.001233458329227104,0.0006171097541967326,0.0006171219064189312,0.9690770694576594,0.0003848253077104166,0.00019244968360956522,0.00019245518870231252,0.8705994291151284,6.270061589043992,33,2.6334008753051173e-05,0.0005599086606251126,3.2052422346278973
AZ_PipeSpring,Ql_poly,0.20073624246846894,0.11156576773594638,0.1260405567816594,0.4927640721941907,0.31703674068281557,0.1883800724273948,0.190555329485368,0.9428647754662216,0.05538979837520199,0.028483753879786106,0.02848867833053847,0.9939680090768016,5.107425568001592,33,0.0104345377665797,0.11630049821434663,5.72373884691288
AZ_PipeSpring,Qps_poly,0.0366060117888494,0.018644251743992125,0.01884061486942645,0.6414325300439357,0.04912466617676053,0.025180833098385723,0.02528684696752304,0.8572699238088722,0.0025601751965259184,0.0012817283227933092,0.0012817283227933092,1.0,4.131414463316157,33,0.0012817283227933,0.012518654387911124,19.188009571931342
AZ_PipeSpring,Qs_poly,0.1518001241709152,0.08213404088820161,0.09317953950000381,0.409290898299448,0.10092886709931019,0.053146438461812044,0.05436216381370514,0.7038341849088409,0.023343853197268734,0.011809769359748147,0.011809769359748147,1.0,5.552032788689625,33,0.0118097693597481,-0.05087125707160502,4.323573586862644
AZ_PipeSpring,Qtr_poly,1.3464577119285694e-05,6.732333883657231e-06,6.760312065732022e-06,0.0016240784231250074,0.002399286848358883,0.0012010842970582925,0.0012029241342042453,0.43986820428336076,0.0010716656141837755,0.0005361200778181234,0.0005361200778181234,1.0,4.64032323921093,33,0.0005361200778181,0.0023858222712395973,2.2388390712585085
AZ_PipeSpring,Qv_poly,0.12659295523469766,0.06757365175305884,0.06962030275252028,0.6968440525622593,0.1238623155890766,0.06601984311613428,0.06643003213555361,0.9144707077003509,0.006728323380662294,0.003375517476912018,0.003375517476912018,1.0,6.204810814794531,33,0.0031151992300246,-0.0027306396456210635,18.409090732033807
AZ_PipeSpring,TRcp_poly,0.3417496837814914,0.2060905283352039,0.21577522417134595,0.8211635500963047,0.3847204008372688,0.23817573195172273,0.24252176604008222,0.9300255074455723,0.022566379420373036,0.011411952940174224,0.011411952940174224,1.0,7.276539770132429,33,0.0114119529401742,0.04297071705577743,17.048388386572167
AZ_PipeSpring,TRcs_poly,0.738401972984541,0.5852910017078627,0.7857315176785098,0.6964503913286212,0.44014664508297985,0.2821718103791843,0.28532797754404027,0.9622773429681987,0.04646779242345735,0.023786550456264578,0.023786550456264578,1.0,5.275655865593389,33,0.0237865504562645,-0.2982553279015612,9.472079953184734
AZ_PipeSpring,TRml_poly,0.47607964054495056,0.3124045410845456,0.3247695735089722,0.8913675875133472,0.7565322312181767,0.6084051796206359,0.6123973461261065,0.9893988290963979,0.05707028256940028,0.029373312918838917,0.029373312918838917,1.0,9.09546066903132,33,0.0293733129188389,0.28045259067322614,13.256150086486715
AZ_PipeSpring,TRmm_poly,0.38964864336439753,0.24196498593851215,0.2760374431238975,0.6621935798158992,0.24942373681073696,0.1424809315969633,0.14327207253711335,0.9626902662052307,0.030391758911518973,0.015430357305330586,0.015430357305330586,1.0,7.949506382233436,33,0.0154303573053305,-0.14022490655366057,8.206952994622542
AZ_PipeSpring,TRms_poly,0.6129489784045172,0.4419080256322948,0.4643424682321618,0.9014438624023418,0.8287070978220413,0.7075148293659964,0.7096861314034504,0.99569429379669,0.023299308327070663,0.011786968267488132,0.011786968267488132,1.0,7.760654976548346,33,0.0117869682674881,0.2157581194175241,35.567884084318294
AZ_PipeSpring,TRmu_poly,0.226319855464554,0.12759902407535303,0.15477925964415962,0.42083351729122415,0.6221523141038251,0.45153925246763904,0.46918617697658765,0.9231080544122914,0.01520665385004795,0.007661580425763418,0.007661580425763418,1.0,4.131414463316157,33,0.0076615804257634,0.3958324586392711,40.913163424303455
AZ_PipeSpring,TRmv_poly,0.2090574268705748,0.11673039102827053,0.11929862079023804,0.844293132389081,0.20569060675073766,0.11463497183072678,0.1147427665140822,0.9918715019062505,0.016777935941575048,0.008459938120717063,0.008459938120717063,1.0,7.760654976548346,33,0.008459938120717,-0.003366820119837133,12.259589467202854
AZ_PrescottNF,Cb_poly,0.012610053725270699,0.0063450324627573286,0.006352846211608242,0.8376288443635571,0.028642355718998744,0.01452925388860389,0.014557751293213388,0.8812660924408511,0.0022155865737923906,0.0011090218538609236,0.0011090231446336926,0.9989516325178432,5.479991304182932,180,0.0003384800999261,0.016032301993728043,12.927662614407343
AZ_PrescottNF,Cbt_poly,0.012755052325377186,0.006418460059643139,0.006427871847565858,0.8142489466217036,0.0135723814289286,0.0068325577544536146,0.006839419649205728,0.8719619571804396,0.0007960436737812537,0.0003981803213535457,0.0003981803213535457,1.0,0.9580641243828998,180,0.0003981803213535,0.0008173291035514143,17.049794974764385
AZ_PrescottNF,Ct_poly,0.06809822793111854,0.03524932215274685,0.035838665352778507,0.6818886619771576,0.07872228143151018,0.040973920985335095,0.04142609772206093,0.7896428142393785,0.005091349384957532,0.002552171691364333,0.002552171691364333,1.0,0.9580641243828998,180,0.0025521716913643,0.01062405350039164,15.461968032305215
AZ_PrescottNF,DCmt_poly,0.02362206319684642,0.0119521994032456,0.012128617938652669,0.4510631333045665,0.018605594120310164,0.009390151736120272,0.009448897576427293,0.6016486377907063,0.001906062273218699,0.0009539402713904503,0.0009539402713904503,1.0,5.923523153687058,180,0.0009539402713904,-0.005016469076536256,9.761272956151409
AZ_PrescottNF,Dm_poly,0.26106745584990243,0.15013087007207576,0.15790362428059768,0.7530809931603933,0.3896172139785253,0.24194074685875935,0.2541824905363365,0.8339851453911756,0.01975767277897445,0.009977401506562782,0.009977403903847057,0.9999759190245193,4.261702850138006,180,0.0093130017600635,0.12854975812862285,19.719792828695127
AZ_PrescottNF,Kt_poly,0.05914127257475028,0.03047170396230091,0.030641638854218896,0.8460229563010884,0.005361075912696312,0.0026877425522764246,0.0026877475680621918,0.9993061567028566,0.003430913182758661,0.001718404439601901,0.001718404439601901,1.0,1.315614720371395,180,0.0017184011809458,-0.05378019666205396,1.5625798809591807
AZ_PrescottNF,MDrm_poly,0.0076205201190429755,0.0038248336704904706,0.0038391115797418783,0.5070101472850203,0.007334167774735002,0.0036805808862315536,0.0036918742261217606,0.5461164779957729,0.0005129496543822265,0.0002565406234031681,0.0002565406234031681,1.0,5.923523153687058,180,0.0002565406234031,-0.00028635234430797376,14.29802654525217
AZ_PrescottNF,Mr_poly,0.3167293467653388,0.18816305396680866,0.2379110350584052,0.47364458370507423,0.11094128688108534,0.05872834238059052,0.07900844703938888,0.18619619184552,0.03122193837350205,0.015858536308408562,0.015858536308408562,1.0,5.721024596458398,180,0.0158585363084085,-0.20578805988425347,3.5533119550079193
AZ_PrescottNF,PPss_poly,0.14542667840832793,0.0784151679069322,0.07995542855513943,0.8027829975559565,0.15964811883035301,0.08674869217341614,0.08927539118614843,0.7540021134633615,0.00904434532690065,0.004542715607789701,0.004542715607789701,1.0,1.4866029510075471,180,0.0045427156077897,0.014221440422025083,17.651705354008396
AZ_PrescottNF,Pc_poly,8.689094184211026e-05,4.344735851200596e-05,5.74187556156805e-05,0.0001785253025284545,0.0011243174614952185,0.0005624749309408643,0.0006673215511219687,0.0035672363563835872,0.008644667624741904,0.004341097484812355,0.004341097484812355,1.0,5.67321203552171,180,0.0043410974848123,0.0010374265196531082,0.13005907344283651
AZ_PrescottNF,Ph_poly,0.31151411468144785,0.18449317070996846,0.19504062065780595,0.7733247844743839,0.31357304996927055,0.18593930200389455,0.19340439220999373,0.8280985450286165,0.020248364243277788,0.01022772951796968,0.01022772951796968,1.0,2.9730268993693105,180,0.0102277295179696,0.002058935287822694,15.486339844630807
AZ_PrescottNF,Pk_poly,0.020353600498763166,0.010281432332507041,0.010381545733760905,0.5160109759322931,0.020534816222109457,0.010373921395736759,0.010443309822080573,0.6095774927267918,0.0017158944423127497,0.0008586839266450917,0.0008586839266450917,1.0,1.1490768522221555,180,0.000858683926645,0.00018121572334629105,11.967412281160971
AZ_PrescottNF,Pkt_poly,0.0840764767536631,0.043883002496469224,0.04502826223786447,0.633074821348053,0.08905998761894805,0.04660532881300566,0.047521983478533016,0.7072730404107804,0.006538814138291556,0.003280131153125532,0.003280131153125532,1.0,1.1490768522221555,180,0.0032801311531255,0.004983510865284951,13.620204785667362
AZ_PrescottNF,Ps_poly,0.14961032516553405,0.08085341547256421,0.08413322423434651,0.6746953174775614,0.19608229739367514,0.10869802824728243,0.1136859743303135,0.7124338599347337,0.010760090399111967,0.0054091466530403675,0.0054091466530403675,1.0,1.4866029510075471,180,0.0054091466530403,0.04647197222814109,18.22310873985388
AZ_PrescottNF,Psh_poly,0.16803600224342058,0.09172451120720562,0.09751420509733423,0.6070557771687614,0.18463165135699486,0.10170478707255623,0.1070465371261428,0.670849435612521,0.015835995602631586,0.00798119286890365,0.00798119286890365,1.0,2.2455769402269565,180,0.0079811928689036,0.01659564911357428,11.658986020829232
AZ_PrescottNF,Pshh_poly,0.003917596124450242,0.001962642482516716,0.0019642001823210395,0.7122151012266033,0.004169368440983806,0.0020890392075639,0.0020906476254373397,0.7308475871142991,0.0002675052365248523,0.00013377051041844093,0.00013377051041844093,1.0,2.2455769402269565,180,0.0001337705104184,0.0002517723165335632,15.586118967792448
AZ_PrescottNF,Pt_poly,0.003972907565776906,0.0019904076356658112,0.001998482019516027,0.3300477277443453,0.007628110484532651,0.0038286579552112444,0.0038459563101445942,0.45981814408873967,0.0006017492867317302,0.00030096519616192583,0.00030096519616192583,1.0,0.7881908292350289,180,0.0003009651961619,0.0036552029187557457,12.67655924606586
AZ_PrescottNF,Ptc_poly,0.01371096238794938,0.006902803231715422,0.006932992649557907,0.6131867911573524,0.02305946493010539,0.01166421777541737,0.011715700341531436,0.7263560413565676,0.00113229693091454,0.0005664691711092223,0.0005664691711092223,1.0,0.7881908292350289,180,0.0005664367228751,0.009348502542156011,20.365210132187315
AZ_PrescottNF,QTf_poly,0.13142306350997315,0.07033323645578164,0.0729581729176538,0.6615745403763915,0.10482920240963797,0.055313854847765874,0.05603036501678919,0.8122237486842926,0.008973067664232993,0.00450675353432124,0.00450675353432124,1.0,3.309380064610755,180,0.0045067535343212,-0.02659386110033518,11.682649271384788
AZ_PrescottNF,QTg_poly,0.04815472987202431,0.024671386922420838,0.025071630571954162,0.6071403626958182,0.04282823647348524,0.021882717333053855,0.02199940439960993,0.8049017332705484,0.0026569447104226457,0.001330239541668238,0.0013302450526858696,0.99689529856278,2.649883454511574,180,0.0012599869414636,-0.0053264933985390644,16.11935555357208
AZ_PrescottNF,QTl_poly,0.059656655608009215,0.03074541203258164,0.031896789693885666,0.4599687833452552,0.06039811552714494,0.03113943949562616,0.031356883288651737,0.8178678990988432,0.0038491468106443233,0.0019282845304473548,0.0019283208741318265,0.9903204695688348,2.649883454511574,180,0.0016787344575029,0.0007414599191357257,15.691299526461728
AZ_PrescottNF,QTs_poly,0.301941331090046,0.17781560591417797,0.19591047246009446,0.6581411101840139,0.2808211310772283,0.1633460811748979,0.1671865193948429,0.8767102701441786,0.011007774504243605,0.005534347677754204,0.005534561015648474,0.9930832189414942,2.973228611844148,180,0.0050625787770396,-0.021120200012817725,25.511163130110358
AZ_PrescottNF,Qa_poly,0.0,0.0,0.0,0.0,0.00018275751762644867,9.138710965387602e-05,9.159454800100867e-05,0.03878691141260974,0.00010670525882774181,5.335547606881281e-05,5.335547606881281e-05,1.0,3.598675690417091,180,5.335547606881281e-05,0.00018275751762644867,1.7127320587027561
AZ_PrescottNF,Qal_poly,5.447876137897721e-05,2.724012269356068e-05,5.6075298535861804e-05,5.2970618526268834e-05,0.045748671220470466,0.023409819682221458,0.03373835466315856,0.07103655136674035,0.034031470007120264,0.017310282177936752,0.017310282177936752,1.0,4.155758431636111,180,0.0173102821779367,0.04569419245909149,1.3443048804797049
AZ_PrescottNF,Qc_poly,0.024148036672541135,0.012221581940721067,0.5442981477348806,0.01234792910192737,0.07267446910442339,0.03770741783857007,0.03777754722770336,0.9530788819529877,0.007639927075039468,0.003834611614066016,0.003835094371155518,0.9682163596138171,7.867597334024009,180,0.0005607307102708,0.04852643243188226,9.512455863860186
AZ_PrescottNF,Qf_poly,0.40919885318208543,0.2572281607921942,0.28931970883816377,0.6987069088970994,0.349664510840938,0.2118748055397582,0.22337859896086304,0.8044639703193419,0.026986927553223086,0.013678027748572392,0.013678027748572392,1.0,3.6196576200662736,180,0.0136780275932549,-0.059534342341147406,12.956810668844632
AZ_PrescottNF,Qg_poly,0.27420523655621365,0.15888635332804174,0.170637982609151,0.6976192046839236,0.15803571589270834,0.08579738340002634,0.08686883701695823,0.8743099888104612,0.019947293882542745,0.0100741226841663,0.010076273686965993,0.9792495665453949,2.9514498620279683,180,0.0045615681598819,-0.1161695206635053,7.922664438759601
AZ_PrescottNF,Qs_poly,0.023892018809373982,0.012090441937782564,0.018989512771578353,0.032206827532165735,0.3798521050255948,0.23445520387606072,0.25284411241826693,0.7632416550169061,0.041270790326384366,0.021070186793845456,0.021070186793845456,1.0,4.803799315949127,180,0.0210701867938454,0.35596008621622083,9.203897042474512
AZ_PrescottNF,Qt_poly,0.20278742886631954,0.11283441487302827,0.12270175503045387,0.583872864949641,0.1637743252121084,0.08919073916719225,0.09063707594089618,0.8482384558204883,0.007726678172797385,0.003878322360764689,0.003878555787070745,0.9847191249867261,3.081659928931451,180,0.0034753023335036,-0.03901310365421112,21.19595530569577
AZ_PrescottNF,TKb_poly,0.0,0.0,0.0,0.0,0.0,0.0,0.0,0.0,1.4920685824214088e-05,7.46039856923863e-06,7.46039856923863e-06,1.0,3.598675690417091,180,7.46039856923863e-06,0.0,0.0
AZ_PrescottNF,TKgd_poly,0.0010506527085165428,0.0005256024670860949,0.0005257386744316531,0.6698299015219338,0.00010301434420019616,5.1509825225530824e-05,5.150993402681578e-05,0.9606087735004476,6.346305866205271e-05,3.1732536252931214e-05,3.1732536252931214e-05,1.0,1.9432333018893888,180,3.170953273150514e-05,-0.0009476383643163466,1.6232174492054992
AZ_PrescottNF,TKr_poly,1.4473783363979465e-05,7.236944054969968e-06,7.237094451319684e-06,0.25829383886255924,3.819138013058364e-06,1.9095726529899357e-06,1.9095726878843643e-06,0.990521327014218,2.396185293454212e-06,1.198094082154816e-06,1.198094082154816e-06,1.0,1.315614720371395,180,1.1979787656844375e-06,-1.0654645350921101e-05,1.5938408534145119
AZ_PrescottNF,TRm_poly,0.0011590206688955526,0.0005798463614066034,0.0005804182009468701,0.3704931794333683,0.00427659652295794,0.00214288037886766,0.00214448670494771,0.7409863588667366,0.0001368055286613942,6.840744358893938e-05,6.840744358893938e-05,1.0,5.965141886554556,180,6.763470164083347e-05,0.003117575854062387,31.260407125379377
AZ_PrescottNF,Ta_poly,0.031155593722241585,0.01582430466465528,0.015910754853223682,0.7444017350213351,0.014425243516277383,0.007265021611084145,0.007267014216051682,0.9636303793302066,0.0059128356192061846,0.0029651841327820007,0.002965377384852168,0.9784944340609608,3.6277238762834254,180,0.0004830011923011,-0.016730350205964202,2.4396490018124357
AZ_PrescottNF,Tabo_poly,0.032365900543114494,0.01644914598300988,0.01670965587609171,0.5134016569590799,0.037481106837103054,0.01909846930273194,0.019274431547223015,0.6765842139324866,0.004586494140040506,0.00229851814001022,0.00229851814001022,1.0,1.543695429726344,180,0.0022985181400102,0.00511520629398856,8.172060334687801
AZ_PrescottNF,Taby_poly,0.027693692059963703,0.014041273380547168,0.017226226453987126,0.07058362050380024,0.24677106101672128,0.14075233161496134,0.14436226639686703,0.8491413973766251,0.026198032684358573,0.013272877987849884,0.013272877987849884,1.0,4.486036887515995,180,0.0132728779878498,0.21907736895675758,9.419450078175332
AZ_PrescottNF,Tao_poly,0.0035141600447976414,0.0017601727868385446,0.0017611067573003725,0.7684651650078576,0.0027345448284531704,0.0013691444076061976,0.0013697448103216702,0.7574895856718801,0.0002275843875815768,0.00011380514392778062,0.00011380514392778062,1.0,0.0,180,0.0001138051439277,-0.000779615216344471,12.015520297819123
AZ_PrescottNF,Tay_poly,0.01141979374489587,0.0057426870231207,0.0057483921543951275,0.8526428363094274,0.009290099317319726,0.004666726836559079,0.004670372965537322,0.8566856791003662,0.0007005323757733579,0.00035038891727701127,0.00035038891727701127,1.0,0.0,180,0.000350388917277,-0.0021296944275761443,13.261484605995337
AZ_PrescottNF,Tbo_poly,6.513679880395497e-05,3.256946013716353e-05,9.706491201372709e-05,4.9014259754022235e-05,0.09477111192864175,0.04974263854700286,0.08741160809205666,0.10348379185533589,0.0740667899269024,0.03845761085561801,0.03845761085561801,1.0,2.649485958831101,180,0.038457610855618,0.09470597512983779,1.2795358354557118
AZ_PrescottNF,Tbso_poly,1.1560392937755954e-05,5.7802298797423175e-06,6.511285685915113e-06,5.148005148005148e-05,0.008139307435240004,0.004086283476360824,0.0040896139787686995,0.8338223938223939,0.0004410541364151495,0.00022057571112246637,0.00022057571112246637,1.0,3.541109312396361,180,0.0002205757111224,0.008127747042302248,18.45421403684274
AZ_PrescottNF,Tbsy_poly,4.751534349633737e-06,2.3757728190999465e-06,2.400055681291806e-06,0.00023476015337663353,0.0008032759314318568,0.0004017993435869126,0.00040201859163565504,0.4242115971515768,7.255173128208127e-05,3.6277181627207176e-05,3.6277181627207176e-05,1.0,4.71289586678525,180,3.6277181627207176e-05,0.000798524397082223,11.071767926649724
AZ_PrescottNF,Tbu_poly,0.0018978005394981185,0.0009498015366834263,0.0009499663508329545,0.8455485611510791,0.00022860646018429224,0.00011431629681412414,0.00011431708165992261,0.9433453237410072,0.00012626239687813952,6.313518423891443e-05,6.313518423891443e-05,1.0,4.980123268421385,180,6.313518423891443e-05,-0.0016691940793138263,1.81056645396118
AZ_PrescottNF,Tbx_poly,1.4666802566086295e-05,7.333455062211909e-06,7.333476859026792e-06,0.7115928369462771,2.03663137671783e-05,1.0183260581329235e-05,1.0183260728142068e-05,0.9985862393967955,1.801149550808274e-05,9.005828858264383e-06,9.00618128022799e-06,0.18708765315739867,10.26960099345698,180,6.023959575313689e-06,5.699511201092005e-06,1.1307397410747388
AZ_PrescottNF,Tby_poly,0.004341512955324918,0.002175478912604012,0.002443574104383675,0.019443041050861115,0.13425112347330148,0.07195562337586665,0.07314700281937125,0.8154250097526972,0.014104514591128329,0.007102344858911032,0.007102344858911032,1.0,2.345023757839965,180,0.007102344858911,0.12990961051797656,9.518308666768638
AZ_PrescottNF,Tco_poly,1.948950490161048e-06,9.744761946834529e-07,9.873521289341457e-07,7.471918041361218e-05,0.0007162988839775167,0.00035827775896820984,0.0003603997604846519,0.057359424164182944,0.000683641783522208,0.0003419377732356782,0.0003419377732356782,1.0,0.9091917182735946,180,0.0003419377732356,0.0007143499334873556,1.0477693160986377
AZ_PrescottNF,Tcy_poly,3.399769922315257e-05,1.699913857737649e-05,1.7005643330219623e-05,0.04255053656101822,0.00026629319685462567,0.00013316432880472503,0.00013318598710657762,0.4502121287746444,4.549944747467194e-05,2.2750241299040483e-05,2.2750241299040483e-05,1.0,2.345023757839965,180,2.2750241299040483e-05,0.0002322954976314731,5.852668804447843
AZ_PrescottNF,Td_poly,0.057246826251666764,0.02946685509266994,0.029553684280361512,0.9093341338486651,0.06794433273249474,0.03516686081234295,0.035211894420277466,0.9649086599498428,0.029700997111652916,0.015074360322018605,0.015082094677068976,0.9671000706704941,4.674001117772868,180,0.0022695878044626,0.010697506480827977,2.287611169317861
AZ_PrescottNF,Tdo_poly,6.406292364245984e-05,3.2032487868642126e-05,3.223506155372125e-05,0.005071402259857967,0.00206451548604627,0.0010333244001362303,0.0010372859611870277,0.2129474955668063,0.0006625465819277007,0.00033138306932379495,0.00033138306932379495,1.0,0.5313674798308377,180,0.0003313830693237,0.00200045256240381,3.1160306948373284
AZ_PrescottNF,Tdy_poly,2.2666305766264175e-05,1.133328132494201e-05,1.134600086791399e-05,0.010008259243064666,0.0004560243428438438,0.00022806417282919222,0.00022817644076674005,0.31671767963853664,0.00011685571668308495,5.8431272355646394e-05,5.8431272355646394e-05,1.0,3.14862944140226,180,5.84312723556464e-05,0.0004333580370775796,3.9024564290730503
AZ_PrescottNF,Tfy_poly,0.0683018974054153,0.035358474139242944,0.03631937292851763,0.5720010997077838,0.0981605324309162,0.0516134690150185,0.052560171046091446,0.7413039473273983,0.009966016297110615,0.005007962868335888,0.005007962868335888,1.0,2.5192699909353578,180,0.0050079628683358,0.0298586350255009,9.849525578176635
AZ_PrescottNF,Tgbd_poly,0.0006429696894838462,0.00032158823048427114,0.00032166860849882164,0.5627419922562478,8.26071293257805e-05,4.130527071781027e-05,4.130623961637901e-05,0.6378035902851109,6.451844323059992e-05,3.226026230625107e-05,3.226026230625107e-05,1.0,4.571848884296387,180,3.226026230625107e-05,-0.0005603625601580657,1.2803645777770634
AZ_PrescottNF,Tgy_poly,0.0026345776733031887,0.0013190263753711199,0.0013206170122002476,0.5226990049751243,0.0018897302535881716,0.0009457587412470508,0.0009458134280808195,0.9423862828713575,0.0007285944852688393,0.00036443000347982055,0.0003644334970589793,0.9743692253020612,2.4677296455887543,180,6.390734116845512e-05,-0.0007448474197150172,2.5936653265923257
AZ_PrescottNF,Tha_poly,0.007698641425205061,0.0038641952393749968,0.0038713577796321424,0.67622872258856,0.006406746443273747,0.003213667799007451,0.0032190485731335983,0.6578362214384297,0.0005922052224944808,0.00029619031397263386,0.00029619031397263386,1.0,0.2830647365047518,180,0.0002961903139726,-0.001291894981931314,10.818456507842527
AZ_PrescottNF,Thab_poly,0.05618156351843071,0.028902680653715162,0.029086230936819172,0.8207902360330318,0.04798533251072304,0.02458246513713076,0.024704739653133592,0.8324037596092839,0.004606839742807383,0.00230873786407767,0.00230873786407767,1.0,6.089362580264592,180,0.0023087378640776,-0.008196231007707673,10.416106309242057
AZ_PrescottNF,Thb_poly,0.00524451116342732,0.0026291498846739074,0.00444312896215575,0.006398588636875881,0.3851964253476562,0.23854073114161048,0.2678708548977744,0.6853944056757059,0.05120208981772013,0.026273678532901835,0.026273678532901835,1.0,2.429619973294442,180,0.0262736785329018,0.37995191418422886,7.523060615669374
AZ_PrescottNF,Thbs_poly,0.00015829510311167133,7.915381638659897e-05,8.207659874574797e-05,0.0022178413011335633,0.0014123045784746736,0.000706651292665345,0.0007070994993393977,0.527148020371283,0.0001382292465630633,6.911940044285471e-05,6.911940044285471e-05,1.0,3.5010704812872877,180,6.911940044285471e-05,0.0012540094753630024,10.217118399978752
AZ_PrescottNF,Thc_poly,0.0001222510351212834,6.112925411793777e-05,6.176453061846117e-05,0.005908156108462809,0.003513407120226657,0.0017597949982518272,0.0017692613779886294,0.24750062410099738,0.0009547588981248557,0.0004776074490433203,0.0004776074490433203,1.0,0.5313674798308377,180,0.0004776074490433,0.0033911560851053735,3.6798893701090196
AZ_PrescottNF,Ths_poly,0.3158466160234209,0.18754029118039836,0.20246148328525018,0.7178872279565487,0.20777882125602995,0.1159336937428929,0.11740256735426347,0.902593211618611,0.027208185822332722,0.013791716706648088,0.013793154698643381,0.9924975351311762,4.286965953000297,180,0.0130546244251405,-0.10806779476739095,7.636629013518543
AZ_PrescottNF,Thsb_poly,0.00032189477024835374,0.00016097329335481713,0.00016143683934801784,0.053085326247416596,0.002953417152379298,0.0014788924693824484,0.001479928435719978,0.6787324082275367,0.00028841011560800696,0.00014422585590189064,0.00014422585590189064,1.0,4.708603513583045,180,0.0001442258559018,0.002631522382130944,10.24033829795845
AZ_PrescottNF,Tht_poly,3.1573355521354155e-05,1.57869269838062e-05,1.578719563058615e-05,0.4812547819433818,0.00014192680578517137,7.096843905451897e-05,7.097165171666907e-05,0.6105585309869931,7.5545108096755325e-06,3.7772696725500525e-06,3.7772696725500525e-06,1.0,5.519573659823395,180,3.710327598932607e-06,0.00011035345026381722,18.78702795730954
AZ_PrescottNF,Tla_poly,0.09595270296697483,0.05039407535542462,0.05128814536555953,0.7429864830400408,0.050617934991820594,0.02596614378495793,0.026002494825935543,0.9489118422171214,0.013786816455782636,0.006941257147020499,0.006942322255618252,0.9783749893734591,4.242437181633737,180,0.0013357179356157,-0.04533476797515424,3.6714737701893316
AZ_PrescottNF,Tlal_poly,0.7534269691215816,0.6043985795125593,0.8237901568464485,0.6941378957348511,0.16994944065000986,0.09286598109637674,0.09305613193628653,0.9784699958574068,0.05121299934817488,0.026279423729245573,0.026294606377506476,0.9785006108650749,6.839959759206807,180,0.002967237267927,-0.5834775284715717,3.3184824715029406
AZ_PrescottNF,Tlau_poly,0.05626253440373879,0.028945541977542573,0.41472076711355765,0.030178317612094586,0.04734073147858706,0.024244235664542882,0.024257194204272796,0.978440366972477,0.00695774530651682,0.003491017458426578,0.0034911888161920676,0.9861351595813412,7.538988734467421,180,0.0004393913586555,-0.008921802925151726,6.804033403500183
AZ_PrescottNF,Tmc_poly,0.022724525528970144,0.011492847517895562,0.011546472711636238,0.7121985483493327,0.027703513196286195,0.014046322843266968,0.014094325719221841,0.8048475766799345,0.00302655481192807,0.0015155708851416567,0.0015155708851416567,1.0,4.519606272271169,180,0.0015155708851416,0.00497898766731605,9.153481406351151
AZ_PrescottNF,Tmcd_poly,0.0067247227315132396,0.0033737049810443442,0.0033831966496411163,0.5459743083210519,0.006744990966799062,0.0033839076968233085,0.0033860565533311683,0.8420766569460558,0.0029924038345794197,0.0014984438919137422,0.0014985180830372504,0.9680160546862752,1.3060136668046105,180,0.0002715976835292,2.0268235285822445e-05,2.254037669934702
AZ_PrescottNF,Tmcl_poly,0.005087410497235154,0.0025501921858657466,0.002556534781663899,0.5068829020441924,0.004864259893338545,0.0024380596244937686,0.00243943525028745,0.8121529008625783,0.0021395152684383924,0.0010709032411369127,0.001070930822475649,0.9765154200638072,1.3060136668046105,180,0.0001921989439618,-0.00022315060389660902,2.2735336200189455
AZ_PrescottNF,Tmo_poly,0.003653149171527021,0.001829917065769901,0.001832686152496385,0.547738099925194,0.0034516218934322806,0.0017287945192220368,0.001730519340555121,0.6343031877895455,0.0004325243937397667,0.00021630897632430592,0.00021630897632430592,1.0,1.543695429726344,180,0.0002163089763243,-0.00020152727809474033,7.980178559614348
AZ_PrescottNF,Tmu_poly,0.0074789680856493,0.0037535202719861612,0.003757701653833505,0.7713341428454045,0.006724517013025232,0.0033736014266068075,0.0033796047768622907,0.6550748190010134,0.0006216825824250962,0.00031093794356441265,0.00031093794356441265,1.0,1.729711830796476,180,0.0003109379435644,-0.000754451072624068,10.816640522232161
AZ_PrescottNF,Tos_poly,0.05310541501588177,0.02727698532086419,0.027884021560532646,0.556139452746374,0.10285132240412694,0.05421363313204497,0.05466588397257224,0.8676036888795124,0.016670307008943203,0.008405212238718988,0.008408450211782017,0.9561919739872327,4.941140983984833,180,0.0019242065519786,0.049745907388245164,6.1697317481285605
AZ_PrescottNF,Tr_poly,0.003193425192027528,0.0015992661644429087,0.0016006311496428699,0.6522171597253417,0.0006039774530451541,0.0003020799512623668,0.0003020847531178992,0.9500096258743502,0.0003583023555519829,0.00017918327867140317,0.00017918328176224626,0.9999037412564975,8.444771149261944,180,0.0001769488446034,-0.002589447738982374,1.685664198647805
AZ_PrescottNF,Trdo_poly,2.2692200618444987e-06,1.1346113182636321e-06,1.153213660507737e-06,7.033293051745855e-05,0.00041457350407752777,0.0002073297287448365,0.00020901181470144833,0.02511525009750702,0.0008875807166964442,0.00044398739567365017,0.00044398739567365017,1.0,0.9091917182735946,180,0.0004439873956736,0.00041230428401568326,0.4670825946067882
AZ_PrescottNF,Tsb_poly,4.562714571506755e-05,2.2814093328514105e-05,2.284841636848586e-05,0.014959859017035441,0.0010207754729181038,0.0005106483651222532,0.0005109861329869763,0.43583317015860584,0.00014496763257679598,7.248907057287231e-05,7.248907057287231e-05,1.0,4.235673320249563,180,7.248907057287231e-05,0.0009751483272030363,7.041402655019232
AZ_PrescottNF,Tso_poly,0.26081614882745546,0.1499646794970038,0.15658750727550821,0.7800121342909715,0.2669000046046425,0.15400150326799628,0.15693543512438995,0.8917457190308178,0.030938007560580932,0.01571205359677511,0.01571205359677511,1.0,3.617448242723441,180,0.0157120535967751,0.006083855777187064,8.62692932251746
AZ_PrescottNF,Tsu_poly,0.0018744515266991032,0.0009381049795050702,0.0009391964605928922,0.4466638001798069,0.002980354788806414,0.001492401337139189,0.0014929228665040838,0.810323261540867,0.00029045914485719137,0.00014525066712087661,0.00014525066712087661,1.0,6.94363867908687,180,0.0001452506671208,0.0011059032621073108,10.260839920436144
AZ_PrescottNF,Tsv_poly,0.0036807185271621723,0.0018437524304462077,0.0018540744262135474,0.24878764744465112,0.012602076171612313,0.006340992923720345,0.0063518706465072305,0.7873571251922022,0.0010554921828847981,0.0005280247544427411,0.0005280247544427411,1.0,2.5192699909353578,180,0.0005280247544427,0.00892135764445014,11.939525821185327
AZ_PrescottNF,Tsvy_poly,5.624892398821746e-06,2.8124541092867436e-06,2.9290461582107547e-06,7.064997981429148e-05,0.012805464431044671,0.006443991366642083,0.006466655401208024,0.6477190149374243,0.0011244455228387959,0.0005625390336683132,0.0005625390336683132,1.0,3.192964505577569,180,0.0005625390336683,0.012799839538645849,11.388247959506087
AZ_PrescottNF,Tsy_poly,0.24939374074721432,0.1424613555612805,0.15195587989618847,0.6951251343973298,0.3546862718435499,0.2155736415333814,0.2212994709004595,0.8928392725723908,0.035509364465195196,0.018075608925225684,0.018075608925225684,1.0,2.604904200701557,180,0.0180756089252256,0.10529253109633557,9.988527735865244
AZ_PrescottNF,Tto_poly,0.011562232660718923,0.005814731972321311,0.005821696787344656,0.829362428816372,0.038695230714327136,0.01972933086193449,0.019817672991833228,0.8156972380408062,0.0016476849227233781,0.0008245217373792577,0.0008245217373792577,1.0,5.519573659823395,180,0.0008245216601373,0.027132998053608214,23.484605691705713
AZ_PrescottNF,Tve_poly,0.14167936605600506,0.07624053861755425,0.07910865212673279,0.6777183194808152,0.03534450094281972,0.017990177392311894,0.018064142780099497,0.814596379369236,0.0009968344292969674,0.0004986657582467496,0.0004986657582467496,1.0,4.301498232085206,180,0.0004986657582467,-0.10633486511318535,35.45674176577846
AZ_PrescottNF,Tvg_poly,0.0428839180569889,0.021911790747953,0.022952430121501406,0.3258222342341432,0.11558904325830044,0.06133961535553971,0.06314149735724471,0.6824853562615085,0.004485494686861905,0.0022477885652642934,0.0022477885652642934,1.0,5.698225548696061,180,0.0022477885652642,0.07270512520131153,25.769519602121665
AZ_PrescottNF,Tvl_poly,0.05329227749450596,0.02737559258557653,0.027958704006749772,0.5675843549621673,0.05149328275289285,0.02642704913311445,0.0266921590875446,0.7268329715282397,0.003613196015895197,0.0018098677113495714,0.0018098677113495714,1.0,3.6196576200662736,180,0.0018098677113495,-0.0017989947416131163,14.251450108536387
AZ_PrescottNF,Tvls_poly,0.00023697384401196714,0.00011850096282032292,0.00016477741935277528,0.0004217705653264645,0.05474598886956068,0.028143362540990893,0.03384379153760842,0.14316720223014462,0.01718927359512891,0.008669144949753023,0.008669144949753023,1.0,4.155758431636111,180,0.008669144949753,0.05450901502554872,3.1848925183827768
AZ_PrescottNF,Tvs_poly,0.004403206316544898,0.002206460909579584,0.008311426697097722,0.00299492500066516,0.44300668098638174,0.2845270275578536,0.30587868265492885,0.8029970398679777,0.016507292320005317,0.00832233577471186,0.00832233577471186,1.0,6.328116415682177,180,0.0083223357747118,0.43860347466983685,26.837028895980623
AZ_PrescottNF,Tvt_poly,0.029818583345554296,0.01513494295169481,0.015331853049116398,0.5409558984631757,0.007730308666130001,0.003880151718291906,0.003883671888132735,0.8106357006479076,0.00018137797409613812,9.069721228637938e-05,9.069721228637938e-05,1.0,4.301498232085206,180,9.069721228637938e-05,-0.022088274679424296,42.61988648099358
AZ_PrescottNF,Xa1_poly,0.025076129593039776,0.012697263914214827,0.012962460959606062,0.3829539227028767,0.07268983482235153,0.03771569108890752,0.03800003274703811,0.8344482235695625,0.001965626866960665,0.0009837803059806437,0.0009837803059806437,1.0,0.0,180,0.000979041049225,0.047613705229311756,36.98048497614789
AZ_PrescottNF,Xa3_poly,0.0003774669287733832,0.00018876909143128654,0.0001888500477584716,0.30572390572390573,0.0012773299969223513,0.0006390731521148876,0.000639166921133867,0.8132996632996633,3.385319434609936e-05,1.6926883687591256e-05,1.6926883687591256e-05,1.0,0.0,180,1.6862544711292794e-05,0.0008998630681489681,37.73144666537289
AZ_PrescottNF,Xa_poly,0.04863657622619144,0.024924407024157245,0.026169515258936675,0.34377078646271786,0.13495453096282506,0.07235991465264115,0.07418098162405032,0.746679854011277,0.004261540623076958,0.002135320188401554,0.0021353201945039555,0.9999986616362033,0.3559144369028343,180,0.0021211065690115,0.08631795473663362,31.668014668691317
AZ_PrescottNF,Xab1_poly,0.02346031677108829,0.011869388188939917,0.011970786340654703,0.5835532272668478,0.05971157227034661,0.03077458558066833,0.030913462056179175,0.8726167378088217,0.0029929869612780207,0.0014987363297857314,0.0014987389768741988,0.9988229207088346,0.3706965592610733,180,0.0004389371486969,0.036251255499258325,19.950495288776487
AZ_PrescottNF,Xab_poly,0.10881128946462654,0.05753592375973064,0.06004317626675832,0.5794535598798186,0.2409090604758288,0.1369508847228751,0.14053164436112414,0.843132787969361,0.014872401104795388,0.007491911911895446,0.007492134117428759,0.9960568726795561,0.0451969319871512,180,0.0021806960767614,0.13209777101120226,16.198397204211442
AZ_PrescottNF,Xah_poly,0.0011386021179431332,0.000569625347284993,0.0005705171067027371,0.26709148389646314,0.0035462339240169257,0.001776266490251375,0.0017777964345514873,0.673631693341237,0.0001155227929526337,5.776473304796478e-05,5.776473304796478e-05,1.0,0.3559144369028343,180,5.746891500596151e-05,0.0024076318060737923,30.69726617041662
AZ_PrescottNF,Xam_poly,0.00211619754306283,0.0010592195304153296,0.0010611364172643705,0.36962412283749047,0.0060611867363471236,0.0030398057834213335,0.003042023875504613,0.8065379003682346,0.00016405732819367585,8.203539335056314e-05,8.203539335056314e-05,1.0,0.0,180,8.171804916822801e-05,0.003944989193284293,36.94554094646516
AZ_PrescottNF,Xap_poly,0.016706928689751627,0.008423832529558686,0.008432352995310397,0.8928959958332808,0.03184144839722327,0.016178294361139284,0.016198144737035677,0.9295858062727604,0.0013507988584005807,0.0006758559018906489,0.0006758559018906489,1.0,1.3151888947806318,180,0.0006758559018906,0.015134519707471643,23.57230922961045
AZ_PrescottNF,Xb2_poly,0.11679058938506737,0.06201678301242729,0.06470892222154463,0.5984984963082361,0.17918041033932336,0.09840646012201296,0.10034279591679525,0.8360526207025656,0.007236046660738719,0.0036311609554224044,0.0036311778385776663,0.9987211934231416,0.0806019944600052,180,0.0011676630897632,0.06238982095425599,24.762196644131514
AZ_PrescottNF,Xb4_poly,0.03302799874752922,0.016791290738504983,0.017084730970451125,0.49434311712364615,0.06272720495762162,0.0323791285967289,0.03258488550968306,0.8368079880822966,0.00214160356290888,0.0010719496270246874,0.0010719506920998192,0.9990739622337641,0.6436211757132184,180,0.0003525378981434,0.029699206210092394,29.28983031407597
AZ_PrescottNF,Xb_poly,0.33197019859324495,0.19901934504603783,0.23574064796979274,0.5609508577568731,0.5337911589893123,0.3640621609001887,0.3868787375266687,0.8605893238682012,0.028832197102586218,0.014626962281042669,0.014627392877787283,0.997991478396267,0.6291448329444388,180,0.0045652302276727,0.20182096039606734,18.513717740276956
AZ_PrescottNF,Xbb_poly,0.02796687708627266,0.014181748146781078,0.014211775723419945,0.8703334786320783,0.04738728943354653,0.024268657669343687,0.024315099638513492,0.9270396161231172,0.016553316793249114,0.008345733179218323,0.00835051050969966,0.9358476020303398,0.2732548530092555,180,0.0015760461023107,0.01942041234727387,2.862706611938481
AZ_PrescottNF,Xbg_poly,0.0011142505458046105,0.000557435834493723,0.0005576033180890486,0.6498442184468873,0.0022599351050216557,0.0011312458235853927,0.0011318604081502024,0.6756804420668979,0.0010440394218233368,0.0005222923578173076,0.0005223092150753025,0.941802363176768,2.4337058562632143,180,9.658207006188612e-05,0.0011456845592170452,2.164607061556017
AZ_PrescottNF,Xbgb_poly,0.001479432467883846,0.0007402638191063158,0.0007403637947021692,0.8457262261472954,0.0027181572772442043,0.0013609282471314758,0.0013611764624979058,0.8818404037218105,0.0009265201330305406,0.0004634747758707684,0.0004635278926473412,0.801766282920675,3.9627267952246887,180,7.200363367966843e-05,0.0012387248093603583,2.93372715858146
AZ_PrescottNF,Xbh_poly,0.0013937907116211253,0.0006973813576399308,0.0006976904086379729,0.6115533318171481,0.0022916090956048287,0.0011471189218799746,0.0011473501273896098,0.8505799408687742,7.06118639394592e-05,3.5307178522572565e-05,3.530717994174026e-05,0.9988628610416193,0.0806019944600052,180,1.248225742349401e-05,0.0008978183839837034,32.45359869794112
AZ_PrescottNF,Xbl_poly,0.026317673819541313,0.013334300799294397,0.013415716247327488,0.6872301361618388,0.05289893040105383,0.02716804547385395,0.02775038580891734,0.5642026569648116,0.00335269651197347,0.0016791631181513654,0.0016791631181513654,1.0,7.088634964174192,180,0.0016791631181513,0.02658125658151252,15.778025303553756
AZ_PrescottNF,Xbn_poly,0.034755522495630374,0.017685088493298206,0.017729031976986852,0.877075313327329,0.05697337345967522,0.02932197257693772,0.029356421728017487,0.9615195329900658,0.0029144941797155112,0.0014593737580196446,0.0014593737580196446,1.0,0.2937911179200702,180,0.0014593737580196,0.022217850964044848,19.548288638283193
AZ_PrescottNF,Xbp_poly,0.02240733190843062,0.011330610327380666,0.011338424053983708,0.9426662721305598,0.0493927858520319,0.025321748783548318,0.02536330637012091,0.9392256004976338,0.01602167187919229,0.00807552766686104,0.00807950011883578,0.9426101155314034,0.4283584463184974,180,0.0013143445182535,0.026985453943601276,3.082873387026446
AZ_PrescottNF,Xbpr_poly,0.005531528865614266,0.0027734351009660835,0.0027738965691488492,0.9434107040092078,0.012678693279886518,0.006379790342413983,0.0063828626536726555,0.929845715381875,0.003748681922248622,0.0018778607123768048,0.0018780779889733218,0.9419674257579495,0.0,180,0.0003107732924544,0.007147164414272252,3.382173666065882
AZ_PrescottNF,Xbs_poly,0.03668682158102008,0.018686179048909204,0.018706748171140784,0.9444268180228735,0.07955119809305385,0.041423232951621515,0.041566914478928456,0.922980338364289,0.025172634595397682,0.012746751962412832,0.012757298255974969,0.9390952380309472,0.0,180,0.0021026542894452,0.042864376512033765,3.160225354703167
AZ_PrescottNF,Xcb_poly,0.11286543931224839,0.05980783864777267,0.06029728241309483,0.8804979627531484,0.20688504429877322,0.11537745733533715,0.11960735902350947,0.7653950968614635,0.013374911393608167,0.006732478850848805,0.006732478850848805,1.0,0.1956963879190134,180,0.0067324788508488,0.09401960498652483,15.468143168233848
AZ_PrescottNF,Xcc_poly,0.03357536871361332,0.0170743226968476,0.017108886050776383,0.8942000746237718,0.06167822547132893,0.03182042645438826,0.03190645795192848,0.9218824788660201,0.003008367616624636,0.0015064497856879856,0.0015064497856879856,1.0,0.3125671324844429,180,0.0015064497814114,0.028102856757715608,20.502223574834048
AZ_PrescottNF,Xcca_poly,0.012887759427526351,0.006485672607911406,0.006490733188182562,0.8926873500222932,0.024404935764512737,0.012353207500018188,0.012365208087504728,0.9271590527671043,0.0011326858036356067,0.0005666638278544257,0.0005666638278544257,1.0,0.3125671324844429,180,0.0005666638278544,0.011517176336986385,21.546077196500278
AZ_PrescottNF,Xcf_poly,0.027044226927977963,0.01370746739338628,0.0137531046056364,0.8051003152466648,0.07312391365681209,0.03794946347358856,0.03830576131224793,0.8031482911960584,0.0038001013604414546,0.0019036677454153182,0.0019036677454153182,1.0,0.2314653771039749,180,0.0019036677454153,0.04607968672883413,19.24262189898991
AZ_PrescottNF,Xch_poly,0.1504632168534014,0.08135183805180657,0.08297129442714052,0.8065009268650446,0.3611272791902694,0.2203510221415147,0.23804281438165448,0.7477817331904503,0.014929185292331615,0.007520731845795719,0.007520731845795719,1.0,0.3770608699761343,180,0.0075207318457957,0.210664062336868,24.189349393081926
AZ_PrescottNF,Xchd_poly,0.00015617672238266983,7.809445945969226e-05,7.80975612728486e-05,0.6628757108042242,0.0017644427636951973,0.0008830003836662486,0.0008839054769057726,0.46303818034118605,2.0997115369895558e-05,1.0498667905818404e-05,1.0498667905818404e-05,1.0,5.014185864119672,180,1.0483733605859307e-05,0.0016082660413125275,84.03262698765529
AZ_PrescottNF,Xchg_poly,0.009131141453555971,0.004586510766069605,0.004591157519168708,0.8192216535568303,0.029879492389168306,0.015166327274773263,0.015235214875713042,0.7703362758904957,0.0008261220278970338,0.000413231703855107,0.000413231703855107,1.0,0.3770608699761343,180,0.0004132317038551,0.020748350935612336,36.16837631751471
AZ_PrescottNF,Xcm_poly,7.757027770009955e-05,3.878664319539164e-05,3.878723453071295e-05,0.7178423236514523,0.00030810184027752976,0.00015407465548121182,0.00015407744403857224,0.8948824343015215,8.209811300212513e-06,4.104922500425821e-06,4.104922500425821e-06,1.0,0.538344738591766,180,4.104922500425821e-06,0.00023053156257743022,37.52849231377029
AZ_PrescottNF,Xd1_poly,0.0374469952248568,0.019080756103780867,0.019419500800553692,0.5224128036727667,0.020053175159378635,0.010128138244820211,0.010150153540373711,0.8236200556866246,0.0005341104334197356,0.0002671265542497019,0.0002671265542497019,1.0,0.0,180,0.0002671265542497,-0.017393820065478162,37.54499800909087
AZ_PrescottNF,Xd1h_poly,0.0007365190445170393,0.00036839518729419495,0.00036901372053336074,0.1801818181818182,0.0006352258171646215,0.0003177138185923306,0.00031784111549820976,0.44236363636363635,3.122644709743077e-05,1.5613467325271106e-05,1.5613467325271106e-05,1.0,0.0,180,1.5613467325271106e-05,-0.00010129322735241784,20.34255819058218
AZ_PrescottNF,Xd2_poly,0.17646424793656432,0.0967703801457607,0.10902479159702091,0.46263851755648794,0.10966317055478723,0.05801250277019246,0.05922681799436454,0.7388687996035762,0.0034999169017626377,0.0017530261738488617,0.0017530261738488617,1.0,0.0,180,0.0017530261738488,-0.06680107738177708,31.33307836524872
AZ_PrescottNF,Xd3_poly,0.010727408216547496,0.005392628572301395,0.0054240761844185905,0.4818972871523631,0.006012961796151233,0.0030155470827772342,0.0030179161841660898,0.793448217027811,0.00016636894497833253,8.319139272128542e-05,8.319139272128542e-05,1.0,0.0,180,8.319139272128542e-05,-0.004714446420396263,36.14233291516242
AZ_PrescottNF,Xd_poly,0.08257852506040389,0.04306748732070258,0.04668526214517967,0.3572276098117513,0.06035219180251995,0.03111502590699979,0.031542447441308075,0.6966200798630918,0.0019885959185571844,0.0009952875716800092,0.0009952875716800092,1.0,0.3694123750102099,180,0.00099528757168,-0.022226333257883937,30.34914797889567
AZ_PrescottNF,Xdf_poly,0.020091105678118167,0.010147489985896228,0.010153291612646735,0.946691928901899,0.04164477182996183,0.021265177650571752,0.021295596145755446,0.937057342379777,0.013180537191456655,0.006633988360887512,0.00663800766145478,0.9163617419778965,0.6391481896146278,180,0.0009154715267132,0.021553666151843665,3.1595655947130203
AZ_PrescottNF,Xdh_poly,0.014210183848480678,0.007155935503798764,0.007224484278772846,0.42993226079593566,0.00792422784554058,0.003977874715563861,0.003984079330042519,0.7186470975632703,0.00024136075145145996,0.00012069494123658662,0.00012069494123658662,1.0,0.0,180,0.0001206949412365,-0.006285956002940098,32.83146823950049
AZ_PrescottNF,Xdi_poly,0.006417245683228686,0.0032189512420957747,0.003221840361972008,0.7821187558423931,0.018714690604083664,0.009445732280622258,0.009474206563386413,0.7586211312153458,0.00044328445633041443,0.000221691364333163,0.000221691364333163,1.0,4.571848884296387,180,0.0002216913643331,0.012297444920854978,42.21824234264183
AZ_PrescottNF,Xfv_poly,0.01931805838395951,0.009753235983056363,0.009913749305677632,0.37593102702162895,0.027879222127879858,0.014136670756017789,0.014163444735772714,0.8820518795303046,0.0011475524029141706,0.0005741056095929928,0.0005741110777438304,0.9836805006532793,0.2893776467210302,180,0.0003411201953102,0.008561163743920349,24.29450895408481
AZ_PrescottNF,Xgb_poly,0.12240054000660648,0.06518991010310428,0.06651489263422854,0.7659489057169011,0.6271035957168183,0.4567741555447094,0.5538351186458663,0.7227134892235999,0.008492288426863108,0.004264250837449611,0.004264250837449611,1.0,0.9986811706443564,180,0.0042642508374496,0.5047030557102118,73.8438880305975
AZ_PrescottNF,Xgc_poly,0.08023050864675153,0.04179174062725464,0.04228301111251044,0.7824649669364272,0.3391302356485762,0.20418833729627678,0.23487127551297174,0.6098349208622789,0.009468164204806093,0.004756600238460228,0.004756600238460228,1.0,3.956462216548577,180,0.0047566002384602,0.2588997270018247,35.81795037695183
AZ_PrescottNF,Xgg_poly,0.01396129988203126,0.0070297219692657415,0.0070511976169912935,0.6977117466792231,0.03401732132720427,0.017302960853230322,0.017455020419398656,0.6651283305324169,0.002180088509445144,0.0010912337477999206,0.0010912337477999206,1.0,2.1361463838026182,180,0.0010912337477999,0.020056021445173006,15.603642319945095
AZ_PrescottNF,Xgn_poly,0.0019931736115809326,0.00099758098183467,0.0009984583917573998,0.5316616372084112,0.012730758198190816,0.006406156715155588,0.006451619183467657,0.47619389759065,0.0002370354363889996,0.00011853176630897632,0.00011853176630897632,1.0,5.923537052133634,180,0.0001185317663089,0.010737584586609884,53.708248826130486
AZ_PrescottNF,Xgr_poly,0.00946159274787933,0.004753283188813612,0.004755937984233298,0.8949058516029231,0.01986536251249464,0.010032329184292647,0.010046059177817555,0.8801034832239825,0.0010638181060003069,0.0005321921308124681,0.0005321921308124681,1.0,0.3248007489762647,180,0.0005321921308124,0.010403769764615312,18.673645805093027
AZ_PrescottNF,Xh_poly,0.0004553551321277804,0.00022772941494280557,0.00022783226631372451,0.3353084168945609,0.004030922952475554,0.002019531764709588,0.0020224355233676205,0.5844728046186569,3.736942619600921e-05,1.868506222303146e-05,1.868506222303146e-05,1.0,0.1826855315970143,180,1.8685062169988075e-05,0.003575567820347774,107.86686772584237
AZ_PrescottNF,Xhc_poly,0.007659624713459252,0.0038445362090087825,0.0038461812992394385,0.8998841957700981,0.021185024950438915,0.010705915013559223,0.010717380103688398,0.9091546291217163,0.004896213367147745,0.002454114617972387,0.0024545991693140498,0.9255500700920339,0.4618649246066753,180,0.000465763924374,0.013525400236979663,4.326818167807932
AZ_PrescottNF,Xhm_poly,0.026201968923532534,0.01327489870341118,0.013303377896126446,0.8611314277912681,0.005389304372518971,0.002701932955805974,0.0027024935300114963,0.9287030806588455,0.002326094082036515,0.0011644012944983819,0.0011644012944983819,1.0,0.4064091200775766,180,0.0011644012944983,-0.020812664551013563,2.3168901095352896
AZ_PrescottNF,Xhy_poly,0.006326847863894826,0.0031734629405607315,0.0031753817368643518,0.8400436910654536,0.01823561248108233,0.009201705609369901,0.009214219641533756,0.8713878826424799,0.004388335836620395,0.0021989928779355566,0.0021994931365690224,0.9062646904294445,0.8341744177426702,180,0.0004106398682791,0.011908764617187501,4.1554733183607455
AZ_PrescottNF,Xi_poly,0.01387011761797004,0.006983489720891343,0.006999688583464487,0.7510973442484887,0.08544876152063137,0.0446312220865392,0.045319747251003475,0.7460442078066676,0.00379553394208324,0.0019013753383583095,0.0019013982668279817,0.9936978538444519,5.479991304182932,180,0.0003977488218929,0.07157864390266133,22.512975203096577
AZ_PrescottNF,Xiv_poly,0.0736687213674475,0.038243017794811915,0.04113093384348445,0.3526139544505427,0.04992317546607786,0.025600619851481873,0.025972665712920725,0.6412156003335725,0.001754990758159377,0.0008782660534832226,0.0008782660534832226,1.0,0.0,180,0.0008782660534832,-0.02374554590136964,28.44640362575867
AZ_PrescottNF,Xjf_poly,0.03206340891666254,0.016292907536726995,0.016316782479708226,0.9175938333024476,0.09420118778046731,0.049428715757650545,0.0496608017982609,0.9136184801357072,0.019917965140714065,0.010059161585257012,0.010068414964463836,0.916284158458183,0.5096245723992346,180,0.0015931641401237,0.06213777886380477,4.729458411788855
AZ_PrescottNF,Xjgb_poly,0.003311108154835223,0.0016582994818864281,0.0016585641758378445,0.9122102671163214,0.009876011943646136,0.004962510880184656,0.004964684224874939,0.9189372446157414,0.001982321812199667,0.0009921442807240978,0.000992223848394503,0.925218136074086,0.5096245723992346,180,0.00015909555442,0.006564903788810913,4.982042715197338
AZ_PrescottNF,Xkw_poly,0.0015744610371410167,0.000787850738716104,0.000787954343037764,0.8569780853517878,0.002368605743172753,0.0011857071079191457,0.001185755019255134,0.9670456417861262,0.00013782051402146602,6.89150059615057e-05,6.89150059615057e-05,1.0,0.2937911179200702,180,6.89150059615057e-05,0.0007941447060317364,17.186162451867176
AZ_PrescottNF,Xlg_poly,0.033136028232578885,0.01684713773205317,0.01687001846798679,0.9254923068120896,0.05395347080996284,0.027724656117250588,0.02774932380556988,0.9689327012932524,0.002675748850382572,0.0013396667310490362,0.0013396667310490362,1.0,0.4072073795776854,180,0.0013396667234429,0.02081744257738396,20.16387704034656
AZ_PrescottNF,Xlgb_poly,0.0025765176265163453,0.0012899205647941717,0.0012910167219608382,0.6030524754217897,0.019156329911136215,0.009670793410101278,0.009707884881130512,0.7168037011893088,0.00022577931224371987,0.00011290240163515585,0.00011290240163515585,1.0,0.9986811706443564,180,0.0001129024016351,0.01657981228461987,84.84537277028159
AZ_PrescottNF,Xm_poly,0.009498698013173042,0.004772012961605139,0.004960443295067755,0.11160357111108289,0.057286076028649026,0.02948765400905925,0.029759781077472534,0.7633005019947351,0.0031246230189840257,0.0015647561460285016,0.0015647561460285016,1.0,8.872061076294921,180,0.0015647561460285,0.04778737801547599,18.333756002116264
AZ_PrescottNF,Xmh_poly,0.03185727282965303,0.01618646472629305,0.016222891730257323,0.8781779985521757,0.052381347837778626,0.02689507403290964,0.026952202910010967,0.9269461386783524,0.018298651543885283,0.009233808897663225,0.00923867280710882,0.9460596768030491,0.2732548530092555,180,0.0017607477431442,0.020524075008125593,2.8625796667122443
AZ_PrescottNF,Xmp_poly,5.69501703094843e-06,2.8475166238020497e-06,3.047349719948561e-06,4.3421246884525535e-05,0.0032908199279327527,0.001648121799997923,0.0016612774458954255,0.1722694548896666,0.0006535704897079987,0.00032689206835859874,0.00032689206835859874,1.0,3.831549863366451,180,0.0003268920683585,0.0032851249109018044,5.03514154900571
AZ_PrescottNF,Xmv_poly,0.038934252817980415,0.019853619326087115,0.02011920560740048,0.6006373455288508,0.089140135938605,0.046649227196150354,0.04693913966963949,0.8830803412150109,0.00464097849204675,0.002325886440496018,0.0023258949419640755,0.9984309623430963,0.0451969319871512,180,0.0007001873616079,0.05020588312062458,19.207185745713872
AZ_PrescottNF,Xmw_poly,0.049697971470162104,0.02548219236977621,0.025535201425923467,0.9246711557939398,0.12938324960555853,0.06916609165307461,0.0697369597521893,0.8941719985712107,0.031822739698940145,0.016168634980607603,0.016191188402043487,0.9206822942870218,0.4618649246066753,180,0.0029961931527848,0.07968527813539641,4.065748292874596
AZ_PrescottNF,Xob_poly,0.006565486561074826,0.003293555176662681,0.0032965381716296874,0.7844707478707551,0.016619109038376205,0.008379181787073984,0.008405217893659063,0.730097769593293,0.0009368345695667597,0.0004686368023618918,0.0004686368023618918,1.0,0.2314653771039749,180,0.0004686368023618,0.010053622477301379,17.73964110447134
AZ_PrescottNF,Xp_poly,0.0036743360538048046,0.001840549425458789,0.001907704868514415,0.04968714659041189,0.06307580482806395,0.032564932063572506,0.03294198495489721,0.739928798054738,0.004738047611427147,0.0023746494066882416,0.0023746494066882416,1.0,1.0756442641993682,180,0.0023746494066882,0.05940146877425914,13.31261523753766
AZ_PrescottNF,Xpa_poly,0.000491417742903721,0.00024576925913916115,0.00024669077412725545,0.06173128277098805,0.007688930285985538,0.003859302095374716,0.0038657161948220543,0.6993353215211586,0.0005823886998951302,0.00029127916879577583,0.00029127916879577583,1.0,1.0756442641993682,180,0.0002912791687957,0.007197512543081817,13.202402943893093
AZ_PrescottNF,Xpr_poly,0.04104695827289566,0.02095351823069059,0.02103116647539122,0.8501939545531626,0.07589142355754529,0.03944238100006984,0.03974408457660063,0.8386011955231474,0.007508347130056742,0.003768320494212297,0.0037694992108724466,0.9233773528913006,0.3084806327390727,180,0.002678476125589,0.03484446528464963,10.107607206084486
AZ_PrescottNF,Xpv_poly,0.017151850432032798,0.008650107894429498,0.008659165250947693,0.8921230473599551,0.03354034150564682,0.017056206243929478,0.017087211485314797,0.90384428539042,0.002528007663286587,0.001265603559391706,0.0012656728163500147,0.9585559909749436,0.3084806327390727,180,0.0010518480667688,0.01638849107361402,13.267499933936918
AZ_PrescottNF,Xr1_poly,0.0009152072922015091,0.0004578131430642537,0.0004582324313849681,0.3334824090638044,0.0015149662880941247,0.0007580573597192706,0.0007581801700562318,0.8239415623136553,6.291785461743947e-05,3.1459917003961905e-05,3.1459931373861435e-05,0.9856887298747764,0.1223293500072951,180,1.9042752512348832e-05,0.0005997589958926156,24.078479746418573
AZ_PrescottNF,Xr1h_poly,8.849966474757542e-05,4.425179050809993e-05,4.428725015882324e-05,0.05237358101135191,0.0004980402882433519,0.00024908217059969683,0.0002491600451068098,0.4434984520123839,3.5474504419127784e-05,1.7737566825260255e-05,1.7737587039829914e-05,0.9396284829721362,0.1203426802810447,180,1.1003236245954692e-05,0.00040954062349577645,14.039386776459363
AZ_PrescottNF,Xr2_poly,0.03706581218351811,0.018882860369735154,0.019593361048004198,0.3424208809493737,0.07069430885700136,0.0366423574975924,0.037060855644345074,0.7644248458256223,0.003415570809987769,0.0017107069253131564,0.0017107536397217146,0.9842887660009116,0.1223293500072951,180,0.0010338897405325,0.03362849667348325,20.697655762333476
AZ_PrescottNF,Xr2h_poly,0.0018201995445293558,0.0009109288083657209,0.0009153904946663585,0.15746369162450405,0.004278482854929598,0.002143827592263511,0.0021471760665473373,0.5788956429949405,0.0002479406141755068,0.0001239856776302837,0.00012398677854168558,0.9331707494631092,0.0,180,7.799068869584966e-05,0.002458283310400242,17.256079118611193
AZ_PrescottNF,Xr3_poly,0.0072491114096333974,0.0036377408993460685,0.0036601364427765793,0.3728525372079671,0.010226673406457323,0.005139617296993929,0.005145255921586228,0.8242503201872543,0.00042987821436471925,0.00021498531593422385,0.00021498650087422926,0.9750033122819415,0.1192866510522621,180,0.000128558451144,0.0029775619968239256,23.78969918624618
AZ_PrescottNF,Xr_poly,0.1001541586403817,0.052716992326444084,0.0581684010675073,0.36000343641659344,0.1494914186375424,0.0807839640103034,0.08235340077813548,0.8091236860556311,0.006860041395084886,0.003441826232758148,0.003442144842650646,0.9738111799934043,0.1192866510522621,180,0.0020487196956793,0.049337259997160696,21.791620491481392
AZ_PrescottNF,Xrd_poly,0.012980896970357604,0.006532849609027616,0.006591425762840345,0.42367263555064516,0.10576461948636033,0.05583499314519258,0.057994153633693986,0.5999527492304378,0.0008167504806907138,0.0004085420788149841,0.0004085420788149841,1.0,0.1826855315970143,180,0.000408541986033,0.09278372251600273,129.4944073946755
AZ_PrescottNF,Xrg_poly,0.003478503304303051,0.001742281918857412,0.0017426924277544947,0.880900423017525,0.007591532546588854,0.003810229012071978,0.0038126760410656857,0.855838313301551,0.00201597218324729,0.0010090031527680396,0.001009201573526155,0.8369200295440811,1.3926302169467382,180,0.0001691137228183,0.004113029242285803,3.765693103146173
AZ_PrescottNF,Xrh_poly,0.0028065109791767223,0.0014052273826271528,0.0014150731257096757,0.16802930056710774,0.007310203629846324,0.0036685105946557524,0.0036771567579482693,0.6094045368620038,0.0003862405367376287,0.00019315757101076543,0.000193158594568687,0.9732986767485823,0.0,180,0.0001201385340373,0.004503692650669602,18.92655724743907
AZ_PrescottNF,Xs_poly,1.923553543222618e-05,9.617860218458597e-06,9.760366485243977e-06,0.0006583011778527228,0.004027650251083221,0.0020178888007090275,0.0020246365487322357,0.37712555322618213,0.0005604458699121409,0.0002803014818599898,0.0002803014818599898,1.0,3.192964505577569,180,0.0002803014818599,0.004008414715650994,7.186510718179832
AZ_PrescottNF,Xsb_poly,0.006426703649455678,0.003223710741521502,0.0032255471987035805,0.8498975100982697,0.015962822616096568,0.008045626764486695,0.008054207192589855,0.8830710797612589,0.0007531143608038913,0.0003766990291262136,0.0003766990291262136,1.0,0.1956963879190134,180,0.0003766990291262,0.009536118966640889,21.195748543498084
AZ_PrescottNF,Xsv_poly,0.0010907019758329079,0.000545648557896558,0.0005457371584603983,0.770691351725646,0.0025431855537383233,0.001273211783776837,0.001273463076083643,0.8658114362768322,0.00017663437492296412,8.832498807601152e-05,8.832515653964273e-05,0.9788622034330697,0.856184261240435,180,7.789416907965708e-05,0.0014524835779054154,14.398021646961343
AZ_PrescottNF,Xt_poly,0.08755643321941516,0.04578249248254054,0.04808351857153129,0.48893450681208844,0.3787290487069709,0.23360009528630557,0.26921337863855377,0.6384495288245811,0.00901484040673083,0.004527829031419018,0.00452828743493004,0.9781313926401058,4.941140983984833,180,0.004360262306251,0.29117261548755574,42.01173083709803
AZ_PrescottNF,Xtc_poly,0.0007162889910068863,0.0003582728089378528,0.00035830082477535655,0.820853743876837,0.0001106074981185387,5.53068077330855e-05,5.530698553386002e-05,0.9450664800559833,6.490449671206947e-05,3.245330153863623e-05,3.245330153863623e-05,1.0,1.3618482947781954,180,3.245330153863623e-05,-0.0006056814928883476,1.7041577043454745
AZ_PrescottNF,Xtgc_poly,3.3920151962280786e-05,1.6960363630196233e-05,1.704382037233646e-05,0.003451747447145117,0.00018589732500509223,9.295730275950744e-05,9.296852463776544e-05,0.43506400115058247,3.9475743840212e-05,1.9738261511383637e-05,1.9738261511383637e-05,1.0,5.647975150290122,180,1.973826151138364e-05,0.00015197717304281144,4.709153189299191
AZ_PrescottNF,Xtgq_poly,0.0005972672614453146,0.00029872283940876967,0.00035163027777728546,0.001981420190911433,0.02148255131508071,0.010857903390925227,0.011041256440226228,0.39534925526963893,0.0028384741811807125,0.0014212541872480554,0.0014212541872480554,1.0,4.012461349412123,180,0.001421254187248,0.020885284053635395,7.568344802116421
AZ_PrescottNF,Xtgr_poly,0.006214181071915165,0.0031167746369347143,0.0032159459463805334,0.09179364787956673,0.003986513403682375,0.001997237709290401,0.002000496678869882,0.5507618872774004,0.0003710433972616289,0.00018555612331800375,0.00018555612331800375,1.0,3.5010704812872877,180,0.000185556123318,-0.0022276676682327894,10.74406237411474
AZ_PrescottNF,Xtgs_poly,0.00022838278404655629,0.00011420443318647892,0.00011769160068049408,0.0038395904436860067,0.0020326131578344616,0.001017340508769292,0.0010180044411398283,0.6093572241183163,0.00027943633970821044,0.00013973769374893544,0.00013973769374893544,1.0,4.780823459410186,180,0.0001397376937489,0.0018042303737879053,7.273975746880065
AZ_PrescottNF,Xum_poly,0.012911104595356914,0.006497497230856271,0.006508026967059834,0.8006321704518848,0.0015572526685766373,0.0007792330656738004,0.0007792683477012148,0.9450875087801451,0.0015864917747627542,0.0007938756259567596,0.0007939071534181216,0.9523603956918755,8.444771149261944,180,0.0003879861465962,-0.011353851926780277,0.9815699604301514
AZ_PrescottNF,Xvr_poly,0.0004713067943961885,0.0002357089428112177,0.0002357301189089371,0.7240532403739502,0.0010266285039611872,0.0005135778788252965,0.000513646946725009,0.7925051497385517,9.666684520947253e-05,4.833575883739508e-05,4.83360463349624e-05,0.8904294089684678,0.8871535450146828,180,3.583148810537671e-05,0.0005553217095649987,10.620275252973563
AZ_PrescottNF,Xw_poly,6.118479771923468e-06,3.059249244939046e-06,4.965867934397574e-06,7.967878824498837e-06,0.0645558602021425,0.03335454579892183,0.03514393497129814,0.39580305262717563,0.008514367123535743,0.00427538465905865,0.00427538465905865,1.0,1.1992333668355777,180,0.0042753846590586,0.06454974172237057,7.581991622571066
AZ_PrescottNF,Xwa_poly,4.662281592823081e-05,2.3311951398524898e-05,2.341751386334371e-05,0.005144814973945423,0.004959907432506651,0.002486119176744742,0.0024918871594866625,0.5178526181269348,0.000515230886212535,0.0002576818259240334,0.0002576818259240334,1.0,4.073167487053883,180,0.000257681825924,0.00491328461657842,9.626572407114327
AZ_PrescottNF,Xwg_poly,0.054767661411168,0.02815481746046808,0.02826462922874227,0.8787410530397792,0.008928013601989328,0.004484023512450062,0.004485113802295668,0.9485752254031009,0.004790733864373766,0.0024011184920229374,0.0024011184920229374,1.0,0.4064091200775766,180,0.0024011184920229,-0.045839647809178666,1.8636004116994251
AZ_PrescottNF,Xwp_poly,0.0,0.0,0.0,0.0,0.0014623711107653017,0.0007317205789005191,0.0007331539410865479,0.2723407158124517,0.00024965940066677304,0.00012484528473286776,0.00012484528473286776,1.0,1.1992333668355777,180,0.0001248452847328,0.0014623711107653017,5.8574646372606125
AZ_PrescottNF,Xwv_poly,0.006996525327904763,0.0035105434670934968,0.0035115169694773436,0.9268089289946542,0.014371839486944598,0.007237930934274793,0.00724399164462027,0.8963843365139,0.0043129169698140025,0.002161118847983628,0.0021617959142207132,0.8734210549415823,0.6391481896146278,180,0.0003234003293022,0.007375314159039835,3.332278267245287
AZ_PrescottNF,YXgr_poly,0.020566219848352885,0.010389950931714059,0.01040112048775763,0.9063245023538472,0.0324923856974349,0.016514490445289933,0.016549884915057662,0.8853462166275454,0.002157670849782087,0.0010800005677624482,0.0010800005677624482,1.0,0.0,180,0.0010800005677624,0.011926165849082015,15.059009440998127
AZ_PrescottNF,Yd_poly,0.007549933651129141,0.0037892711986324754,0.003794391628082668,0.7373924396846211,0.012994853976914625,0.006539919638820929,0.006553542999919024,0.7588060171871395,0.0010083541263468327,0.000504431385908136,0.000504431385908136,1.0,0.205620715031179,180,0.0005044313859081,0.0054449203257854835,12.887192740504466
AZ_PrescottNF,Yg_poly,0.006866796587074014,0.0034452271304876705,0.003447928971468309,0.814697944778908,0.011857190954360735,0.005963953344001731,0.0059724502643035875,0.8073974119438101,0.0008201370635126094,0.00041023675694089594,0.00041023675694089594,1.0,0.0,180,0.0004102367569408,0.0049903943672867206,14.457572376471964
AZ_PrescottNF,Ygb_poly,0.002628903413217138,0.0013161817639744326,0.0013187902103506816,0.3995584988962472,0.0010475350988132194,0.0005240420256141517,0.0005242732102783124,0.543046357615894,9.021076801881419e-06,4.510558745989143e-06,4.510562215705645e-06,0.8543046357615894,12.21015272922308,180,1.2859819451541476e-06,-0.0015813683144039188,116.12084918673428
AZ_PrescottNF,Ykp_poly,0.025363390632616837,0.0128445864481073,0.012869707237719498,0.8680816874478775,0.03992899896191649,0.020371200298749118,0.0204276406436976,0.8805687203791469,0.002787400302019866,0.0013956452620223698,0.0013956452620223698,1.0,0.6415462478962203,180,0.0013956452620223,0.014565608329299654,14.324816903041262
AZ_PrescottNF,Ywc_poly,0.10515906248992354,0.05549756731987659,0.05571124769474758,0.93535648448062,0.029638553459731955,0.015042191122737357,0.01505395963627128,0.950596688728827,0.01073094493100873,0.005394416056322035,0.005394416056322035,1.0,2.877400568967891,180,0.005394416056322,-0.07552050903019158,2.76197051147721
AZ_PrescottNF,Ywcb_poly,5.659951888411319e-06,2.8299839529921685e-06,2.8299971440334703e-06,0.37777777777777777,2.1765139776815905e-06,1.0882581731453579e-06,1.0882581731453579e-06,1.0,1.2774646924727309e-06,6.387327542156362e-07,6.387327542156362e-07,1.0,2.877400568967891,180,6.387327542156362e-07,-3.4834379107297287e-06,1.7037762299861379
AZ_PrescottNF,Yy_poly,0.004334252025332107,0.0021718326476920244,0.0021883650752073606,0.22328965181341587,0.0182512457166209,0.009209666804216433,0.00923408475973074,0.7769251124636147,0.0014793512112993314,0.0007402231306421393,0.0007402231306421393,1.0,4.66672926846029,180,0.0007402231306421,0.013916993691288793,12.337331106512982
CA_AZ_Needles,QTab_poly,0.02991705454667874,0.01518568272250829,0.01578683826935523,0.2850956367207595,0.22146029212781457,0.12451804766999884,0.12524867522420932,0.9552485619417294,0.01082468968809474,0.005441797729933323,0.005441797729933323,1.0,5.71771295525675,34,0.0054417977299333,0.19154323758113584,20.45881207766926
CA_AZ_Needles,QTar_poly,0.025333770172170228,0.01282939353977764,0.01288038855287891,0.7641768263230094,0.13792952901464947,0.07407320569433733,0.07411798718194428,0.9919093069536488,0.004206089699818049,0.0021074769684939175,0.0021074769684939175,1.0,6.890594449716876,34,0.0021074769684939,0.11259575884247924,32.7928168104965
CA_AZ_Needles,QTas_poly,0.023271371239167147,0.011772668691379986,0.011808767914927765,0.793860000177868,0.11563230453656442,0.06136398157055339,0.0613957084012195,0.9916491022117873,0.002286648164304587,0.0011446327683615819,0.0011446327683615819,1.0,7.602344857622573,34,0.0011446327683615,0.09236093329739728,50.56847237875373
CA_AZ_Needles,Qac_poly,0.0,0.0,0.0,0.0,0.02147385902265253,0.010853462371765748,0.011584473303547976,0.1467554531430022,0.00519935594144625,0.0026064539115386574,0.0026064539115386574,1.0,8.270302497053795,34,0.0026064539115386,0.02147385902265253,4.1300998170706835
CA_AZ_Needles,Qai_poly,0.21804168368573026,0.12236070938893724,0.13370310337231592,0.5905627759944514,0.47804693457254205,0.3141009702807603,0.31677836344100896,0.9737967193764515,0.03444502289605933,0.017524324324324325,0.017524324324324325,1.0,6.588708294617908,34,0.0175243243243243,0.2600052508868118,13.878548898489274
CA_AZ_Needles,Qao_poly,0.4447211294820556,0.28594301505166914,0.32081671332539224,0.724555922398974,0.6859615965695378,0.522025531962193,0.5332939367974212,0.9610980176812464,0.04663995825196239,0.02387678525983611,0.02387678525983611,1.0,5.100739214213424,34,0.0238767852598361,0.2412404670874822,14.707594566525492
CA_AZ_Needles,Qau_poly,0.021628518757724768,0.010932486119413535,0.01106069291561733,0.4853771271333682,0.08965947734082769,0.04693376718828259,0.04696370630182825,0.986599163694707,0.004886124968522654,0.0024490456558253168,0.0024490456558253168,1.0,5.100739214213424,34,0.0024490456558253,0.06803095858310292,18.34981256485069
CA_AZ_Needles,Qay_poly,0.32372421517056676,0.19312109504911024,0.2201001333806592,0.6117286941348249,0.2869838596340844,0.16753132260200543,0.1755532022905113,0.7856976919138917,0.08250961048486517,0.04302999949101644,0.04302999949101644,1.0,3.475532263230327,34,0.0430299994910164,-0.03674035553648236,3.4781870614542068
CA_AZ_Needles,Qayd_poly,0.04212735093289943,0.021516900475101144,0.02172815836515154,0.688768480244293,0.0659688365823642,0.034109500317352874,0.03419750129554147,0.9298495512605668,0.0044821867025366235,0.0022461271318496034,0.0022461271788195335,0.9999906900532529,2.549278651139877,34,0.0021868376851427,0.02384148564946477,14.718002832195761
CA_AZ_Needles,Qayi_poly,0.24272638460693352,0.1381266881154649,0.1436338741772365,0.7827270665472993,0.30429365848044526,0.17944950197435827,0.18141571948821503,0.94304315129812,0.041758721947734265,0.021324605101404524,0.021324605101404524,1.0,3.8818275338762014,34,0.0213200488624217,0.06156727387351174,7.2869485531981315
CA_AZ_Needles,Qc1ch_poly,2.852177216608741e-07,1.4260888116772716e-07,1.5881248914119606e-07,1.3977158527534304e-06,0.017322313088411073,0.008736827575536992,0.009263337153092528,0.13323446823201524,0.014460833241460753,0.007283076296635618,0.007283076296635618,1.0,5.2500597348853,34,0.0072830762966356,0.017322027870689413,1.1978779368498733
CA_AZ_Needles,Qc1fp_poly,0.002583393903560968,0.0012933675907549939,0.0016573079138343966,0.005855239045447142,0.20610701975353826,0.11489370994986634,0.11519812953481327,0.9775169510506597,0.01587125257491376,0.007999104188934698,0.007999104188934698,1.0,4.055581627659391,34,0.0079991041889346,0.2035236258499773,12.986184850924293
CA_AZ_Needles,Qc2ch_poly,0.07571622172270978,0.0393477420417141,0.04123078376485098,0.46281380594371985,0.1130718340599139,0.05992376185851272,0.060150685801807074,0.9407722585932994,0.019920125591506913,0.010060263653483992,0.010060263653483992,1.0,3.475532263230327,34,0.0100602636534839,0.03735561233720412,5.67626110289801
CA_AZ_Needles,Qc2fp_poly,3.0006972612567376e-05,1.5003711414262437e-05,3.0282218720375147e-05,2.9736685058768544e-05,0.8728743253426714,0.7744250219551113,0.7894966043307855,0.9759423407946687,0.1646150905352861,0.08968968290324222,0.08968968290324222,1.0,5.2500597348853,34,0.0896896829032422,0.8728443183700588,5.302517056633797
CA_AZ_Needles,Qc3ch_poly,0.6413882781889062,0.47209093510094635,0.4951226913925165,0.9103036353298594,0.5136428544241579,0.3455716251999201,0.34813154310177075,0.9791646728928703,0.033191239033358716,0.0168756819127885,0.016875916891215426,0.9991755940820415,5.426097956200047,34,0.0162745151931592,-0.1277454237647483,15.475253994221887
CA_AZ_Needles,Qc3fp_poly,0.04076419901131082,0.020806172993949976,0.024491099030588732,0.1214845644092452,0.11114780037126087,0.05884409610932364,0.05891079680249162,0.9811220176300183,0.013014929198726904,0.00655008907212297,0.00655008907212297,1.0,4.055581627659391,34,0.0065500890721229,0.07038360135995006,8.540023435712055
CA_AZ_Needles,Qc3hc_poly,0.16740160208920224,0.09134658323397189,0.0918502764372887,0.9433664553263641,0.1206335857246014,0.06418843329767199,0.06429846220223394,0.9740329231059771,0.01476739428585852,0.0074386216725199775,0.0074386216725199775,1.0,5.739645560632616,34,0.0074386216725199,-0.046768016364600845,8.16891479901244
CA_AZ_Needles,Qc4ch_poly,0.33941208504319575,0.2043927225930851,0.20795899063051962,0.9225928732656393,0.35089102286755364,0.2127761280383669,0.21310587267325154,0.9927804086358639,0.025723196392568138,0.01302917419966961,0.01302917419966961,1.0,2.549278651139877,34,0.0125194482618211,0.011478937824357882,13.641035021951312
CA_AZ_Needles,Qce_poly,0.09238299273149703,0.048428480339341946,0.04874762626720155,0.8809121165087528,0.05822599517130095,0.029985979329472785,0.0299864447758407,0.9994826294777647,0.010508688833310029,0.0052820983807903435,0.0052820983807903435,1.0,4.841550401076954,34,0.0013182775996335,-0.03415699756019608,5.5407478606406615
CA_AZ_Needles,Qch_poly,0.06188106788877308,0.03192841618928151,0.032160018423465116,0.8159580205851948,0.22723292345274562,0.128179796691237,0.13001144732447165,0.9009730774416828,0.011051447072033795,0.005556426814441613,0.00555837237058321,0.9407389096139153,6.418609436355628,34,0.0009059500178144,0.16535185556397253,20.561372820376548
CA_AZ_Needles,Qchg_poly,0.0035937200537743403,0.0018000945448193736,0.0018012723349908769,0.7335467470106393,0.03668854850474107,0.018687075082661514,0.018771994142944642,0.8051030976367574,0.00021621319895774284,0.00010811828777930472,0.00010811828777930472,1.0,6.010893439849942,34,0.0001081182877793,0.03309482845096673,169.6869047847146
CA_AZ_Needles,Qchm_poly,0.6108503674427223,0.43972971170730624,0.6329648530611592,0.5902289848586559,0.29669261387308543,0.17418618406142383,0.17613931727603535,0.9401506675617215,0.014145050640641246,0.007122902226672936,0.007125078215798566,0.9588871485045126,17.6489214714898,34,0.0006823942586654,-0.3141577535696368,20.97501249098641
CA_AZ_Needles,Qchs_poly,0.12788002403314044,0.06830760083476839,0.06881720247125561,0.9021941615447254,0.6076623779629055,0.4364332101246031,0.4474591286281527,0.9465570515466217,0.005687833652815498,0.002852027756132797,0.0028520306304054264,0.9996467626728539,6.010893439849942,34,0.0027377309512902,0.479782353929765,106.83546936400126
CA_AZ_Needles,Qcm_poly,0.30847077352058194,0.18236207136816815,0.1861744993742333,0.8990448877829381,0.2822500671691565,0.16431382809255,0.1648336462212993,0.9811689201425386,0.04163171550893167,0.02125836893837909,0.021258373268604466,0.999990418216121,5.168354819402136,34,0.0212479666106784,-0.026220706351425427,6.77968860323814
CA_AZ_Needles,Qcmo_poly,0.11332162768632015,0.060064094309487975,0.061082671827142485,0.7827012785072563,0.10343698813518001,0.05453917823351108,0.05458375665765549,0.9852464149965445,0.01867829596047159,0.009427189901766173,0.009427189901766173,1.0,4.807150130731389,34,0.0094271899017661,-0.009884639551140134,5.53781717315547
CA_AZ_Needles,Qcn_poly,0.38064256434269,0.23505778030295343,0.23956405298369335,0.9259052034209895,0.0007853076489552841,0.00039280806206549773,0.0003928083091206105,0.9984014067620494,0.004145878611341849,0.0020772453091197195,0.0020793649692474494,0.670809687475022,26.21162326240107,34,0.0002547157326818,-0.3798572566937347,0.1894188717457679
CA_AZ_Needles,Qcts_poly,0.017585608760648984,0.008870803621262526,0.013786851055034667,0.024273918976663405,0.13258685887475938,0.07100028159535547,0.07152898810256031,0.9057107805974058,0.00735787693297417,0.0036925230315060825,0.0036925230315060825,1.0,9.81914316371344,34,0.003692523031506,0.11500125011411039,18.019716839863708
CA_AZ_Needles,Qds_poly,0.0007291796621252468,0.00036472280528858825,0.024280189084658357,0.0003701479499918109,0.3441382175941605,0.20783027982815944,0.21019546382254772,0.9486389692635256,0.01847387087453108,0.009323051865424746,0.009323051865424746,1.0,9.599212960579584,34,0.0093230518654247,0.34340903793203525,18.628376258091375
CA_AZ_Needles,Tcb_poly,0.6002437611915706,0.42882020779742347,0.46453364737298086,0.8479728341982391,0.5964316721653066,0.4249395347110965,0.4366510516313157,0.94062957840976,0.032471680914738545,0.016503793414183333,0.01652760888362207,0.9197006832527761,13.304703205937823,34,0.0014869038530055,-0.003812089026264065,18.367748615520323
CA_AZ_Needles,Tcbm_poly,0.03083926866877157,0.015661123126258482,0.01614142966948501,0.3448275862068966,0.003547532715129503,0.0017769181952796832,0.0017770309680889965,0.9655172413793104,0.00014217738252929094,7.109374522595068e-05,7.109514393338578e-05,0.7832512315270936,16.282460006168286,34,6.199419758741793e-06,-0.027291735953642066,24.951456075643055
CA_AZ_Needles,c_poly,0.5607836408263143,0.389645126844086,0.4509394572025052,0.7413748890423119,0.011738043364723196,0.005903670452251379,0.005927803837978367,0.5918532399644936,0.017424358841278544,0.008788748575108505,0.008790988001631615,0.9718315415721471,41.15596354837348,34,0.0005160584313126,-0.5490455974615911,0.6736571182702924
CA_AZ_Needles,d_poly,4.405386613058006e-06,2.202698158397493e-06,0.0007692307692307692,2.209018834830925e-06,0.16227193848701327,0.08830029963922742,0.20013791442501727,0.1364547751255643,0.0538109436666281,0.027649391764646,0.027649391764646,1.0,9.599212960579584,34,0.027649391764646,0.1622675331004002,3.0155936214820436
CA_AZ_Needles,fw_poly,0.20209832158428914,0.11240788303973093,0.15073975054376496,0.3065394346616295,0.19423119129712427,0.10756149422951043,0.11901412426396442,0.5278038434215856,0.00995238542409999,0.005001079045146841,0.005001079045146841,1.0,5.935011898140487,34,0.0050010790451468,-0.007867130287164875,19.516043945282483
CA_AZ_Needles,sw_poly,0.8354305616216141,0.7173729054618815,0.7421124778852405,0.9555930966379745,0.477643332162334,0.313752579965884,0.31572993547544154,0.9804296705128788,0.017311603504463046,0.008731378836463582,0.008731378836463582,1.0,5.935011898140487,34,0.0087313788364635,-0.3577872294592801,27.5909352960397
CA_Elsinore,Katg_poly,0.4029628128498452,0.2523189917505399,0.25305244253572884,0.9886433522842696,0.030248595103199917,0.01535655465354762,0.015356554872298743,0.9999990723966581,0.026115828399961377,0.013230679274757939,0.013230679274757939,1.0,13.38215468014357,29,0.0132306792747579,-0.37271421774664526,1.1582475822687153
CA_Elsinore,Kgb_poly,0.09493430980596897,0.04983256498430766,0.050251814312340604,0.8565897309040849,0.00828486226892893,0.004159662248873053,0.0041597092729264845,0.9972896814300157,0.003985899096367207,0.001996929327584768,0.001996929327584768,1.0,16.037324328497935,29,0.0019969293275847,-0.08664944753704004,2.0785429005164344
CA_Elsinore,Kgbf_poly,0.006965032137910244,0.0034946863703959846,0.0034986935959747134,0.7531594077127516,0.01860648485390896,0.009390605506517505,0.00940142612719516,0.8908173780983891,0.00290480127585303,0.0014545131737879972,0.0014553153952558242,0.7251722080598796,6.966305198909759,29,0.0001131370124812,0.011641452715998715,6.405424360206858
CA_Elsinore,Kgd_poly,0.18287498867000782,0.10063973999023751,0.10480299259821321,0.7169895841720405,0.21231774078335433,0.11876704581517245,0.12004609887857086,0.9176747011762639,0.01662760949083196,0.008383503557071978,0.008383503557071978,1.0,6.999902662083196,29,0.0083835035570719,0.029442752113346515,12.768987682830831
CA_Elsinore,Kgh_poly,0.0661120612636241,0.034186086969869856,0.03440325547919027,0.8441316007252191,0.027848819718019897,0.014121036965349706,0.014813473298861603,0.23200692369406875,0.003877967980986083,0.0019427509534893723,0.0019427509534893723,1.0,4.4733324688232505,29,0.0019427509534893,-0.0382632415456042,7.1812918143121305
CA_Elsinore,Kgt_poly,0.0010990296285138675,0.0005498169468143378,0.0008507267156434184,0.001552020125959009,0.6162747354088097,0.44537362378136736,0.4732694509043545,0.8831233760915901,0.03922787149289437,0.020006338789995817,0.020006338789995817,1.0,8.050934803570984,29,0.0200063387899958,0.6151757057802959,15.710124254904834
CA_Elsinore,Khg_poly,0.16839304153911205,0.09193732354053401,0.09477780664811747,0.7541580160979546,0.19637878495474967,0.10888028113476299,0.10967491639357685,0.9376075039555712,0.01695080492174384,0.008547848920649153,0.008547848920649153,1.0,0.2728284341386228,29,0.0085478489206491,0.027985743415637615,11.585218864907265
CA_Elsinore,Kpvg_poly,0.2546089289934795,0.14587500373005421,0.1484206348335234,0.8947933804471203,0.25981378393835036,0.14930228819209654,0.1494344745664765,0.9941101540474614,0.02273662915689016,0.011499039274264817,0.011499039274264817,1.0,0.2728284341386228,29,0.0114990392742648,0.005204854944870885,11.42710215069923
CA_Elsinore,Ksv_poly,0.2527081867598302,0.14462849584993437,0.15006811434718148,0.7995995516637743,0.5155910772836523,0.3473376300784842,0.36208700122378484,0.8950340824143038,0.012934943954522535,0.006509572454695966,0.006509572454695966,1.0,12.561180921728948,29,0.0065095724546959,0.2628828905238221,39.86032557206269
CA_Elsinore,Kvem_poly,0.16571382722338418,0.09034240658999136,0.09120415445905387,0.9053164854383782,0.20332999317545536,0.11317047226431032,0.11337433916550557,0.9843594316107502,0.01101241474864792,0.0055366935572180856,0.0055366935572180856,1.0,4.4733324688232505,29,0.005536693557218,0.03761616595207118,18.463706445529557
CA_Elsinore,Kvs_poly,0.06156374921891141,0.03175949128794121,0.03189187456685757,0.8844069564428724,0.14714517462430002,0.07941538247307835,0.07988518627464714,0.9310523093667098,0.002705280825576407,0.0013544725270663246,0.0013544725270663246,1.0,5.123942908875597,29,0.0013531707060421,0.0855814254053886,54.39182994724704
CA_Elsinore,Kvsp_poly,0.011983484564917426,0.006027859664080713,0.0060317368759587025,0.903637459807074,0.00563022635478913,0.0028230604119608566,0.0028230612128524605,0.9998995176848875,0.0024677254687929815,0.0012353870324183485,0.0012357225129740262,0.8198352090032154,6.966305198909759,29,6.106956382346549e-05,-0.006353258210128296,2.2815448582062077
CA_Elsinore,Mzm_poly,6.998660476969003e-05,3.49945269589087e-05,3.501434815899192e-05,0.05821917808219178,0.00018406481746766792,9.204087947767426e-05,9.207719485367643e-05,0.1892123287671233,1.4334553719718814e-05,7.167328230085178e-06,7.167328230085178e-06,1.0,6.991588818287632,29,7.167328230085178e-06,0.00011407821269797788,12.840638157745069
CA_Elsinore,Mzp_poly,0.6682580555306852,0.5017924518379414,0.709726634140701,0.6313678953736785,0.7926706450865486,0.6565488048978748,0.965282737002992,0.6724270735615099,0.07841039217282543,0.04080496264833961,0.04080496264833961,1.0,12.80313660654751,29,0.0408049618971515,0.12441258955586343,10.109254948494739
CA_Elsinore,Mzq_poly,0.251767043412791,0.1440122967961174,0.1503927534397784,0.7724423861207595,0.46037939785693804,0.2990213285117885,0.30595106333984534,0.9295870488107087,0.0108168395413699,0.005437829837085463,0.005437829837085463,1.0,5.819944901461853,29,0.0054378298370854,0.20861235444414705,42.56135963708982
CA_Elsinore,Mzu_poly,0.6327768698145286,0.4628190204247707,0.6413658957567238,0.6244148484357972,0.7459278393023424,0.5948045596414264,0.6181929823000187,0.9401971988516493,0.022415917026602793,0.011335000731245435,0.011335000731245435,1.0,5.819944901461853,29,0.0113350007312454,0.11315096948781378,33.27670415700991
CA_Elsinore,Qaf_poly,0.011170798100312752,0.005616770957326374,0.005655052775605942,0.453467868338558,0.020581154256817287,0.01039757416732586,0.010460491305029997,0.6335227272727273,0.001328654543801306,0.0006647688960077822,0.00066489450686224,0.7787029780564263,9.014145679224448,29,6.264048507937457e-05,0.009410356156504535,15.490222310107947
CA_Elsinore,Qf_poly,0.0,0.0,0.0,0.0,0.0012078764973485886,0.0006043032104969101,0.0006138243190559271,0.03749841645200794,0.00029059047761718904,0.0001453163525827458,0.0001453163525827458,1.0,5.269553765443864,29,0.0001453163525827,0.0012078764973485886,4.156627936514118
CA_Elsinore,Ql_poly,0.0,0.0,0.0,0.0,0.0004540782613343373,0.0002270906891398136,0.0012194099580065695,0.00027898218001325164,0.04135844340245732,0.02111588170032663,0.02111588170032663,1.0,4.740049687447619,29,0.0211158817003266,0.0004540782613343373,0.010979094568809574
CA_Elsinore,Qoa_poly,0.14200912676581218,0.07643155238896206,0.08259766699454406,0.5058879380243584,0.14323632289923313,0.07714300137693811,0.07758735094270913,0.9308907738132749,0.021562534954206715,0.010898770031989677,0.010900502890335896,0.9856236004856551,6.540442354388081,29,0.0014606438110264,0.0012271961334209547,6.64283319208202
CA_Elsinore,Qpf_poly,0.028334962413480397,0.014371083258728738,0.014670974661323485,0.412817199323651,0.11147441861017271,0.059027221928407814,0.0593928021757922,0.9055683067487029,0.011847521929624457,0.005959061017856742,0.005959298440599844,0.9933586642750143,8.525179838278673,29,0.000954463527599,0.08313945619669232,9.40909156128536
CA_Elsinore,Qpfs_poly,0.04213532500700984,0.02152106095236674,0.02173423897197414,0.6869273565621217,0.1824560935623647,0.10038607205917598,0.10273246928328784,0.8146504104840471,0.0018534773566357098,0.0009275983195585324,0.0009275983195585324,1.0,7.17261774314465,29,0.0009275983195585,0.14032076855535486,98.43988269354692
CA_Elsinore,Qvoa_poly,0.0005508282240447513,0.0002754899858522002,0.00027570755768862074,0.25876596901331883,0.0010394616174919152,0.0005200010693222652,0.0005200606271672427,0.8195161728730633,4.810490189800251e-05,2.4053029483313074e-05,2.4053029483313074e-05,1.0,6.540442354388081,29,2.257585664253713e-05,0.0004886333934471639,21.60822653158924
CA_Elsinore,Qvof_poly,0.01062465769402776,0.005340700403832417,0.005363336928323666,0.5585744209343979,0.05171260832592522,0.026542597640839286,0.026860883410980717,0.6913572751282596,0.0007071455023834432,0.00035369780909917523,0.00035369817475050335,0.9970856986733857,9.014145679224448,29,0.0002021395198863,0.041087950631897456,73.1286675113215
CA_Elsinore,Qw_poly,0.0,0.0,0.0,0.0,0.0,0.0,0.0,0.0,0.00280951862862244,0.0014067354390219578,0.0014067354390219578,1.0,4.740049687447619,29,0.0014067354390219,0.0,0.0
CA_Elsinore,Qya_poly,1.4328473943775488e-05,7.16428829854685e-06,7.167485587029718e-06,0.01580660158066016,0.00026454306393394636,0.00013228903003963894,0.00013240753221996284,0.12877731287773128,2.6398492347861293e-05,1.319942039632981e-05,1.319942039632981e-05,1.0,3.348860139961538,29,1.319942039632981e-05,0.0002502145899901709,10.021142891343136
CA_Elsinore,Qyf_poly,0.0010477493409856852,0.0005241492590131972,0.0005260458669275675,0.126926380678086,0.0068268137839261455,0.0034250981455788416,0.0034369788920645566,0.49770097519074324,0.00024286193183211256,0.00012144571318631487,0.00012144571318631487,1.0,3.348860139961538,29,0.0001214457131863,0.005779064442940461,28.109855391603478
CA_Elsinore,Tcg_poly,0.0,0.0,0.0,0.0,8.415282995448034e-06,4.2076592020454835e-06,4.207877567594293e-06,0.075,2.94547301691749e-06,1.4727386774147627e-06,1.4727386774147627e-06,1.0,8.624720862466214,29,1.4727386774147627e-06,8.415282995448034e-06,2.8570226062552204
CA_Elsinore,Tsi_poly,0.8128916267879333,0.6847661469933185,0.9393146693449528,0.7164624288905913,0.660342656879275,0.4929190738737788,0.49801176725794166,0.9796757440090414,0.1595122653553212,0.08666847507468795,0.08690348657035579,0.9697415447890967,9.864105098122238,29,0.0042133703550382,-0.1525489699086583,4.1397610109061524
CA_MarbleCanyon,IPb_poly,0.22106752111966588,0.12426976501030915,0.23520269214544762,0.20853501931858096,0.4409425979793032,0.2828264035742345,0.37615959771178936,0.5326822620302072,0.07756321835473,0.04034630376159856,0.04034630376159856,1.0,13.382301094199384,14,0.0403463037615985,0.2198750768596373,5.684944582400936
CA_MarbleCanyon,Jh_poly,1.0844440299458373e-06,5.422223089777916e-07,1.233208327115908e-06,9.677075974723477e-07,0.5957989154049241,0.42429743285430693,0.42726039952078015,0.9839186351452045,0.023159741096430198,0.01171553492606199,0.01171553492606199,1.0,7.394079916049096,14,0.0117155349260619,0.5957978309608942,25.72562935501725
CA_MarbleCanyon,Mi_poly,0.015268005068772694,0.007692728845892234,0.007723540644244491,0.6585076337440138,0.017500826791197986,0.00882765906170431,0.00885252048111057,0.7586468011952028,0.0011073043197332498,0.000553958860386155,0.000553958860386155,1.0,13.382301094199384,14,0.0005539588603861,0.0022328217224252926,15.804893450983688
CA_MarbleCanyon,Mlu_poly,0.02431227595586862,0.012305728106718525,0.01460015988187355,0.07261864459475331,0.20279404685307892,0.11283851274695869,0.11361877619698069,0.9426312189527356,0.013041890333875466,0.0065637470012223555,0.0065637470012223555,1.0,7.531903547738364,14,0.0065637470012223,0.1784817708972103,15.54943659711158
CA_MarbleCanyon,Msc_poly,0.14646125532644763,0.07901709945223863,0.07948579416531842,0.9305578988324169,0.01055815245138556,0.005307092772978155,0.005308024150156133,0.9679956202720803,0.006563698383200915,0.003292655189371917,0.003292655189371917,1.0,9.506514480669512,14,0.0032926551893719,-0.13590310287506208,1.608567584154693
CA_MarbleCanyon,Msr_poly,0.000980986179635881,0.0004907337913515386,0.0005546535012241945,0.004240211426812571,0.07521939770683522,0.03907946579325434,0.03934380821343288,0.8532961142893533,0.0042635242349158085,0.0021363162354796103,0.0021363162354796103,1.0,7.394079916049096,14,0.0021363162354796,0.07423841152719934,17.64254019968543
CA_MarbleCanyon,Mt_poly,0.0184326497676752,0.00930205565080294,0.009318473386587289,0.8407570922760852,0.03238285125543768,0.016457902532563084,0.01649135108918058,0.8902828168029024,0.0005185883032144122,0.0002593614025020275,0.0002593614025020275,1.0,9.470468187576548,14,0.000259361402502,0.013950201487762482,62.44423766351104
CA_MarbleCanyon,Pd_poly,0.7816097804899228,0.6415102222375137,0.6881337362813493,0.9044733898720879,0.64654085049524,0.4776951345238708,0.48795639030269566,0.9578343226922389,0.03219302024912333,0.01635984656035672,0.01635984656035672,1.0,14.046850350260089,14,0.0163598465603567,-0.13506892999468278,20.083261697474516
CA_MarbleCanyon,Po_poly,0.3669890095946434,0.22473150012514428,0.28071670284586914,0.5298169904708224,0.7799916879062015,0.6393330932045592,0.675729004816155,0.9222993324291476,0.01279062437523118,0.006436475457554577,0.006436475457554577,1.0,12.303203335147568,14,0.0064364754575545,0.4130026783115581,60.981517791785194
CA_MarbleCanyon,QTs_poly,0.7723533979216973,0.6291333325194464,0.9467651967704964,0.6522050662980198,0.9569199721707344,0.917398422594825,0.9670265818298761,0.9470224303432699,0.4254288343545422,0.27018711102851156,0.2710841474523884,0.9879008547674215,8.940818420916564,14,0.0232907151656277,0.1845665742490371,2.249306805032543
CA_MarbleCanyon,Qoa_poly,0.2602397784664287,0.1495837042630113,0.1576395975343844,0.7453584444087472,0.38525622376882596,0.2385865977251309,0.24390476367113442,0.9162632985672288,0.011647442172524978,0.005857835486303933,0.005857835486303933,1.0,5.955955319323641,14,0.0058578354863039,0.12501644530239725,33.07646589373954
CA_MarbleCanyon,Qsb_poly,0.0003215758822463497,0.00016081379804266634,0.00016086723856611478,0.3261834319526627,0.0024964520043604353,0.001249786017584528,0.0012503992005686677,0.7181952662721893,3.06553517884144e-05,1.5327910835456623e-05,1.5327910835456623e-05,1.0,12.084380427432585,14,1.5327910835456623e-05,0.0021748761221140854,81.43609055903646
CA_MarbleCanyon,Qt_poly,0.061416988516845405,0.0316813817891951,0.03255427664366453,0.5416092522023397,0.0798388509524211,0.041579245050355304,0.04184296227914968,0.8683727869693716,0.002598776648967042,0.0013010789312560267,0.0013010795266802503,0.999648385901225,5.955955319323641,14,0.0011930034980061,0.018421862435575698,30.72170553177601
CA_MarbleCanyon,Qya_poly,0.001258016958158401,0.0006294043797708459,0.0006849504847216517,0.007701541224549636,0.3030407818981924,0.17857870635050915,0.20533309902583402,0.5781562116297396,0.004936884674859839,0.0024745506229537323,0.0024745506229537323,1.0,8.743973963575765,14,0.0024745506229537,0.301782764940034,61.38299795443285
CA_NV_DeathValley,QTa_poly,0.2939718268631471,0.17231358279542638,0.17388266481918227,0.9502375193956814,0.8067322721307075,0.6760697983269979,0.6886962639368537,0.9735976813214801,0.07784052921144861,0.04049639501529763,0.04054098903538707,0.9735560171468238,17.062573090614716,13,0.0071516887029954,0.5127604452675605,10.363910424340423
CA_NV_DeathValley,QTc_poly,0.15287700021862238,0.08276492699009036,0.0925556283770369,0.43896240647179724,0.014984369840601601,0.007548741487440249,0.0075501493995231905,0.9758927577024715,0.008901892927429858,0.0044708459597292,0.004471942668425494,0.9479988255186449,9.700627860312052,13,0.0004746697530381,-0.13789263037802077,1.6832790466878673
CA_NV_DeathValley,QTm_poly,0.0359764858254251,0.018317746995277204,0.02222431023111504,0.09437439515374457,0.7999268764597814,0.6665651123824815,0.6721236399539127,0.9877450128588309,0.028355794563874697,0.014381800978946112,0.014381800978946112,1.0,14.311916946598592,13,0.0143818009789461,0.7639503906343563,28.210349551582972
CA_NV_DeathValley,Qai_poly,0.45383493391160673,0.293522951633976,0.33258470179978417,0.7142164568997167,0.4501490487409242,0.2904466706138612,0.29219249473876435,0.9798431987300524,0.17974681788621072,0.09874825087654988,0.09882676648707657,0.9920187321234017,6.910753135064634,13,0.0194002079786618,-0.0036858851706825235,2.5043505862000432
CA_NV_DeathValley,Qao_poly,0.6576322823422962,0.4899047211071182,0.9641417482676774,0.4989966808613372,0.6182421416599179,0.447431608894642,0.4494258262835365,0.9901802132813127,0.20963402656347863,0.11709004174218982,0.1171034628720936,0.999022144919568,5.743199828311279,13,0.0272721843745793,-0.03939014068237834,2.949149772080106
CA_NV_DeathValley,Qay_poly,0.6515191330151905,0.4831504465257866,0.5451188024484576,0.8095290085192615,0.8786144517433048,0.7835079140347383,0.8452028366183459,0.9147763701376306,0.17504523682203202,0.09591757579634962,0.09591757579634962,1.0,5.826594753419503,13,0.0959175757963496,0.22709531872811428,5.019356525745339
CA_NV_DeathValley,Qayo_poly,0.11908939756081055,0.06331475690890034,0.06492302834718817,0.7187774789259365,0.179763858673588,0.09875853719869195,0.09911631805880819,0.9647380204655076,0.018184774217636437,0.009175817190756322,0.009175817595599668,0.9999951916575258,5.743199828311279,13,0.0079960277052153,0.06067446111277744,9.885405038421904
CA_NV_DeathValley,Qayy_poly,2.798148036394952e-07,1.399074213938314e-07,1.4912331892039886e-07,2.263850235742271e-06,0.0389707731695545,0.01987261211427319,0.023351780192538314,0.11768549988831672,0.012656864098729759,0.006368736163415387,0.006368736163415387,1.0,8.061950665425044,13,0.0063687361634153,0.03897049335475086,3.0790228026123474
CA_NV_DeathValley,Qe_poly,0.00010807733355928782,5.404158711496226e-05,5.427303997639677e-05,0.012513558559750258,0.022060124926316444,0.011153081650419049,0.011165217710777563,0.911196945245465,0.0010893680632995692,0.000544980874029423,0.000544980874029423,1.0,8.061950665425044,13,0.0005449808740294,0.021952047592757155,20.250387054214617
CA_NV_DeathValley,Qlb_poly,9.880405578194692e-05,4.9404468571907786e-05,4.9562537718548925e-05,0.015254454557108063,0.00016879224994535005,8.440324827976495e-05,8.446123867054846e-05,0.10947314446865787,7.497969812458436e-05,3.749125460376843e-05,3.749125460376843e-05,1.0,14.887138698723833,13,3.749125460376843e-05,6.998819416340314e-05,2.251172706308968
CA_NV_DeathValley,Qp_poly,0.0011997342127282574,0.0006002271628954959,0.0006130726197827572,0.027849132916056524,0.12119308771710172,0.06450534481472744,0.06454814263653373,0.989825783441334,0.0050349965148427395,0.0025238520505606456,0.0025238520505606456,1.0,10.710937469228748,13,0.0025238520505606,0.11999335350437346,24.070143317842394
CA_NV_DeathValley,Qps_poly,0.1351643555325791,0.07248057271619814,0.07262656916308666,0.9730136545018924,0.3413816031609832,0.20582287270633545,0.205965957982166,0.9966361046269094,0.01824215912667696,0.009205039460642673,0.009205039460642673,1.0,6.738674465208459,13,0.0092050329575089,0.2062172476284041,18.713881443000556
CA_NV_DeathValley,Qpx_poly,0.5496169476277403,0.37894606306160417,0.38377910381570457,0.9678364693263971,0.47976388364899303,0.315585111081666,0.31611275685420764,0.9947387014047725,0.10664728750840036,0.056327216162516014,0.05632731094829263,0.9999701260333347,6.738674465208459,13,0.0165700580009557,-0.06985306397874724,4.498603713771934
CO_Alamosa,Breccia_poly,0.0,0.0,0.0,0.0,0.006387946404269412,0.0032042073545592515,0.003218909524194956,0.41229459322566375,0.0015740244538374776,0.0007876321030141246,0.0007876321030141246,1.0,4.735683357361959,71,0.0007876321030141,0.006387946404269412,4.058352707733081
CO_Alamosa,JTRs_poly,0.026303602273011737,0.013327076192318302,0.01951706524262828,0.04032583040700017,0.38056802594961997,0.23500093369021047,0.3045642866609428,0.507119144935045,0.0028671703444843885,0.0014356432891741836,0.0014356461208933676,0.9986279815017366,9.492849177188733,71,0.0005263269682745,0.3542644236766082,132.73296673206858
CO_Alamosa,Js_poly,0.11915282569440823,0.06335061525580855,0.06709558309323338,0.5316163922072741,0.08597860273533707,0.044920397890122594,0.04534734159856643,0.8267248830869478,0.00045558568890634305,0.00022784474585592376,0.00022784474585592376,1.0,9.203601612907942,71,0.0002278447458559,-0.03317422295907116,188.72103498626822
CO_Alamosa,Kdp_poly,0.19808952858385662,0.10993305812145907,0.11456388449958255,0.7311595493043721,0.3389072021383268,0.20402665195743577,0.22254696287795928,0.710284355367907,0.0015871031009797424,0.0007941817746685303,0.0007941817746685303,1.0,9.729221867344872,71,0.0007941817746685,0.1408176735544702,213.53823953158073
CO_Alamosa,Kpu_poly,0.03031249186896677,0.015389492873277764,0.2852326873458011,0.016006789542160373,0.6841592548792252,0.5199407735443163,0.7780015030748386,0.6105187172162032,0.048723861118396765,0.024970254157017164,0.02500661103283841,0.9449787086975684,9.729221867344872,71,0.0047779829469577,0.6538467630102585,14.041564834460663
CO_Alamosa,Kvt_poly,9.05392202553415e-06,4.526981506235859e-06,4.639125408287643e-06,0.00018723535003408644,0.013306592250532741,0.006697858964361539,0.006715269959978932,0.7209281112273997,0.002101501639319387,0.00105185605827509,0.00105185605827509,1.0,0.4895837209238701,71,0.001051856058275,0.013297538328507207,6.331944739687353
CO_Alamosa,PPs_poly,0.043906047872666096,0.022445776607466338,0.07666088028517574,0.030762275332991116,0.3897165818815849,0.2420173849501358,0.245727871817125,0.9412720198188351,0.04813821176704341,0.0246627153916587,0.0246627153916587,1.0,8.622915877445799,71,0.0246627153916587,0.3458105340089188,8.095784358745009
CO_Alamosa,Pm_poly,0.16595055569699152,0.0904831416690936,0.09248971270493364,0.8066017294370995,0.10336111837479807,0.05449699432831908,0.05469432207450395,0.9379082744964697,0.007545762171708899,0.003787169626507221,0.003787169626507221,1.0,6.232325285347823,71,0.0037871696265072,-0.06258943732219345,13.697903011352098
CO_Alamosa,PzZg_poly,0.009525727125158362,0.004785656993898422,0.004796416952723084,0.6808456444218034,6.834038525107956e-05,3.417136026750239e-05,3.417136026750239e-05,1.0,2.540528442384867e-05,1.2702803571093189e-05,1.270652983111229e-05,0.04151808456444218,9.07107207407085,71,1.982576015049883e-05,-0.009457386739907283,2.6900066974619845
CO_Alamosa,QTla_poly,0.00040500260085902037,0.00020254231551179331,0.00026369977176820294,0.0008725634078422519,0.04272279111618913,0.021827664943052664,0.021892305303787725,0.8808468804094227,0.004285040968780619,0.0021471207345465345,0.0021471207345465345,1.0,9.174720338978906,71,0.0021471207345465,0.04231778851533011,9.97021765426589
CO_Alamosa,QTsf_poly,0.15258626762452107,0.08259452928734025,0.08406614349673845,0.8251204868154158,0.3966695689106396,0.2474035053654711,0.26414829169950194,0.7960340770791076,0.012774276840255222,0.0064281961990426345,0.006428196467258302,0.9999935091277891,6.962222329096472,71,0.0062239555235582,0.24408330128611852,31.05221327759438
CO_Alamosa,Qa_poly,0.0,0.0,0.0,0.0,0.14980650108434757,0.08096801830302887,0.08233628714547565,0.8297087548351813,0.030944894949359956,0.01571560636875326,0.01571560636875326,1.0,0.5931994642854991,71,0.0157156063687532,0.14980650108434757,4.841073182814152
CO_Alamosa,Qaa_poly,3.155741358593991e-06,1.5778731689768046e-06,2.8799230484561454e-06,3.4899872266467504e-06,0.05932543775796553,0.030569493160887147,0.03088089134331195,0.7519552653437288,0.011509046005767999,0.005787829199147256,0.005787829199147256,1.0,4.572787711297814,71,0.0057878291991472,0.059322282016606935,5.1546790001737195
CO_Alamosa,Qac_poly,3.588820497892656e-05,1.794442448605537e-05,2.987860233330758e-05,4.492393560902563e-05,0.02195948444849458,0.011101635318309933,0.014654810900447804,0.0437831399108328,0.02360138547291561,0.011941612030811398,0.01194175077517971,0.9990280093931866,3.725693187666831,71,0.0111285082240596,0.021923596243515652,0.9304320067859899
CO_Alamosa,Qai_poly,0.004442271272379638,0.002226080061944416,0.013012173643342157,0.0026783153357777967,0.017096132128362158,0.008621765485137914,0.032297052306452696,0.011624805117048331,0.04821421337549981,0.024702615269518637,0.024703129241356106,0.9991584522087038,5.743199828311279,71,0.0221485252023032,0.01265386085598252,0.35458697615192464
CO_Alamosa,Qao_poly,0.0,0.0,0.0,0.0,0.0,0.0,0.0,0.0,0.008907898848086664,0.00447387584076756,0.00523134151224353,0.029972173461882058,2.779365566327217,71,0.0311068853188448,0.0,0.0
CO_Alamosa,Qau_poly,0.0,0.0,0.0,0.0,0.2870881405458793,0.1676024011167568,0.40009093016206965,0.22386039189709558,0.05815469935899847,0.029948162883933985,0.029957800031481647,0.9893725695975483,5.36263328677377,71,0.0050620124629192,0.2870881405458793,4.936628401664279
CO_Alamosa,Qay_poly,0.00017211516388731377,8.606498848845622e-05,0.00024382479833657305,0.0001329995739449923,0.5328453457963758,0.36318280712240647,0.4038187734835534,0.7830387946935343,0.08882030170879564,0.04647407137497868,0.04647407137497868,1.0,5.826594753419503,71,0.0464740713749786,0.5326732306324885,5.9991391105982865
CO_Alamosa,Qba_poly,0.00965246843404909,0.004849639714153233,0.0048503607225881375,0.970259734571416,0.0008065652382588009,0.00040344532161537696,0.00040344532161537696,1.0,0.00046107449603513496,0.00023059040769557687,0.00023059040769557687,1.0,5.689066096700898,71,0.00023058682119,-0.008845903195790289,1.7493165316984671
CO_Alamosa,Qc_poly,1.3072274391256335e-05,6.536179916996841e-06,7.025753693393389e-06,9.379032416658977e-05,0.0246047873280473,0.012455627699313116,0.012543737649924006,0.6394109967642339,0.006654200009207483,0.003338206551637061,0.003338206551637061,1.0,3.776370064969044,71,0.003338206551637,0.024591715053656045,3.697632667187853
CO_Alamosa,Qed_poly,0.0,0.0,0.0,0.0,0.030913390169440294,0.015699355231561095,0.015747632345779063,0.8366283183840519,0.005792204979929518,0.0029045142609480288,0.0029045142609480288,1.0,0.4269846389665485,71,0.002904514260948,0.030913390169440294,5.337067710234326
CO_Alamosa,Qeo_poly,0.0,0.0,0.0,0.0,0.018630045975797743,0.009402608502243483,0.009452119218250923,0.6422255927553364,0.004517781424589408,0.0022640048518270863,0.0022640048518270863,1.0,1.5522859268450384,71,0.002264004851827,0.018630045975797743,4.123715652642692
CO_Alamosa,Qey_poly,0.0,0.0,0.0,0.0,0.06755665968547167,0.034959192994748305,0.035257235300170775,0.8052783342741242,0.014106255024148305,0.007103227481246654,0.007103227481246654,1.0,0.3449095808756556,71,0.0071032274812466,0.06755665968547167,4.789127913101128
CO_Alamosa,Qfp_poly,0.00781889135433202,0.00392478942822999,0.009863814092611486,0.00647626123783342,0.006355735237125106,0.0031879986562603035,0.008219220708683247,0.0051810684300468085,0.03739130935518537,0.01905184132395769,0.019052325044570186,0.9986691433241697,3.906307421221704,71,0.0169915248258764,-0.0014631561172069136,0.16997894288084625
CO_Alamosa,Qlal_poly,0.00784334417147758,0.003937112148550182,0.003942515103347428,0.7417952485917217,0.02991436003888361,0.015184294241885865,0.015213723594687877,0.8870009796718099,0.0003298430098138292,0.00016494870849615226,0.00016494870849615226,1.0,9.174720338978906,71,0.0001649487084961,0.02207101586740603,90.69272092735252
CO_Alamosa,Qlas_poly,0.2075817415689096,0.11581099477897897,0.12426151993742365,0.6300343121964261,0.09437550278967173,0.04952471115260609,0.050105673874166805,0.8102936589278553,0.0011325978898107973,0.000566619821112257,0.000566619821112257,1.0,8.039795349980622,71,0.0005666198211122,-0.11320623877923787,83.3265748053242
CO_Alamosa,Qlp_poly,4.146087389156945e-05,2.0730866705709798e-05,3.742269873791948e-05,4.64759603095299e-05,0.012313404303895362,0.006194841948704244,0.006205144121614425,0.7886389515023354,0.001736976007436145,0.0008692429307757679,0.0008692429307757679,1.0,4.5673362529520025,71,0.0008692429307757,0.012271943430003793,7.088989284354309
CO_Alamosa,Qls_poly,0.0,0.0,0.0,0.0,0.1288635828063002,0.06886915439311887,0.08228409220308103,0.2969763687068839,0.012832767049207416,0.0064578193704169186,0.006462741198885524,0.894510494642595,7.777368260006046,71,0.0006880942633996,0.1288635828063002,10.041761243866663
CO_Alamosa,Qlsb_poly,0.0,0.0,0.0,0.0,0.0035445232179322507,0.0017754080965759346,0.0017772929516626016,0.62604124905341,0.0009065038440554144,0.00045345745248960594,0.00045345745248960594,1.0,0.3449095808756556,71,0.0004534574524896,0.0035445232179322507,3.9101027989855655
CO_Alamosa,Qlso_poly,0.0,0.0,0.0,0.0,0.10138223273992857,0.053397916362193876,0.06448067042148414,0.23703429101019463,0.01930980997010014,0.009749030952593675,0.009753126174026112,0.9587086808773556,4.64197171576223,71,0.0016346404892298,0.10138223273992857,5.250296760916431
CO_Alamosa,Qlsy_poly,0.0,0.0,0.0,0.0,0.09268189715362007,0.04859278429503005,0.05641564931368208,0.2594970086014075,0.012207272487078813,0.006141119402500411,0.006143773409954682,0.9342801549344438,2.779365566327217,71,0.0008330909651829,0.09268189715362007,7.592350973710324
CO_Alamosa,Qpo_poly,0.010395306119933653,0.005224809808656535,0.00706263006748409,0.019683406623088148,0.15674331165584504,0.08503607373135405,0.08575762134047443,0.9099645500503859,0.026055011632333532,0.013199461882612775,0.013199461882612775,1.0,3.072918502637679,71,0.0131994618826127,0.14634800553591137,6.015860359906001
CO_Alamosa,Qpt_poly,5.310009135032826e-05,2.6550750598805236e-05,2.659218428403931e-05,0.016754793909664268,0.004013866915135996,0.002010969339217016,0.0020159558076367464,0.4484296362362235,0.00017391046988176763,8.696279681131166e-05,8.696279777499794e-05,0.9998725871185576,4.213587146305311,71,7.9267691564539e-05,0.003960766823785668,23.080076305151774
CO_Alamosa,Qpy_poly,0.057770212350638284,0.02974427264888997,0.030862948202251276,0.45073343753757367,0.11752506057333148,0.062431142169215394,0.06288122288836062,0.8971438565042028,0.011026790380729326,0.005543961239598634,0.005543961239598634,1.0,5.397683810320164,71,0.0055439612395986,0.059754848222693197,10.658138634676595
CO_Alamosa,Qrg_poly,0.0,0.0,0.0,0.0,0.0022641705302382693,0.0011333683347108134,0.0011345694333703023,0.5170460322763389,0.0006950537334952691,0.0003476476836578683,0.0003476476836578683,1.0,0.4019075967045913,71,0.0003476476836578,0.0022641705302382693,3.257547468815489
CO_Alamosa,Qsm_poly,0.0,0.0,0.0,0.0,0.0005357612623620427,0.000267952410441857,0.00026797953105782375,0.7258505090638192,8.133987682714773e-05,4.067159252473703e-05,4.067159252473703e-05,1.0,0.4895837209238701,71,4.067159252473703e-05,0.0005357612623620427,6.586698717291748
CO_Alamosa,Qta_poly,7.710114127712733e-05,3.855205684235423e-05,3.89927158568386e-05,0.003399768639121182,0.005033576099162071,0.002523138253785604,0.0025256859766234494,0.7143929426101393,0.0011434578505480405,0.000572055986228223,0.000572055986228223,1.0,4.213587146305311,71,0.0005718615783807,0.004956474957884943,4.402065276607757
CO_Alamosa,Qtb_poly,1.5435216604324013e-05,7.717667864099586e-06,7.853454538315042e-06,0.0004461653680067562,0.006368256926494386,0.003194299523279403,0.00321009329735638,0.3936612648788183,0.0006700972423673132,0.0003351609163865666,0.0003351609163865666,1.0,3.072918502637679,71,0.0003169142205208,0.0063528217098900615,9.503481769297643
CO_Alamosa,Qti_poly,0.0,0.0,0.0,0.0,0.01513032871078769,0.007622832334860676,0.007632921249734454,0.8522277227722772,0.002323063220942893,0.001162882335062881,0.001162882335062881,1.0,5.02672234258239,71,0.0011628823350628,0.01513032871078769,6.513093821289348
CO_Alamosa,Qtp_poly,0.0004947110606227517,0.0002474167302078844,0.0002629931582062711,0.004160017910236362,0.06571966045793728,0.03397628519219519,0.034171792998836936,0.8558774245354247,0.008803157833489662,0.00442103846644887,0.00442103846644887,1.0,5.397683810320164,71,0.0044210384664488,0.06522494939731453,7.465464291452484
CO_Alamosa,TKs_poly,0.2571689786484588,0.14755818292069867,0.3474497398627859,0.2041285551550916,0.46185897790695146,0.30027089276799207,0.31827360154554607,0.8414849950512615,0.09252510919665399,0.048506593529882014,0.04861024714576808,0.9578912771480327,6.822382080159558,71,0.0067603771669578,0.20468999925849268,4.9917150265157835
CO_Alamosa,TRs_poly,0.10885868903234788,0.057562429841188055,0.06964989497591498,0.24907102664826414,0.04262358409450585,0.021775874966179116,0.027849245249222453,0.09078723856035673,0.0017266449319767768,0.0008640684356810633,0.0008640743680483842,0.9921169975581272,9.36705328182283,71,0.0003805172386297,-0.06623510493784204,24.685784150020677
CO_Alamosa,Tb_poly,0.2605740537002395,0.14980462620702678,0.15325497961842163,0.8693476447764441,0.26267908528685424,0.15119779141680684,0.16310701373120365,0.67435020326923,0.037912240497294136,0.019322397947634642,0.019408825055385607,0.8127062407078363,7.101574984843968,71,0.0012533405219135,0.002105031586614736,6.928608856698989
CO_Alamosa,Tba_poly,0.00013832980592328232,6.916968707633566e-05,0.000468055230517201,8.11576324695456e-05,0.19915089645094033,0.11058722024985863,0.11437001773748759,0.769772028210393,0.01634820477273938,0.008241468997771567,0.008246182745572001,0.9351388201303391,7.935070745382715,71,0.0006222289068935,0.19901256664501704,12.181820525212915
CO_Alamosa,Tbb_poly,0.5166707620106131,0.34831832932178064,0.3686814028992508,0.8631344297947533,0.21749884732546668,0.12201890977692949,0.1236914705506637,0.9002365094467853,0.04843622291351203,0.024819185251441292,0.024858435119216957,0.9401875764577953,12.994728035796394,71,0.0009287959591646,-0.2991719146851465,4.490417176290434
CO_Alamosa,Tch_poly,2.0910615483056127e-05,1.0455417056130952e-05,0.00015847190821307076,1.1193829364250192e-05,0.6954251942098854,0.5330665525068926,0.6019329649416859,0.8233001796982741,0.18280945179152105,0.10060004547775585,0.10101157618759396,0.9610783090452111,8.28396375401934,71,0.0067669369383372,0.6954042835944023,3.8040986797715464
CO_Alamosa,Tcl_poly,0.09449647957558241,0.04959134347573128,0.05047045135866176,0.7400631322752789,0.17514204790027374,0.09597571564337434,0.09657199019951529,0.9395555801865335,0.00870946037099901,0.004373776803369777,0.004373776803369777,1.0,7.069375703647255,71,0.0043737768033697,0.08064556832469133,20.109402929654095
CO_Alamosa,Tcs_poly,1.675244131394294e-05,8.376290818631654e-06,8.397559591666727e-06,0.003296313200466555,0.0021159072473590367,0.0010590740749348406,0.0010597844449690517,0.6124042801359095,0.00021265918305280048,0.0001063408987107227,0.0001063408987107227,1.0,5.263907940706366,71,9.957823851443872e-05,0.0020991548060450937,9.949757245299324
CO_Alamosa,Tcu_poly,0.05985903551573794,0.030852931107328056,0.030913399166751745,0.9403807419920733,0.007979953840090115,0.004005960610423256,0.004008204425145639,0.8773906828666104,0.0038785853547510006,0.001943060841036217,0.001943060841036217,1.0,7.069375703647255,71,0.0019430608410362,-0.05187908167564783,2.0574392749447217
CO_Alamosa,Tdi_poly,0.002241459608803584,0.001121987248951851,0.0011221389806512507,0.8924466338259441,0.00013322052924448897,6.661470184516213e-05,6.66164283145043e-05,0.7199155524278676,0.0002545473653911184,0.00012728988334778275,0.00012729030450276356,0.9746657283603096,6.170094685702324,71,4.30551276217914e-05,-0.002108239079559095,0.5233624360629006
CO_Alamosa,Tdt_poly,0.05292018819780149,0.027179259872670072,0.027355061494459623,0.8087641011465203,0.011023474036905392,0.00554228463383581,0.005545148599417693,0.9147547025760507,0.0007669717718921217,0.00038363300378839677,0.00038363300378839677,1.0,6.232325285347823,71,0.0003836330037883,-0.0418967141608961,14.3727245785206
CO_Alamosa,Tgr_poly,0.00848610092159912,0.0042611306531810675,0.004262261261415862,0.9413969761339498,0.011632054889685939,0.0058500515049495,0.0060425092267680485,0.15517097755008538,0.0009597846760986198,0.0004801227452760911,0.0004801228653550131,0.9994793619059519,5.3585744666184105,71,0.0002424842972253,0.003145953968086819,12.11944218256171
CO_Alamosa,Th_poly,0.15126305006668803,0.08181967157206678,0.08219343593337304,0.9473482651743987,0.04557463063891082,0.023318685560149776,0.055783589019724376,0.038524296536945266,0.04390397076390179,0.022444690908680662,0.02247246953154351,0.9478008562583544,5.3585744666184105,71,0.0055118895629007,-0.10568841942777721,1.038052591734656
CO_Alamosa,Ti_poly,0.10704565363239787,0.056549516811014604,0.05811434551776131,0.6774325126075349,0.04386489520708202,0.022424266657044473,0.02251151078925392,0.8526401661228122,0.00637210557730738,0.003196236165802942,0.00319988409716521,0.7370958172649066,7.101574984843968,71,0.0001361846917316,-0.06318075842531586,6.883893349679515
CO_Alamosa,Tiq_poly,0.003910641793698978,0.0019591516670441583,0.0019611678233742505,0.6558509690574703,0.008074699938221727,0.004053716240248215,0.004056996597124622,0.8337061746481104,0.0005100373060892318,0.0002550837041472612,0.0002550837041472612,1.0,6.403090678698794,71,0.0002550837041472,0.004164058144522749,15.831586909074149
CO_Alamosa,Toa_poly,0.015710222481354317,0.007917302532798385,0.007922315689874398,0.9259903439589768,0.0006099098217457475,0.000305047936739234,0.0003050480960692028,0.9982907008126668,0.0009380878162184392,0.00046926401353606354,0.0004692753526771335,0.9510300776681561,5.689066096700898,71,0.0001683977645793,-0.01510031265960857,0.6501628218607269
CO_Alamosa,Tsb_poly,0.2966698092238587,0.17417046373649836,0.1771042190031226,0.9131513207085797,0.5385023695913997,0.36845928340017026,0.37347013394396,0.9648655726433096,0.024720303187605548,0.012514836874746351,0.012514836874746351,1.0,6.403090678698794,71,0.0125148368747463,0.24183256036754103,21.78380926417594
CO_Alamosa,Tsf_poly,0.25656231874716284,0.14715886980416573,0.16448337625277762,0.5828405004532369,0.5239085180464271,0.35492957208387,0.3821445359623707,0.8328825867375907,0.04243509587692565,0.021677491146039524,0.02167749442271206,0.9999930271244858,6.006336606336704,71,0.0202780258354399,0.2673461992992643,12.346113687734253
CO_Alamosa,Tsfv_poly,0.060937634527639783,0.03142634069574922,0.03153919632337762,0.8977772881896547,0.33419095869600063,0.2006178081698939,0.21203076067362922,0.7884535390918761,0.006125302421329415,0.0030720598585096065,0.0030720598585096065,1.0,6.831995022320305,71,0.0030714324158167,0.27325332416836084,54.55909532438546
CO_Alamosa,Tv_poly,0.052942968007247085,0.027191277470214412,0.02724169008217473,0.936279241782213,0.011225521614730281,0.005644441708566439,0.006200630731742706,0.05920128876965123,0.004361500842280486,0.0021855164871399818,0.0022091643035017203,0.1695521901562069,8.988781750409942,71,0.0016112293267088,-0.0417174463925168,2.5737749505651415
CO_Alamosa,Tvl_poly,0.010714244826350425,0.005385975744553176,0.005394378326683518,0.7756713583893426,0.030662746144825958,0.015570083836478784,0.015878565174082256,0.4448898399590102,0.001004791269596727,0.0005026481630413148,0.0005026481630413148,1.0,6.831995022320305,71,0.0005026481630413,0.01994850131847553,30.516533207073397
CO_Alamosa,Xag_poly,3.7000444282834727e-07,1.850022556400019e-07,1.9056949693178345e-07,6.3326810671834135e-06,0.004426596971841261,0.002218208042422381,0.0022473743948490713,0.14597146493911128,0.0031846363033655126,0.001594857672504035,0.001594857672504035,1.0,7.726891459618782,71,0.001594857672504,0.004426226967398432,1.3899850878303586
CO_Alamosa,Xg_poly,9.268576876224776e-05,4.634503214359015e-05,0.00029276147259020715,5.505839139044068e-05,0.04604210605353207,0.023563509836201965,0.023641935618678545,0.8765944811828116,0.005123068624933258,0.002568112621063762,0.002568112621063762,1.0,5.099786015640334,71,0.0025681126210637,0.04594942028476982,8.987212435424265
CO_Alamosa,Xgg_poly,0.0,0.0,0.0,0.0,0.14748389645635612,0.07961274731930097,0.08031364221452811,0.9012112338921495,0.02581411136721363,0.013075826099178067,0.013075826099178067,1.0,4.572787711297814,71,0.013075826099178,0.14748389645635612,5.713305190264061
CO_Alamosa,Xma_poly,0.0,0.0,0.0,0.0,0.0028438472732906935,0.0014239483825077975,0.0014243401835748965,0.8380979276187166,0.0004648226848979803,0.00023246537003771347,0.00023246537003771347,1.0,7.737407987515293,71,0.0002324653700377,0.0028438472732906935,6.118133571546457
CO_Alamosa,Xms_poly,0.0,0.0,0.0,0.0,0.023764988901443792,0.012025386033533142,0.01205728973761734,0.8196484066740526,0.003921382188412975,0.0019645429560846686,0.0019645429560846686,1.0,7.564467737749557,71,0.0019645429560846,0.023764988901443792,6.060360291242548
CO_Alamosa,Xmv_poly,0.0,0.0,0.0,0.0,0.07093026897157188,0.03676915760518281,0.0375845643809196,0.6289151782842686,0.018665795817649475,0.009420821473857513,0.009420821473857513,1.0,4.5673362529520025,71,0.0094208214738575,0.07093026897157188,3.800013118353285
CO_Alamosa,Xp_poly,0.0002617775917862546,0.00013090593001268192,0.0001310411564037891,0.11257391498382238,0.001102539646823829,0.0005515738894525515,0.0005517029313754395,0.7022202387593439,0.00018103128248030028,9.052383506312839e-05,9.052383506312839e-05,1.0,7.231283830187301,71,9.05238350631284e-05,0.0008407620550375743,6.090326664640442
CO_Alamosa,Xr_poly,0.0,0.0,0.0,0.0,0.0019513614308699554,0.0009766335980025947,0.000976831229198343,0.8283911265655688,0.00031363816622341126,0.00015684367919366866,0.00015684367919366866,1.0,7.225257953679566,71,0.0001568436791936,0.0019513614308699554,6.221696339979103
CO_Alamosa,Xsv_poly,0.0,0.0,0.0,0.0,0.0004316291840655715,0.0002158611780248569,0.00021591963592877236,0.443610813385733,8.480379472591597e-05,4.2403695360096455e-05,4.2403695360096455e-05,1.0,4.735683357361959,71,4.2403695360096455e-05,0.0004316291840655715,5.089739031850964
CO_Alamosa,af_poly,0.0,0.0,0.0,0.0,0.0012024530829785223,0.0006015882323015684,0.0006017018324716273,0.7611318648288892,0.00023518483602825679,0.00011760624761715927,0.00011760624761715927,1.0,7.535251888867668,71,0.0001176062476171,0.0012024530829785223,5.112800226771641
CO_Clifton,Kd_poly,0.0006114621802762961,0.0003058245902235081,0.0003060458626265205,0.29725512447691327,0.0017025172681614125,0.0008519838927254865,0.0008520746007527736,0.8889282927867225,0.0002596876535327965,0.00012986068837512338,0.00012986068837512338,1.0,5.666976860454374,19,0.0001298088904515,0.0010910550878851163,6.55601929857015
CO_Clifton,Km_poly,0.0005335687325706984,0.00026685555917659384,0.00044680038971624356,0.0006621597153114209,0.7578467205625053,0.6101072493289186,0.6428626935158234,0.9229230408412913,0.18729561839757447,0.10332386256605486,0.10332386256605486,1.0,3.750195700607301,19,0.1033238625660548,0.7573131518299346,4.046259741932754
CO_Clifton,Kmg_poly,0.0,0.0,0.0,0.0,0.00015676959854445154,7.839094393063053e-05,7.842964490434991e-05,0.13708563535911603,0.00010664770576516653,5.3326696467500416e-05,5.3326696467500416e-05,1.0,3.741881205536758,19,5.3326696467500416e-05,0.00015676959854445154,1.469976287062857
CO_Clifton,Qa_poly,0.01095968273168315,0.005510035486226253,0.00554334422009605,0.47835089176704554,0.01752496317797508,0.008839941412865503,0.008847220050688219,0.9148573298594067,0.002922031423285173,0.001463153401751088,0.001463153401751088,1.0,4.459856529996044,19,0.0014629670951817,0.00656528044629193,5.997527281302186
CO_Clifton,Qac_poly,0.8821731434855701,0.7891858549868205,0.9379580403998969,0.8326513446157995,0.9663987841827799,0.934982244016319,0.9616782507513201,0.9711658890258587,0.2598603628377365,0.14933305195064941,0.14933493312663146,0.9999156518738263,4.459856529996044,19,0.1493230271635806,0.08422564069720984,3.7189157039168155
CO_Clifton,Qalc1_poly,0.0,0.0,0.0,0.0,0.042684050443013134,0.021807440159405087,0.024741412321001487,0.15533148485765638,0.025349143821760012,0.012837278925764636,0.012837278925764636,1.0,2.002876351113541,19,0.0128372789257646,0.042684050443013134,1.6838458428080174
CO_Clifton,Qalc2_poly,0.05119958505098355,0.02627235947726489,0.02647931924989192,0.7707157272291061,0.06220979274399742,0.03210347152702833,0.032158172762994194,0.9496810522453357,0.010383990237073731,0.005219092621953239,0.005219092621953239,1.0,2.7407988334801607,19,0.0052190926219532,0.01101020769301387,5.9909332851538295
CO_Clifton,Qls_poly,4.804094241276185e-07,2.402047697621268e-07,2.5196035655749925e-07,5.1483408613517484e-06,0.11624194260864343,0.061707469360272424,0.06304450220679308,0.7442235615535633,0.010672749611827249,0.005365004480657821,0.005365004480657821,1.0,2.9417267376526066,19,0.0053650044806578,0.1162414621992193,10.891470973874183
CO_Clifton,Qp4_poly,0.0007086940824221884,0.00035447264754494203,0.0003548099562521697,0.27159596693614313,0.0008197630689806798,0.0004100496062521677,0.00041037076863420746,0.34380961031883006,0.00040535539688146604,0.00020271878501751107,0.00020271878501751107,1.0,2.7407988334801607,19,0.0002027187850175,0.00011106898655849145,2.022331700249682
CO_Clifton,Qpmv_poly,0.0012328003215605074,0.0006167803442836363,0.000617295759994353,0.42485656498947455,0.001024935695391143,0.0005127306056454942,0.000512900129386204,0.6080406158418293,0.0004460144206051851,0.00022305695361155605,0.00022305695361155605,1.0,2.35549824972704,19,0.0002230569536115,-0.0002078646261693645,2.297987796000934
CO_Clifton,Qpu_poly,0.0001948388354596543,9.742890919743121e-05,9.744678901391332e-05,0.34683098591549294,0.0002175207238176911,0.00010877219201181439,0.00010877855450860236,0.6503080985915493,8.366932718187013e-05,4.183641380323237e-05,4.183641380323237e-05,1.0,2.35549824972704,19,4.183641380323237e-05,2.26818883580368e-05,2.5997666187140624
CO_Clifton,Qt1_poly,0.0023080412158472683,0.001155353910145387,0.001156006805666019,0.671663071692319,0.004735822685837093,0.002373531655448259,0.002374450392825705,0.859832559499872,0.0005035489913100751,0.00025183790201580437,0.00025183790201580437,1.0,2.893266743076437,19,0.0002518379020158,0.0024277814699898244,9.404889628546332
CO_Clifton,Qt2_poly,0.1525268964325321,0.08255973856290674,0.08374827808420626,0.8533169867004553,0.6253512976401202,0.45491717015887073,0.46724630672374967,0.945176426722953,0.028719489302964182,0.014568951068668103,0.014568951068668103,1.0,5.351958758472684,19,0.0145689510686681,0.4728244012075881,21.774457443976093
CO_Clifton,Qt3_poly,0.13354693254613306,0.07155118704822934,0.07212782325587679,0.8994963893868314,0.6387381714810767,0.4692250661109297,0.4785803638414803,0.9600059435269588,0.022910717874785297,0.011588104837712786,0.011588104837712786,1.0,7.264653228518885,19,0.011587066199017,0.5051912389349437,27.879448167970708
CO_Clifton,Qt4_poly,0.028364354952103564,0.01438620519128143,0.014452496917084653,0.7582431935602469,0.6171943228927645,0.4463348199321152,0.4520101705660581,0.9726387894502603,0.01393122978637447,0.007014475024888489,0.007014537943491946,0.9987228855047505,9.096697355533818,19,0.0019032253775856,0.588829967940661,44.30293178398475
CO_Clifton,Qt5_poly,0.03504223381380083,0.017833581167403186,0.645320197044335,0.018010110196916177,0.40500629594592574,0.2539234449117267,0.2540303809049689,0.9983449311533662,0.017162310246639455,0.008655428699650261,0.008655501264128417,0.999032339939508,3.375678538282432,19,0.0017411829297561,0.3699640621321249,23.598588425776178
CO_Clifton,Qtsc_poly,0.028602994503073808,0.014508997641428345,0.3248652809853734,0.014960082812211966,0.31654330254755236,0.1880317462436504,0.18808045711477678,0.9986245231916734,0.011938854323633612,0.006005275214798209,0.006005297217818856,0.9993902525488861,3.375678538282432,19,0.001298567666293,0.28794030804447857,26.513708431883423
CO_Clifton,Qtu_poly,0.0,0.0,0.0,0.0,0.009660917358960673,0.0048539052683130345,0.005094667611183253,0.09314439607658356,0.004250619310450578,0.002129836216700691,0.002129836216700691,1.0,2.002876351113541,19,0.0021298362167006,0.009660917358960673,2.2728258292170107
CO_Clifton,af_poly,0.0,0.0,0.0,0.0,0.025917579741252417,0.013128924848971268,0.09619549021555578,0.01497629217688232,0.005935752103372719,0.002976710559669204,0.002976710559669204,1.0,8.460459222235277,19,0.0029767105596692,0.025917579741252417,4.366351439529616
DC_Frederick,CZa_poly,5.399784773180367e-05,2.6999652827472934e-05,2.751157555628162e-05,0.0014489037056032825,0.008133126856859171,0.004083167889641741,0.004099493871058344,0.5062443903064495,0.0010462681537385002,0.000523407889372283,0.000523407889372283,1.0,5.507907621195609,267,0.0005234078893722,0.008079129009127368,7.773463072347255
DC_Frederick,CZac_poly,0.00015071223278158896,7.536179536301727e-05,7.572751116390487e-05,0.015365135856546438,0.004309515123308034,0.002159410567903923,0.0021614599743511576,0.6948874135924988,0.00039215351568807304,0.0001961152114788672,0.0001961152114788672,1.0,4.563309294558969,267,0.0001961152114788,0.004158802890526445,10.98935735855014
DC_Frederick,CZas_poly,6.626768964021659e-05,3.313494270815811e-05,3.316749585406302e-05,0.03265773830838645,0.002909170104651679,0.0014567039521202576,0.001457210250208713,0.8074196089665545,0.00018739991198257088,9.37087364957711e-05,9.37087364957711e-05,1.0,4.563309294558969,267,9.37087364957711e-05,0.0028429024150114623,15.523860571088454
DC_Frederick,CZat_poly,0.00019946027771762306,9.974008595143327e-05,9.976757138949776e-05,0.26580713528788413,0.0010589147207503648,0.0005297378339704472,0.0005297582513762121,0.9321794418933239,7.59949445510712e-05,3.799891613829807e-05,3.799891613829807e-05,1.0,3.457714624092156,267,3.799891613829807e-05,0.0008594544430327417,13.934015308593821
DC_Frederick,CZbg_poly,0.0006312444056052487,0.0003157218516289084,0.00031574060759658764,0.8416445208691574,0.0007902832243744326,0.0003952978108014705,0.0003953121016358812,0.9162107237767704,8.58596365936187e-05,4.2931661345230085e-05,4.2931661345230085e-05,1.0,3.3961606107277524,267,4.2931661345230085e-05,0.00015903881876918387,9.204362558799467
DC_Frederick,CZg_poly,0.0002449282089756256,0.00012247910378157588,0.0001224803467638233,0.9234817813765183,6.740193088371446e-05,3.370210123520627e-05,3.3702119457113896e-05,0.9842105263157894,3.315286719954644e-05,1.6576708382479024e-05,1.6576708382479024e-05,1.0,3.2636306789647933,267,1.6576708382479024e-05,-0.00017752627809191113,2.033064907418824
DC_Frederick,CZgm_poly,0.032426623184109105,0.01648051532217053,0.016486466806531812,0.9785653328928714,0.007735192374376025,0.003882612564739728,0.0038826198305599168,0.9995182447591912,0.00389302098784999,0.0019503067865513904,0.0019503067865513904,1.0,3.007047873503408,267,0.0019503067865513,-0.02469143080973308,1.986938266841444
DC_Frederick,CZgn_poly,0.00047174440642848864,0.00023592785203650378,0.000235928663240916,0.9856356236533397,9.456563318488958e-05,4.728505236290323e-05,4.728505236290323e-05,1.0,5.606394328288561e-05,2.803275745490481e-05,2.803275745490481e-05,1.0,2.5221614065096016,267,2.803275745490481e-05,-0.0003771787732435991,1.6867460197677038
DC_Frederick,CZh_poly,0.002086654220145181,0.001044416778411722,0.0010444429431267215,0.9765758716807668,0.0015347386266248914,0.0007679586211922423,0.0007679586211922423,1.0,0.0034792412113234883,0.0017426521592665053,0.0017435375437814722,0.7743532691085139,1.6155345543219897,267,0.0005489507849608,-0.0005519155935202896,0.4411130282171737
DC_Frederick,CZi_poly,1.726509952850292e-05,8.632624285810204e-06,1.0150700304333033e-05,5.771919398352224e-05,0.004782914118538943,0.002397189835824764,0.002492485921234049,0.05899970499078631,0.0062591241149381055,0.003139386963794657,0.003139386963794657,1.0,4.7870497272363375,267,0.0031393869637946,0.004765649019010439,0.7641507071451066
DC_Frederick,CZic_poly,0.0,0.0,0.0,0.0,0.0004910758101654716,0.00024559820875240493,0.0002458678870449829,0.1829490481874725,0.00021362209317615379,0.00010682245640644478,0.00010682245640644478,1.0,4.609114074596297,267,0.0001068224564064,0.0004910758101654716,2.298806283863758
DC_Frederick,CZid_poly,0.0,0.0,0.0,0.0,0.0,0.0,0.0,0.0,2.3086563162534864e-06,1.154329490601778e-06,1.154329490601778e-06,1.0,5.228591942400784,267,1.154329490601778e-06,0.0,0.0
DC_Frederick,CZig_poly,6.157092132436957e-05,3.078640843595062e-05,3.081765098080843e-05,0.02947269932500167,0.0014684989275214272,0.0007347889821768542,0.0007354748731712954,0.44068702800240594,0.0002008197426193628,0.00010041995446438608,0.00010041995446438608,1.0,3.0183195612553635,267,0.0001004199544643,0.0014069280061970576,7.3125227050253
DC_Frederick,CZil_poly,0.00020295168384019884,0.00010148614031163075,0.00010152274442039099,0.2196493982208268,0.0011132284860550308,0.0005569242349889975,0.0005572050163169568,0.5249869178440607,0.00010259583708130037,5.1300550152092976e-05,5.1300550152092976e-05,1.0,2.936734405825272,267,5.1300550152092976e-05,0.000910276802214832,10.850620431829718
DC_Frederick,CZim_poly,1.9037047045402706e-06,9.518532582938982e-07,9.518651321331583e-07,0.0708955223880597,9.3980149705559e-06,4.699029566053054e-06,4.699159224021813e-06,0.1455223880597015,3.597206361219195e-06,1.7986064155888172e-06,1.7986064155888172e-06,1.0,1.7972314343049085,267,1.7986064155888172e-06,7.494310266015629e-06,2.6125871097844513
DC_Frederick,CZip_poly,0.006742215625643687,0.0033825106208025843,0.003383237575114155,0.9402705796905199,0.00889577077555218,0.004467757460902566,0.004467840616236814,0.995851439685842,0.0010897506365525878,0.0005451723692445014,0.0005451723692445014,1.0,2.458062640879351,267,0.0005451723692445,0.0021535551499084933,8.16312510143957
DC_Frederick,CZiq_poly,0.0006837807633637603,0.0003420073106918705,0.0003420666873991682,0.6633324892377818,0.00018673289569394352,9.337516595453406e-05,9.337652934315053e-05,0.8647758926310458,0.00010600478022771673,5.3005199516121186e-05,5.3005199516121186e-05,1.0,1.720363098654445,267,5.300519951612119e-05,-0.0004970478676698168,1.7615516516595642
DC_Frederick,CZl_poly,0.024575050785882693,0.012440386963655277,0.012452530230390462,0.9273108823823324,0.004557154116854632,0.0022837808290308214,0.0022840347968718414,0.9535724992505247,0.002682762886534371,0.001343183164238604,0.001343183164238604,1.0,1.820613638927451,267,0.0013431831642386,-0.020017896669028062,1.6986794247558807
DC_Frederick,CZlb_poly,0.008922299874807707,0.004481140979202721,0.004481408701241274,0.986843832499526,0.0013494953458514192,0.0006752032647573564,0.0006752033445658734,0.9998249733813684,0.003619866806572796,0.0018132152020479313,0.0018139031529079634,0.8270153585857849,1.6155345543219897,267,0.0004601278151462,-0.0075728045289562874,0.3728024863790746
DC_Frederick,CZlm_poly,0.0,0.0,0.0,0.0,9.185377112767872e-05,4.592899493953401e-05,4.595952762004302e-05,0.06466436894797309,8.177955808074343e-05,4.089145108277113e-05,4.089145108277113e-05,1.0,3.885778972217884,267,4.089145108277113e-05,9.185377112767872e-05,1.1231874234021748
DC_Frederick,CZm_poly,0.0,0.0,0.0,0.0,0.0004307862360541097,0.00021543952221749155,0.0002155554094724079,0.2860850222441918,0.00010860845338569337,5.430717580203249e-05,5.430717580203249e-05,1.0,3.9899365106098057,267,5.430717580203249e-05,0.0004307862360541097,3.966415344524699
DC_Frederick,CZmb_poly,0.0008884393369436948,0.00044441708728302354,0.0011438300245347843,0.0007262782631554946,0.4068685005611159,0.25538915067865947,0.26382080101792904,0.8887771566373651,0.039244623298249404,0.020015053261903604,0.020015053261903604,1.0,3.272047702677352,267,0.0200150532619036,0.4059800612241722,10.367496649643346
DC_Frederick,CZmbg_poly,5.256923342416292e-05,2.628530761131718e-05,2.6298821124209407e-05,0.048664768876236955,0.0010006981023745753,0.000500599525684989,0.0005007571616345492,0.6139352040124711,9.901240793780475e-05,4.950865495447278e-05,4.950865495447278e-05,1.0,3.0183195612553635,267,4.950865495447278e-05,0.0009481288689504124,10.106794928199
DC_Frederick,CZmbgs_poly,5.588757573973176e-06,2.7943865955612136e-06,2.794409311662808e-06,0.2558139534883721,2.7427979767865008e-05,1.3714177960030314e-05,1.371441110318723e-05,0.44651162790697674,2.8858195625211633e-06,1.4429118632522226e-06,1.4429118632522226e-06,1.0,2.936734405825272,267,1.4429118632522226e-06,2.183922219389183e-05,9.504398724050116
DC_Frederick,CZmbq_poly,0.0022164127822562594,0.001109435875055413,0.0011107594336526843,0.4821504896768319,0.008930215695443226,0.004485134456782679,0.004498349747315434,0.6042259017672966,0.0007220139540121887,0.0003611373501091412,0.0003611373501091412,1.0,1.7972314343049085,267,0.0003611373501091,0.006713802913186967,12.368480755556797
DC_Frederick,CZmg_poly,0.05175865521135871,0.02656686008117431,0.026654250872008466,0.8901450251562245,0.07236532279886781,0.03754099449172604,0.037667342773483055,0.9179779131143273,0.009085140521944597,0.00456329936897773,0.00456329936897773,1.0,2.458062640879351,267,0.0045632993689777,0.020606667587509106,7.965239791731767
DC_Frederick,CZmm_poly,0.0348175987935323,0.01771723519005515,0.01772591643212568,0.9731010601207852,0.007369991160576097,0.00369862499705534,0.0036987165775746213,0.9933501156244706,0.003401343293360804,0.0017035688579352603,0.0017035688579352603,1.0,1.720363098654445,267,0.0017035688579352,-0.027447607632956204,2.1667883906225605
DC_Frederick,CZmp_poly,0.05100718986964213,0.026171050813794703,0.02619468337841791,0.9666759739926719,0.00840998020281782,0.004222746709523212,0.00422291767442978,0.9905036782932264,0.004699909195008683,0.0023554898918049638,0.0023554898918049638,1.0,1.7463064297247362,267,0.0023554898601885,-0.04259720966682431,1.7893920613932803
DC_Frederick,CZms_poly,0.18768481921324895,0.10356080509780444,0.1120054768984166,0.5786943181142301,0.6293287406102958,0.4591390797020916,0.465154201942988,0.9726069360049728,0.03394194223301659,0.017263957236119103,0.017263957236119103,1.0,5.918489282341183,267,0.0172639572361191,0.4416439213970468,18.5413296708202
DC_Frederick,CZmt_poly,0.0,0.0,0.0,0.0,6.502119691019273e-07,3.251060902448992e-07,3.251236892435266e-07,0.005970149253731343,4.496505929666527e-06,2.2482580194860216e-06,2.2482580194860216e-06,1.0,4.026173124375737,267,2.2482580194860216e-06,6.502119691019273e-07,0.14460382778815747
DC_Frederick,CZo_poly,4.928757277926216e-07,2.464379246279465e-07,2.468689000237735e-07,0.00014114326040931546,0.0005830830298576007,0.00029162653617094907,0.00029170431854017004,0.5223712067748765,9.509343701940526e-05,4.75489793076372e-05,4.75489793076372e-05,1.0,4.237242184326055,267,4.75489793076372e-05,0.0005825901541298081,6.131685299571345
DC_Frederick,CZp_poly,8.26074648805942e-05,4.1305438509077606e-05,4.3092218248562763e-05,0.0009951823182334889,0.036656598730909824,0.018670497839152988,0.018713925840964526,0.8894473198782463,0.003218304857481192,0.00161174597368867,0.00161174597368867,1.0,3.272047702677352,267,0.0016117459736886,0.036573991266029234,11.39003306218763
DC_Frederick,CZpb_poly,0.001208774442921659,0.0006047527262807372,0.0006101826869784841,0.06363364903871921,0.020286093285549176,0.010246982261803745,0.010258804030226965,0.8989104718736362,0.0017515288193155273,0.0008765320452268979,0.0008765320452268979,1.0,5.087300947169895,267,0.0008765320452268,0.019077318842627516,11.581935199602764
DC_Frederick,CZpg_poly,0.0005134868153402434,0.0002568093417756508,0.0002568823341919432,0.47473185815054597,0.001695773909180147,0.0008486064769514613,0.0008487356691828577,0.8479080104357909,0.00013889914235852823,6.945439475719653e-05,6.945439475719653e-05,1.0,4.134150926078603,267,6.945439475719653e-05,0.0011822870938399035,12.208670841199249
DC_Frederick,CZpq_poly,1.544216167559307e-05,7.721140453346136e-06,7.721201358831272e-06,0.4946524064171123,4.823636185996953e-05,2.4118762630665702e-05,2.4119566683535e-05,0.4197860962566845,5.019978440400614e-06,2.509995520262006e-06,2.509995520262006e-06,1.0,3.467445859681949,267,2.509995520262006e-06,3.279420018437646e-05,9.608878291541044
DC_Frederick,CZs_poly,0.0005153103230174443,0.00025772156480012505,0.0002577439347583696,0.7480750721847931,0.000833886398811448,0.00041711711354957425,0.00041717195960191234,0.7603464870067372,0.00011156106422759176,5.578364375512779e-05,5.578364375512779e-05,1.0,3.2023794057253,267,5.578364375512779e-05,0.00031857607579400366,7.4747081751592654
DC_Frederick,CZscc_poly,0.0007421481848683506,0.00037121183953063,0.0003712312623244193,0.8764675189146882,0.0008275714440605119,0.0004139570115311619,0.00041396991985045284,0.9299504304722149,0.00010289110033321094,5.1448196947402505e-05,5.1448196947402505e-05,1.0,2.4265381513892037,267,5.1448196947402505e-05,8.542325919216128e-05,8.043178091986936
DC_Frederick,CZscf_poly,3.366822767313763e-05,1.683439722872813e-05,1.6834565323683718e-05,0.6276923076923077,6.077678062131855e-06,3.038848265636647e-06,3.0388512312220764e-06,0.7569230769230769,4.365206675612519e-06,2.1826081015739874e-06,2.1826081015739874e-06,1.0,1.7463064297247362,267,2.1811458397998715e-06,-2.7590549611005773e-05,1.3923001850259573
DC_Frederick,CZscg_poly,0.004092253580239145,0.0020503220089103757,0.002050444298976041,0.9717337361096127,0.0003862527248361223,0.00019316366741450023,0.0001931637683237979,0.9973028374150393,0.0009910779768080868,0.0004957846690374045,0.000495906935319172,0.667871399287949,2.290338951310112,267,0.0001244125587021,-0.0037060008554030224,0.3897299040788963
DC_Frederick,CZscgs_poly,0.0009643153482429487,0.00048239026228835815,0.0004962313119195866,0.017000702918010924,0.03645415934640038,0.01856547404784092,0.01871706658959644,0.6962583133572445,0.002974437823518128,0.0014894340262106619,0.0014894340262106619,1.0,3.813289636563875,267,0.0014894340262106,0.03548984399815743,12.255814883123982
DC_Frederick,CZschp_poly,1.4539388144852155e-05,7.269746921262179e-06,7.287098313886902e-06,0.0030437968547432502,0.0022963886589748243,0.0011495141951679694,0.0011500799751766383,0.7002987430246322,0.00023809908699985095,0.00011906371798119852,0.00011906371798119852,1.0,4.31390289615401,267,0.0001190637179811,0.002281849270829972,9.64467645764749
DC_Frederick,CZscl_poly,2.0945109324145795e-05,1.047266433762263e-05,1.0483331861358654e-05,0.010186994138989674,0.0004029828558618381,0.0002015320349084066,0.00020157976131855064,0.459810214903712,9.618055035461175e-05,4.809258796309501e-05,4.809258796309501e-05,1.0,4.738907519355142,267,4.809258796309501e-05,0.0003820377465376923,4.189858078125621
DC_Frederick,CZscm_poly,0.0009904099058998042,0.000495450302393588,0.0004970727023574715,0.13179116169761762,0.0022775340103197684,0.0011400652738775044,0.0011417429770493525,0.43689230911017923,0.0005823909255544663,0.0002912802822738278,0.0002912802822738278,1.0,4.444090099804126,267,0.0002912802822738,0.0012871241044199642,3.910661911758735
DC_Frederick,CZscmp_poly,0.034861644510618406,0.017740045841167635,0.017795914618223142,0.8496409568940433,0.04805909529676047,0.02462118355169521,0.02469595766625466,0.8904918526832107,0.005153144911543181,0.0025832283307355326,0.0025832283307355326,1.0,3.808732979859661,267,0.0025832283307355,0.013197450786142068,9.326168023939482
DC_Frederick,CZscq_poly,0.0030988788521633314,0.0015518439142254913,0.001553380750343095,0.6106753006475486,0.013795940824766553,0.006945882907164778,0.006975607135405366,0.6197779833487511,0.0007252195952858713,0.00036274133120364017,0.00036274133120364017,1.0,3.457324640296212,267,0.0003627413312036,0.010697061972603221,19.02312198187142
DC_Frederick,CZscqs_poly,0.005516925244334749,0.0027660927857262475,0.002767023441511347,0.8915888107654416,0.012888882412831294,0.006486241407818956,0.0064928626894406385,0.8641385857974325,0.0009750268061267456,0.0004877511883050316,0.0004877511883050316,1.0,3.188147109493297,267,0.000487751188305,0.007371957168496545,13.219003141084762
DC_Frederick,CZscs_poly,0.004326423155322776,0.0021679012066508413,0.0021684812740180907,0.8901620663459103,0.005682275500998243,0.002849232813405248,0.0028502888419569042,0.8849286739258884,0.0006421786255116879,0.00032119244421702003,0.00032119245074849125,0.9999366928336287,3.6199415792055545,267,0.0003180311970967,0.0013558523456754677,8.84843449355015
DC_Frederick,CZsctp_poly,0.03852136857331425,0.019638943782576745,0.019656395155811895,0.9567480977172607,0.0182261631563778,0.009196893620014012,0.009198229531193586,0.9844536848473487,0.0077097726571011115,0.003869803983018866,0.0038699508831344194,0.9902862157993848,2.9305406408933643,267,0.0015752436591573,-0.02029520541693645,2.3640338006063684
DC_Frederick,CZsm_poly,0.0025576726255957098,0.0012804738292282593,0.0012805957319637496,0.9308028216325159,0.00019390668300111116,9.696274236242869e-05,9.696275290135305e-05,0.9988803045571605,0.0006033068686638677,0.0003017444565835529,0.0003017811871106429,0.7125741798230881,1.6949465678159743,267,5.993788767770047e-05,-0.0023637659425945986,0.3214063904668492
DC_Frederick,CZst_poly,0.00010529290749937288,5.264922554470404e-05,5.2651912550424977e-05,0.5077922077922078,0.00016108572198863386,8.054934866930998e-05,8.054940819410233e-05,0.990909090909091,1.0335222262981476e-05,5.167637835833542e-06,5.167637835833542e-06,1.0,3.853237240659636,267,5.167637835833542e-06,5.579281448926097e-05,15.586091705604433
DC_Frederick,CZt_poly,0.00014632805271357245,7.31693797232128e-05,7.317998061839302e-05,0.33559322033898303,0.00024331928166364418,0.00012167444370094117,0.00012167991493929957,0.7301694915254238,1.9797897027110873e-05,9.89904650370711e-06,9.89904650370711e-06,1.0,3.537044712218353,267,9.89904650370711e-06,9.699122895007173e-05,12.290157956193392
DC_Frederick,CZu_poly,0.020725714890122957,0.010471370767580297,0.010581688518966285,0.5011012727460864,0.019986767065590216,0.010094259337837619,0.01012205738874692,0.7861239633993111,0.0018143812531871157,0.0009080143687176708,0.0009080143687176708,1.0,3.7138231828638633,267,0.0009080143687176,-0.0007389478245327409,11.015748222972295
DC_Frederick,CZum_poly,0.0045261926102584974,0.0022682295269909666,0.002271023113011582,0.6483749943497717,0.00271158329694356,0.001357632315026188,0.0013578935683904074,0.8758757853817294,0.00029690046875125917,0.0001484722751196694,0.0001484722751196694,1.0,3.651106428196324,267,0.0001484722751196,-0.0018146093133149374,9.13297075059623
DC_Frederick,CZwm_poly,0.00045085234271259817,0.00022547699977308684,0.00022549664661796067,0.7212863705972435,0.00046213407412789165,0.0002311204413795403,0.0002311380462905369,0.752133012469919,6.135207257293848e-05,3.067697733453911e-05,3.067697733453911e-05,1.0,3.62441416312543,267,3.067697733453911e-05,1.1281731415293487e-05,7.532493276058164
DC_Frederick,Ca_poly,0.017021557177761184,0.008583833696918841,0.008601411398029387,0.8077064878384168,0.02695582031101704,0.013662045983818857,0.013717649790454213,0.7711918451129468,0.002690638552710624,0.0013471315984625112,0.0013471315984625112,1.0,3.645652335188629,267,0.0013470354033525,0.009934263133255856,10.018372881731363
DC_Frederick,Cam_poly,0.00016128287354755656,8.064794033956013e-05,8.065009586228464e-05,0.7510882469331223,0.00019788456278369655,9.895207193559403e-05,9.897279419724094e-05,0.32093391373169766,3.546245067607301e-05,1.7731539739963227e-05,1.7731544796780134e-05,0.9841709537000396,2.973641815822053,267,1.6959247806690076e-05,3.660168923613999e-05,5.5801152771771605
DC_Frederick,Car_poly,0.016478327505072745,0.008307611524277352,0.008310509988188108,0.9597093950969489,0.025625325140212093,0.012978957574013605,0.012986852911945037,0.9552548232677337,0.0066150363314756225,0.0033184941454066385,0.003318679122674342,0.9834812146414583,2.95910890302426,267,0.0011103575904714,0.009146997635139348,3.873799606856555
DC_Frederick,Ccbs_poly,0.017072261829697743,0.008609623790653486,0.008617177340728659,0.9075952837949,0.009687006352452204,0.004867076878546277,0.0048691334241120305,0.9201496337498531,0.005085268930502805,0.002549115935284378,0.0025496828878905603,0.9197677151474793,2.714384865593085,267,0.000685322734083,-0.0073852554772455385,1.9049152532222922
DC_Frederick,Ccf_poly,0.010190288691978326,0.005121237791768358,0.005123701932207207,0.9141529235382309,0.0007422632964450291,0.00037126943806099674,0.00037127007335058373,0.9954122938530735,0.0018948107487594032,0.0009483038024987336,0.0009490147045325843,0.5586806596701649,1.6949465678159743,267,0.0002238191192533,-0.009448025395533296,0.3917347930029498
DC_Frederick,Ccg_poly,0.0017200279806687804,0.000860754251032518,0.0008615532237135865,0.48137458284477314,0.002605266032349581,0.0013043320822091321,0.0013044119300849987,0.9551727248128439,0.00014882921398670296,7.442014493918951e-05,7.442014493918951e-05,1.0,2.902658005702127,267,7.440727361803438e-05,0.0008852380516808007,17.50507150150203
DC_Frederick,Cch_poly,0.24863456241550963,0.14196612373396508,0.15408357241297593,0.6435215818153216,0.2619096954493636,0.15068819770965666,0.15347960967292124,0.8923023896877177,0.016840809124396464,0.008491909878884166,0.008491909878884166,1.0,3.396932450087391,267,0.0084895363722846,0.01327513303385397,15.552085028381903
DC_Frederick,Ccp_poly,0.0010601578819070079,0.0005303600736596734,0.000530744840179949,0.42249134948096884,0.001366401427270308,0.0006836677959612441,0.00068379325945205,0.7884083044982699,7.761728940967346e-05,3.881015087419294e-05,3.881015087419294e-05,1.0,3.2812816692982207,267,3.879083985859464e-05,0.0003062435453633002,17.60434353818098
DC_Frederick,Ccs_poly,2.743857474896562e-06,1.3719306196393241e-06,1.3721201199690358e-06,0.009836065573770493,2.252127796411362e-05,1.1260765785474982e-05,1.1261436453107262e-05,0.15901639344262294,8.191100578698568e-06,4.0955670629501545e-06,4.0955670629501545e-06,1.0,3.280091474030282,267,4.093842960855144e-06,1.9777420489217058e-05,2.749481311788737
DC_Frederick,Cd_poly,6.173134246911728e-05,3.086662395362571e-05,3.0868566419433895e-05,0.3290909090909091,4.8148914139177096e-05,2.407503666302514e-05,2.4075591531286446e-05,0.5109090909090909,7.943579154780213e-06,3.97180535256521e-06,3.97180535256521e-06,1.0,3.1225046560431764,267,3.691169882738244e-06,-1.3582428329940187e-05,6.0613626680112445
DC_Frederick,Ce_poly,0.11803941298360209,0.06272151170324886,0.06294402671526633,0.9466449653965041,0.17061895474460123,0.0932659465271661,0.09362990880939973,0.9599885110922669,0.01630852126151981,0.00822129924754788,0.008221399916312938,0.9985128247212116,2.941332814541916,267,0.0073602598583597,0.052579541760999146,10.46195127127676
DC_Frederick,Cfa_poly,0.019287563054975938,0.009737689679337979,0.009741090682710278,0.9653865576049078,0.039322895987145993,0.02005577354204071,0.020075540870972405,0.9532021059052342,0.008928389153914527,0.00448421297620757,0.004484585638514719,0.9818058187381568,2.920371053467107,267,0.0013423039946847,0.020035332932170056,4.404254262361024
DC_Frederick,Cfi_poly,0.03205414836243405,0.016288125171615455,0.016309544515623903,0.9253866617980752,0.059813336724254026,0.030828650591416394,0.030930781471853006,0.903256305260687,0.017187547239344132,0.008668266741725387,0.008677508989092312,0.8905740591012232,3.2400583168606296,267,0.0020585184650773,0.027759188361819974,3.480039117352062
DC_Frederick,Cfl_poly,0.019836656668933958,0.010017687043718514,0.010019484097996838,0.9824109824109825,0.013690311058205397,0.006892334631614721,0.006893502706875495,0.976005226005226,0.006846635829346952,0.003435077276251556,0.003435728187006993,0.9477301977301977,2.301589795821115,267,0.000688329359733,-0.006146345610728561,1.9995675831806599
DC_Frederick,Cfr_poly,0.18196090130511128,0.10008635206785989,0.10048668433375588,0.9617188186049235,0.011823141799404554,0.0059467253884572,0.005946757645437169,0.9990886826878982,0.0469235686432471,0.0240254645900624,0.02412768610801225,0.8500931807315907,2.039877070506905,267,0.0034391300919269,-0.17013775950570673,0.2519659553026356
DC_Frederick,Cfrs_poly,0.003857548788491086,0.0019325017541457737,0.0019424865924882455,0.2732325141776938,0.0035852932877772498,0.0017958659970410944,0.0017991111605562193,0.49890359168241966,0.0003756224895423575,0.00018784652446076364,0.00018784652446076364,1.0,2.902658005702127,267,0.0001775117152698,-0.00027225550071383617,9.54493777022089
DC_Frederick,Cg_poly,0.0026266042952739093,0.0013150291782809964,0.0013168244052981874,0.4909885891009918,0.001976574049931384,0.0009892647024353656,0.0009893732336388305,0.9001812946571398,0.00013850910305178448,6.925934805098049e-05,6.925934805098049e-05,1.0,2.5679889721193887,267,6.293109089170276e-05,-0.0006500302453425252,14.270354845864544
DC_Frederick,Ch_poly,0.14091572239813677,0.07579845846467587,0.09521800923773575,0.27095384357342783,0.23555625714079442,0.13350171015318718,0.13641932436338225,0.8619196377092658,0.014235080224112481,0.007168562644222281,0.007168630772988772,0.9986760034803392,3.1183779949704085,267,0.0064020321568008,0.09464053474265766,16.54758901476305
DC_Frederick,Chs_poly,0.0010071212616713275,0.0005038143318984586,0.0005116306982487583,0.03192502168531957,0.011857954518427855,0.00596433969362365,0.0059753033358680195,0.7647407282036093,0.0007308888257107875,0.00036557801129708504,0.0003655795586900951,0.9885543825501936,3.280091474030282,267,0.0003172191397225,0.010850833256756526,16.22401944221274
DC_Frederick,Ci_poly,0.041350373039854484,0.021111674324330743,0.02131809437669481,0.685565704086467,0.01757365870108675,0.008864722151327067,0.008882085548659052,0.8193206482817889,0.003386504575298618,0.0016961242539224005,0.0016962458335741362,0.9594548439342022,3.1225046560431764,267,0.0006091302764854,-0.023776714338767733,5.189320820432415
DC_Frederick,Cl_poly,0.016950252743558342,0.008547568091526243,0.008560856938463215,0.8463065999737724,0.02158518163386424,0.010910341670252073,0.01093093802711914,0.8527323479270874,0.00491641622670294,0.0024642657915136235,0.0024645462898162974,0.9558534255044119,2.856733051213472,267,0.0007164762078933,0.004634928890305898,4.390430069087082
DC_Frederick,Clc_poly,0.0004216308537068449,0.00021085987936889788,0.00021088232200870195,0.6645809632157755,0.0004149586211418522,0.00020752236716859424,0.00020760615154066716,0.3395904436860068,0.0001531175668556036,7.656464512388607e-05,7.657050771763643e-05,0.5,2.9053419009711834,267,3.539496356647545e-05,-6.672232564992702e-06,2.7100654070161383
DC_Frederick,Clo_poly,0.009034531978810581,0.004537764277644633,0.004538825302393992,0.9510080947895764,0.014659991231161238,0.00738412119153952,0.007390349082806797,0.8975661028980165,0.004641089484906425,0.0023259421953859653,0.002326462144995661,0.9123360224961438,3.0906749040180976,267,0.0004916436947268,0.005625459252350657,3.158739188037185
DC_Frederick,Clp_poly,0.01255497716214328,0.0063171443827996455,0.006321237955632372,0.9070186598812553,0.007579567561467427,0.0038042008795255928,0.00380695420195049,0.8402550587665092,0.0032714301156989466,0.001638395005230234,0.0016401950711679724,0.5988579910335635,2.638164547465648,267,0.0004431014551598,-0.004975409600675853,2.3168972875485188
DC_Frederick,Cm_poly,0.007240413073598206,0.0036333600506048475,0.0036336885454710775,0.9757227832341956,0.0003582085689780845,0.00017913636858016274,0.00017913638412433888,0.9995158389818786,0.0015404528969257742,0.0007708201545329167,0.0007709275508163711,0.8469359524138885,2.0054765043098017,267,9.703078939023552e-05,-0.006882204504620121,0.23253458102675406
DC_Frederick,Cp_poly,0.11539872450530933,0.06123243468304362,0.06937903721342198,0.3427429457039147,0.042063618392339096,0.02148364920713137,0.021505619101334937,0.9546066315918268,0.002657929923396911,0.0013307334598399426,0.0013307372027389795,0.9978908484965012,2.995138586600504,267,0.0011518664736072,-0.07333510611297023,15.825706322076611
DC_Frederick,Cpo_poly,0.20903497629301557,0.11671639229466903,0.1334779534714255,0.48171810305017887,0.1132602029227368,0.06002958282757774,0.06023034342023978,0.9473947856578195,0.015527597797280693,0.007824547108866525,0.007824965797252573,0.9932081275486643,2.5679889721193887,267,0.0034297813652966,-0.09577477337027877,7.294122658340091
DC_Frederick,Cps_poly,0.04699860593828676,0.02406480921170384,0.024954058246126593,0.40309389786262034,0.028876087664256044,0.014649554745667124,0.014661902532570806,0.9456375428291728,0.0039060541721699727,0.0019568488649215525,0.001956861362143276,0.9967470223527493,3.1183779949704085,267,0.0006581288788742,-0.018122518274030715,7.392649049773469
DC_Frederick,Cs_poly,0.5659421614357961,0.39464388828446717,0.6680956201728292,0.49088468870554386,0.5524121076847234,0.3816086820132169,0.3963228837446406,0.911335904016023,0.09948091019663294,0.05234407311684804,0.05244198489877884,0.9655596598186162,3.5759137479361063,267,0.0156414263351548,-0.013530053751072746,5.552945852554338
DC_Frederick,Csql_poly,0.008040739748056823,0.004036598493003229,0.0040853381752156154,0.25280898876404495,0.008312838731689623,0.0041737672930501745,0.004174704171825066,0.9489748638943588,0.0008719928157871534,0.00043618658367723136,0.00043618694800982144,0.9980887292945674,3.59903818895258,267,0.0001158758894461,0.00027209898363280034,9.533150481504336
DC_Frederick,Csqm_poly,0.010453749083725318,0.005254338309004327,0.005282440960282239,0.49689465255263465,0.01250388317243025,0.006291274265425423,0.006295747694962088,0.8985195890785517,0.0014616180998619787,0.0007313435223957646,0.0007313563369209635,0.976602476465763,3.2093585305999826,267,0.0001718138912145,0.002050134088704931,8.554822339440786
DC_Frederick,Csqu_poly,0.004482603948232299,0.002246336692980656,0.0022469568891708923,0.890571982549685,0.00785400363029501,0.003942483956802057,0.0039450394086476374,0.8588826951042171,0.002118333382259053,0.001060289714678261,0.0010603355501473187,0.960827678138633,2.6591666682506823,267,0.000221523882708,0.0033713996820627116,3.70763341411316
DC_Frederick,Ct_poly,0.02745402942093947,0.013918068237912886,0.013943415365787113,0.8844773023428981,0.04688227570850746,0.024003814580871894,0.024094829069412852,0.8640321250964019,0.012110910508764167,0.0060923471901864175,0.006099824132642834,0.832502725846342,2.714697649280725,267,0.0012618096463691,0.019428246287567993,3.8710777091929374
DC_Frederick,Cta_poly,0.20046570537128208,0.11139865795813712,0.11350844606362197,0.8570069170498665,0.18097903246334682,0.09949254884534481,0.10116596530654211,0.8574441928682026,0.09112587780300367,0.04773802355187434,0.04823117750084136,0.8235973327731223,2.554198904432151,267,0.008625458669803,-0.019486672907935265,1.9860333510815456
DC_Frederick,Ctb_poly,0.029649735957594615,0.015047951878751088,0.015116299147239255,0.7689539193213222,0.0010969796522411152,0.0005487908323087473,0.0005488157366248631,0.9236273270635618,0.004921043750111018,0.00246659097610904,0.0024687096575736456,0.7418753615116005,2.6189734364171136,267,0.0003132729435569,-0.028552756305353498,0.2229160535742783
DC_Frederick,Ctbh_poly,0.004578440125449258,0.0022944726154693344,0.03174099349309634,0.0024671559859372107,0.041255283358527316,0.02106210319702353,0.021094921698492038,0.9312156911120706,0.004957651683613163,0.002484985688547873,0.0024853815573870237,0.939764386603343,3.099875243625048,267,0.0005440448846257,0.03667684323307806,8.321537290506106
DC_Frederick,Ctd_poly,0.020762055553643344,0.010489923968919774,0.12559340384775547,0.011316393762475799,0.058080493955602795,0.02990880609356984,0.029961690695403526,0.9442735145357127,0.008638852682680569,0.004338164724323601,0.004339085741976421,0.9533536448093173,2.9235395484863207,267,0.0008943234840616,0.03731843840195945,6.72317217216174
DC_Frederick,Ctf_poly,0.01585664181084028,0.007991681521093285,0.027969846633740577,0.01106472245645065,0.0185594355436799,0.009366637524538795,0.009379878069354492,0.8690331736009708,0.0030727447643679236,0.0015387364543759244,0.0015389734225557238,0.9090348189128602,3.1892796621152164,267,0.0003263195512879,0.0027027937328396173,6.040018604505751
DC_Frederick,Ctg_poly,0.184910650377901,0.1018741311089723,0.21620471502737668,0.1615303094531581,0.04023753093532716,0.02053184075646226,0.020541782351184774,0.9769711742263671,0.006834084217232245,0.0034287583201764327,0.003428912830376539,0.9870284018651971,3.0507236973468044,267,0.0006332705275185,-0.14467311944257383,5.887772180779925
DC_Frederick,Cu_poly,0.3377300572378386,0.20317401437015653,0.8578189370467468,0.21025444167202142,0.14974017720921298,0.08092927023803426,0.08103260962891307,0.9844864851332293,0.02734976776064272,0.013864479020994611,0.013867202903830337,0.9860303260425098,2.7872855247029245,267,0.0024126358811913,-0.18798988002862563,5.475007265864041
DC_Frederick,Cum_poly,0.006154505842366457,0.0030867516366741518,0.0032050650536257297,0.07716635041113219,0.0029888317568467354,0.0014966524996833765,0.0014967675792428323,0.9511385199240987,0.0005154851338950939,0.0002578090153049338,0.00025781261616931626,0.9486084756483238,2.751607037561518,267,4.244174243352119e-05,-0.0031656740855197218,5.798094960106049
DC_Frederick,Cuq_poly,0.1815519523037267,0.0998389547250076,0.11797083132867535,0.39378468102446096,0.089632213823901,0.04691882603575196,0.04700572435050639,0.962092067258716,0.007786932392345859,0.003908684527251287,0.003909332630561229,0.9593115929002025,2.8088981186156765,267,0.0005599773160832,-0.0919197384798257,11.510593556970484
DC_Frederick,Cvf_poly,0.006321639866282042,0.0031708423949879474,0.0031835826548002274,0.44207066557107644,0.005119309969719587,0.0025662236319716346,0.0025697050646418746,0.6544782251437962,0.0004181915231874511,0.00020913949177503758,0.00020915004238461339,0.8056696795398521,2.883443590509229,267,3.267020907121777e-05,-0.0012023298965624556,12.241544091329885
DC_Frederick,Cvm_poly,0.1281130122389332,0.06844056990436537,0.06883529631706861,0.9226913920561333,0.04922951546906406,0.025235934139582455,0.025255153287562553,0.9707273524620975,0.006755852336985407,0.003389375227769427,0.0033898729449895804,0.9584795138453828,2.6190827416464733,267,0.0004284978448601,-0.07888349676986914,7.286943676899727
DC_Frederick,Cw_poly,0.17162465681385172,0.09386729997943233,0.09491491826531723,0.8947860184419324,0.01242542642011789,0.006251552311689151,0.0062519368069893656,0.9902582483227644,0.016774911379847487,0.008458400146358973,0.008485119583478357,0.7287090647305701,1.9271709413628704,267,0.0008762971525979,-0.15919923039373382,0.7407148770422213
DC_Frederick,Cwac_poly,0.00010687297108343959,5.343934115230064e-05,5.4565362635337256e-05,0.002582904045114724,0.006575200225993877,0.003298444078120883,0.003304344343478164,0.6487824477320667,0.0009349588595763878,0.00046769806901481,0.00046769806901481,1.0,3.885778972217884,267,0.0004676980690148,0.006468327254910438,7.032609144933902
DC_Frederick,Cwak_poly,2.5547157772251347e-05,1.2773742052527452e-05,1.3476466239526861e-05,0.00024490795542675214,0.006222299330560296,0.0031208591251025977,0.0031498114772469453,0.2534680715830967,0.002299207586316497,0.0011509269030916904,0.0011509269030916904,1.0,3.702163877152392,267,0.0011509269030916,0.006196752172788044,2.706279923392601
DC_Frederick,Cwar_poly,1.089057989343023e-05,5.445319598059179e-06,5.549147831240426e-06,0.0002909429460882721,0.0029770023108220277,0.0014907200939933175,0.001494531768878365,0.36888656134532016,0.0009222596135992225,0.0004613425455985316,0.0004613425455985316,1.0,3.702163877152392,267,0.0004613425455985,0.0029661117309285976,3.2279439183116123
DC_Frederick,Cwb_poly,0.00036662262289049823,0.00018334492064309903,0.00018762671283966377,0.007970081030542281,0.01878164833452636,0.009479847750621695,0.00953563802856712,0.6183627675046749,0.003224900817381365,0.0016150546041471972,0.0016150546041471972,1.0,4.684218071085367,267,0.0016150546041471,0.018415025711635863,5.82394603682018
DC_Frederick,Cwm_poly,0.014088778514286693,0.007094364723789868,0.007122846108320457,0.639537527353334,0.03730351880207054,0.019006259581869932,0.019083408839741457,0.8246023701486316,0.002829815608278868,0.0014169126048418081,0.0014169126048418081,1.0,3.99390229377018,267,0.0014169126048418,0.02321474028778385,13.182314315086785
DC_Frederick,Cwmq_poly,0.0008097145998901194,0.0004050212757651863,0.000405046616807839,0.8661990127305794,0.004313391816923838,0.0021613572989051927,0.002161659267810171,0.9392915908894085,0.00015497685792332475,7.749443388359728e-05,7.749443388359728e-05,1.0,3.467445859681949,267,7.749443388359728e-05,0.003503677217033719,27.832489797011508
DC_Frederick,Cwo_poly,0.009746511871703663,0.004897120859147256,0.0049028158343264495,0.8082800550731355,0.016007866897843975,0.008068513292345664,0.008082053653771735,0.8280600351704677,0.00196732218237624,0.0009846296330473796,0.0009846296330473796,1.0,2.4727186981647717,267,0.0009846296330473,0.006261355026140312,8.136881209009086
DC_Frederick,Cy_poly,0.001615735918940735,0.0008085211377921443,0.0008085673988932725,0.9339131785353731,0.0013848584388531646,0.0006929090098714213,0.0006929394624760605,0.9403587792187621,0.00017282577189936028,8.642035378185521e-05,8.642035378185521e-05,1.0,2.5343408779484697,267,8.642035378185521e-05,-0.00023087748008757038,8.013031989578463
DC_Frederick,Dg_poly,0.0,0.0,0.0,0.0,5.175857946126947e-07,2.5879296428012836e-07,2.587932498003206e-07,0.19,1.3434420811857768e-06,6.717214918023478e-07,6.717214918023478e-07,1.0,2.6324923184988744,267,6.711217968614989e-07,5.175857946126947e-07,0.38526841004999063
DC_Frederick,Dl_poly,6.395617919389877e-05,3.197911222786544e-05,3.1979269561503944e-05,0.8666666666666667,6.387317750662621e-06,3.193669074820896e-06,3.193669074820896e-06,1.0,1.5146339957546604e-05,7.573227332111177e-06,7.573267188332137e-06,0.59,2.7349539342845905,267,2.013365390584497e-06,-5.756886144323615e-05,0.42170701097199165
DC_Frederick,Dp_poly,0.0,0.0,0.0,0.0,4.29350331408365e-07,2.1467521178961915e-07,2.1467839173253477e-07,0.014285714285714285,2.8187075742565023e-06,1.4093557734091478e-06,1.4093557734091478e-06,1.0,4.076243832187604,267,1.4093557734091478e-06,4.29350331408365e-07,0.1523217006722011
DC_Frederick,JTrc_poly,3.653319554189952e-05,1.8266931445638986e-05,1.953081368816439e-05,0.0002821998306801016,0.05857439068961563,0.030170813864159287,0.030240000787273437,0.9295127534034591,0.007250845638771197,0.00363861433482602,0.00363861433482602,1.0,4.69067508607782,267,0.003638614334826,0.05853785749407373,8.078284052333274
DC_Frederick,JTrcg_poly,5.5809813743239435e-06,2.790498474021976e-06,2.8604232829500865e-06,0.0001141382561659471,0.01695139645348299,0.00854814976454275,0.008560059434333602,0.8600218351446578,0.002701102155841705,0.0013523775328556065,0.0013523775328556065,1.0,4.237242184326055,267,0.0013523775328556,0.016945815472108668,6.275733191661045
DC_Frederick,JTrtm_poly,0.0009574638019323975,0.00047896119496955555,0.0005469307371766245,0.003839261870943522,0.13155692136294633,0.07040991661298628,0.07120064600732794,0.8637603867127481,0.020594502399223436,0.010404387794307881,0.010404387794307881,1.0,4.444090099804126,267,0.0104043877943078,0.13059945756101393,6.387963098730028
DC_Frederick,Jd_poly,0.006856018004842361,0.0034398006700847653,0.00345616587377147,0.42077713755039153,0.009475361646816175,0.004760233289378123,0.004773268932958243,0.6354432695216586,0.0019060066134890684,0.0009539123884050287,0.0009539123884050287,1.0,3.808732979859661,267,0.000953912388405,0.002619343641973814,4.971316248200688
DC_Frederick,Jdc_poly,0.0028081271889490774,0.0014060377609070847,0.0014060874241637043,0.9754952076677317,0.009684034766769494,0.004865576589812811,0.004866100017002668,0.978370607028754,0.00042003401201928,0.00021006112241764917,0.00021006112241764917,1.0,3.457324640296212,267,0.0002100611224176,0.006875907577820417,23.055358589211075
DC_Frederick,Jdg_poly,0.013420604869185776,0.006755634787152336,0.0067561761676465685,0.9882776562623757,0.033885112168592794,0.017234553473102238,0.017243174225527926,0.9718091037037488,0.00220061381506849,0.0011015189164067468,0.0011015189164067468,1.0,3.188147109493297,267,0.0011015189164067,0.02046450729940702,15.398027557842168
DC_Frederick,Jdh_poly,0.13644683062599974,0.07321864107147238,0.07333119077538952,0.9794683263789417,0.17337763856397978,0.09491706782111052,0.09523993881105176,0.9655154294077349,0.020479677977885292,0.010345778090807849,0.010345778090807849,1.0,2.9562414017972305,267,0.0103451545845168,0.03693080793798004,8.465838122611075
DC_Frederick,Jdl_poly,0.04887005919359333,0.02504705513021609,0.025078679042372633,0.9520683484790008,0.026014456935504453,0.013178646128845782,0.013184238274012307,0.9688186379425283,0.008211418625488501,0.0041226356563515846,0.004123030172359817,0.9773165853829691,2.6818713801029643,267,0.0019127642332349,-0.022855602258088876,3.1680831439715864
DC_Frederick,Jdo_poly,0.007694789091169961,0.0038622541611783604,0.0038637514247491485,0.9088149400553336,0.0005744591146358367,0.0002873120818399973,0.00028731242584446447,0.9958499846295727,0.0006592933916241002,0.0003297553985896213,0.0003300474014582434,0.27151859821703045,1.867082201788252,267,0.0001746527364152,-0.007120329976534124,0.8713254553040747
DC_Frederick,Jhg_poly,0.003983363613513979,0.0019956565195394923,0.0020113537705514577,0.20363888189372953,0.011509916874615252,0.005788269688790543,0.0057920673870289485,0.8982498111306976,0.0010654419763076667,0.0005330049310674024,0.0005330049310674024,1.0,3.813289636563875,267,0.0005330049310674,0.007526553261101273,10.80295044738461
DC_Frederick,Jhgs_poly,9.17940609242582e-05,4.5899137096222594e-05,4.5945190540786153e-05,0.0437862202189311,0.0009264041597194276,0.00046341673545541854,0.00046347573450917953,0.7845031122558489,0.0001250624372674574,6.253512903155447e-05,6.253512903155447e-05,1.0,3.830581055802714,267,6.253512903155447e-05,0.0008346100987951694,7.4075332286882265
DC_Frederick,Jm_poly,0.012430510596481405,0.006254126289799243,0.006395964537520777,0.21998074164638945,0.027232559463204156,0.013804242154257218,0.013815887620612557,0.942452683184101,0.003353747431627385,0.001679690344402928,0.001679690344402928,1.0,4.266686793805077,267,0.0016796903444029,0.01480204886672275,8.120038857544417
DC_Frederick,Jmc_poly,0.00014264834122052863,7.132925811043929e-05,7.13696876192711e-05,0.11183475995534053,0.00046835006944837736,0.00023422988551576276,0.00023424734037052103,0.7586527726088574,7.212956929547048e-05,3.6066085363336954e-05,3.6066085363336954e-05,1.0,4.051183276726047,267,3.606608536333696e-05,0.00032570172822784875,6.493177125872403
DC_Frederick,Jmz_poly,0.004283249986636056,0.0021462213946981073,0.0021506575063009762,0.5099247436739229,0.005155245080053973,0.002584283848324255,0.002586753140258675,0.730255736821725,0.0007969347482823897,0.00039862621368182453,0.00039862621368182453,1.0,3.62441416312543,267,0.0003986262136818,0.000871995093417917,6.468842136906344
DC_Frederick,Js_poly,0.05168903362944619,0.02653017640491756,0.026552659745918885,0.9690708344997786,0.08531828831222982,0.044560037206927056,0.044621217067639274,0.9701489277637805,0.006737663263678538,0.0033802190205984056,0.0033802190205984056,1.0,3.645652335188629,267,0.0033802190205984,0.033629254682783626,12.662889932799773
DC_Frederick,Jss_poly,0.005297284176013156,0.0026556760232939844,0.0026559731776536043,0.9595739080619939,0.013383133550890127,0.006736645488574361,0.006751424534372336,0.7547494077755585,0.0008668017215487979,0.0004335887785242335,0.00043358878143506916,0.9999845170080667,2.973641815822053,267,0.0004334574349389,0.008085849374876972,15.439671170676954
DC_Frederick,Jtr_poly,0.03236288280704487,0.016447587069923737,0.01645234380539706,0.9827252744730061,0.05358740930190608,0.02753137210373603,0.027568051840586118,0.9539005871111035,0.006626284810042291,0.0033241558065848394,0.003324193924993677,0.9965622722290135,2.95910890302426,267,0.0023387655050107,0.021224526494861208,8.08709719520252
DC_Frederick,Jw_poly,0.02878439096749516,0.014602355437730563,0.014609075866310611,0.9694591701660048,0.020701619056682847,0.010459069363163237,0.010461118065615513,0.9816197660352024,0.007261092546077954,0.003643775167392746,0.0036442585865096434,0.9648736121403282,2.6818713801029643,267,0.0010596140714107,-0.008082771910812313,2.8510336323787433
DC_Frederick,Jwm_poly,0.02349659828775672,0.011887962483343888,0.011889649146123681,0.9882076594664085,0.0014487178079239742,0.0007248839801273318,0.0007248841135957654,0.9997460599615916,0.004548738629735521,0.00227955386222359,0.0022816474465650904,0.7130001428412716,1.867082201788252,267,0.0004228537105485,-0.02204788047983275,0.31848781076441135
DC_Frederick,Kp_poly,0.23724396552507585,0.13458695411344554,0.1461178693110495,0.6303776146345916,0.31168134532037606,0.18461049663608725,0.18850516025160685,0.8993488996669405,0.022533123201398362,0.011394943432821547,0.011394943432821547,1.0,3.4825996493058127,267,0.0113949434328215,0.07443737979530021,13.832141356287162
DC_Frederick,Kpc_poly,0.012949066344117134,0.0065167259302672965,0.006584536039639337,0.38755168795901995,0.022880609256527854,0.011572699839802733,0.011592804031006284,0.8696769116830216,0.0017383575779705153,0.0008699349179637493,0.0008699349179637493,1.0,3.535926463256897,267,0.0008699349179637,0.00993154291241072,13.162199507445607
DC_Frederick,Kps_poly,0.018633013356808805,0.009404120227306622,0.00953542116375284,0.4058060151300818,0.029768234272110686,0.015109001280929507,0.015145132848877342,0.8636335679819289,0.0023977112849760548,0.0012002946224688221,0.0012002946224688221,1.0,3.66826626639593,267,0.0012002946224688,0.01113522091530188,12.415270536797749
DC_Frederick,Ks_poly,0.0003115431816720853,0.00015579585940490783,0.00015593251112754693,0.1509433962264151,0.0005410621264059373,0.00027060427006385623,0.0002707391237713125,0.35202894804859136,0.00010385741582079959,5.1931404641142785e-05,5.1931404641142785e-05,1.0,3.66826626639593,267,5.193140464114279e-05,0.00022951894473385197,5.209662903027657
DC_Frederick,OCc_poly,0.23786872024562297,0.13498921617166879,0.14195580715483128,0.7333780133887533,0.19369537588042451,0.10723295134940765,0.10833077019955754,0.9136557929010052,0.019164441166869245,0.009674927876475834,0.009674927876475834,1.0,3.5930253365957165,267,0.0096732744200249,-0.04417334436519846,10.107019254768446
DC_Frederick,OCgs_poly,0.0072547112659747505,0.00364056124332057,0.003642353334288171,0.8809423937360179,0.009343989835433154,0.0046939249110451225,0.004696353560026995,0.9007620246085011,0.0007798480375814352,0.00039007611883860947,0.00039007611883860947,1.0,2.941332814541916,267,0.0003839890472922,0.002089278569458403,11.981808487217501
DC_Frederick,OCgu_poly,0.009180908774825632,0.004611623836285189,0.00461260335787867,0.9559787600156239,0.01799349184802041,0.009078422181770494,0.009085946915955934,0.916401870638783,0.0021734088728501658,0.001087886647671435,0.0010878942550417486,0.9936132253739695,2.920371053467107,267,0.0006357335445129,0.008812583073194779,8.278926286163587
DC_Frederick,OCi_poly,0.00014364347977341324,7.182689861953615e-05,7.182897823784295e-05,0.7127151051625239,0.00020097174261460445,0.00010049596973238366,0.00010051244913058628,0.380019120458891,8.517129439944531e-05,4.2587460814304023e-05,4.2587893570508986e-05,0.8073613766730402,3.5313233130838686,267,1.4039867990342556e-05,5.732826284119121e-05,2.3596182731715456
DC_Frederick,OCl_poly,0.14003074959646744,0.07528659388647788,0.07546413801133536,0.9696971037362477,0.10763102083244039,0.056876339665949585,0.056979558707657134,0.9691331334740678,0.05699658864011769,0.029334271008935875,0.029393598419884814,0.935623347484195,2.301589795821115,267,0.0060689745426724,-0.03239972876402705,1.8883765397265038
DC_Frederick,OCmIII_poly,0.3089483062662149,0.18269595625670523,0.19565557909404577,0.7339165456530924,0.39008056515103656,0.24229819002565953,0.24501962127602114,0.9561690373014242,0.023742420171982723,0.012013828771272264,0.012013828771272264,1.0,3.0205161909734737,267,0.0116277757178067,0.08113225888482167,16.429688394250206
DC_Frederick,OCmII_poly,0.16811278664288604,0.09177027134481865,0.09723128127093299,0.6203400630799134,0.2413569655333054,0.1372404523277781,0.13870276911868895,0.9286603311695456,0.011738615064352854,0.005903959687238401,0.005903959687238401,1.0,3.110353041543593,267,0.0058558329712071,0.07324417889041937,20.560940469565637
DC_Frederick,OCmIV_poly,0.09107164638150712,0.047708257991388274,0.04878144084797263,0.6844007212318277,0.11002662449645322,0.058215965326569086,0.05838407430274535,0.9528709704189331,0.005693445258855091,0.0028548495943714553,0.0028548496148671806,0.9999974852446731,2.939816391281071,267,0.0026687359588736,0.01895497811494609,19.325139611262152
DC_Frederick,OCmIVq_poly,0.021639805090674143,0.010938253380934992,0.011003582457197052,0.6481802426343154,0.03560446251875692,0.018124894828670367,0.018147400285207768,0.9359594646639707,0.0012340920193372182,0.000617426990529377,0.0006174270823134924,0.9997592913537454,2.971146664786414,267,0.0005576216785762,0.01396465742808278,28.850735569847267
DC_Frederick,OCmIVv_poly,0.014924122764489558,0.007518162371341411,0.0075587241016221865,0.5835099982810978,0.010805767940482755,0.005432233698614225,0.005440537092483807,0.7806680799862488,0.001058244306567774,0.0005294022717538708,0.0005294024270708702,0.9994461315151167,3.141982084613429,267,0.0003513926616187,-0.004118354824006803,10.211033381818352
DC_Frederick,OCmI_poly,0.22263957548207125,0.12526416837623552,0.12562728972169138,0.9774454859561242,0.014194363441794332,0.007147911749508363,0.007147966627246685,0.9989270776504819,0.05252516319227538,0.02697090724847256,0.027215410543958533,0.7501314288548331,2.039877070506905,267,0.0040595486370355,-0.2084452120402769,0.27023930206240326
DC_Frederick,OCp_poly,0.0760347974271375,0.03951984023695355,0.039666132849949354,0.9146430311028588,0.08756665409756126,0.045788081600428444,0.04596293527610776,0.9232898839731394,0.01794742254474925,0.00905496794025105,0.009055410503875934,0.9946316240846285,2.856733051213472,267,0.0032241093794304,0.011531856670423765,4.879065719839533
DC_Frederick,OCpg_poly,0.05282132145989015,0.027127105510159316,0.02717405853255351,0.9401190809126024,0.09392015129968793,0.049273985748146246,0.049489366662722654,0.918844209903414,0.02378925990881944,0.01203781531301759,0.012042241135902585,0.9703736579078561,2.9053419009711834,267,0.0033116236617411,0.04109882983979778,3.94800643902624
DC_Frederick,OCq_poly,0.0009188126821430276,0.00045961749226192626,0.0004596763374691824,0.7821520068317677,0.001712590160906101,0.0008570289501268499,0.0008574017031271158,0.6634500426985482,0.0006147134578953115,0.00030745122615083643,0.00030747134672768326,0.8245089666951324,3.0906749040180976,267,7.858836241248152e-05,0.0007937774787630735,2.785997506496373
DC_Frederick,OCt_poly,0.018975806439791545,0.00957878581265031,0.009581066040443701,0.9757564959982458,0.01640073304207922,0.008268168533471806,0.008269735256830616,0.9775997697620875,0.010979176168690166,0.005519890006753051,0.005521945347454992,0.9368284727551803,2.607791422624401,267,0.0009794083054677,-0.0025750733977123255,1.4938036142320006
DC_Frederick,OCte_poly,0.001874244286719691,0.0009380011650220849,0.000938097625514244,0.9012077294685991,0.0001033785660822727,5.169195496122728e-05,5.169195883939624e-05,0.9985507246376811,0.0002860975738639366,0.00014306925281503075,0.00014308917804542774,0.5067632850241546,2.259308193085168,267,2.778444239006605e-05,-0.0017708657206374182,0.36134024027564066
DC_Frederick,OCtj_poly,0.013981873506367908,0.007040154024703328,0.007074477910705053,0.592010322852478,0.012979586573121689,0.0065321858222566935,0.00653362289451748,0.9674250803181124,0.0005671828741779311,0.00028367188400621257,0.00028367188400621257,1.0,3.110353041543593,267,0.0002548517911401,-0.0010022869332462197,22.884306215934615
DC_Frederick,Ob_poly,0.0003063295540470061,0.0001531882400661354,0.00015336981000495502,0.1145710928319624,0.00058855704603442,0.0002943651483582966,0.0002944651359364581,0.4643556600078339,7.63375166376639e-05,3.8170215228551976e-05,3.817029657294354e-05,0.9471210340775558,2.736047658684009,267,3.4267478947748136e-05,0.00028222749198741383,7.709931786594613
DC_Frederick,Oc_poly,0.029585101422188637,0.015014655767951366,0.015259079750724474,0.48382992663472013,0.03018645789188338,0.015324525518073905,0.015359566879895398,0.8704184792131707,0.003238588419216242,0.001621920576205615,0.001621943297379802,0.9914369081448412,2.736047658684009,267,0.0008809211817783,0.0006013564696947422,9.320868842972237
DC_Frederick,Ocla_poly,0.0,0.0,0.0,0.0,8.225737262548671e-07,4.1128703228438687e-07,4.112921070576903e-07,0.03225806451612903,1.5831636874494501e-06,7.915824703270364e-07,7.915828149587304e-07,0.6451612903225806,2.971146664786414,267,4.1609551405412933e-07,8.225737262548671e-07,0.5195759180025606
DC_Frederick,Odl_poly,0.0009129107322843567,0.0004566638127900493,0.000457129553392928,0.30949745406243084,0.001860168377028904,0.0009309500504366599,0.0009312271222959931,0.7578038521142351,0.0002070825711022981,0.00010355200745912276,0.000103552257679682,0.9771972548151427,3.141982084613429,267,3.0314571564233905e-05,0.0009472576447445472,8.982737499960761
DC_Frederick,Odm_poly,0.016486233371729424,0.008311630425310329,0.008363723749855945,0.5716344343098564,0.014423567669036307,0.0072641714688886526,0.007282050251108757,0.7473922085578135,0.0029119273745057575,0.0014580866084075899,0.0014583296965124414,0.8974077652414562,3.2093585305999826,267,0.0004098339476894,-0.0020626657026931172,4.953271772955678
DC_Frederick,Odt_poly,0.0005825438640212302,0.00029135679606751014,0.0002913864180363815,0.7413366336633663,0.0008594522052182787,0.0004299108465216845,0.0004300247278552674,0.6188118811881188,0.0002817185111799728,0.00014087909971510044,0.00014088119032464218,0.9047029702970297,2.6591666682506823,267,3.253598471184547e-05,0.00027690834119704845,3.0507480733817562
DC_Frederick,Ofg_poly,0.0008953952254269095,0.0004478981356395193,0.0004479242865954418,0.8846834581347855,0.001368935324599922,0.000684936479170683,0.000685047072783716,0.8092579986385297,0.00046379724799205273,0.000231952413441536,0.00023196219602175316,0.8461538461538461,2.714697649280725,267,4.92938959794771e-05,0.0004735400991730125,2.9515813871827437
DC_Frederick,Ofm_poly,6.203096856114103e-05,3.101644627067226e-05,3.101668608838529e-05,0.8004587155963303,5.9382222573561844e-05,2.9691992875045697e-05,2.969232383178971e-05,0.7270642201834863,1.8555440159243324e-05,9.277806156510136e-06,9.277901383527825e-06,0.47477064220183485,2.554198904432151,267,2.9260910343161357e-06,-2.648745987579183e-06,3.2002594421874067
DC_Frederick,Oft_poly,0.0875326729760749,0.04576949981795943,0.04587856065877749,0.9506266196524916,0.0030039289066490804,0.0015042237439177512,0.0015042297194376108,0.9973660733251201,0.014292031942135084,0.007197449056979664,0.007205584455440306,0.8644037554696461,2.0054765043098017,267,0.0007898767988161,-0.08452874406942582,0.21018207339664846
DC_Frederick,Oftr_poly,0.0008162138832696707,0.0004082735609091283,0.00040981552404791596,0.09788732394366197,0.000727431606644947,0.00036384814064123423,0.0003638641279078617,0.8922535211267606,8.758279194828384e-05,4.379331374448513e-05,4.379331916215339e-05,0.9971830985915493,3.099875243625048,267,9.529929515433283e-06,-8.87822766247237e-05,8.305645326703939
DC_Frederick,Og_poly,0.023276792236601368,0.011775443392976774,0.03334446991778128,0.017878689294200494,0.199628454631157,0.11088180944909293,0.11096549766443392,0.993244272765833,0.032122726365375685,0.01632354151132898,0.016324516783291804,0.9963534309869827,2.9094930391302967,267,0.0032593835410734,0.17635166239455563,6.214555152028805
DC_Frederick,Ogb_poly,0.00045303270547646844,0.00022656767402140193,0.00022729815923459967,0.06585612968591692,0.00033287550326317555,0.00016646545776810302,0.00016647331372166571,0.779128672745694,5.537778416704401e-05,2.768965877949578e-05,2.7689847555851767e-05,0.8024316109422492,2.9094930391302967,267,6.623972135022994e-06,-0.0001201572022132929,6.010993546781775
DC_Frederick,Ogg_poly,0.012386654174143653,0.006231923427238299,0.006915457643708529,0.05931017701806679,0.012920256597068556,0.006502132911355757,0.00650406436793783,0.9563233773343878,0.0023153865431108874,0.0011590350786675138,0.0011590719383431682,0.973295212604173,3.0507236973468044,267,0.0002206514243721,0.0005336024229249028,5.580172621936926
DC_Frederick,Ogh_poly,0.09633542257776194,0.050605250378829986,0.059441220230425355,0.2539712834365916,0.027022695607338342,0.013696404691110574,0.013707197858977872,0.9456352585371582,0.005041627455079775,0.0025271842883860737,0.002527451897032905,0.9597880024664533,2.7872855247029245,267,0.0004571279007142,-0.0693127269704236,5.359915195659921
DC_Frederick,Ogp_poly,0.01787014461151291,0.009015627590156276,0.009140251099083683,0.39803725881570196,0.0032246511644838105,0.0016149293741854185,0.0016150444277461154,0.9577511643379907,0.0005152391272874047,0.000257685948585334,0.00025768753175015827,0.9767132401862941,2.751607037561518,267,4.034784242731332e-05,-0.0146454934470291,6.258552570455452
DC_Frederick,Ok_poly,0.4699944029596057,0.3071847605451585,0.3534944131998901,0.7010308228766321,0.1856560563812769,0.10232682564640112,0.10283293967898655,0.9541092926773397,0.017825764502517986,0.008993036123307352,0.008997102796675933,0.9521443661075619,2.8088981186156765,267,0.0013183852138445,-0.2843383465783288,10.4150403397875
DC_Frederick,Ol_poly,0.355969067698028,0.21652212297465726,0.22181641165329533,0.900711824495836,0.188533896371779,0.10407807024054204,0.10450937876845166,0.9618596009894252,0.01887275594573494,0.009526271471141302,0.009531720325020117,0.943388889488977,2.883443590509229,267,0.0012426356966328,-0.167435171326249,9.989738484081116
DC_Frederick,Ola_poly,0.17894305489242196,0.09826329449673031,0.0984913509473442,0.9769782755053449,0.0820693215083279,0.0427905567331923,0.042808830060002294,0.990122990525296,0.013514895757168658,0.006803421645751528,0.0068043862148445934,0.9795891558153664,2.6190827416464733,267,0.0008174129261413,-0.09687373338409407,6.072508658810495
DC_Frederick,Olm_poly,0.05306980717572721,0.027258197223159104,0.027280408674002502,0.9709967476563994,0.0026238405640007768,0.0013136436777845953,0.0013136499734243163,0.9963650277405778,0.004499387161415166,0.002254766113559254,0.0022551733753655326,0.9258465659077865,1.9271709413628704,267,0.0001753976816097,-0.05044596661172643,0.5831550986547056
DC_Frederick,Olp_poly,0.01173799076870477,0.005903643842816737,0.0059086885459388415,0.873653405717194,0.007724203067657455,0.003877075191874033,0.003878238377778164,0.9281957757231317,0.00031642412449304434,0.0001582370972640042,0.0001582370972640042,1.0,4.50120708977406,267,0.000158237097264,-0.004013787701047315,24.410917088046645
DC_Frederick,Om_poly,0.2279011747172973,0.12860522870723093,0.1303391924598992,0.9062533049578543,0.11929617829728013,0.06343166686888198,0.06363700997760241,0.9515922243270873,0.007208123848455764,0.0036170981700186402,0.0036170981700186402,1.0,3.7605828576444216,267,0.0036170981700186,-0.10860499642001716,16.55023981349011
DC_Frederick,Omm_poly,6.42242485410814e-05,3.211315549218059e-05,3.2114838153892615e-05,0.38,3.965986341369668e-05,1.9830324940837643e-05,1.9830605831807225e-05,0.5833333333333334,4.026722673904925e-06,2.013365390584497e-06,2.013365390584497e-06,1.0,3.757634152698488,267,2.013365390584497e-06,-2.4564385127384726e-05,9.849166835032229
DC_Frederick,Ong_poly,5.2062524068420906e-05,2.6031939678453483e-05,2.603365799264373e-05,0.28284671532846717,7.441227701672774e-05,3.720752285661282e-05,3.7208281554435874e-05,0.6459854014598541,7.355467842048952e-06,3.677747446801014e-06,3.677747446801014e-06,1.0,3.7477009873908753,267,3.677747446801014e-06,2.234975294830684e-05,10.116593344523322
DC_Frederick,Ont_poly,0.02080073845386783,0.010509673714014265,0.010518277091079496,0.9277919345851151,0.05000525161536113,0.025643787839318602,0.025701423565759947,0.9195837689942963,0.002141522528138146,0.0010719090227292174,0.0010719090227292174,1.0,4.491206783175369,267,0.0010719090227292,0.0292045131614933,23.35032714264091
DC_Frederick,Ontr_poly,3.5756366410137994e-06,1.7878215168069613e-06,1.7878259604626212e-06,0.41836734693877553,2.6791299060882952e-05,1.3395828976271613e-05,1.3395828976271613e-05,1.0,1.3153978567122082e-06,6.57699360924269e-07,6.57699360924269e-07,1.0,3.3764122360621505,267,6.57699360924269e-07,2.3215662419869155e-05,20.367449227754474
DC_Frederick,Onu_poly,0.0002545462805474466,0.00012728934078784873,0.00012729080420664096,0.9171626984126984,6.050920289899139e-05,3.0255516818098673e-05,3.0255521840223835e-05,0.9945436507936508,2.7059264742598144e-05,1.3529815424727819e-05,1.3529815424727819e-05,1.0,3.290833010236025,267,1.352981542472782e-05,-0.0001940370776484552,2.2361732099739786
DC_Frederick,Oo_poly,0.13428135397342383,0.07197299242273375,0.07225728385307517,0.9481680109155467,0.025581954107919296,0.012956705982881588,0.012962253386194318,0.9680256662856059,0.012658669757672311,0.006369650530102329,0.006369650530102329,1.0,3.289827767335431,267,0.0063696505301023,-0.10869939986550453,2.0209038230430405
DC_Frederick,Opg_poly,0.00014924724939881546,7.46291938003575e-05,7.46291938003575e-05,1.0,3.054253197668737e-05,1.5271499203470062e-05,1.5271499203470062e-05,1.0,1.5637015607788485e-05,7.818568933436463e-06,7.818568933436463e-06,1.0,2.774345885816357,267,7.818568933436463e-06,-0.00011870471742212809,1.9532200224622622
DC_Frederick,Opm_poly,0.0012834353653763105,0.0006421297487024776,0.0006421321958300038,0.994100169779287,0.0009739790312555015,0.0004872267899661972,0.000487226800042599,0.9999575551782682,0.0009023568205089368,0.00045138206409656487,0.00045184194177490516,0.30723684210526314,2.326453637800208,267,0.0003162325906811,-0.000309456334120809,1.079372382541719
DC_Frederick,Ops_poly,0.00919175975066642,0.004617099510053877,0.004640278315058777,0.48033583738400354,0.006085122135700229,0.003051846497187512,0.003055682145897774,0.7085621698966816,0.0006376710460196942,0.00031893721152249016,0.00031893721152249016,1.0,4.577077855753103,267,0.0003189372115224,-0.0031066376149661915,9.542729238975502
DC_Frederick,Oq_poly,0.396940412749683,0.24761425957380898,0.2611080659092419,0.8273298626796546,0.1468983609804984,0.07927161569951667,0.08009999900715839,0.8845947712131645,0.015185859388520847,0.0076510233768499894,0.0076510233768499894,1.0,3.917065024830546,267,0.0076510233768499,-0.2500420517691846,9.673365018218227
DC_Frederick,Oqq_poly,0.013231496425757877,0.006659807824592604,0.006702719653601856,0.5098628377448506,0.005044822368517846,0.002528789832013835,0.002530735852023109,0.7668241662461581,0.0005850201876111623,0.0002925956809956763,0.0002925956809956763,1.0,3.757634152698488,267,0.0002925956809956,-0.008186674057240032,8.62333040013129
DC_Frederick,Orr_poly,0.1294663280123159,0.06921357789552174,0.0712999186085224,0.7028539368974325,0.05790426672837,0.029815351394045442,0.02986949775619385,0.9426850334411127,0.006343620277842612,0.0031819025296258327,0.0031819025296258327,1.0,3.7477009873908753,267,0.0031819025296258,-0.07156206128394589,9.127952839583036
DC_Frederick,Os_poly,0.012960378293079217,0.0065224558944355126,0.006639034025444785,0.27084408721087433,0.059870928166646006,0.030859250054982208,0.030935483367697424,0.9260501929552885,0.004358998504477147,0.002184259844937309,0.002184259844937309,1.0,2.511179333280916,267,0.0021842598449373,0.04691054987356679,13.735019203413882
DC_Frederick,Osp_poly,0.0025581338775016393,0.0012807050462337484,0.0012813291633308888,0.7244664322512061,0.008038316862094903,0.004035377251550477,0.0040415909270100385,0.7241188977021833,0.0006563564037277812,0.0003282859381527708,0.0003282859381527708,1.0,2.2255811356971664,267,0.0003282859381527,0.005480182984593263,12.246878093123218
DC_Frederick,Oss_poly,0.011528890051784807,0.005797866508648973,0.005804005545418939,0.8457136381664684,0.004010319323308492,0.002009188405197011,0.0020094479375629155,0.9395999773358263,0.0018933464959659983,0.0009475702874246876,0.0009475702874246876,1.0,3.290833010236025,267,0.0009475702874246,-0.007518570728476315,2.1181116778428875
DC_Frederick,Ot_poly,0.0020797937950706004,0.0010409794087929021,0.00104102777285229,0.9572775486152033,0.0004826959227596931,0.00024140622427994092,0.00024140754477281455,0.9778432527990571,0.00022775279923221674,0.00011388936892739637,0.00011388936892739637,1.0,1.7075603580983796,267,0.0001138893689273,-0.0015970978723109073,2.1193852474565475
DC_Frederick,Ou_poly,0.023185135517022046,0.011728531555273364,0.01173301939459568,0.9684175003970145,0.005608018236020992,0.002811893693566132,0.002811925605516964,0.995980228680324,0.0027010218386081817,0.0013523372655477948,0.0013523372655477948,1.0,1.5770368769077638,267,0.0013523372655477,-0.017577117281001052,2.0762580131194963
DC_Frederick,PzZd_poly,0.0012329673316555068,0.0006168639523784327,0.0006168969611236845,0.9201820194318042,0.000865411248259164,0.00043289293933908003,0.00043289476383447285,0.9903578895584799,0.00020351847192750158,0.00010176959195967294,0.0001019253776118378,0.06242774566473988,1.386017179635598,267,0.000272844566514,-0.0003675560833963428,4.252249145067507
DC_Frederick,PzZp_poly,0.3176768192497911,0.1888322189724138,0.1946898401021122,0.8625659885899636,0.17720293914970806,0.09721484796944266,0.09790994330214776,0.9319427778073563,0.01625367477692893,0.008193424013073453,0.008193424013073453,1.0,4.085570363893493,267,0.0081934240130734,-0.14047388010008302,10.90233080098517
DC_Frederick,PzZpa_poly,0.005688051215267879,0.0028521371587499084,0.0028623131541594925,0.44513854803444736,0.002465126307003804,0.0012340842402647698,0.0012344006172468722,0.8280308776939895,0.0003007649752013165,0.00015040510589463051,0.00015040510589463051,1.0,3.95631062342974,267,0.0001504051058946,-0.0032229249082640745,8.196188087904106
DC_Frederick,PzZpg_poly,0.019199852643585216,0.009692978198335369,0.010220364659766534,0.15813779018880506,0.011932352929474591,0.006001985368585046,0.006008983511090872,0.8374942691618389,0.0016089271618294856,0.0008051112636048972,0.0008051112636048972,1.0,3.917065024830546,267,0.0008051112636048,-0.007267499714110625,7.416341281669023
DC_Frederick,PzZph_poly,0.0004053163773737855,0.00020269926735326274,0.00020429584617676614,0.025281370737443305,0.0021198592415190252,0.0010610542636027382,0.0010612931936442994,0.8249622039307912,0.00031956397581013975,0.00015980752226866013,0.00015980752226866013,1.0,4.030447276242298,267,0.0001598075222686,0.0017145428641452396,6.633598909717164
DC_Frederick,PzZpm_poly,0.001567693470433964,0.000784461632906839,0.0007867662306465157,0.21123654965602398,0.0062901067139092695,0.003154975924577338,0.003157396205153651,0.8045290174633974,0.0006085490922679552,0.000304367157312627,0.000304367157312627,1.0,2.511179333280916,267,0.0003043671573126,0.004722413243475306,10.336235471927417
DC_Frederick,PzZpmb_poly,0.0001833021515159362,9.165947644758792e-05,9.166174845686546e-05,0.7871390294730575,0.0007368739853036905,0.0003685727885016141,0.0003685896052552073,0.8898481690979458,4.508494596406818e-05,2.254298115657775e-05,2.254298115657775e-05,1.0,2.2255811356971664,267,2.254298115657775e-05,0.0005535718337877543,16.34412484138197
DC_Frederick,SCi_poly,0.000770847257192098,0.0003855722372468145,0.0003855722372468145,1.0,0.00019902170977232822,9.952075828189967e-05,9.952075828189967e-05,1.0,9.069128698660495e-05,4.534769981393148e-05,4.534769981393148e-05,1.0,1.7075603580983796,267,4.534769981393148e-05,-0.0005718255474197698,2.1944964768415254
DC_Frederick,SOe_poly,0.11210847764512447,0.05938290220472261,0.05964693591484733,0.9306277442606066,0.023553881241902327,0.011917289835708972,0.011925032740679905,0.948331367983175,0.012071889703286171,0.006072598722639094,0.006072598722639094,1.0,1.5770368769077638,267,0.0060725986003754,-0.08855459640322214,1.951134563090861
DC_Frederick,SOg_poly,0.0001752719875759126,8.764367452847282e-05,8.764416385202842e-05,0.9401129943502825,1.925170388999929e-05,9.625944602917223e-06,9.625944602917223e-06,1.0,6.894289638794639e-06,3.4471567022456875e-06,3.4472779420640868e-06,0.08926553672316384,1.1758736360266633,267,5.9394279022242656e-06,-0.00015602028368591332,2.7924129821393975
DC_Frederick,Sf_poly,0.036436330548323584,0.018556225660102173,0.018657918938069736,0.7729624077829703,0.024945987170835043,0.012630534156937398,0.012644971134188361,0.9171001969256092,0.0018250192828443426,0.0009133430757847511,0.0009133430757847511,1.0,4.085570363893493,267,0.0009133430757847,-0.01149034337748854,13.668889641514383
DC_Frederick,Ta_poly,0.15859481305568196,0.08612705893310688,0.10700751971981318,0.3062210079753939,0.07364476082760837,0.03823010384068513,0.03849974597989107,0.8451659679729855,0.010643448235735393,0.005350196387015806,0.005350196387015806,1.0,4.185447800639796,267,0.0053501963870158,-0.08495005222807359,6.91925766880192
DC_Frederick,Tb_poly,0.006018122879323836,0.003018143218038695,0.004362452069224194,0.009699259044021502,0.03545424657831699,0.01804704548955692,0.018078950992475553,0.9109225628359727,0.004608686802135142,0.0023096656638988485,0.0023096656638988485,1.0,3.95631062342974,267,0.0023096656638988,0.029436123698993157,7.692917332089376
DC_Frederick,Tbs_poly,0.000252750617219613,0.00012639128134699228,0.00013770848816665283,0.0015355754846165415,0.008256350978633014,0.004145287965491808,0.004147147039439438,0.902411803351354,0.0016943137225095212,0.0008478751445009119,0.0008478751445009119,1.0,5.208749294115523,267,0.0008478751445009,0.0080036003614134,4.8729765148830735
DC_Frederick,Tc_poly,0.03626310767624569,0.018466377964379103,0.021635465856524896,0.11195618266960632,0.2272074133823557,0.12816356244801907,0.13083669190236583,0.8625048411038314,0.02879560405911796,0.014608126949399095,0.014608126949399095,1.0,3.4233288364341794,267,0.014608126949399,0.19094430570611,7.890350656158984
DC_Frederick,Te_poly,0.025428885920435396,0.012878181869022698,0.012959785820851461,0.6716170878997987,0.10733362568643699,0.05671027241944056,0.05781771875895787,0.7475218072019683,0.005983217950189142,0.0030005855537677617,0.0030005855537677617,1.0,3.8071787929234655,267,0.0030005855537677,0.0819047397660016,17.939113463691218
DC_Frederick,Tmc_poly,0.0007217663203571727,0.0003610134438510703,0.00036110005816167344,0.6008120881315316,0.0014105178728307073,0.0007057566776191795,0.0007059993241190277,0.6725021633495307,0.00020162492673011495,0.00010082262754250298,0.00010082262754250298,1.0,3.521275655797295,267,0.0001008226275425,0.0006887515524735345,6.995751446539921
DC_Frederick,Tms_poly,0.0441198826456477,0.02255755976768507,0.022600165813704755,0.9228725097661736,0.01577772106117185,0.00795158951123654,0.007955000023079906,0.9488413553913398,0.007141798837322115,0.0035836964381888436,0.0035836964381888436,1.0,2.536938416847057,267,0.0035836964381888,-0.02834216158447585,2.2092082709918297
DC_Frederick,Tn_poly,0.10620226852579757,0.05607899236584563,0.056455165037973445,0.8938001764306431,0.02050951102353187,0.010361005085776736,0.010369833158761717,0.9240726284992606,0.01052021436724598,0.005287922221285614,0.005287922292269609,0.9999974614295959,1.8442448042511943,267,0.0052873995204834,-0.08569275750226571,1.9495335653413042
DC_Frederick,Tps_poly,0.49469348518302225,0.3286330593229177,0.33093417969637373,0.9792798319369694,0.05618321488254595,0.02890355475511089,0.028904002986121072,0.9994637593923733,0.021192153256550446,0.010709555903281187,0.011873466753700351,0.09849157360881862,1.1758736360266633,267,0.0174713741386571,-0.4385102703004763,2.6511329076567454
DC_Frederick,Trbb_poly,0.391625348332563,0.2434913705749817,0.25693200638850244,0.8231526985098435,0.36881155720167574,0.22609990821721052,0.22817844943799478,0.9612715839314844,0.02823822413590286,0.014321316338292363,0.014321316338292363,1.0,4.626681383595172,267,0.0143213163382923,-0.022813791130887273,13.06072065391529
DC_Frederick,Trbg_poly,0.005547971145680226,0.0027817019739838854,0.00436014187463603,0.007625333418958729,0.24188486048385574,0.13758192227980331,0.1380282485615815,0.9770367161093026,0.02924545426025037,0.014839724370278029,0.014839724370278029,1.0,4.211274019973655,267,0.014839724370278,0.2363368893381755,8.270853252316176
DC_Frederick,Trbl_poly,9.897065494961288e-05,4.948777639362728e-05,5.480044986440366e-05,0.0005102080457477915,0.03523185439579857,0.017931812705037596,0.017946866206144788,0.9553140628358762,0.005169235577284579,0.002591315348387714,0.002591315348387714,1.0,4.211274019973655,267,0.0025913153483877,0.035132883740848955,6.815679778770309
DC_Frederick,Trmp_poly,7.439256601138918e-05,3.719766662062936e-05,4.5669174683719115e-05,0.0002004892320974627,0.1410663151285895,0.07588560919447086,0.07619875953957678,0.9486263130126145,0.027598275587624923,0.013992218342765391,0.013992218342765391,1.0,5.465619737052468,267,0.0139922183427653,0.14099192256257811,5.111417729006361
DC_Frederick,Trmr_poly,4.496645200666819e-05,2.2483731510151035e-05,2.2654425071943014e-05,0.0029751596372969563,0.008265171844535272,0.004149735058953407,0.0041507706787617775,0.9432854643469303,0.0015102116327578787,0.0007556764320480792,0.0007556764320480792,1.0,5.7369436986976,267,0.000755676432048,0.008220205392528603,5.472856694555979
DC_Frederick,Trmra_poly,0.0038803256528440176,0.0019439343756346194,0.001945183698471243,0.751656896516992,0.023735022360101433,0.012010040469596516,0.012039601716012042,0.8302612759614029,0.0006660812363496099,0.00033315157118001665,0.00033315157118001665,1.0,4.312932288802599,267,0.00033315157118,0.019854696707257414,35.63382522254912
DC_Frederick,Trmt_poly,0.0011212041231948616,0.0005609165125507508,0.0005610482384024188,0.7049331018282096,0.0030417721087960038,0.0015232026721000208,0.0015238226709789382,0.7891941579001124,0.0002628036031176544,0.00013141907026141872,0.00013141907026141872,1.0,3.521275655797295,267,0.0001314190702614,0.0019205679856011421,11.574316610241583
DC_Frederick,Trtmr_poly,0.01389563979661282,0.0069964298327152554,0.006998126219567694,0.9665131414924747,0.020693573561911843,0.010454962044028472,0.010462845425610745,0.9327769685995092,0.002043733206182729,0.0010229118825820806,0.0010229118825820806,1.0,3.872069420630146,267,0.0010229104203403,0.006797933765299023,10.1253791342771
DC_Frederick,Tu1_poly,0.01550217890087171,0.007811638156541648,0.007818864371483757,0.8942056472682937,0.004560644978003917,0.002285534244138251,0.002285964629212333,0.9238934799016857,0.001402176800042488,0.0007015802698100916,0.0007015832117655521,0.9940585628302142,3.534768322626693,267,0.0006935506873126,-0.010941533922867792,3.2525463107546235
DC_Frederick,Tu2_poly,0.018083879688114854,0.009124442504291792,0.009129942395244589,0.9380681446602577,0.001398730824672384,0.0006998548666235637,0.000699856030534134,0.9976293244392126,0.0007745331328727646,0.0003874165999328188,0.00038856013430910077,0.11632659734484337,2.435851391012661,267,0.0004104849358323,-0.01668514886344247,1.8059018592070464
DC_Frederick,Tu3_poly,0.014533292662059669,0.007319836997692856,0.00757403107904769,0.17905184140258956,0.06205814813877826,0.0320227090813777,0.032094624184239785,0.9346031286210892,0.004253684695568366,0.0021313754473446227,0.0021313754473446227,1.0,3.940994516497418,267,0.0021313754473446,0.04752485547671859,14.589268500185865
DC_Frederick,Tu4_poly,0.0006675330521853011,0.000333877963380627,0.00033727775605451666,0.032060567433416384,0.014835192201718066,0.007473028004244931,0.007479318153347115,0.8988450470286035,0.001388981625669975,0.0006949734655219566,0.0006949734655219566,1.0,3.940994516497418,267,0.0006949734655219,0.014167659149532765,10.680625234737942
DC_Frederick,Tug4_poly,3.256765997734601e-05,1.6284095156110044e-05,1.6670952188615154e-05,0.0007012435639941919,0.02617739966148829,0.013262285910090831,0.013266822963753118,0.9748619426733386,0.003515735307529296,0.0017609631940028556,0.0017609631940028556,1.0,4.073393215084886,267,0.0017609631940028,0.026144832001510947,7.4457822821379045
DC_Frederick,Ty_poly,0.0007364532808794264,0.00036836228124500066,0.00041285213156896927,0.003406643816326556,0.11631588563554839,0.06174914612729159,0.0624824505415624,0.8402923564505477,0.021592362406536517,0.010914010841972629,0.010914010841972629,1.0,4.156212108050809,267,0.0109140108419726,0.11557943235466896,5.38689947146945
DC_Frederick,Tym_poly,0.00024227782193469308,0.00012115358738098165,0.00013044019773584983,0.0016988384396010654,0.10575280108005473,0.05582840568028949,0.0559194295345177,0.9716693989411757,0.01389536474194469,0.006996290374267848,0.006996290374267848,1.0,5.7369436986976,267,0.0069962903742678,0.10551052325812003,7.610653123831161
DC_Frederick,Tyv_poly,0.0034909086308135403,0.0017485062531919196,0.0017502338148662033,0.6391784727791143,0.005807778351216321,0.002912346306523296,0.0029156907562635703,0.7174329501915708,0.0006023785094985653,0.0003012799970470641,0.0003012799970470641,1.0,4.714048634337516,267,0.000301279997047,0.002316869720402781,9.641410275494156
DC_Frederick,Ya_poly,0.0019582726304180533,0.0009800959627585535,0.0009802039091544004,0.8989871551088517,0.005844123905063268,0.0029306254215731345,0.0029347139561224475,0.677791144398308,0.0003458229468911424,0.00017294137699388692,0.00017294137699388692,1.0,4.624115369775491,267,0.0001729413758332,0.0038858512746452146,16.89917906720884
DC_Frederick,Ybg_poly,0.017735435587506877,0.00894705777720611,0.008954223799723283,0.917896148687488,0.037802571252292735,0.01926542696390072,0.01936443025911542,0.7902771645409332,0.0032225795701999608,0.0016138902299417581,0.0016138975302783,0.9972050284495614,4.1546901858667695,267,0.0016111889425972,0.020067135664785858,11.730531528798554
DC_Frederick,Yc_poly,0.005723364520714677,0.002869894987933396,0.0028707226764722172,0.9087077467756891,0.0030626555327032236,0.001533676327496503,0.0015338526107924516,0.930287448368878,0.001304113682371627,0.0006524822967311499,0.0006525307602534756,0.8978055016999634,3.8572632994379537,267,0.000238845536285,-0.0026607089880114534,2.348457480434956
DC_Frederick,Yf_poly,0.038050165124167985,0.019394056080223942,0.019410417622178055,0.95834725689462,0.002402652773706379,0.0012027713077625542,0.0012027725600605398,0.9991351011341969,0.0020354058403077744,0.0010187396945158726,0.001023937535354776,0.16714170581644489,2.042684129010464,267,0.0006828395834347,-0.0356475123504616,1.1804293404911685
DC_Frederick,Yg_poly,0.0003450846604025165,0.00017257210619458878,0.0001726325840307028,0.3300295234078448,0.001144042230959735,0.0005723485109135234,0.0005723598761114997,0.9664698439477014,6.364716566903559e-05,3.182459560717228e-05,3.182459560717228e-05,1.0,3.385523245019068,267,3.182459560717228e-05,0.0007989575705572184,17.974755339597355
DC_Frederick,Ygt_poly,0.05918148081668127,0.03049305240635502,0.03236608757422774,0.3450870965674177,0.29930698431647446,0.1759911880370603,0.1786665315225576,0.921588050062498,0.0133121886447337,0.006700694778840201,0.006700694778840201,1.0,3.0417553257201426,267,0.0067006947788402,0.24012550349979317,22.483679604020654
DC_Frederick,Yhm_poly,0.004854104671420477,0.002432957250287232,0.0024891761636528743,0.09724707929405917,0.09224608560417336,0.048353241425997597,0.048458601692481854,0.9569693015162813,0.004310566224562632,0.002159938391019048,0.002159938391019048,1.0,3.599834265873797,267,0.002159938391019,0.08739198093275288,21.39999266883622
DC_Frederick,Ylg_poly,0.0021972024765510075,0.0010998094903434622,0.0011322283369215038,0.03699003193962847,0.08825691176936726,0.04616567587596265,0.046202922596879296,0.9828374779761379,0.006651280504740028,0.0033367370393797492,0.0033367370393797492,1.0,3.554318544164688,267,0.0033367370393797,0.08605970929281626,13.269160984335432
DC_Frederick,Ym_poly,0.0438814368010814,0.022432912619223002,0.02460084486036416,0.2029077254968021,0.16268994420307153,0.08854789842888286,0.09118395297297631,0.7538744314692952,0.019567392019958788,0.009880362472882485,0.009880362472882485,1.0,3.2860226317540486,267,0.0098803624728824,0.11880850740199014,8.314339695199411
DC_Frederick,Ymc_poly,0.015713412776417007,0.007918923041456041,0.007947417543740884,0.6883445130778882,0.030287917230930477,0.015376824611011667,0.01540904058148343,0.8803083679181546,0.0022226449166134754,0.0011125588699651184,0.0011125588699651184,1.0,3.546193570980364,267,0.0011125588699651,0.01457450445451347,13.626970734074135
DC_Frederick,Yml_poly,0.07403514262762986,0.03844054700387285,0.03853866797547247,0.9378811525146017,0.13333827205772963,0.0714314061630846,0.07241193164986544,0.8406429968748524,0.010469224677958614,0.005262157694576994,0.005262159214081076,0.9999451280749014,4.541655714099723,267,0.0052591989825793,0.05930312943009977,12.736212676613333
DC_Frederick,Yn_poly,0.0020963741260872203,0.0010492869120102002,0.0010494188705036322,0.8929863793453954,0.003073573088756828,0.0015391518922962494,0.0015418462397250967,0.4683065663752795,0.0004650215432197008,0.00023256484544151334,0.00023256800882709495,0.9447448668428542,4.1546901858667695,267,0.000165062405938,0.0009771989626696075,6.609528383300533
DC_Frederick,Yp_poly,0.00782636504613008,0.003928555678486984,0.003929877632171767,0.9211277608124423,0.006552501680493832,0.00328701994209411,0.0032890590546935656,0.8413180882039628,0.0028603787083295983,0.0014322377253121739,0.001433418892006839,0.6347844613308714,3.530640320165636,267,0.0004725033010803,-0.0012738633656362488,2.290781168735645
DC_Frederick,Ypb_poly,0.08001376631677279,0.04167413542506369,0.041744421457162055,0.9611668375470709,0.0051399788915324944,0.0025766113096378582,0.0025766259592878383,0.9977982414280246,0.006099906079328405,0.003059283711318734,0.0030936416425957976,0.2159707818132852,2.042684129010464,267,0.0014204225718393,-0.0748737874252403,0.8426324642851554
DC_Frederick,Ypg_poly,0.039899514652759496,0.020355851626500217,0.020922707905247882,0.42900734568244986,0.6030107530316776,0.43165024665744717,0.4404859693133423,0.9555930461547808,0.010549448272336316,0.0053026943862339495,0.0053026943862339495,1.0,5.409290068937287,267,0.0053026943862339,0.5631112383789181,57.16040663595129
DC_Frederick,Yq_poly,0.0017243284923567196,0.0008629082147888843,0.0008642004321218753,0.36592076302274396,0.010675962743068795,0.005366628333607141,0.005369715166296791,0.9032465150403521,0.0002926736477187097,0.0001463582414595557,0.0001463582414595557,1.0,2.757227354756575,267,0.0001463582414595,0.008951634250712074,36.4773625035402
DC_Frederick,Yqp_poly,0.0015241826845532067,0.0007626725684380018,0.0007640022771490594,0.30468831213832775,0.008388479598992079,0.004211905541349285,0.004218409204862013,0.7320419972972037,0.00038728307009954416,0.00019367903935625996,0.00019367903935625996,1.0,2.757227354756575,267,0.0001936790393562,0.0068642969144388725,21.65981486574141
DC_Frederick,Zav_poly,1.4207203032738676e-05,7.103651977882299e-06,7.1045863273004195e-06,0.05124653739612189,0.0008391481787015601,0.0004197502056610752,0.0004197743464989332,0.8795013850415513,1.9381809664266926e-05,9.690998746680045e-06,9.690998746680045e-06,1.0,3.554318544164688,267,9.690998746680043e-06,0.0008249409756688215,43.29565676463365
DC_Frederick,Zbh_poly,0.011732136297423854,0.005900681951161314,0.00599008238338898,0.28334030822237843,0.06215319373546053,0.032073326712171425,0.03300633625176673,0.5315353017418262,0.0032980956543149902,0.0016517716776534898,0.0016517716776534898,1.0,3.2860226317540486,267,0.0016517716776534,0.050421057438036675,18.84517620164951
DC_Frederick,Zbm_poly,0.03822073150168321,0.019482687025712143,0.019633237241731678,0.7175727709381255,0.06879502216052605,0.035622848402912737,0.03594670166016498,0.7981439370310932,0.004728885618367826,0.0023700466489404303,0.0023700467763583047,0.9999773166762126,3.546193570980364,267,0.002366925775607,0.03057429065884284,14.54782959717064
DC_Frederick,Zc_poly,0.42912984743489163,0.27317970663212116,0.2798136771003957,0.9201432543818223,0.6461117821715474,0.47722682985443804,0.5018822466122538,0.9066673417467428,0.08598292675777384,0.04492275850607962,0.04494383862926259,0.9896670182459807,4.580290716979008,267,0.0299566488875317,0.21698193473665578,7.514419507860396
DC_Frederick,Zcb_poly,0.0036500187702752833,0.0018283461339914562,0.0018284053124921458,0.9826054879259953,0.007132910005698576,0.003579220130389616,0.0035821345375080574,0.8147895916687948,0.0017332193035497338,0.0008673613154624228,0.0008674607043421997,0.8833177265117335,4.311189462212019,267,0.0002365100324319,0.003482891235423293,4.1154111260415585
DC_Frederick,Zch_poly,0.005405489759708515,0.002710069506336558,0.0027102487327134383,0.9761799735333039,0.004375712863147971,0.0021926536429489256,0.0021928201707875545,0.9665245307062686,0.0027316434085099617,0.0013676897245654789,0.0013680299235942926,0.8461500759692202,3.530640320165636,267,0.0002738579604273,-0.0010297768965605442,1.601860934526152
DC_Frederick,Zclb_poly,0.04063138805235559,0.020736980170345448,0.020763339604249968,0.942311674736458,0.002558128611162277,0.0012807024063151281,0.0012807059561876501,0.9978403857721854,0.0038552417131937082,0.0019313437551004438,0.0019419677588874437,0.26091887147830034,2.6642397963921174,267,0.0006805644805433,-0.038073259441193316,0.6635455832529644
DC_Frederick,Zcm_poly,0.006487698867890253,0.0032544062377773677,0.0032604092580437215,0.6386708375140175,0.01665359673877555,0.008396716131580433,0.008406494379147216,0.8783273328218143,0.00045703945457224943,0.00022857196048820072,0.00022857196048820072,1.0,3.9597840772192456,267,0.0002274163320844,0.010165897870885298,36.437984887676535
DC_Frederick,Zcp_poly,0.004601452172517182,0.002306031633393276,0.0023254940581038074,0.21601788294797689,0.02138407051636873,0.010807590395751758,0.010864703978704881,0.672766889450867,0.001227384466717655,0.0006140690827856788,0.0006140690827856788,1.0,2.595710793932452,267,0.000594452842788,0.01678261834385155,17.422471194828866
DC_Frederick,Zcr_poly,0.0015215954800576156,0.000761376993925096,0.000763202285504379,0.24147706079820963,0.006766502083069845,0.00339473628661234,0.003406121134264308,0.5038791495710556,0.00038822509940479035,0.0001941502366998663,0.000194150264840456,0.9992540096978739,2.595710793932452,267,0.0001799277537385,0.005244906603012229,17.429326680433462
DC_Frederick,Zcrr_poly,0.0018729507611037139,0.0009373531887359899,0.0009387316882857721,0.3896184469031124,0.008448401032709631,0.0042421200821964695,0.00424379016016112,0.9151070209905904,0.00028851703541608143,0.00014427933123049993,0.00014427933230678997,0.9999482990383621,3.7271423155562062,267,0.0001298083779489,0.0065754502716059175,29.28215666893246
DC_Frederick,Zcrs_poly,0.026090617529826037,0.013217738241446486,0.013377414362658999,0.5254729279527217,0.12375502573334907,0.06595888459699668,0.0667080376753594,0.8545091109244184,0.0037305565758358667,0.0018687640529311074,0.0018687712101821763,0.9979547495582143,3.9875588446422414,267,0.0011583226652931,0.09766440820352303,33.17334108667701
DC_Frederick,Zcs_poly,0.0023681451667022088,0.0011854762733045374,0.0011883602952761031,0.328171497850766,0.011339855747488917,0.005702259272537135,0.005721985092177137,0.6232227488151659,0.0014737417441475034,0.0007374142511560808,0.0007374342605081116,0.9645100848671884,5.226698223070152,267,0.0002435635225169,0.008971710580786708,7.694601711949565
DC_Frederick,Zga_poly,0.0002747050499376972,0.00013737139327657362,0.0001373805483801964,0.6733500417710944,0.00040975180521711307,0.00020491788534527728,0.00020494649298986566,0.5948203842940685,0.00012998010453340428,6.499427624811256e-05,6.499468242910721e-05,0.9122807017543859,4.580290716979008,267,1.6066655816864283e-05,0.00013504675527941588,3.1524194159407584
DC_Frederick,Zmd_poly,0.01129823733901595,0.005681212513181632,0.005698494337549838,0.6519703333035475,0.010040532030087514,0.0050455962504254,0.00510417831974345,0.3053703869180592,0.002865980773500872,0.0014350467950122257,0.0014389378762613562,0.34669823965686714,4.327423686079103,267,0.0007510524028677,-0.0012577053089284362,3.5033494023837206
DC_Frederick,Zmm_poly,0.06178468748973418,0.03187710214182251,0.03191956986046176,0.9599350224335388,0.03275050599292338,0.016647866014297,0.01665795100949792,0.9649100793228225,0.022698003630027275,0.011479280186687401,0.011502722304208223,0.8492323761916227,4.390094300940642,267,0.0019789435536234,-0.0290341814968108,1.4428804632667172
DC_Frederick,Zrbg_poly,0.016024209863480975,0.008076817238973634,0.008083045808719824,0.9129040116940068,0.0006451307203086326,0.0003226694421391307,0.0003226697814439323,0.9967516647718044,0.0019137940365891442,0.0009578135472219909,0.0009589098543596405,0.45586324508689297,3.241758502185667,267,0.000165283876131,-0.015379079143172342,0.3370951669691769
DC_Frederick,Zrc_poly,0.00024369825642923387,0.00012186397723400366,0.00013256071710438297,0.001507937616062328,0.02955874214904269,0.01500107756639274,0.015004432423054156,0.9853138976929485,0.0057513828046708735,0.002883984852781045,0.002883984852781045,1.0,6.501575290844066,267,0.002883984852781,0.029315043892613458,5.1394148421206
DC_Frederick,Zrd_poly,0.0007379417594588104,0.0003691070694895491,0.00037158688310485815,0.05241000085918034,0.004027166720320492,0.0020176460586907186,0.0020188363460474225,0.7738637339977661,0.0006284914643978538,0.0003143445136207724,0.0003143622838424701,0.8475814073374002,4.807737732659841,267,7.811186593670985e-05,0.0032892249608616818,6.407671302551176
DC_Frederick,Zrl_poly,0.0862034106051963,0.04504314151403951,0.0456447984802558,0.7736124928401314,0.033246845467036074,0.0169044322569962,0.016908722300539275,0.9852129872478973,0.0035555527448325086,0.0017809424898954224,0.0017809424898954224,1.0,5.480280168000098,267,0.0017809424898954,-0.05295656513816023,9.350682679466827
DC_Frederick,Zsl_poly,7.846918310658661e-05,3.923613096686592e-05,3.9294981153040155e-05,0.025529603476371537,0.0014513507476225285,0.0007262023609810319,0.0007262253818241101,0.9581749049429658,0.0002552052085101655,0.0001276188887576404,0.00012761925048172546,0.9782726778924498,5.1934858366574215,267,2.471070456044039e-05,0.0013728815645159419,5.68699501117242
DC_Frederick,Zsm_poly,0.04040777103043122,0.020620499731048247,0.024809036323702485,0.10884310861289784,0.13955826489563866,0.07501351010479786,0.07516924808946909,0.9731228914473955,0.02740901986690448,0.013894933183287255,0.013899343268625165,0.9776750355593437,4.904296908967692,267,0.0024488093460421,0.09915049386520744,5.0916911868180605
DC_Frederick,Zsmc_poly,0.005765651864708815,0.0028911606452370997,0.002930553093423152,0.17701187886899783,0.005053171505293423,0.0025329855578688824,0.0025340731445264567,0.8551112598293458,0.0008789869496201247,0.00043968671425193673,0.00043971511286879035,0.8719257152417601,4.873473806056307,267,8.022589959682359e-05,-0.0007124803594153921,5.748858395994699
DC_Frederick,Zsp_poly,0.11370191589204054,0.06027780913842723,0.06481146259705854,0.4628593155893536,0.05480423720497736,0.02817415000237815,0.028270678866531042,0.8919087452471482,0.0056051053035995,0.0028104290271224065,0.0028116106340298234,0.869916349809886,5.002917545333295,267,0.0004412625814364,-0.05889767868706318,9.77755710847806
DC_Frederick,Zss_poly,0.12034463312655791,0.06402483947189493,0.06948471683027156,0.4489773052647304,0.07244127202727368,0.03758187544483402,0.03782251710759076,0.8552168013245858,0.006913615468236393,0.0034687987043073455,0.00347215696384906,0.7819662131039377,4.488710879992901,267,0.0005390920057649,-0.047903361099284225,10.478059180481564
DC_Frederick,Zu_poly,0.017153999676728954,0.00865120118956907,0.008667918622123003,0.8177049180327869,0.005460177938490577,0.002737562759136624,0.0027383165380617434,0.9086338797814207,0.0007749475547487535,0.0003876239714988143,0.0003876858254358744,0.7084153005464481,3.4691949329016136,267,6.140764441282715e-05,-0.011693821738238377,7.0458676913443865
KY_WestFranklin,Qa_poly,5.511643479341538e-05,2.755897687298359e-05,0.01763608614549771,2.7601347370387787e-05,0.8319548686899129,0.7122626056039348,0.8919398469024592,0.7795297261203228,0.31923988763482253,0.18993780569053717,0.19249090734496113,0.9347273252277376,14.52231187327271,9,0.0215359625057155,0.8318997522551195,2.606049246708116
KY_WestFranklin,Qal_poly,0.11538461538461539,0.061224489795918366,0.43330129781679216,0.06655365673978604,0.0359582678290696,0.01830830131563628,0.09972908780916281,0.021933255487905094,0.0479933785293452,0.02458668838591678,0.02458668838591678,1.0,8.167311477980261,9,0.0245866883859167,-0.07942634755554578,0.7492339345746034
KY_WestFranklin,Qas_poly,0.001848442450255858,0.0009250762001870025,0.0013478845078750362,0.0029404093343223,0.2667211641697266,0.15388243291043363,0.15573773574648195,0.9281464213812385,0.05514636998106649,0.02835502329320774,0.028369318839874962,0.982538899801935,11.051879590336602,9,0.0056098308184727,0.26487272171947074,4.836604191015663
KY_WestFranklin,Qc_poly,8.119878939986713e-05,4.0601043077706705e-05,0.00020539862270887172,5.060132777884092e-05,0.03321042281680578,0.016885600372343462,0.02086008541965227,0.08140925617888213,0.042714701037608445,0.021823441406448325,0.0227955490622056,0.33851552264731427,12.67557425830526,9,0.0062124371284865,0.03312922402740591,0.777493977718946
KY_WestFranklin,Ql_poly,7.080715435487601e-07,3.5403589711575214e-07,1.5312059778281373e-05,3.6241530958240574e-07,0.5687001339991592,0.3973312284225598,0.940172376154878,0.4076379751325111,0.17289027830172699,0.09462501143118426,0.09462501143118426,1.0,11.9889589462043,9,0.0946250114311842,0.5686994259276157,3.2893702270908918
KY_WestFranklin,Qlt_poly,0.0074984468928031055,0.003763333022807279,0.011533686418019409,0.0055549583445310404,0.8522825454903807,0.7425891643815176,0.7967478344670804,0.9161390307265073,0.02553735644171974,0.012933826084294796,0.012933882599206421,0.9996622771656365,8.167311477980261,9,0.0127606310013717,0.8447840985975776,33.37395346442469
KY_WestFranklin,Qt_poly,0.6155798261069473,0.44464811891313943,0.4959652726118033,0.811227933843329,0.4506248241406885,0.29084293537281175,0.29553370767785125,0.9482509821119017,0.058601700218175956,0.03018530521262003,0.03018530521262003,1.0,11.051879590336602,9,0.03018530521262,-0.16495500196625879,7.689620309018309
KY_WestFranklin,R_poly,0.03870528358202133,0.019734557615446464,0.022970546269320703,0.12287244076207612,0.36427241024740287,0.22269747880360619,0.24355800001957312,0.7222310895715136,0.0008234748606675467,0.00041190702787496697,0.0004119071239438152,0.99943410189068,29.384122886201897,9,0.0003939014631915,0.32556712666538157,442.36008607731736
KY_WestFranklin,af_poly,2.571986261120346e-05,1.286009668556169e-05,1.5942650819209645e-05,6.650666512448312e-05,0.026838464549014177,0.013601757416622241,0.013985285554360483,0.3315444004279559,0.003945447792580543,0.001976623228166438,0.001976623228166438,1.0,12.266490594835814,9,0.0019766232281664,0.026812744686402972,6.802387450033986
MA_Grafton,Cgg_poly,0.00010640537208339405,5.3205516718098664e-05,0.0010261810004818588,5.611182158977965e-05,0.22714101296219755,0.12812130836289362,0.13333054313952325,0.7663152440205535,0.030149843092695056,0.015305653065525946,0.015305653065525946,1.0,8.028906427861509,19,0.0153056530655259,0.22703460759011415,7.533737812958339
MA_Grafton,Cm_poly,0.021489775198388357,0.01086159420810836,0.07973505215171167,0.012418352364326469,0.17628331688802942,0.0966615694863423,0.10708591722297496,0.49823698304386976,0.04267862289230785,0.021804606740347097,0.021804606740347097,1.0,9.51235135597886,19,0.021804606740347,0.15479354168964107,4.130482778998047
MA_Grafton,Cmg_poly,0.0003845662439681483,0.00019232010189368655,0.00019244094508192713,0.23445963373742584,0.0009462988109742755,0.00047337338182131997,0.0004737318544347747,0.38483363425328865,5.79132633786323e-05,2.895747020011539e-05,2.895747020011539e-05,1.0,14.17435931421186,19,2.895370820342345e-05,0.0005617325670061273,16.339932439784118
MA_Grafton,SCn_poly,0.3575767853477786,0.21771293912421621,0.5080068321230515,0.27588286104083776,0.2796437622643015,0.16254991619198794,0.1712834626849393,0.7612197091634784,0.04975859930840866,0.02551407189426055,0.02551407189426055,1.0,8.01104278126078,19,0.0255140718942605,-0.0779330230834771,5.620008725146022
MA_Grafton,SCna_poly,0.0692735416555093,0.03587952159463758,0.03697368421052632,0.5480087692162849,0.021399307821713245,0.010815374676814784,0.010865615097205156,0.7005151242081479,0.0011099006945571083,0.0005552584881693931,0.0005552584881693931,1.0,8.403886230743417,19,0.0005552584881693,-0.04787423383379605,19.28038060220547
MA_Grafton,SCng_poly,0.005980431152661338,0.0029991837823930586,0.0030010795613147107,0.8260205498472647,0.15314659267350517,0.08292298244461113,0.08418570409736122,0.8468249560307322,0.0006452122831952459,0.0003227102499061992,0.0003227102499061992,1.0,13.980134853240914,19,0.0003227102499061,0.14716616152084383,237.3584580800082
MA_Grafton,SCns_poly,0.5628418407200393,0.3916352818134033,0.4313230721485823,0.8097504571367108,0.18270641298819065,0.10053764251081539,0.10200879747383014,0.8745484654548062,0.013242419300947203,0.006665342279095659,0.006665342279095659,1.0,9.588195010211791,19,0.0066653422790956,-0.3801354277318486,13.797056930157924
MA_Grafton,Sd_poly,0.011659941792771538,0.005864158771354552,0.007436759818846948,0.026983067098121802,0.024710330592745876,0.012509725016767271,0.012527494846703189,0.8981586111253788,0.003483422910760905,0.001744750306976893,0.001744750306976893,1.0,6.2366185549428526,19,0.0017447503069768,0.013050388799974338,7.093692389864959
MA_Grafton,Za_poly,6.932219556724553e-05,3.466229921696533e-05,3.46851422857909e-05,0.05,0.0027708914178381653,0.001387367831728243,0.001392548264736981,0.27163461538461536,3.106668949570481e-05,1.5533586036399477e-05,1.5533586036399477e-05,1.0,8.403886230743417,19,1.5533586036399477e-05,0.0027015692222709196,89.19171829432487
MA_Grafton,Zd_poly,0.0012842740040211898,0.0006425496068888057,0.0006433317933354012,0.3457567363384538,0.02595231358831246,0.013146751097734173,0.013316176713187503,0.508184336439184,5.930965916571488e-05,2.9655709017854522e-05,2.9655709017854522e-05,1.0,7.253743466072398,19,2.9655706803145352e-05,0.02466803958429127,437.5731365408808
MA_Grafton,Zgdn_poly,0.01428326511029189,0.007193002334789318,0.007397452907544312,0.20651167905284668,0.022167230594551907,0.011207838669401534,0.01122829421530349,0.8601812567009082,0.001628608931248577,0.0008149680977856566,0.0008149680977856566,1.0,14.452269646093052,19,0.0008149680977856,0.007883965484260017,13.611143945745983
MA_Grafton,Zhv_poly,0.0020487161871708113,0.0010254084790601618,0.007388359276253398,0.0011892401345805679,0.32001881501189006,0.19048952325865187,0.19852621542185167,0.8247324693521496,0.059893043417527374,0.030871000804527735,0.030871000804527735,1.0,8.886568802524833,19,0.0308710008045277,0.31797009882471927,5.343171706619909
MA_Grafton,Zhvb_poly,0.3956801064837726,0.2466341707055385,0.38062101729560255,0.4119798947149273,0.24924770883824093,0.14236606177613273,0.14471183659035272,0.897777920262529,0.03793576098157339,0.01933461719915538,0.01933461719915538,1.0,10.032535431870867,19,0.0193346171991553,-0.14643239764553168,6.570257255661973
MA_Grafton,Zncg_poly,0.1735509967357925,0.0950209923330048,0.2036173713384431,0.15122146217827528,0.2532578972323901,0.14498871747072328,0.1496495451009016,0.8231743503956649,0.045068223305673984,0.02305360414258634,0.02305360414258634,1.0,8.028906427861509,19,0.0230536041425863,0.07970690049659762,5.619433797393684
MA_Grafton,Zpg_poly,0.138112282350556,0.07417863120388217,0.2643486424982242,0.09347464471082371,0.47723148596628173,0.31339726397555034,0.33852239062030914,0.8085224923936167,0.0977353901921884,0.051378441089782324,0.051378441089782324,1.0,6.2366185549428526,19,0.0513784410897823,0.33911920361572573,4.882893341171978
MA_Grafton,Zpgh_poly,0.047834262158828085,0.02450317677008625,0.02518114338706388,0.4764674390217787,0.03247143066056444,0.01650366412288802,0.016603366101046266,0.7332162665695869,0.0034812944740643522,0.0017436823729368904,0.0017436823729368904,1.0,7.253743466072398,19,0.0017436823729368,-0.015362831498263646,9.32740131651506
MA_Grafton,Zw_poly,0.00027360612139023984,0.00013682177833316566,0.003427618201078817,0.00014249012502939016,0.22725612012447127,0.1281945591262895,0.1457380753127901,0.5157249115510898,0.05732347525238049,0.02950747307755088,0.02950747307755088,1.0,9.143199600125062,19,0.0295074730775508,0.22698251400308103,3.9644511977670778
MA_Grafton,Zwa_poly,0.37841015830888536,0.23335750420972734,0.2713036135252102,0.6252489409872011,0.07324564457493671,0.03801504035462679,0.03840344927373958,0.7898581279637763,0.004594323504133659,0.0023024508541048933,0.0023024508541048933,1.0,7.226731708522059,19,0.0023024508541048,-0.30516451373394865,15.942639761661377
MA_Grafton,Zwq_poly,0.0924518551991196,0.04846632859626732,0.061872198315154635,0.18279753761969905,0.02151658514074519,0.010875292145057398,0.010923487927828624,0.7113885088919288,0.0017454064311914516,0.0008734654917390784,0.0008734654917390784,1.0,9.918907642653346,19,0.000873465491739,-0.07093527005837441,12.327550051512937
MN,APd_poly,0.00799508809794035,0.004013588545977161,0.004015615701824423,0.8882751777741028,0.009907202982671351,0.00497826181649412,0.004979039711981703,0.9695716884405491,0.0010696930589444743,0.0005351327433628318,0.0005351327433628318,1.0,4.282778158704777,100,0.0005351327433628,0.0019121148847310015,9.26172503395258
MN,APg_poly,0.14713507456188504,0.07940949852407322,0.08053741760211536,0.850077648242525,0.07586792815010777,0.03942968846060921,0.03972742500475174,0.840285220586627,0.008059251247100338,0.004045929203539823,0.004045929203539823,1.0,8.085238093692407,100,0.0040459292035398,-0.07126714641177727,9.41376882590731
MN,APm_poly,0.03235225631045592,0.016442097633691324,0.01654666664230736,0.722356811724241,0.09102974371062333,0.04768526037046034,0.048639912820804175,0.7084193210707342,0.01021233181534815,0.005132372653945129,0.005138354403037411,0.8151139025970789,4.46485538294036,100,0.0008876548672566,0.058677487400167413,8.913707991138166
MN,APv_poly,0.3337613036556746,0.20030821777692245,0.20978193077202634,0.8160256805975677,0.31898880394397416,0.18976007101700626,0.20548752374289495,0.7125871967405395,0.00853293064349148,0.004284746042147048,0.004285208048350437,0.9754552750169764,4.253918335411946,100,0.0014335398230088,-0.014772499711700415,37.3832645865092
MN,Aag_poly,0.04187140871100309,0.02138338048750924,0.021522306275550344,0.7681267753027359,0.11456190510003264,0.06076142484333901,0.06189218605791688,0.7688275526984601,0.002139181854281771,0.0010707361768409964,0.0010707443439005896,0.9929268201524891,4.752478914391928,100,0.0009471150442477,0.07269049638902955,53.55407483039665
MN,Acv_poly,0.38911951795269567,0.2415570380852556,0.27365448534119113,0.6731441292961369,0.2414713396591127,0.13731441807283593,0.14574379954798564,0.703630197861747,0.008171011315739126,0.004102265486725664,0.004102265486725664,1.0,6.995654836107131,100,0.0041022654867256,-0.14764817829358298,29.552197436562953
MN,Adt_poly,0.02026980359908909,0.010238669711629884,0.010259245728555631,0.8362004387607683,0.030977601171771892,0.015732477797208794,0.01573702074695379,0.9819813794210498,0.002642733448112441,0.0013231150442477877,0.0013231150442477877,1.0,2.969505041669193,100,0.0013231150442477,0.010707797572682802,11.721803117865516
MN,Agd_poly,0.07424648930619494,0.03855451328215189,0.038721643638748145,0.8993205470448518,0.023039984014841225,0.011654248861153595,0.011654335522094751,0.999362361420904,0.014330366874693677,0.007216893805309734,0.007216893805309734,1.0,4.448733457966201,100,0.0072168938053097,-0.05120650529135372,1.6077734936101364
MN,Agl_poly,0.06392280174100247,0.0330166595621727,0.03358487893060339,0.6611852694952466,0.05189410257451526,0.026638234935326566,0.026720960535859047,0.8958804080991228,0.011533615345378705,0.005800256637168141,0.005800256637168141,1.0,4.940543634924062,100,0.0058002566371681,-0.01202869916648721,4.499378644122046
MN,Agm_poly,0.1739045849972821,0.09523302209102981,0.09710707719388506,0.8314979818139719,0.3246292709690427,0.19376563368563204,0.19832847346988328,0.893867904069269,0.026177135772191773,0.013262150442477876,0.013262150442477876,1.0,2.969505041669193,100,0.0132621504424778,0.1507246859717606,12.401252520296723
MN,Agn_poly,0.07470842719708795,0.03880369511425462,0.038943674993198764,0.9152221997339964,0.02292649778980914,0.011596178778472004,0.011605403463972786,0.9358519343086799,0.014584266595861704,0.007345699115044247,0.007345699115044247,1.0,5.254989139565507,100,0.0073456991150442,-0.05178192940727881,1.5720021050845676
MN,Agp_poly,0.05378666463668334,0.027636571828669812,0.02769123205597856,0.9333371987203888,0.012806753877055783,0.006444644426022496,0.006445085487466783,0.9894928696213349,0.01735602948153485,0.008753981924952576,0.008754212704224364,0.996997602619724,3.719461222359756,100,0.0035104690265486,-0.040979910759627564,0.7378850036340939
MN,Agr_poly,1.045659063583463e-05,5.228322653132162e-06,1.6143559666039852e-05,7.732593066423775e-06,0.3570960381724991,0.2173566115059335,0.2582232317511387,0.57866486914986,0.06424578103438637,0.033189017699115045,0.033189017699115045,1.0,4.010367833854895,100,0.033189017699115,0.35708558158186327,5.558279974546033
MN,Ags_poly,0.07322625233942132,0.038004593133122176,0.0383772718844728,0.7964829014960042,0.062327608204804416,0.032166226070372894,0.03218830560327226,0.9791201373123869,0.014343137549236055,0.007223371681415929,0.007223371681415929,1.0,4.940543634924062,100,0.0072233716814159,-0.0108986441346169,4.345465417929016
MN,Agt_poly,0.0043837027156252055,0.0021966661234379212,0.0028026127972036454,0.010057790601676742,0.22898007895818195,0.12929277431474762,0.1357232166771113,0.7318243657402562,0.05189216223204197,0.02663721238938053,0.02663721238938053,1.0,6.289050069328062,100,0.0266372123893805,0.22459637624255674,4.412613949950097
MN,Agu_poly,0.13177331679249552,0.07053390146759797,0.07120543930156152,0.8820608591960731,0.14850146390023602,0.08020609306721825,0.08030345967828899,0.9851080251781842,0.016691090939646346,0.008415779742326778,0.008415779742326778,1.0,4.282778158704777,100,0.0084157699115044,0.01672814710774051,8.897049595931476
MN,Aif_poly,0.016120403723385284,0.008125696616690038,0.008170118414498948,0.5991163475699558,0.0015273777889630601,0.0007642725609486835,0.0007643061300184595,0.9456553755522827,0.0005885447178451379,0.00029435898063417026,0.000294725703166974,0.19131075110456552,3.543942999547841,100,6.008849557522124e-05,-0.014593025934422224,2.5951771252918707
MN,Akc_poly,0.0069099765220498955,0.0034669665898943982,0.0034785473241264906,0.5101365923795831,0.006923662390569172,0.0034738571021688354,0.0034757486616951456,0.8645578720345075,0.001671427943687835,0.0008364129738523974,0.0008365079154766395,0.8805176132278936,4.407734685422055,100,6.154867256637168e-05,1.3685868519276723e-05,4.142363669768987
MN,Aks_poly,0.009715097273406222,0.004881259592582454,0.0059324663284874265,0.026808790986029698,0.0615732303590946,0.03176453778055339,0.03191435381709904,0.8712434751761069,0.010621584845219743,0.005339147526838602,0.005341463935752579,0.9248779498961096,4.280745736073107,100,0.0005238672566371,0.05185813308568838,5.796990868721979
MN,Akv_poly,0.0043853094583040375,0.0021974730287807583,0.0023653845137350873,0.030026503841379542,0.03311315669623184,0.016835313535684578,0.01686555389990108,0.9037474418760694,0.006506629133739526,0.0032639331681911287,0.003264716859155423,0.9314926024088301,3.969371234562319,100,0.0002637787610619,0.028727847237927803,5.089141553270128
MN,Amd_poly,0.22104111484085395,0.12425307672081445,0.12829827674473362,0.7976049572636156,0.22908507996194563,0.12935973228856357,0.13142905344579167,0.8914935365633511,0.04410593053045059,0.022550265486725663,0.022550265486725663,1.0,5.545182765011442,100,0.0225502654867256,0.008043965121091678,5.193974533737273
MN,Amg_poly,0.25537627826970216,0.14637900143672405,0.1489293617438522,0.8952645247244463,0.20746925206193564,0.11574097253315518,0.1159687736411477,0.9833114450020547,0.045541680804059306,0.023301433628318585,0.023301433628318585,1.0,5.503865922907472,100,0.0233014336283185,-0.04790702620776652,4.555590579859387
MN,Ami_poly,0.2693075165297088,0.15560679849357634,0.17045263925786355,0.641139830228685,0.23851261682407193,0.1354041017279603,0.1419129125780553,0.7469791124056316,0.03492428470029001,0.01777248806668166,0.017869200116296967,0.7665607735819987,10.895602152814732,100,0.001206203539823,-0.03079489970563687,6.829420240698338
MN,Aml_poly,0.04488954125713012,0.022960104917035713,0.023358277188940728,0.573910682774535,0.026226065472513896,0.013287269131351821,0.013418322362079809,0.576354011130718,0.00026074476271385993,0.00013038938053097345,0.00013038938053097345,1.0,4.936804898087163,100,0.0001303893805309,-0.018663475784616225,100.5813700706781
MN,Amm_poly,0.017366929067475997,0.008759527580818336,0.008777006515294075,0.8147659854976929,0.006463905420770377,0.0032424320975912384,0.0032441502981993596,0.8595912986156888,0.0009164533602999843,0.0004584367480991323,0.0004584814906082775,0.8244891232696111,3.8567719176855184,100,5.3699115044247785e-05,-0.010903023646705621,7.05317444485613
MN,Amn_poly,0.27367224579916444,0.15852855585111925,0.16347190605258793,0.8398049232773036,0.5041450372580691,0.3370280206404247,0.34974690681708503,0.9026069711781685,0.009574843337026687,0.004810451327433628,0.004810451327433628,1.0,4.762159018370847,100,0.0048104513274336,0.2304727914589047,52.65308470463426
MN,Ams_poly,0.08513914417942126,0.04446231376061861,0.04489068867976897,0.8233009130584653,0.028172147019052452,0.014287325831442477,0.014288686834238081,0.9933773772673292,0.015336687724617673,0.007727601769911504,0.007727601769911504,1.0,5.254989139565507,100,0.0077276017699115,-0.05696699716036881,1.8369120845977682
MN,Amt_poly,0.07441797666929906,0.03864700426553497,0.038873867854528225,0.8688059876111848,0.10745214058449143,0.05677644559946652,0.05750407934627288,0.8177503454512685,0.011132483516644436,0.005597398230088496,0.005597398230088496,1.0,5.575980629198103,100,0.0055973982300884,0.03303416391519237,9.652126627794887
MN,Amv_poly,3.3072610917268865e-05,1.653657891255457e-05,0.00104948388395296,1.6801032734165544e-05,0.26055400242010957,0.1497913719555658,0.36957406755277705,0.20120180318809952,0.07405466059555292,0.03845107079646018,0.03845107079646018,1.0,6.135097894059676,100,0.0384510707964601,0.2605209298091923,3.5184011421390022
MN,Aqa_poly,0.08452944207334363,0.04412985713799746,0.04442663061056493,0.8685280698274152,0.061758433711801765,0.031863125208934286,0.03195524779099045,0.9170303511208093,0.0029478552019831144,0.0014761032703436306,0.0014761204236550095,0.992189049791708,4.253918335411946,100,0.0003568849557522,-0.022771008361541868,20.950294190248876
MN,Aqg_poly,2.778545415266926e-06,1.3892746377148007e-06,1.5137224617617938e-06,1.6898171617830952e-05,0.07064516151426523,0.036615950630269484,0.037154256527121815,0.7164937420437776,0.012490284946981333,0.0062843893805309735,0.0062843893805309735,1.0,4.010367833854895,100,0.0062843893805309,0.07064238296884996,5.656008795166746
MN,Aql_poly,0.03411018262741845,0.017351014449531472,0.017394600620600054,0.8738096303357987,0.06494634955120462,0.03356307435514343,0.03364868070381068,0.9295397524099931,0.005129482940772092,0.0025713362831858407,0.0025713362831858407,1.0,2.521293136448268,100,0.0025713362831858,0.03083616692378617,12.661383281923708
MN,Aqm_poly,0.005379130643453089,0.002696818591489201,0.0026976616633072243,0.8961500928636635,0.0017385817290741087,0.0008700471886098289,0.0008700477609433387,0.999244499008405,0.0011238636853505748,0.0005622477876106195,0.0005622477876106195,1.0,4.448733457966201,100,0.0005622477876106,-0.00364054891437898,1.546968508491117
MN,Aqp_poly,0.03740130749384082,0.01905703271720866,0.019342864309004264,0.563248612328367,0.015051324221629898,0.007582727153248802,0.0075994238869306514,0.7753432661408122,0.0008575083423208081,0.0004289380801514385,0.00042902017917347186,0.6914986853637161,9.375497577126476,100,3.0292035398230087e-05,-0.022349983272210917,17.552393928779935
MN,Aqs_poly,0.7365412630543364,0.5829563257719687,0.6652167943123913,0.8249973889074734,0.59337895003672,0.42184705685458807,0.4711553503466627,0.8012273648551487,0.045702407933299855,0.02338559292035398,0.02338559292035398,1.0,8.085238093692407,100,0.0233855929203539,-0.1431623130176164,12.983537998757612
MN,Aqt_poly,0.006956298359293406,0.003490288925208648,0.0034930658185094495,0.8144867032641925,0.010294996599128284,0.005174132135935591,0.005178363499554295,0.8636139508891884,0.0010762700670493858,0.000538424778761062,0.000538424778761062,1.0,2.521293136448268,100,0.000538424778761,0.003338698239834878,9.565439859674074
MN,Asc_poly,0.3027315310257715,0.17836396336799454,0.23105969309873864,0.43886063072227877,0.04494775601775336,0.022990565165767265,0.023105295725777523,0.8223804679552391,0.00532302569012471,0.0026686153992259262,0.0026699394991934943,0.8432858596134283,9.457070892106328,100,0.0001739823008849,-0.25778377500801813,8.444023875582742
MN,Asd_poly,0.01784666297053462,0.009003674255232111,0.009013077455373856,0.8961592118421216,0.0043941730694555085,0.0022019243530743827,0.002201934971265964,0.9978147878368869,0.0028631166445117024,0.0014336106194690265,0.0014336106194690265,1.0,5.215654928186368,100,0.001433610619469,-0.013452489901079112,1.5347516762471702
MN,Asg_poly,0.028366299670071038,0.014387205729606,0.014432602450219595,0.8205957789214289,0.022350869470567847,0.011301736554544611,0.011310082541255782,0.9387088662766332,0.005265129170336369,0.0026395132743362833,0.0026395132743362833,1.0,5.338770950761908,100,0.0026395132743362,-0.0060154301995031904,4.24507523889294
MN,Ast_poly,0.00504387376185538,0.0025283131270493293,0.0025308351589749837,0.7172855796418474,0.0017609493821040408,0.0008812506099105208,0.0008812565397912569,0.9924222431668237,0.0009421510549214476,0.0004712975441999487,0.0004712975651370196,0.9999057492931197,4.002364693265079,100,0.0004694690265486,-0.0032829243797513393,1.869073300831639
MN,Auv_poly,0.005107868711520233,0.0025604736373495613,0.0025820874804944882,0.23423623445825933,0.04621512798389416,0.023654153866082956,0.024204967222597126,0.509673940624207,0.0005596920553641245,0.000279924363403212,0.00027992438826445203,0.9996828216188784,6.659309685962305,100,0.0002790088495575,0.04110725927237393,82.57242092498083
MN,Avs_poly,0.007238272415190812,0.003632281930646804,0.05156694550279191,0.0038923112927903877,0.49382154819793617,0.3278639045772462,0.3870918309639898,0.6818121204688553,0.03251180225218374,0.016524522123893805,0.016524522123893805,1.0,6.135097894059676,100,0.0165245221238938,0.48658327578274535,15.188993349784765
MN,Mau_poly,0.424276818521644,0.26925847351156196,0.2725141241529248,0.9575159963276777,0.5405737457975258,0.37040154940403663,0.37518810336726277,0.9667038103848229,0.010078193173379884,0.0050646176843761725,0.005064617864141487,0.9999929917512913,9.617223373625531,100,0.0050509380530973,0.11629692727588181,53.63796233092402
MN,Mbd_poly,0.012311767927420007,0.006194013592656036,0.006651765183514173,0.08257520750580162,0.07412068424944968,0.03848667133151254,0.038530939774609564,0.9710132547445152,0.015730219981893882,0.00792746033845778,0.00792888994386267,0.977761642392403,4.7532146956360855,100,0.0006215840707964,0.06180891632202967,4.711992860542673
MN,Mbf_poly,0.0073258871217073765,0.0036764100433490316,0.0036785255390586464,0.8647317599535179,0.006596277382853316,0.003309052405196194,0.003309962570740903,0.9232769830949284,0.0006394945729880397,0.0003198495575221239,0.0003198495575221239,1.0,6.026646845909765,100,0.0003198495575221,-0.0007296097388540604,10.314829337850666
MN,Mbg_poly,0.08436866103835788,0.04404222217626147,0.04426316914736089,0.8981996639015539,0.22965379983087186,0.12972253664787833,0.13161906459006667,0.9000274502714899,0.0028789969323972362,0.001441573609197971,0.0014415766467811577,0.9985404489793186,4.826364594643791,100,0.0013217787610619,0.14528513879251398,79.76868514397738
MN,Mbt_poly,0.007637516913185658,0.0038333972748536564,0.004296831650205305,0.03432228039557882,0.0481905488731904,0.02469019137363499,0.02469091840410219,0.9988088312695642,0.008421324145981146,0.004228466717424535,0.0042284940008153376,0.9984764120889775,3.969371234562319,100,0.0003194601769911,0.040553031960004746,5.722443173760039
MN,Mbv_poly,0.36296421725493205,0.22172039309140482,0.22606923804533036,0.9201651362608911,0.9030816848338042,0.8232898223574443,0.9059405606442076,0.9002407957662872,0.030880243292259784,0.01568225761133485,0.015683615357853793,0.9945099906767099,7.116553422318564,100,0.0026387433628318,0.5401174675788722,29.244642805653157
MN,Mcv_poly,0.29783340434695066,0.17497312255307454,0.1811066488174922,0.8378331651756109,0.3008801601532129,0.1770800111311418,0.1789539272966657,0.9441673354269184,0.006835548666536382,0.003429495575221239,0.003429495575221239,1.0,7.565939670902405,100,0.0034294955752212,0.0030467558062622357,44.01697286220491
MN,Mfg_poly,0.35286888325972693,0.2142324188241104,0.2156858153204843,0.9695050851849453,0.2063596056079754,0.11505071264740524,0.1153652686822939,0.9768494526138498,0.014251207406554485,0.007176742324965482,0.007177122150354597,0.9926799248558658,4.8913901786780105,100,0.0010928849557522,-0.14650927765175153,14.480148925000242
MN,Mfv_poly,0.7499448514030563,0.5999294129101354,0.6579245912579246,0.8718914712228943,0.43604838409310503,0.2788119399974224,0.28982539936800106,0.8800541228907991,0.021890980131134063,0.011066619640905977,0.01109444035999676,0.8152658389048074,7.177854036942385,100,0.0010006725663716,-0.3138964673099513,19.919089117117366
MN,Mge_poly,0.042357783033547015,0.02163714220425033,0.024192670436241237,0.17001046074099518,0.08941197598825368,0.04679814531680744,0.046809213909006775,0.9949725991038112,0.01949088545106986,0.009841351048520167,0.00984227933915659,0.9905072678730347,5.915987603781517,100,0.0005668053097345,0.04705419295470666,4.587373734903656
MN,Mlc_poly,0.023088432277538776,0.011679041518350893,0.01184044861548902,0.4614237422946908,0.018677886114901735,0.009426981097120542,0.00943680776990755,0.900526943726387,0.004284802220300387,0.0021470008471486182,0.0021473248810573954,0.9343308808908332,4.407734685422055,100,0.000178017699115,-0.0044105461626370406,4.359101110060645
MN,Mld_poly,0.044368320819923916,0.02268746272228823,0.023297239608984114,0.46432428262881825,0.1917994107507427,0.1060719766883692,0.11396092104307402,0.6050987349583462,0.0009173843196346992,0.00045890265486725663,0.00045890265486725663,1.0,8.848298500611122,100,0.0004589026548672,0.14743108993081877,209.0720395429441
MN,Mlf_poly,0.02470730557093355,0.01250817442934698,0.012595676181367284,0.6429238362011471,0.00715890187469033,0.0035923094327113174,0.003596382417854209,0.7603041216486595,0.0011749343214037871,0.0005878124812312676,0.0005880362341957994,0.6070428171268507,6.999321981252408,100,6.634513274336283e-05,-0.01754840369624322,6.093023026288842
MN,Mlg_poly,0.20638692218566249,0.11506769477682535,0.1168527311561091,0.8828025004474733,0.4803362653565836,0.31608062652708674,0.33076754520067675,0.87682493152813,0.005289998434523206,0.0026520137916647237,0.0026520139816870515,0.9999729827393476,4.826364594643791,100,0.0026204159292035,0.2739493431709211,90.80083317640468
MN,Mlt_poly,0.06520945147052451,0.033703623123488236,0.8562139315614078,0.0338954691275794,0.3534383135763939,0.2146523367393998,0.2149099688607831,0.9944462141907915,0.07311039309097413,0.037942180407653146,0.03795107074971525,0.9938638067565698,4.112859019721461,100,0.0027502566371681,0.2882288621058694,4.834310125191048
MN,Mmd_poly,0.17937536027085071,0.09852407594436162,0.10940772960046523,0.4975913206579675,0.1064100874302535,0.05619489559164733,0.05636938406829364,0.9477917065864223,0.02070661333293363,0.010461619016371045,0.0104720011806759,0.9134359777079089,6.0167702377609045,100,0.000655814159292,-0.07296527284059721,5.138942120535447
MN,Mmf_poly,0.011437016790678475,0.005751397812012165,0.006512002929433056,0.0469303086819168,0.09833669035584439,0.051710883760093904,0.05175201221898436,0.9848640556211066,0.021027061093376334,0.010625239324896337,0.010626833019996581,0.9860820360572958,4.7532146956360855,100,0.0006975132743362,0.08689967356516591,4.6766730699622645
MN,Mmg_poly,0.16625138953082633,0.09066203981378346,0.0922013179016589,0.8444928236666032,0.3629648253662475,0.22172084692526672,0.22675771074222012,0.9089401550992537,0.004143304628533466,0.0020759529670352004,0.002075953100798345,0.9999689624134828,6.948014195835535,100,0.0019958672566371,0.1967134358354212,87.60273692323702
MN,Mms_poly,0.029212613658347843,0.014822813389614215,0.016194766194766196,0.14891518737672585,0.0016954104646369236,0.0008484244461606992,0.0008490836070739328,0.522189349112426,0.0002044542912480908,0.00010223759708177053,0.0001022563057820807,0.3584812623274162,8.909318639195984,100,1.7946902654867258e-05,-0.02751720319371092,8.292369185734836
MN,Mmv_poly,0.11918741427005985,0.06337017051797504,0.06378755417611297,0.906408074780298,0.10078991220616697,0.05306938545342653,0.05318435177539224,0.9608615585444882,0.0015709307297170913,0.0007860828056763152,0.0007860828705020627,0.9998951024499405,4.429675434664601,100,0.0007592743362831,-0.018397502063892887,64.15936126242703
MN,Mnb_poly,0.055531986713302325,0.028558961285990843,0.05107008003556062,0.06084819038517998,0.3162947210905897,0.18785634579435653,0.18846227482665603,0.9831732014668041,0.0609684823887002,0.03144274955561707,0.031450798674897015,0.9919262453154952,4.280745736073107,100,0.0030745309734513,0.26076273437728736,5.187839826388909
MN,Mnr_poly,0.06937676724638804,0.03593490747929996,0.039025697564461795,0.3121144530024745,0.1108302528019962,0.058666116671822865,0.05873133231067957,0.9814240407067926,0.019826680947480285,0.010012598774417899,0.010013712604833852,0.9890129996863346,5.141106202290878,100,0.0010156814159292,0.041453485555608155,5.5899549246582945
MN,Mns_poly,0.016335701706443186,0.00823511403643043,0.008312071263982201,0.47075,0.008333245541028857,0.00418405615415946,0.00419609354830724,0.59325,0.000553642225669246,0.00027689776398178985,0.00027694804175037584,0.604,7.458701951021072,100,3.5398230088495574e-05,-0.00800245616541433,15.051679865919873
MN,Mnu_poly,0.07707085358696977,0.040079923761484004,0.07538801459996318,0.07883053784386786,0.23460024647960875,0.13288788899612758,0.13509788793021973,0.8903926520719844,0.0031206805887796906,0.0015627787610619469,0.0015627787610619469,1.0,8.406815201638835,100,0.0015627787610619,0.15752939289263898,75.17598799540927
MN,Mpv_poly,0.2922853270032536,0.17115583277758162,0.17453083038421638,0.8984870534611055,0.35936669388560377,0.21904144731567837,0.2244885383288144,0.9002718361294928,0.0012883377679971792,0.0006445841050221649,0.0006445841050221649,1.0,4.936804898087163,100,0.0006445840707964,0.06708136688235017,278.9382589041592
MN,Msl_poly,0.0006627745532931477,0.00033149713057789224,0.0003913672686088215,0.0021622899415277863,0.09220538793925491,0.04833087763030072,0.04847722852619528,0.9412079622329294,0.002542409979778924,0.0012728230088495576,0.0012728230088495576,1.0,5.913521828348938,100,0.0012728230088495,0.09154261338596176,36.26692338081235
MN,Mss_poly,5.5358687161982895e-05,2.7680109748259528e-05,0.00013548120611317637,3.47863271068636e-05,0.263113526659521,0.15148573651649558,0.7936279079697407,0.1576977334021141,0.11779197610388671,0.06258180530973452,0.06258180530973452,1.0,6.458664311604938,100,0.0625818053097345,0.263058167972359,2.2337134952848388
MN,Mvu_poly,0.4537028116091517,0.29341242745276985,0.30769127289778536,0.8634378100867164,0.1640357836566082,0.0893458500968559,0.08987916110577564,0.9377238017170715,0.033822190310021316,0.017201999810665294,0.0172223139688783,0.935830924543768,4.930481298351973,100,0.0016409911504424,-0.2896670279525435,4.849945617153167
MN,PMm_poly,0.10955850153270433,0.05795392326159289,0.058711155158269156,0.8179631981409927,0.20055049208320877,0.11145102499451874,0.11318660673281657,0.8790564457294172,0.000673693069304047,0.00033696003847329944,0.00033696003847329944,1.0,6.357017768671118,100,0.0003275132743362,0.09099199055050444,297.688222160851
MN,Pac_poly,0.027567569596836355,0.013976432942344982,0.014012355156588385,0.8450058421555784,0.4096588246133386,0.25759178656349496,0.26473070292154843,0.9052331551180823,0.0010022187258889469,0.0005013605994350618,0.0005013605994350618,1.0,5.348166264338791,100,0.0004998761061946,0.3820912550165022,408.7519161548093
MN,Pag_poly,0.029372755379414285,0.01490528229506416,0.014980241525977617,0.7486647139903515,0.07800518647456749,0.04058553432383407,0.04080543683134673,0.8827819894325752,0.0012319486481464947,0.000616353982300885,0.000616353982300885,1.0,4.762159018370847,100,0.0006163539823008,0.0486324310951532,63.31853733670533
MN,Pai_poly,0.256068858456635,0.14683427135203064,0.15233639127653795,0.8025814075872703,0.023844853305914137,0.012066286063523021,0.012070047566408353,0.9748229667722249,0.03179827437539475,0.016156003707040564,0.01626590613000585,0.7051138829134084,4.264106657897379,100,0.0009585221238938,-0.2322240051507209,0.7498788463931582
MN,Paq_poly,0.05814686925981712,0.029944009842625473,0.03036036752810587,0.6858789311430408,0.0664309789061682,0.034356662824783876,0.03463192201778607,0.8121221364067147,0.0016605771541673834,0.0008309785290641754,0.0008309785290641754,1.0,4.905130708578906,100,0.0008123805309734,0.008284109646351075,40.00475300979124
MN,Pas_poly,9.476060706803574e-07,4.738032598296014e-07,1.0952626604149074e-06,8.350321598719172e-07,0.07173450078883754,0.03720156836192088,0.059088270736064305,0.09126790169778738,0.06162781614172747,0.03179359292035398,0.03179359292035398,1.0,3.903645536740196,100,0.0317935929203539,0.07173355318276686,1.1639955020289443
MN,Pdg_poly,0.0037927755575345307,0.001899990898286545,0.0019002410266980184,0.9352094452531133,0.0047026633975538416,0.002356873490124257,0.0023570131203181845,0.9754811580139091,0.0005470184860487063,0.00027358407079646017,0.00027358407079646017,1.0,4.3063699640508695,100,0.0002735840707964,0.0009098878400193109,8.596900319626709
MN,Pdt_poly,0.038013042356159155,0.01937476811864702,0.019410149688864613,0.9140073391088505,0.08077031067653684,0.04208475469395679,0.042305362782181534,0.8897521218428883,0.003615699308200722,0.0018111238938053097,0.0018111238938053097,1.0,6.150223761087798,100,0.0018111238938053,0.042757268320377684,22.338779802109848
MN,Pga_poly,0.002703372081559633,0.00135351556888025,0.0013538132916143051,0.8602326055906958,0.1241864005292398,0.06620401971937809,0.06674721090099942,0.8905325443786982,0.00017386937060440822,8.694224359879083e-05,8.694224359879083e-05,1.0,5.348166264338791,100,8.674336283185841e-05,0.12148302844768016,714.2511650990656
MN,Pgd_poly,0.05921510780902815,0.030510907235154542,0.03059171116544,0.9203262256175789,0.013033320963403398,0.006559405902932782,0.006571322359616732,0.7834175913239105,0.009692515635406457,0.004869858407079646,0.004869858407079646,1.0,3.719461222359756,100,0.0048698584070796,-0.04618178684562475,1.3446788691052594
MN,Pgk_poly,0.029610071607052216,0.015027518756758071,0.015035090234959133,0.9675755770113003,0.006527561356719329,0.0032744678231728464,0.0032745053266938513,0.9965144668083379,0.012639507418877705,0.00635994700813535,0.006360138169552983,0.9952963757837177,4.232690888814791,100,0.001678238938053,-0.023082510250332887,0.5164411191349202
MN,Pgm_poly,0.014893046242074204,0.007502389840447024,0.007511422699598378,0.861854330096021,0.024342723135440128,0.012321328916963229,0.01235028736509934,0.8401237562587531,0.001931707670196054,0.000966787610619469,0.000966787610619469,1.0,3.0972909549976086,100,0.0009667876106194,0.009449676893365924,12.601659925577415
MN,Pgn_poly,0.03462582360189038,0.017617929459797944,0.017659246501815874,0.8827673819241131,0.038033163233901365,0.019385222278573915,0.019392428019548415,0.9811925500302993,0.03634147074230535,0.01850702156247258,0.018532152884452573,0.9317280804865405,4.2218420376104575,100,0.0012120973451327,0.0034073396320109875,1.0465499182350566
MN,Pgp_poly,0.024891332668481533,0.01260251300608746,0.012615883911864622,0.9224257792315027,0.04059807977870429,0.020719628453828975,0.020739021404453814,0.9568179759957809,0.003316914679001786,0.0016612123893805309,0.0016612123893805309,1.0,3.785740003992437,100,0.0016612123893805,0.015706747110222758,12.239711812823037
MN,Pgr_poly,0.05920573543019403,0.03050593074754242,0.0341228539089193,0.2234817291495103,0.36855497178362473,0.2259070734283693,0.23612778242042087,0.8392051156281359,0.011730141140854994,0.005899672566371681,0.005899672566371681,1.0,5.710584359770596,100,0.0058996725663716,0.3093492363534307,31.419483138185093
MN,Pgs_poly,0.016541640139365196,0.0083397970303382,0.00840684934468816,0.5111512818104986,0.46400778210116733,0.30208993033565545,0.36823821339950374,0.6271011362569255,0.0007558333008909628,0.0003780595254350028,0.0003780595254350028,1.0,6.98188920246655,100,0.0003769557522123,0.4474661419618021,613.9022738932027
MN,Pgt_poly,0.0071267912623100985,0.003576138828633406,0.003576755644411563,0.9539957178404027,0.004199009754133677,0.002103922071717377,0.002104090943851513,0.9632544412939066,0.004817129020176438,0.002414379699345941,0.002414754180760664,0.9396446964874718,4.2218420376104575,100,0.0001529292035398,-0.002927781508176422,0.8716830578019019
MN,Pgu_poly,0.04365130454214061,0.022312640197265324,0.02244392243113396,0.7922964396832132,0.007684170731272836,0.0038569039197431294,0.0038712791781733893,0.5094841606562014,0.007979962203068753,0.004005964825481458,0.0040059836064992626,0.9988310528920945,5.224242789150254,100,0.004004814159292,-0.035967133810867774,0.96293322395911
MN,Pif_poly,0.08070322252691203,0.042048329093307,0.042715425726627135,0.7291757795413359,0.00650423753896124,0.0032627295535013006,0.003264245058721228,0.8754296069486971,0.00747917982330624,0.00375362693707913,0.0037660020884474257,0.5332125226520027,3.543942999547841,100,0.000283238938053,-0.0741989849879508,0.8696458291714106
MN,Pls_poly,0.0010679392691701432,0.0005342549104843981,0.0005957171602646227,0.005151540420151608,0.10417412264446073,0.05494920387402441,0.05579005017203663,0.7847552024449698,0.018088746162436636,0.0091269203539823,0.0091269203539823,1.0,3.903645536740196,100,0.0091269203539823,0.10310618337529058,5.759057134694625
MN,Pm_poly,0.003013570070650047,0.0015090588626366689,0.0018235844547307323,0.008673468443200353,0.10352219672581137,0.054586558591450264,0.055361254860432495,0.7959541092986617,0.009514748496067291,0.0047801150442477874,0.0047801150442477874,1.0,5.710584359770596,100,0.0047801150442477,0.10050862665516132,10.880182147599587
MN,Pmd_poly,7.997826473040857e-05,3.9990731559862006e-05,4.0347622457011985e-05,0.004500728058950712,0.014667637096605552,0.0073880008056461,0.007419581213428415,0.6344702819573754,0.0004010346137393701,0.00020055752212389381,0.00020055752212389381,1.0,10.17851084879662,100,0.0002005575221238,0.014587658831875143,36.57449156281048
MN,Pmi_poly,0.02168340438706857,0.010960533028511809,0.010997680516880635,0.7644240201178296,0.07883540630437322,0.04103521716102542,0.0431351793220261,0.45737742926953967,0.00591269964339157,0.0029651157410882584,0.0029668858906176936,0.8324881546171727,8.203996739725488,100,0.0014885752212389,0.05715200191730464,13.333233727250963
MN,Pml_poly,0.0064723866231293815,0.0032467002612347542,0.0032470726382751087,0.9658828192086664,0.02442793505823822,0.012364993153999844,0.012366967800870802,0.9872514697139837,0.0005357502526889299,0.0002679469026548673,0.0002679469026548673,1.0,5.778448914886591,100,0.0002679469026548,0.01795554843510884,45.59575088510821
MN,Pmq_poly,0.00781249825631315,0.003921567748756161,0.003923648502700489,0.8808792812743791,0.0029562315658492756,0.00148030384339909,0.0014803971908751042,0.9591438709515061,0.0014056308751489242,0.0007033097345132744,0.0007033097345132744,1.0,4.397731460054246,100,0.0007033097345132,-0.004856266690463874,2.1031350535296602
MN,Pmv_poly,0.6496677257046968,0.48111693549185014,0.5310531465965385,0.8365078272836746,0.2713079317194421,0.15694404845005064,0.1604175433527827,0.8787613968690865,0.038531190594650246,0.01964404960705523,0.019676781443424635,0.9219301565456735,3.8567719176855184,100,0.0025721238938053,-0.37835979398525466,7.04125482582703
MN,Pmy_poly,0.0463159216360364,0.023706965803202865,0.023842069650892667,0.8070846161653754,0.09033604843941469,0.047304683300740794,0.04760205997858342,0.8833440470954427,0.013347675282007466,0.006718677000467197,0.006721197164426921,0.9471416810456632,4.46485538294036,100,0.0007846991150442,0.04402012680337829,6.767923741835912
MN,Psi_poly,0.11615455624423052,0.06165821969590905,0.062323106532321974,0.8524970963995354,0.017326017903551833,0.00873871249635887,0.008742532420224393,0.9523809523809523,0.004980863698886402,0.0024966495850868003,0.0024976987695453966,0.8559814169570267,9.375497577126476,100,0.0001371504424778,-0.09882853834067869,3.4785167695766304
MN,Psq_poly,0.9050341986437176,0.8265410641343268,0.8923281641529223,0.918107307374774,0.86741696810928,0.7658749457522995,0.7923056027224004,0.9582610790107949,0.034622324541051144,0.017616117743357522,0.01761611790727484,0.9999994717929512,4.905130708578906,100,0.0167539557522123,-0.03761723053443755,25.053689479480138
MN,Pvs_poly,0.26212640191189396,0.15083168430676902,0.159466793723248,0.7358304494356608,0.3458562443242282,0.2090847564714438,0.216307429035721,0.8622921897265386,0.003954698934798323,0.001981267124893345,0.001981268741507177,0.9995883377440004,4.429675434664601,100,0.001956238938053,0.08372984241233422,87.45450665813217
NH_Hartland,DSm_poly,0.0975769755696206,0.05129089288584328,0.052988429536249354,0.615538381283453,0.03483856702261091,0.017728094210472813,0.01780642373010322,0.8011958670693805,0.0026413925252710187,0.0013224428079094647,0.0013224428079094647,1.0,7.477492112508211,45,0.0013224428079094,-0.06273840854700968,13.18946983051537
NH_Hartland,DSwa_poly,0.7349711131918295,0.5809915653754402,0.7304867516341473,0.7395108726348489,0.6026203521496166,0.43125027123204446,0.45345413518566896,0.8980333239197966,0.016418939833947026,0.008277423173506476,0.0082775441278089,0.9982377859361762,11.261719049559888,45,0.0025659688489381,-0.13235076104221288,36.70275658746658
NH_Hartland,DSwf_poly,0.016057983736558343,0.008093978354670852,0.008324437075992897,0.22622413850730305,0.03670954433233419,0.018697969129509263,0.01872796720733499,0.9210936194391524,0.0017329500512812813,0.0008672264557060849,0.0008672264557060849,1.0,14.64905185472758,45,0.000867226455706,0.020651560595775848,21.18326740300014
NH_Hartland,DSwgs_poly,0.3520470915542492,0.21362691236503759,0.28634225127632557,0.45688515059513896,0.32427455491530466,0.19351293845091375,0.20117920058485206,0.8354774880751225,0.013791258931894184,0.006943509333504283,0.006943859619711438,0.9927872765041664,5.235282566761256,45,0.0034102733259293,-0.027772536638944523,23.513049571230596
NH_Hartland,DSwhg_poly,0.7329121417270291,0.578422511858003,0.7257517184694324,0.7402152654642156,0.7909463746865453,0.6541863471783457,0.6898891520213798,0.9266911261477883,0.013244358916691512,0.006666325059215549,0.006666325059215549,1.0,6.3720809581313,45,0.0066663247500494,0.05803423295951615,59.71949111781746
NH_Hartland,DSwl_poly,0.10930317980313128,0.057811056027348734,0.6052956508697045,0.06007577675925651,0.8171260073744211,0.690797170678069,0.7970584648211974,0.8382301289984785,0.13440857197282,0.07204609216871989,0.07204609216871989,1.0,7.609072912834173,45,0.0720460921687198,0.7078228275712898,6.079418859830307
NH_Hartland,DSwq_poly,9.736453127336091e-05,4.868463571504876e-05,4.869410211839328e-05,0.2002739726027397,0.00978074405346124,0.004914405296922707,0.004941685807673843,0.470958904109589,4.231847210234727e-05,2.1159683773917372e-05,2.1159683773917372e-05,1.0,10.211985188696524,45,2.1159641454107487e-05,0.009683379522187879,231.12233423282626
NH_Hartland,DSws_poly,0.02511513974546425,0.01271726785237862,0.026614800367505076,0.023775466681579788,0.3050031447118492,0.179943192083385,0.1869682020969551,0.8272623408375477,0.05719565402626842,0.029439739593336154,0.029439739593336154,1.0,9.12554989074272,45,0.0294397395933361,0.27988800496638494,5.332627975051557
NH_Hartland,DSwss_poly,0.016575485215579003,0.008357003300113287,0.665359477124183,0.008392277126510693,0.0701706362250844,0.03636105737754166,0.036404983817044226,0.9678818156337076,0.00933584406458381,0.004689813717069157,0.004690152133139012,0.9848477354041978,10.54023749833712,45,0.0003516036750227,0.053595151009505404,7.5162605265957385
NH_Hartland,DSwv_poly,0.5183577496361023,0.34985351525227587,0.5652591099808341,0.4786431898406333,0.6188268210846417,0.4480443368952539,0.4553852657344001,0.965270380349646,0.22271745302243015,0.12531347556480615,0.12571175974765256,0.9753409779225933,1.728679572177542,45,0.0055510145419085,0.10046907144853945,2.7785286365605075
NH_Hartland,DSwvp_poly,0.0726040791121327,0.03766951995970146,0.037730904111835946,0.9585994473886851,0.0005127777676165434,0.0002564546359261243,0.0002564547582954054,0.9981428636137156,0.005861645840554165,0.002939437892224345,0.002941490195664657,0.8081714000996513,9.445596596443083,45,0.0001279839464061,-0.07209130134451615,0.08748016880666147
NH_Hartland,Dgab_poly,0.0006740682772227762,0.0003371477689192706,0.00033715250792074123,0.9599777654252363,3.421136090644779e-05,1.7105973062532944e-05,1.7105973062532944e-05,1.0,2.085844453141325e-05,1.0429331035518075e-05,1.0429331035518075e-05,1.0,3.699690366165412,45,1.0429094513955992e-05,-0.0006398569163163284,1.6401683670575133
NH_Hartland,Dgf_poly,0.0003090690034139595,0.00015455838631019283,0.00015457242787720143,0.629822968679074,0.007412607106603251,0.0037200913410575945,0.0037235435212243035,0.8004993191103041,5.108328713161505e-05,2.554229595802674e-05,2.554229595802674e-05,1.0,9.475560093996991,45,2.554229595802674e-05,0.007103538103189292,145.10826383401718
NH_Hartland,Dgg_poly,0.19327801525437935,0.1069771757283355,0.1447389343130445,0.29079934088845544,0.15876104150227058,0.08622511530594813,0.08654381586034761,0.9590409254464135,0.008156195875761042,0.004094796920759108,0.0040950449829934435,0.9854222012980463,6.3720809581313,45,0.0006895608305981,-0.03451697375210877,19.465084448754347
NH_Hartland,Dgh_poly,0.06859522217641363,0.0355157152783429,0.03561018595928328,0.9304949650670777,0.025865782209854575,0.013102342270734178,0.013105508647840733,0.9818939219995408,0.009713270236952969,0.0048803371351972885,0.00488297947863999,0.9001869649358744,11.82230848322052,45,0.0001767380791811,-0.042729439966559056,2.662932419140499
NH_Hartland,Dgm_poly,0.3751339183007136,0.23087066837434272,0.2623735998118695,0.6578642997848775,0.23463305908794863,0.13290894581198448,0.13477641515896233,0.9055901991278997,0.041080659994192116,0.0209710829615222,0.0209710829615222,1.0,7.826708781245573,45,0.0209710829615222,-0.14050085921276495,5.71152116643502
NH_Hartland,Dgq_poly,0.21397038488114925,0.11980226031521356,0.16489331865333975,0.3046402047870748,0.4280446907886585,0.2723008016070195,0.2810382935395141,0.8975247891537668,0.07079514334544529,0.03669654008035806,0.03669654008035806,1.0,8.06044403715919,45,0.036696540080358,0.21407430590750923,6.046243719007843
NH_Hartland,Dgqc_poly,0.04142520093343213,0.02115068617914152,0.021700370221263206,0.4550363040614829,0.05449525837696115,0.02801085867901737,0.02815720401513288,0.8434897619280886,0.0042567098927826395,0.0021328945029568188,0.0021328945029568188,1.0,10.211985188696524,45,0.0021301787867382,0.013070057443529015,12.802201641544624
NH_Hartland,Dgqcm_poly,0.01451562597467407,0.007310873943190708,0.007416378499832677,0.33946024799416485,0.005160807553536482,0.0025870794864458657,0.002589305889878255,0.75054704595186,9.051893216340883e-05,4.526151459368897e-05,4.526151459368897e-05,1.0,5.235282566761256,45,3.973954579942653e-05,-0.009354818421137587,57.01357086515295
NH_Hartland,Dgqq_poly,7.798569044234596e-05,3.899436572244009e-05,3.8994370337191956e-05,0.9969742813918305,5.726290752283001e-05,2.8632273545031095e-05,2.8632273545031095e-05,1.0,0.0002803139185296178,0.00014017660599166477,0.00014018886988550875,0.6157337367624811,9.39508814659143,45,1.9159620549541163e-05,-2.072278291951595e-05,0.20428135649917664
NH_Hartland,Dgqs_poly,0.6881410730092771,0.524554171832947,0.5904998220806668,0.8244701522153525,0.5322677090113199,0.3626463165518956,0.3750706872960022,0.916301724268796,0.10150150403649488,0.0534640950479036,0.0534640950479036,1.0,7.826708781245573,45,0.0534640950479036,-0.15587336399795715,5.243939132369339
NH_Hartland,Dl_poly,0.08036611949662174,0.04186533708998074,0.042271036556564306,0.8135050067899433,0.24588878521849694,0.14017856059892161,0.14545233462564144,0.7944995113779143,0.010902856997762726,0.005481309465512848,0.005481309465512848,1.0,9.522292051340427,45,0.0054813094655128,0.16552266572187518,22.552692864719173
NH_Hartland,Dlc_poly,0.0005575620881528265,0.0002788587846195393,0.00027889414745346666,0.687427764222422,0.00351744410817938,0.0017618206068463003,0.001761823799048357,0.9989726467188904,9.028092613877094e-05,4.514250082277672e-05,4.514250082277672e-05,1.0,4.954089182305556,45,4.514250082277672e-05,0.002959882020026554,38.96109907836692
NH_Hartland,KDq_poly,0.0,0.0,0.0,0.0,2.060285896860157e-05,1.0301535604843395e-05,1.0307760081214842e-05,0.016773246671558863,0.00011059214179241212,5.529912872074831e-05,5.529912872074831e-05,1.0,12.68135048350272,45,5.529912872074831e-05,2.060285896860157e-05,0.18629586727124187
NH_Hartland,Kmd_poly,0.02249146025014782,0.011373634954311202,0.011382826646335652,0.9337085678549093,0.0004402749978628433,0.0002201859701201837,0.0002201861221963911,0.9968730456535334,0.0010656098281164317,0.0005330889464685244,0.0005332330861832321,0.6635397123202001,11.74151612909071,45,1.8539324211023493e-05,-0.02205118525228498,0.41316717080309956
NH_Hartland,Msz_poly,0.0005073147356913934,0.0002537217262309377,0.00025422709972180746,0.11318758815232723,0.020550927349547256,0.01038214502888416,0.010414333599878768,0.770592383638928,0.0001643940017127003,8.220375775869704e-05,8.220375775869704e-05,1.0,9.966708823589736,45,8.220375775869704e-05,0.02004361261385586,125.01020192611803
NH_Hartland,Oa_poly,0.4205143397354509,0.26623498415618324,0.48594254139055654,0.3706141639170975,0.8365813137444121,0.7190715807023113,0.7669771316668489,0.9200797604777518,0.16762181307462984,0.09147773874993023,0.09147773874993023,1.0,7.523711811964016,45,0.0914777387499302,0.41606697400896125,4.990885723040969
NH_Hartland,Oaa_poly,0.2967758234123851,0.17424354790863245,0.19795728268043458,0.5925931115657316,0.4932422567113763,0.3273533910201345,0.34330145511873306,0.8757251352184514,0.0057869559524597524,0.002901874486145321,0.002906003082995715,0.6713280834010593,14.224988249030126,45,0.0004137202663051,0.19646643329899116,85.23345620104868
NH_Hartland,Oaf_poly,0.4353520040514642,0.27824277740345105,0.34614934172001555,0.5864905901002637,0.36357423158527197,0.22217581671149134,0.22363970108893724,0.9713812408448286,0.12059562246891388,0.06416693709489839,0.06426999443048803,0.9756196532126987,1.728679572177542,45,0.0026001257276909,-0.07177777246619221,3.01482113647194
NH_Hartland,Oafa_poly,0.04750932913885251,0.024332679201943885,0.02452757838936017,0.7538284118006515,0.02007074865599975,0.010137103960848845,0.010147409786567856,0.9089359473280374,0.00252031304643582,0.0012617465213274083,0.0012617465213274083,1.0,4.798743519769209,45,0.0012617465213274,-0.02743858048285276,7.963593524377232
NH_Hartland,Oag_poly,0.07856696993178877,0.04088977794297605,0.04110546522010558,0.8862697173901082,0.1313335929042367,0.07028198955443965,0.07036669641602453,0.9831604004436503,0.015779302389267526,0.007952392799988387,0.007952625696733108,0.9963309075429243,9.119142488693232,45,0.0020018586049337,0.05276662297244794,8.323155844555256
NH_Hartland,Oarq_poly,0.07759059449841882,0.0403611188523989,0.04084407425466652,0.773416529645713,0.05901797876743003,0.030406247003747205,0.03042897445098289,0.9760248464662648,0.022905351561695802,0.011585359142916404,0.011590722678780935,0.9615919726801299,10.195179424871654,45,0.0004125086594383,-0.01857261573098879,2.5766021799955565
NH_Hartland,Oarr_poly,0.3387223517590529,0.20389267990074442,0.22343643779741673,0.6997924096449673,0.06021933830491236,0.03104440594447899,0.031086628751439957,0.9580827167722361,0.02316822502759099,0.011719876886294157,0.011734863162532114,0.9017405652845052,10.195179424871654,45,0.0004356451331488,-0.2785030134541405,2.599221055268467
NH_Hartland,Op_poly,0.6638574436705198,0.4968462687800349,0.5524591261971591,0.8315272996276674,0.24591640146990842,0.14019651154368268,0.14150611045003145,0.9380753411687132,0.03347218095874888,0.01702095471757308,0.01702095471757308,1.0,4.798743519769209,45,0.017020954717573,-0.41794104220061135,7.346889100921622
NH_Hartland,Opa_poly,0.009829177882422475,0.004938861414903095,0.004963374835365181,0.5,0.0028385303373579746,0.0014212823452063972,0.0014217231601645849,0.8209150326797385,1.8294688365020023e-05,9.147427857181005e-06,9.147427857181005e-06,1.0,7.341085714704544,45,8.869657924598482e-06,-0.0069906475450645005,155.15598192890388
NH_Hartland,Opp_poly,0.007345421074866465,0.0036862490632112925,0.0036902083182115118,0.77455919395466,0.019246663404565684,0.009716840077446142,0.009719361248151825,0.9739985374177298,0.0004087707076865313,0.00020442713575574226,0.0002044271663391006,0.9992687088648736,8.995946093474107,45,0.0001426913465072,0.011901242329699219,47.0842529629719
NH_Hartland,Oqd_poly,0.007368306187573476,0.003697776267663381,0.003699996943674838,0.8603562444301556,0.04343185726539977,0.022197978346257426,0.022252596986597872,0.9004365629970558,0.0010272741298867484,0.0005139010235567853,0.0005139010235567853,1.0,9.475560093996991,45,0.0005139010235567,0.03606355107782629,42.27874138151216
NH_Hartland,Ot_poly,0.007460513913499948,0.003744223873903231,0.003761898757264787,0.4434908501274033,0.01699566445911084,0.008570664296845856,0.008584008566625374,0.846467454250637,0.0020001056692380156,0.001001053941450762,0.001001053941450762,1.0,9.068279860480027,45,0.0010010539414507,0.009535150545610892,8.4973832735476
NH_Hartland,Otp_poly,0.08571239500887237,0.044775087497507804,0.04485825158502205,0.9602408387833489,0.5568299083055694,0.385838032197434,0.3874205767514909,0.9895240221800454,0.01176927326727555,0.005919470566988013,0.005919470566988013,1.0,4.954089182305556,45,0.005919470566988,0.47111751329669704,47.312174308488046
NH_Hartland,Scd_poly,0.5351818129079453,0.3653571601062545,0.4070607885594734,0.780998476144853,0.03828607962013824,0.019516647775392557,0.019567737315515733,0.8820065331675951,0.018109233790429488,0.009137352118080644,0.009139036955884434,0.9802229205984745,9.67958889551692,45,0.0014037769913618,-0.49689573328780706,2.114174462774453
NH_Hartland,Scq_poly,0.10778377336847252,0.05696165789696577,0.05736144447260946,0.8909828439581705,0.002717398559528763,0.001360547855155266,0.0013605479516035509,0.9999478992222098,0.004020455855704545,0.0020142770839007623,0.0020144891186774584,0.9503405157977001,3.699690366165412,45,0.0007788777061826,-0.10506637480894375,0.675893146711983
NH_Hartland,Sfg_poly,0.4204186854694345,0.26615830511668115,0.3095352159575496,0.6550880670710083,0.19203347831433018,0.10621517379386344,0.10844387325775309,0.8378783883316814,0.0025468777764707674,0.0012750626025383907,0.0012750626025383907,1.0,7.1823622117532775,45,0.0012750626025383,-0.22838520715510433,75.39956573041081
NH_Hartland,Sfgr_poly,0.03355634116152832,0.01706448135989271,0.01726800797625441,0.591472978753743,0.0007202329592010816,0.0003602462101975466,0.0003603388188528425,0.5836304006844432,0.0005275368058412986,0.0002638379950472327,0.0002638683017428539,0.696706117210894,9.67958889551692,45,4.0655497402097486e-05,-0.03283610820232724,1.3652752779068702
NH_Hartland,Sfm_poly,0.031236198536299855,0.015865894381579416,0.01587215306843507,0.9757494748902044,0.0005393588317703749,0.0002697521624908018,0.0002697523156536367,0.9978995608172618,0.005998289987005667,0.0030081669222673728,0.0030107466518739237,0.7783081917128126,9.445596596443083,45,0.0001821584256906,-0.03069683970452948,0.08991876567135122
NH_Hartland,Sfs_poly,0.0019842144715375458,0.0009930924900139033,0.0009973016417622299,0.19047994636589502,0.010006965863355236,0.005028643664422043,0.0050347156262865065,0.8065622904917774,0.0008816030440876621,0.00044099591371381117,0.00044099591371381117,1.0,9.068279860480027,45,0.0004409959137138,0.008022751391817691,11.350874898249778
NM_Sunshine,QTsf_poly,0.75748187526439,0.6096344674453513,0.627068582240996,0.9563838257789723,0.9170330243960015,0.8467783829553516,0.9234299126587151,0.9107241529110472,0.2176811433089908,0.12213367012967027,0.12311719233958922,0.9386076642582796,10.814760281940591,20,0.0102598106060606,0.1595511491316115,4.212735244110259
NM_Sunshine,Qa_poly,0.0,0.0,0.0,0.0,0.12964801484164076,0.06931744178123975,0.07034960204150983,0.825312647387365,0.012635884374678987,0.0063581123737373735,0.0063581123737373735,1.0,0.5863019541518829,20,0.0063581123737373,0.12964801484164076,10.26030398801702
NM_Sunshine,Qac_poly,0.0,0.0,0.0,0.0,0.010298910161579375,0.005176109222725374,0.005192330087013103,0.6236190476190476,0.0014725943605705034,0.0007368397132884682,0.000736859243100944,0.9652789115646259,10.43628567302456,20,0.0001160037878787,0.010298910161579375,6.993718322803732
NM_Sunshine,Qai_poly,0.09380607897716653,0.049211194067197345,0.08749298777738677,0.10110106648815023,0.6244308988072805,0.45394367921310036,0.4699844861620713,0.9300710746209753,0.12577294678746154,0.06710656885027837,0.06712582394991151,0.995743637124779,6.941862992406024,20,0.013693106060606,0.530624819830114,4.964747306608633
NM_Sunshine,Qao1_poly,0.0031273974767380345,0.0015661477215853598,0.0023873307837703464,0.00453244401489042,0.14022631152529627,0.07539966416037593,0.07563434603719033,0.9604745391882491,0.009465544263265875,0.0047552777777777775,0.0047552777777777775,1.0,3.4651828410842014,20,0.0047552777777777,0.13709891404855823,14.814394991473455
NM_Sunshine,Qao2_poly,0.03844888276763607,0.01960126474903455,0.025564586287852607,0.07751634986759302,0.2630295048749346,0.15143003615383568,0.15240653145837685,0.9594064361173228,0.02151975525134312,0.010876911866298144,0.010876911866298144,1.0,6.178491657998946,20,0.0104823926767676,0.2245806221072985,12.22269964517919
NM_Sunshine,Qao3_poly,2.7750862011151225e-06,1.3875450258360884e-06,0.00010910677916787896,1.4054161929242917e-06,0.9493249505383784,0.9035381120212418,0.9290397399699358,0.9705157736886413,0.3006905204484128,0.17694865124142006,0.17729316838237738,0.9891375382448881,10.05584799721993,20,0.0134760037878787,0.9493221754521772,3.1571495806474776
NM_Sunshine,Qay_poly,0.014913316938849914,0.007512677943036965,0.028825267846762894,0.010058688135829654,0.6447125432109275,0.47570169706902715,0.4911864461113122,0.9378479403638579,0.053677412828271084,0.027578888094944045,0.027578888094944045,1.0,4.128478010495137,20,0.0266108712121212,0.6297992262720776,12.010872157224522
NM_Sunshine,Qc_poly,5.941595063634799e-05,2.9708857908191455e-05,3.2240521798345603e-05,0.0003781966622643775,0.0631514400448899,0.032605254406856445,0.03299001911138641,0.7365369992396046,0.00629000399874789,0.0031549242424242425,0.0031549242424242425,1.0,3.746696553893757,20,0.0031549242424242,0.06309202409425355,10.039968187215946
NM_Sunshine,Qf_poly,0.0047781006173174745,0.0023947715383415796,0.02066461472213115,0.0027013559233129637,0.4516315942103888,0.2916822589001829,0.40972575685034807,0.5030861216320207,0.019545597115098078,0.009869248737373737,0.009869248737373737,1.0,6.495329532065184,20,0.0098692487373737,0.4468534935930713,23.106564181737077
NM_Sunshine,Qls_poly,0.0,0.0,0.0,0.0,0.016241044721880975,0.008187005119079103,0.008390400316127785,0.2524638714454164,0.004593843202017174,0.002302209595959596,0.002302209595959596,1.0,0.5863019541518829,20,0.0023022095959595,0.016241044721880975,3.5353937885275384
NM_Sunshine,Qsa_poly,0.5789853988687412,0.40744507368736066,0.5498923531364771,0.6113288533398276,0.12237383775707035,0.06517476173792122,0.06558146310081041,0.9131157771368124,0.01291259851226654,0.006498253928135658,0.006498300900250316,0.99888888043288,6.178491657998946,20,0.0016590782828282,-0.4566115611116709,9.477088414142147
NM_Sunshine,Qsw_poly,0.0,0.0,0.0,0.0,0.8318889918121969,0.7121660407111324,0.7492093145724504,0.9350806722565553,0.09179010038051441,0.048102727272727276,0.048102727272727276,1.0,3.746696553893757,20,0.0481027272727272,0.8318889918121969,9.062948927647037
NM_Sunshine,Qt_poly,0.0,0.0,0.0,0.0,0.0008970275444976209,0.00044871502711828806,0.0004493737701459119,0.23436141585593045,0.00030494087217949813,0.00015249368686868687,0.00015249368686868687,1.0,3.4651828410842014,20,0.0001524936868686,0.0008970275444976209,2.941644188548137
NM_Sunshine,Tag_poly,0.09100657050533803,0.04767254255528201,0.04774110168134827,0.9707574492002404,0.2640841881771093,0.15212960581296492,0.1541775033573348,0.9196992997712742,0.026700088763954105,0.013530679554548586,0.013531097266929963,0.9977236711657208,3.3359769182561907,20,0.0040435921717171,0.1730776176717713,9.89076068292442
NM_Sunshine,Tao_poly,0.06477405316003354,0.033471054512163395,0.0335401634392115,0.94200975031049,0.16481998558631325,0.0898113450951954,0.09337053105867073,0.7020334773017962,0.003399955259268568,0.0017028724747474746,0.0017028724747474746,1.0,6.062527186560924,20,0.0017028724747474,0.10004593242627971,48.477104261004584
NM_Sunshine,Tb_poly,0.026019448399054818,0.013181208081281462,0.013188669806116117,0.9588441985645934,0.030175403715731113,0.015318827763980483,0.01603536361459248,0.2552986692583732,0.0014664927063697479,0.0007337843979186718,0.0007337846093360128,0.9996075059808612,6.062527186560924,20,0.0006755555555555,0.004155955316676296,20.576579470640045
NM_Sunshine,Tmd_poly,0.04872539973282285,0.02497106236413427,0.025589469116157962,0.5081873024992818,0.0009365714339781394,0.0004685051112410002,0.00046851603339292925,0.9525998276357368,0.0006780047391747447,0.0003391173311662059,0.00033919517937641024,0.5963803504740017,15.402301228631872,20,2.19760101010101e-05,-0.047788828298844704,1.3813641407847939
NM_Sunshine,Tsb_poly,0.8010460880680205,0.668120834417417,0.6905811957075224,0.9535801047534623,0.6649011888616183,0.4980164638860591,0.5044760918482036,0.9749332461113889,0.13512386244763083,0.07245728535353535,0.07245728535353535,1.0,11.373906548355343,20,0.0724572853535353,-0.13614489920640216,4.920679270245921
NM_Sunshine,Tvc_poly,0.05079872817044999,0.02606130465058107,0.026099015952727383,0.947468933107869,0.011863747309103332,0.0059672707507073645,0.00596741451326904,0.9959790003539266,0.00512401025688663,0.0025685858585858586,0.0025685858585858586,1.0,3.3359769182561907,20,0.0025685858585858,-0.038934980861346655,2.31532466063247
NM_Volcanoes,QTa_poly,0.023210888985929882,0.011741712283119042,0.026536691037097212,0.020625879691137976,0.031761194368305136,0.01613686016017328,0.01617098185497013,0.8843609002775549,0.018625989682285314,0.009400542040671376,0.009404393975776072,0.9582483787374542,14.757863018825391,5,0.0004811643746203,0.008550305382375254,1.7052084163083354
NM_Volcanoes,QTs_poly,0.005064223589844896,0.0025385396611403,0.002551909209480833,0.32639208467556374,0.01308848120641301,0.006587349805269677,0.006631655731725809,0.49647185151096795,0.0003290648697231037,0.000164559510238451,0.00016456032099025197,0.9709311244055837,7.368303564351832,5,0.0001650444249957,0.008024257616568116,39.77477516037035
NM_Volcanoes,Qa_poly,0.10105734026672455,0.05321768919600712,0.05694850905639484,0.4482250198480209,0.24549289371636807,0.13992128777202112,0.14334932439864287,0.854037024435119,0.005037721745334516,0.0025252215544355416,0.0025252215544355416,1.0,8.595456935751256,5,0.0025112690321916,0.1444355534496435,48.73093555508926
NM_Volcanoes,Qaa_poly,0.037143157241645484,0.018923008765860432,0.03628539611835826,0.03804245397094903,0.3357042414949641,0.2017094856965282,0.2063717502435579,0.8992800915771993,0.02251295533058912,0.011384628481524516,0.011384628481524516,1.0,8.595456935751256,5,0.0113846284815245,0.2985610842533186,14.911602522429886
NM_Volcanoes,Qac_poly,0.052952232000641794,0.027196164814719252,0.02764573124860216,0.6258054420265842,0.07461939835138756,0.0387556612378324,0.03895614858914406,0.882773666188004,0.0013742480580362375,0.00068759649309079,0.00068759649309079,1.0,7.368303564351832,5,0.0006875964930907,0.021667166350745767,54.29834731439724
NV_HiddenHills,QTa_poly,0.0469021728208042,0.024014246582079145,0.024620897099447325,0.4935728411338167,0.04138074168226666,0.0211275067916001,0.021141647022174564,0.9693144363876072,0.023317962230364277,0.011796516478024358,0.011798400273583047,0.986645792133597,6.472588870398282,14,0.0026123334599749,-0.005521431138537543,1.7746294154461455
NV_HiddenHills,Qai_poly,0.8673973731601589,0.7658443946756053,0.987853781063217,0.7731245126960016,0.7258904559214795,0.5697237410198259,0.5810590355107037,0.9668924974122519,0.46673331834611614,0.3044045265776377,0.3051867631510787,0.9916501285239353,5.7823613531694,14,0.074163973289737,-0.14150691723867936,1.5552574187197405
NV_HiddenHills,Qao_poly,0.031105955101279774,0.015798694288234216,0.26353012447080537,0.016528450950890696,0.4176997584404947,0.2639826168697367,0.26458470223748254,0.9914534596931516,0.2573924335527198,0.14770533452777065,0.14778854794172183,0.9962024458007436,4.605327102439633,14,0.0324809669824097,0.3865938033392149,1.6228128879901216
NV_HiddenHills,Qas_poly,0.0,0.0,0.0,0.0,0.013054325933038506,0.006570046732238219,0.007470448218824384,0.05169256366306175,0.005127309467780885,0.0025702439519651515,0.0025702439519651515,1.0,8.046926818272478,14,0.0025702439519651,0.013054325933038506,2.5460382321507224
NV_HiddenHills,Qau_poly,0.01659167724698686,0.008365235265301932,0.008380206250143862,0.8240226902534187,0.014183553408010321,0.007142429217137261,0.00714682478323066,0.9207166938141597,0.00313037067585998,0.0015676389834821036,0.0015676396469301453,0.999730103413008,3.5957110523911404,14,0.0015153370909663,-0.002408123838976539,4.530950125934781
NV_HiddenHills,Qay_poly,0.6627857113375504,0.4956465967773219,0.5376940766936387,0.8637271978638221,0.5927705039093846,0.4212322905085088,0.4319629855825898,0.9443103590179287,0.17659806284779558,0.09685086938297713,0.09685232414834015,0.999844935624998,3.5957110523911404,14,0.0939787536239059,-0.0700152074281658,3.356608188960007
NV_HiddenHills,Qayo_poly,0.02753565844231354,0.013960028509599414,0.2449300620162057,0.014587829612963845,0.15904543567489746,0.08639291743368137,0.08646830596505571,0.9900089914358933,0.09054073485998443,0.04741695018738477,0.04742923458261554,0.9945673933058962,4.605327102439633,14,0.0106453162507045,0.13150977723258392,1.7566174597638429
NV_HiddenHills,Qayy_poly,0.00012618094553523045,6.309445342651093e-05,6.316599592626185e-05,0.05276755656462851,0.018071925352077817,0.00911835579870283,0.009151691263027648,0.7145541376340718,0.00036652626106282744,0.00018329672206251503,0.00018329672206251503,1.0,2.8323185427037254,14,0.0001832967220625,0.017945744406542587,49.305949591917646
NV_HiddenHills,Qbo_poly,0.0003981322326219371,0.00019910575151965874,0.00023569067052381444,0.001281053856908039,0.23721121441495008,0.13456587445683252,0.1354068215501842,0.9558837809222418,0.012191386214733006,0.00613307847153236,0.00613307847153236,1.0,8.454201249933995,14,0.0061330784715323,0.23681308218232813,19.457279938214562
NV_HiddenHills,Qbw_poly,0.0046264011696567275,0.0023185638881704413,0.002320215196403567,0.7651347607358981,0.012569451610971604,0.0063244733865845774,0.006326180718478305,0.9590735655090286,0.0006269543074222931,0.0003135754524514547,0.00031357605353315304,0.99392422290811,13.198456170476732,14,0.0002952364449505,0.007943050441314877,20.048433294366518
NV_HiddenHills,Qby_poly,0.0,0.0,0.0,0.0,0.07139644499676322,0.03701976220646518,0.1069483312835747,0.0535839929381987,0.07093738975373268,0.03677298464909685,0.03677298464909685,1.0,8.046926818272478,14,0.0367729846490968,0.07139644499676322,1.0064712733950911
NV_HiddenHills,Qfy_poly,0.0008578870375989564,0.0004291275902980746,0.00043004806036128133,0.1670071409201844,0.009716759041715615,0.004882098608757403,0.0048847603546052715,0.8995932387236735,0.0007934733926596286,0.0003968941588071721,0.0003968941588071721,1.0,2.8323185427037254,14,0.0003968941588071,0.008858872004116659,12.245853650046403
NV_HiddenHills,Qse_poly,0.0,0.0,0.0,0.0,0.0009168912918972031,0.00045865591475570985,0.0004742212942119638,0.01378103035248901,0.0010896577148953774,0.0005451258577459297,0.0005451258577459297,1.0,12.75251697083371,14,0.0005451258577459,0.0009168912918972031,0.8414489058017982
NV_HiddenHills,Qsu_poly,0.0007130695715624837,0.0003566619481725299,0.0003624837589437991,0.021724433076556728,0.08512158842511036,0.04445273804883632,0.04493825993726369,0.8044734414392811,0.004299580315476824,0.0021544217123311998,0.0021544217123311998,1.0,7.779878515883994,14,0.0021544217123311,0.08440851885354787,19.7976505099127
OR_Camas,QTc_poly,0.13481250310312026,0.07227825799143968,0.10470632484988464,0.18921841829698846,0.29004607399985544,0.1696221574100066,0.1701822594539456,0.9809662502339931,0.014208596879004753,0.0071551306228205165,0.0071551306228205165,1.0,7.166114699015482,27,0.0071551306228205,0.15523357089673517,20.413421287814863
OR_Camas,QTfg_poly,0.01016358556725933,0.005107749307199582,0.0051164202293181305,0.7508664552761596,0.005535419539026532,0.0027753912469817587,0.002777119662844586,0.8168276675761375,0.00015862157999047894,7.931708069556956e-05,7.931708069556956e-05,1.0,8.40992288950667,27,7.931708069556956e-05,-0.0046281660282327984,34.897014260977535
OR_Camas,QTwh_poly,0.0322774406290198,0.016403451022758968,0.016450944438913276,0.8503416951412618,0.19993901437853306,0.11107346694117953,0.11136739934484176,0.9767897324777065,0.0065687665076872475,0.0032952059731598355,0.0032952683186832847,0.9942911909325777,12.167560364832408,27,0.0001403621637439,0.16766157374951327,30.43783245218869
OR_Camas,Qa_poly,7.380237756618586e-05,3.690255053107665e-05,4.709387539345011e-05,0.0001704967544724952,0.03157130047615513,0.01603883365640427,0.016384685681418727,0.43176563307358673,0.0033562596374091505,0.001680950672151284,0.001680950672151284,1.0,5.423253664972641,27,0.0016809506721512,0.03149749809858895,9.406691938924741
OR_Camas,Qaas_poly,0.0014092795638976645,0.0007051366492836277,0.0010630344376431008,0.002090032154340836,0.03498800251356155,0.01780549053049892,0.018036896308159654,0.581212677997244,0.00025462915839197437,0.0001273307902619681,0.0001273307902619681,1.0,11.101518203393782,27,0.0001273307902619,0.03357872294966389,137.40768235074344
OR_Camas,Qac_poly,0.5848011469108232,0.4132289576367913,0.49374859698180196,0.7170290046644591,0.29059329313327426,0.1699965794950695,0.17244697793533578,0.9228604713621263,0.016565268083220442,0.008351809019302523,0.008351809019302523,1.0,2.0578645190338154,27,0.0083518090193025,-0.29420785377754893,17.542323593762223
OR_Camas,Qbbb_poly,0.00046594388771695514,0.00023302623243281746,0.0002330369502727924,0.8351648351648352,0.00267755274317257,0.0013405710964947038,0.0013408686186543227,0.8579881656804734,1.3838427434327948e-05,6.919261593013701e-06,6.919261593013701e-06,1.0,7.017576708851572,27,6.919261593013701e-06,0.002211608855455615,193.48677845652938
OR_Camas,Qbph-pattern_poly,0.0,0.0,0.0,0.0,5.667621755392813e-06,2.833818908203254e-06,3.203118043228e-06,2.4578539494026185e-05,0.002376853960942718,0.0011898410196415727,0.0011898410196415727,1.0,0.595674520571988,27,0.0011898410196415,5.667621755392813e-06,0.0023845056736867824
OR_Camas,Qbph_poly,0.1304834816448348,0.06979530823275984,0.0699099035906151,0.9770532942963436,0.6518272018036286,0.4834893588386176,0.4855837602867862,0.9911579750662235,0.00477673381064092,0.0023940848583647073,0.002394086406500873,0.9997299696949685,7.017576708851572,27,0.0019927385654215,0.5213437201587938,136.45876610322765
OR_Camas,Qfg_poly,7.579559444091175e-05,3.7899233517922546e-05,0.0012079291009192976,3.912532252650741e-05,0.6333922294478659,0.4634777023051494,0.6058970390168839,0.6635014692588223,0.06857389006635271,0.03550427827068597,0.03550427827068597,1.0,5.884182009773179,27,0.0355042782706859,0.633316433853425,9.236638447009348
OR_Camas,Qfs_poly,0.004347418225168063,0.002178444417064663,0.004461107607878527,0.00423937948696387,0.302976307842141,0.1785339292799678,0.17922064323578227,0.9789890867796284,0.015322875790658783,0.007720588706217458,0.007720588706217458,1.0,5.04091077649741,27,0.0077205887062174,0.298628889616973,19.772809750689433
OR_Camas,Qgwg_poly,0.2190736110332455,0.12301104211294556,0.12619848670948966,0.829650917886212,0.14200292239406567,0.0764279578830335,0.07653124532864511,0.9826478061772179,0.001720466305912985,0.0008609737911554711,0.0008609737911554711,1.0,3.1003491545723287,27,0.0008608777995175,-0.07707068863917982,82.53746202760432
OR_Camas,Qh_poly,0.012373473709787242,0.006225250843719419,0.01542990035963177,0.010327712278738334,0.25120736649976133,0.14364617147143707,0.1451270529935901,0.9336755198763201,0.010956497599123632,0.005508425323980387,0.005508425323980387,1.0,12.275612620483296,27,0.0055084253239803,0.23883389278997408,22.927706981823686
OR_Camas,Qlo_poly,1.3582490539795339e-05,6.791291391223207e-06,0.0004160772239327619,6.903931789153923e-06,0.04324256875126558,0.022099095197338627,0.0233238405437507,0.2961966239773551,0.004226974915885621,0.002117963747760079,0.002117963747760079,1.0,5.0260776646533545,27,0.00211796374776,0.043228986260725785,10.23014557970367
OR_Camas,Qls_poly,0.00010456917499900409,5.228732132052875e-05,6.506357253232847e-05,0.0002662044006122701,0.03891367581407864,0.019842918353036976,0.019867260580077,0.9418438457662408,0.0018439047262345336,0.0009228031436562528,0.0009228031436562528,1.0,5.04091077649741,27,0.0009228031436562,0.03880910663907963,21.103951446311903
OR_Camas,Qt_poly,0.01499445246056721,0.0075538592217810115,0.0076217966144862094,0.4587152385038418,0.007523042132799406,0.0037757235299986937,0.0037778677814923377,0.8693201762939272,0.0002998754836616459,0.00014996022652855306,0.00014996022652855306,1.0,6.602348648592581,27,0.0001499602265285,-0.007471410327767804,25.087219671774733
OR_Camas,Qtdl_poly,0.0007840525948771037,0.00039218004232847515,0.0003933388017570185,0.11748468322897732,0.0013808355648749074,0.0006908947884852174,0.0006910082444233372,0.8079849188716084,8.687010020547647e-05,4.343693678826395e-05,4.343693678826395e-05,1.0,2.5581845514468826,27,4.343693678826395e-05,0.0005967829699978038,15.895406608358634
OR_Camas,Qtds_poly,0.03962884579908069,0.020214970881488045,0.020230767265387466,0.9628111031668442,0.04295388592573509,0.0219483259064917,0.02195793701990603,0.980447375716808,0.0012018076268339708,0.0006012651159180151,0.0006012651159180151,1.0,8.212063255681016,27,0.000601265115918,0.0033250401266543966,35.74106617952854
OR_Camas,Qtdwl_poly,0.0074471232567331035,0.003737478359372361,0.003783157411656723,0.23637275985663084,0.00848892554929408,0.004262555030800155,0.004267919994941725,0.772258064516129,0.00040787833583954836,0.00020398076758778767,0.00020398076758778767,1.0,2.0578645190338154,27,0.0002039807675877,0.0010418022925609768,20.812396254929958
OR_Camas,Ta_poly,0.008333992072544127,0.004184432550122471,0.004235780290420708,0.2566063977746871,0.00019014072790624162,9.50794031865862e-05,9.51028680171908e-05,0.27816411682892905,8.410698502076823e-06,4.205366936075106e-06,4.205366936075106e-06,1.0,11.127020878437852,27,4.205366936075106e-06,-0.008143851344637885,22.607007950563304
OR_Camas,Tbem_poly,0.5807705135701882,0.40921536588925017,0.4184207227097407,0.9489808790931537,0.4079968539190591,0.25627892440001226,0.26115629311300864,0.9320759603338132,0.008724629519543179,0.004381427927488548,0.004381427927488548,1.0,15.538330257601167,27,0.0043814279274885,-0.17277365965112906,46.763802750036064
OR_Camas,Td_poly,0.002699466942923803,0.0013515577141472988,0.001351751088203514,0.904286553141515,0.008676655055690707,0.004357230621395324,0.004357973815688706,0.962335374549115,6.972243612812052e-05,3.4862433410953644e-05,3.4862433410953644e-05,1.0,14.416468626123724,27,3.4862433410953644e-05,0.005977188112766905,124.44566681156498
OR_Camas,Tmv_poly,0.1641579287591192,0.08941832815072252,0.10775691046157916,0.3444424872291703,0.0868503720338404,0.04539653917512438,0.04582750273826832,0.8283952791967588,0.00016600755545797914,8.301066792801939e-05,8.301066792801939e-05,1.0,12.282088203088144,27,8.301066792801939e-05,-0.0773075567252788,523.1712002157908
OR_Camas,Ttfc_poly,0.008257199209435906,0.004145715604524064,0.0041524296997037255,0.7194146572664257,0.0037104752250315654,0.0018586859165379975,0.0018587872586356582,0.9715030511286213,9.8718894106487e-05,4.936188352851997e-05,4.936188352851997e-05,1.0,7.226325737582515,27,4.936188352851997e-05,-0.00454672398440434,37.58627219860381
OR_Camas,Ttfh_poly,0.6129018840995639,0.44185907043907857,0.5276055325127963,0.7310958914789669,0.3821502517502005,0.23620874074592724,0.24264484772061057,0.8990429492726967,0.008219426432366537,0.004126672657342009,0.004126672717691871,0.9999964561551977,3.1003491545723287,27,0.004126105420033,-0.2307516323493634,46.49354245028164
OR_Camas,Tvs_poly,0.3258751453193335,0.19465402739122048,0.210711260127194,0.7186546209254059,0.07770357416911533,0.0404222642902377,0.04047026713173498,0.9714931021853254,0.00028740926704180634,0.0001437252875106726,0.0001437252875106726,1.0,9.603443747939616,27,0.0001437252875106,-0.24817157115021815,270.3586247196846
OR_Camas,af_poly,0.0,0.0,0.0,0.0,0.03869069908850691,0.01972697476656329,0.021382786337334925,0.20302837237969265,0.0016877517095059069,0.0008445885826650646,0.0008445885826650646,1.0,0.595674520571988,27,0.000844588582665,0.03869069908850691,22.924402250988507
OR_Carlton,Qa_poly,0.0,0.0,0.0,0.0,0.09142642531716881,0.04790301329219763,0.07916098215361372,0.1081896600605408,0.11807737281294395,0.06274294761492737,0.06274294761492737,1.0,2.1193132188330805,9,0.0627429476149273,0.09142642531716881,0.7742925095564661
OR_Carlton,Qaf_poly,0.0,0.0,0.0,0.0,0.0044139190654667905,0.002211840976260845,0.0023080071830577165,0.050408677865519655,0.0064869374987207,0.0032540230715024663,0.0032540230715024663,1.0,1.1657086601798488,9,0.0032540230715024,0.0044139190654667905,0.6804318781146368
OR_Carlton,Qff_poly,0.0,0.0,0.0,0.0,0.7154881484107747,0.5570117142364684,0.5684155223147367,0.9652341910561578,0.2406976166374273,0.136814238935651,0.136814238935651,1.0,1.5840597377684242,9,0.136814238935651,0.7154881484107747,2.9725601707496083
OR_Carlton,Qls_poly,0.0,0.0,0.0,0.0,0.003900442512791233,0.001954032051237619,0.0019925710959240424,0.09175842339478703,0.003535644484109595,0.0017709529721085242,0.0017709529721085242,1.0,1.1657086601798488,9,0.0017709529721085,0.003900442512791233,1.103177236942562
OR_Carlton,Qtd_poly,0.0,0.0,0.0,0.0,7.59220042003146e-05,3.796244319254305e-05,3.798580948639317e-05,0.0581270182992465,6.69359541893644e-05,3.346909723766193e-05,3.346909723766193e-05,1.0,3.5642649958317256,9,3.346909723766193e-05,7.59220042003146e-05,1.1342484785609885
OR_Carlton,Tes_poly,0.6513087721918703,0.4829191135545282,0.6637582026199595,0.63931774628455,0.19001867370494396,0.1049837757685064,0.10539167808218475,0.9644446491222299,0.037611965428302974,0.019166426193844996,0.019166426193844996,1.0,7.514469662642773,9,0.0191664261938449,-0.46129009848692637,5.052080409548475
OR_Carlton,Tidb_poly,0.13979154945102473,0.07514832512978326,0.0870719623229769,0.3543255585036506,0.35111608166511626,0.2129416617876223,0.21433449302773416,0.970386447150771,0.01928349603715472,0.009735616378504435,0.009735616378504435,1.0,20.55996149356737,9,0.0097356163785044,0.21132453221409153,18.208113351883853
OR_Carlton,Tk_poly,0.0141589306545604,0.007129941500921511,0.007859779960127003,0.07130846631027507,0.04385547809420698,0.022419344584765317,0.022449323002706204,0.9437845840534855,0.005363474579659454,0.0026889483428712306,0.0026889483428712306,1.0,7.514469662642773,9,0.0026889483428712,0.02969654743964658,8.17669170289822
OR_Carlton,Ty_poly,1.990763426490634e-06,9.953827040310581e-07,2.323713160847425e-05,1.0399278824869608e-06,0.3721826029402168,0.22863903753115378,0.2342943442880683,0.9045101078018956,0.1143222062403385,0.06062658563338281,0.06062658563338281,1.0,1.5840597377684242,9,0.0606265856333828,0.3721806121767903,3.255558260988953
