map,label,map_w,map_h,iou,dice,f1,precision,recall,tp,fp,fn,tn,gt_positive_frac,pred_positive_frac,delta_e_nearest,n_legend_entries,target_rgb
AK_Hughes,ad_poly,12496,7336,0.34990311322036943,0.5184121879467779,0.5184121879467779,0.3610211773393913,0.9191063457996959,1122443,1986635,98790,88462788,0.013321962046393559,0.03391573853251361,10.304680381594492,84,"(143, 168, 63)"
AK_Hughes,afi_poly,12496,7336,0.0016470346456065445,0.0032886527661698376,0.0032886527661698376,0.0016497816465467806,0.4972774471318222,3927,2376388,3970,89286371,8.6145341863813e-05,0.025965942689446884,7.800618935557282,84,"(230, 206, 229)"
AK_Hughes,agl_poly,12496,7336,0.055526429408499355,0.10521087461469913,0.10521087461469915,0.05620115466502619,0.8222243364094758,86424,1451338,18686,90114208,0.0011466046452203854,0.016774855412837887,7.250930907597974,84,"(175, 222, 232)"
AK_Hughes,al_poly,12496,7336,0.0003801749383663092,0.0007600609206189674,0.0007600609206189675,0.0004700630111115022,0.001984151963882391,1576,3351166,792718,87525196,0.008664648369048433,0.03657377558201395,1.1052886132582607,84,"(255, 253, 244)"
AK_Hughes,al1_poly,12496,7336,0.00221489175884973,0.004419993710056888,0.004419993710056888,0.002442638517968856,0.023204027062277262,10639,4344897,447859,86867261,0.00500157869493156,0.04751287042169743,3.9657369675315994,84,"(254, 252, 220)"
AK_Hughes,al2_poly,12496,7336,0.002222011172515168,0.0044341695707034055,0.0044341695707034055,0.002782050897497975,0.01091754458242599,12985,4654435,1176385,85826851,0.012974380809492625,0.050915093266050156,0.0,84,"(254, 253, 241)"
AK_Hughes,als_poly,12496,7336,8.938163796596524e-05,0.0001787472992055455,0.0001787472992055455,9.07232457148387e-05,0.006007921555829168,405,4463721,67006,87139524,0.0007353607243740025,0.04869743705117589,0.4240937450004616,84,"(254, 253, 242)"
AK_Hughes,alsa_poly,12496,7336,5.8135969849073506e-05,0.00011626518050911843,0.00011626518050911843,5.881955170485465e-05,0.004977474204330766,274,4658041,54774,86957567,0.0006004975027123184,0.05081577031585767,0.0,84,"(254, 253, 241)"
AK_Hughes,altip_terr_poly,12496,7336,0.0039657990230930465,0.007900267174343905,0.007900267174343905,0.004074060774173179,0.12985919143054594,6013,1469910,40291,90154442,0.0005051125629558056,0.01610027749774148,0.678582896071079,84,"(228, 229, 231)"
AK_Hughes,ao_poly,12496,7336,0.08257204799461743,0.1525479032043657,0.15254790320436573,0.08360274645268784,0.8700900989611541,88362,968565,13193,90600536,0.0011078245147498453,0.011529610958603808,8.146980835548218,84,"(237, 213, 109)"
AK_Hughes,av_poly,12496,7336,5.7348885629517605e-05,0.00011469119384687657,0.00011469119384687657,5.734895083368934e-05,0.9805598755832037,2522,43973871,50,47694213,2.8056960779248705e-05,0.47972159160724237,0.2730329751185863,84,"(242, 153, 192)"
AK_Hughes,b_poly,12496,7336,0.009524490064057497,0.018869260048269137,0.018869260048269137,0.009554972308617281,0.7490935460478607,4132,428313,1384,91236827,6.017192677229232e-05,0.004717376517955757,12.856886204244804,84,"(129, 159, 211)"
AK_Hughes,bedrock_poly,12496,7336,0.005655636621424035,0.011247660561869018,0.011247660561869016,0.006431786271962629,0.04476886711457454,12254,1892971,261463,89503968,0.002985873691140598,0.020783368235087137,1.0343359047795047,84,"(245, 245, 246)"
AK_Hughes,br_undiff_poly,12496,7336,0.010086708184690192,0.019971964986684843,0.019971964986684843,0.07014087116970777,0.011643700569986804,71161,943383,6040384,84615728,0.0666684985869415,0.011067271079635342,0.3963747162089032,84,"(255, 255, 255)"
AK_Hughes,c_poly,12496,7336,0.051580149182736346,0.09810027171551924,0.09810027171551924,0.06486328966307692,0.20119662461547144,249515,3597268,990640,86833233,0.013528374881488794,0.04196307922133774,6.230360203507792,84,"(254, 239, 244)"
AK_Hughes,d_poly,12496,7336,0.008418024831664647,0.016695506475243475,0.01669550647524348,0.008445225849252214,0.7232663642255347,3348,393089,1281,91272938,5.0495984232948e-05,0.004324579067046275,9.926040629906446,84,"(156, 211, 174)"
AK_Hughes,ds_poly,12496,7336,0.019880434284470977,0.038985813662399976,0.038985813662399976,0.01991680395722928,0.9158741120757695,92833,4568206,8527,87001090,0.001105697334597453,0.05084548538629417,6.81213590152606,84,"(250, 187, 117)"
AK_Hughes,dt_poly,12496,7336,9.022953886351449e-05,0.00018044279645671344,0.00018044279645671344,9.097234056456666e-05,0.010929802955665025,71,780386,6425,90883774,7.086237061508537e-05,0.008513705847157896,0.46361069443312014,84,"(222, 227, 244)"
AK_Hughes,dta_poly,12496,7336,0.0015726734023117752,0.003140407968539021,0.0031404079685390207,0.0015949867399360227,0.10105633802816902,1435,898259,12765,90758197,0.00015490234955883812,0.009814416512956992,0.46361069443312014,84,"(223, 228, 244)"
AK_Hughes,dti_poly,12496,7336,0.000830616850551655,0.0016598549975728536,0.0016598549975728536,0.0008389987736898427,0.0767596794438544,795,946763,9562,90713536,0.00011298053763245678,0.010336546517131938,0.9082725999440421,84,"(220, 225, 244)"
AK_Hughes,f_poly,12496,7336,0.0009903138850412751,0.0019786682674234305,0.0019786682674234305,0.0009903231347351273,0.9906566903414485,52166,52623570,492,38994428,0.0005744259100753026,0.5746193852916248,0.0,84,"(200, 142, 191)"
AK_Hughes,fd_poly,12496,7336,0.0003436631576909224,0.0006870901877982877,0.0006870901877982877,0.00034366432736675337,0.9901934077907927,18175,52867733,180,38784568,0.00020022764972904743,0.5769120709684896,0.394750313443233,84,"(176, 123, 180)"
AK_Hughes,fdi_poly,12496,7336,2.105938288813473e-05,4.2117878799733386e-05,4.2117878799733386e-05,2.1059388806698774e-05,0.9868305531167691,1124,53371745,15,38297772,1.2424913813205395e-05,0.5822241416053573,0.394750313443233,84,"(177, 122, 180)"
AK_Hughes,fi_poly,12496,7336,0.0003584785274676611,0.0007167001333268913,0.0007167001333268913,0.00035847940687210435,0.9932032790287434,19143,53381414,131,38269968,0.00021025266798570746,0.5825261793697647,0.0,84,"(200, 142, 191)"
AK_Hughes,fl_poly,12496,7336,0.0007963836025199044,0.0015914997607269516,0.0015914997607269514,0.000796585415868681,0.7586544741998694,2323,2913874,739,88753720,3.340218270064523e-05,0.031811673737777116,7.800618935557282,84,"(247, 193, 217)"
AK_Hughes,gr_poly,12496,7336,0.01127434377217157,0.022297300117625745,0.022297300117625745,0.011403755060327713,0.49836919609204156,66773,5788579,67210,85748094,0.0014615691197846343,0.06387378748549591,0.0,84,"(253, 237, 221)"
AK_Hughes,grfn_poly,12496,7336,0.009283052792742224,0.018395340666932835,0.018395340666932835,0.00931752979957524,0.7150004100713524,61026,6488564,24325,85096741,0.0009310612983941121,0.0714469633554275,0.0,84,"(253, 237, 221)"
AK_Hughes,high_level_poly,12496,7336,0.00016125648031798645,0.0003224609617162466,0.0003224609617162466,0.00016316770538973467,0.01358005082592122,342,2095661,24842,89549811,0.00027472258952744924,0.02286449221002629,1.4749733924928288,84,"(224, 223, 227)"
AK_Hughes,I_poly,12496,7336,0.06678650503377768,0.12521062971576122,0.12521062971576122,0.06790529799248582,0.8021219036679916,106148,1457029,26186,90081293,0.00144358081172671,0.017052097892699708,0.0,84,"(173, 210, 239)"
AK_Hughes,I1_poly,12496,7336,0.08062680087346401,0.14922228619222447,0.14922228619222447,0.08271786024148771,0.7613037431067298,124799,1383932,39129,90122796,0.0017882276308789588,0.016458167376919394,0.0,84,"(174, 210, 238)"
AK_Hughes,id_poly,12496,7336,0.00034919596862443593,0.0006981481467305309,0.0006981481467305309,0.00035535993441427173,0.019734279655515646,456,1282750,22651,90364799,0.0002520653937504276,0.013998001716056226,3.9657369675315994,84,"(238, 244, 218)"
AK_Hughes,id1_poly,12496,7336,0.27374353463861195,0.42982519980567174,0.42982519980567174,0.2918993835159876,0.8148522704452763,564022,1368226,128155,89610253,0.0075506932120132314,0.02107815176974407,0.23531443592814755,84,"(208, 228, 174)"
AK_Hughes,id1A_poly,12496,7336,0.24586831890025734,0.39469390973403706,0.3946939097340371,0.260705267357183,0.8120385251535671,485556,1376915,112391,89695794,0.006522774310680181,0.02031698125952104,0.0,84,"(208, 228, 175)"
AK_Hughes,id1B_poly,12496,7336,0.09664693568923814,0.17625898097913514,0.17625898097913514,0.09876363207619172,0.8184947043325016,187635,1712204,41609,89729208,0.0025007348043849494,0.02072461442841644,0.0,84,"(208, 228, 175)"
AK_Hughes,id2_poly,12496,7336,0.00586839449400997,0.011668314714196772,0.01166831471419677,0.005882053779374564,0.716479972844535,8443,1426940,3341,90231932,0.0001285471329015034,0.015658042198367163,6.432348214498003,84,"(210, 225, 139)"
AK_Hughes,idt_poly,12496,7336,0.24593545908567038,0.39478041545771575,0.3947804154577158,0.261015815804388,0.8097677595628415,192051,543732,45117,90889756,0.0025871746788852477,0.008026374328552858,6.981586625227101,84,"(199, 196, 225)"
AK_Hughes,igl_poly,12496,7336,0.2395888645202266,0.38656182122603633,0.3865618212260363,0.2487364826981894,0.8669284631082321,370442,1118853,56862,90124499,0.004661295322245758,0.016246147513114775,0.25684149965948244,84,"(142, 216, 247)"
AK_Hughes,igl1A_poly,12496,7336,0.08971451763889525,0.16465691919619713,0.16465691919619715,0.09116774433889466,0.8491297855598308,137047,1366193,24350,90143066,0.0017606179233625207,0.016398268165551254,0.1518891289193779,84,"(143, 215, 246)"
AK_Hughes,igl1B_poly,12496,7336,0.027320170733620194,0.0531872565377755,0.05318725653777551,0.027449558389661524,0.8528539120692159,41105,1456369,7092,90166090,0.000525762573358262,0.01633536908473743,0.1518891289193779,84,"(142, 215, 246)"
AK_Hughes,ii1_poly,12496,7336,6.482840365365909e-05,0.0001296484024083538,0.00012964840240835382,6.483151731112471e-05,0.574438202247191,409,6308251,303,85361693,7.766934710274136e-06,0.06881875046252532,8.52794100430492,84,"(182, 169, 153)"
AK_Hughes,ik_poly,12496,7336,0.10493693612239494,0.1899419463533455,0.1899419463533455,0.10552969428131186,0.9491923941934165,64995,550898,3479,91051284,0.0007469565833585831,0.006718540336397287,8.929125250657815,84,"(137, 198, 122)"
AK_Hughes,io_poly,12496,7336,2.8842040407542708e-05,5.768241713647956e-05,5.768241713647957e-05,2.8844041514839167e-05,0.29365079365079366,185,6413618,445,85256408,6.872428184652676e-06,0.06996571509207919,6.7290321411055025,84,"(220, 212, 201)"
AK_Hughes,io1_poly,12496,7336,0.019310284358534435,0.037888922842933256,0.037888922842933256,0.019516572843007084,0.6462569132216608,129939,6527941,71125,84941651,0.0021933300008238187,0.07262825740005613,0.0,84,"(206, 173, 136)"
AK_Hughes,io1A_poly,12496,7336,0.0027274281254233133,0.005440018990050327,0.005440018990050327,0.00273023361230263,0.7263474339703672,16913,6177795,6372,85469576,0.00025400712742799616,0.06757569183316414,0.0,84,"(206, 173, 136)"
AK_Hughes,io1B_poly,12496,7336,0.002045790319550482,0.004083227212397317,0.004083227212397316,0.002046974481800753,0.7795612627073302,14570,7103252,4120,84548714,0.00020388203614469608,0.07764558813673156,0.9101570099982772,84,"(205, 174, 136)"
AK_Hughes,io2_poly,12496,7336,0.006104970644625373,0.012135852267410695,0.012135852267410695,0.0061196988595866005,0.7172479333165404,62643,10173645,24695,81409673,0.0009527367187161833,0.11166373675781266,1.5382798559117759,84,"(223, 196, 159)"
AK_Hughes,io2B_io2A_poly,12496,7336,0.0051312825530542795,0.010210173819325801,0.010210173819325801,0.005137521508366021,0.8086270479414788,53502,10360469,12662,81244023,0.0007217576800148567,0.11360201240405654,1.5382798559117759,84,"(220, 197, 160)"
AK_Hughes,l2_poly,12496,7336,0.0248364626743903,0.04846912376551791,0.04846912376551791,0.02501182230829363,0.7798551625910249,38875,1515390,10974,90105417,0.0005437836072646845,0.01695488030542729,0.0,84,"(173, 210, 239)"
AK_Hughes,l3_poly,12496,7336,0.026110450949129088,0.05089208656821984,0.050892086568219835,0.026272591458396527,0.8088258134658693,41661,1544060,9847,90075088,0.0005618810014842699,0.017298021735548615,0.0,84,"(174, 210, 238)"
AK_Hughes,lake_poly,12496,7336,0.0016443760884329473,0.0032833531095227135,0.0032833531095227127,0.001789832400065294,0.019832669322709162,2489,1388144,123011,90157012,0.0013690313288474776,0.0151698816249335,1.0343359047795047,84,"(248, 246, 247)"
AK_Hughes,ls_poly,12496,7336,0.0016265029399139094,0.003247723448091471,0.0032477234480914707,0.001626623176941397,0.9565294851238197,5369,3295334,244,88369709,6.123006254040552e-05,0.03600610210534547,10.5999123310463,84,"(242, 112, 97)"
AK_Hughes,lsa_poly,12496,7336,0.013618895787338554,0.026871826963643847,0.026871826963643847,0.013669623689056668,0.7858616163510219,20955,1512006,5710,90131985,0.00029087825006946606,0.01672248314662437,0.2724818758872599,84,"(173, 210, 238)"
AK_Hughes,m_poly,12496,7336,0.3337959592644021,0.5005202736533898,0.5005202736533898,0.3498277467090355,0.8792813231193691,1470467,2732936,201884,87265369,0.018243035154019187,0.0458533099184978,0.0,84,"(230, 164, 114)"
AK_Hughes,m1_poly,12496,7336,0.14345439966120405,0.25091407178757347,0.25091407178757347,0.14562113317965303,0.906025966509254,619893,3636996,64296,87349471,0.007463555186078302,0.04643676816275865,0.0,84,"(230, 164, 114)"
AK_Hughes,m2_poly,12496,7336,0.011273488219491713,0.02229562695120286,0.022295626951202862,0.011284477069625145,0.9204883454188456,47349,4148592,4090,87470625,0.0005611283069688079,0.04577190982466625,0.0,84,"(230, 164, 114)"
AK_Hughes,m3_poly,12496,7336,0.16326676490127795,0.2807039104484925,0.28070391044849247,0.16707287688627198,0.877552250349675,698930,3484454,97524,87389748,0.008688210979967243,0.045634930331468336,0.2730695892516978,84,"(230, 164, 113)"
AK_Hughes,near_surfa_poly,12496,7336,0.0013949869629618621,0.0027860873703643933,0.0027860873703643933,0.0045931517740906746,0.0019994515485765555,5257,1139273,2623964,87902162,0.028681162704889993,0.012485238460604012,0.3963747162089032,84,"(253, 253, 253)"
AK_Hughes,pg_poly,12496,7336,0.003833877208937392,0.007638469463886027,0.007638469463886027,0.003838333259304084,0.7675720446691229,26875,6974862,8138,84660781,0.0003819433778241971,0.07637926142908806,6.112702969129001,84,"(252, 211, 195)"
AK_Hughes,pr_poly,12496,7336,2.769239426785719e-05,5.538325484078549e-05,5.538325484078549e-05,2.76924373658084e-05,0.9467905405405406,1121,40479245,63,51190227,1.2915801540680585e-05,0.4415847749578666,0.2730329751185863,84,"(242, 153, 193)"
AK_Hughes,rga_poly,12496,7336,0.00044544388103105075,0.0008904910982512728,0.0008904910982512729,0.00044544388103105075,1.0,704,1579742,0,90090210,7.679665780945214e-06,0.017240478785272354,0.17819115093969232,84,"(241, 134, 144)"
AK_Hughes,rgi_poly,12496,7336,0.006510937269838597,0.012937638387714927,0.012937638387714927,0.006513121627826508,0.9510133512630872,9901,1510261,510,90149984,0.00011356960290542701,0.01658286376831426,0.17819115093969232,84,"(242, 134, 144)"
AK_Hughes,sa_poly,12496,7336,0.022116768377560644,0.04327640258297947,0.04327640258297947,0.022201578682792853,0.8527183304532766,76980,3390341,13296,88190039,0.0009847862330122303,0.037823673913711275,0.18448763870725193,84,"(253, 206, 124)"
AK_Hughes,sap_poly,12496,7336,0.058461454911967185,0.11046496712878308,0.11046496712878309,0.058671877339804585,0.9421990363617456,217452,3488787,13340,87951077,0.002517621342210096,0.040429938670887226,0.18448763870725193,84,"(253, 206, 125)"
AK_Hughes,sd_poly,12496,7336,0.18753605219835653,0.31584060433566025,0.31584060433566025,0.18977374756263268,0.9408441437704707,592029,2527628,37224,88513775,0.0068642794483765885,0.03403114078293495,0.0,84,"(168, 205, 61)"
AK_Hughes,sd1_poly,12496,7336,0.31799463371710346,0.48254313876874005,0.48254313876874005,0.3207040361914187,0.9741201454534099,998140,2114200,26518,88531798,0.011177600823539432,0.03395132243844748,0.37745847389156867,84,"(167, 206, 60)"
AK_Hughes,sd2_poly,12496,7336,0.013151512866506442,0.02596159152799744,0.025961591527997437,0.013170289368161439,0.9021984525349056,41161,3084131,4462,88540902,0.000497683795346681,0.034092610835031005,0.0,84,"(168, 205, 61)"
AK_Hughes,sdt_poly,12496,7336,0.15546563823733958,0.26909608229371856,0.26909608229371856,0.15813800070948322,0.9019582322664615,76229,405812,8286,91180329,0.0009219416952792396,0.005258400245330414,6.981586625227101,84,"(177, 172, 212)"
AK_Hughes,sgl_poly,12496,7336,0.5125156445556946,0.6776996276375672,0.6776996276375672,0.5358437171758575,0.921706411755733,271908,235531,23097,91140120,0.0032180963120848616,0.005535457278717412,9.386052107919593,84,"(121, 205, 208)"
AK_Hughes,si_poly,12496,7336,0.08237451068868841,0.15221073644144767,0.15221073644144764,0.08287310966981667,0.9319340247348296,474278,5248664,34640,85913074,0.005551591122027097,0.06242937761894057,5.887291337736494,84,"(249, 169, 130)"
AK_Hughes,so_poly,12496,7336,0.08393256153793507,0.15486675927300783,0.15486675927300786,0.08568153515661589,0.8043750900965836,111599,1190887,27141,90341029,0.001513461406886845,0.01420831983573893,0.8014401368085532,84,"(236, 224, 170)"
AK_Hughes,so1_poly,12496,7336,0.01702725559528804,0.033484364360169716,0.033484364360169716,0.01710589583098144,0.7874052119019208,20456,1175389,5523,90469288,0.00028339493937951094,0.013045014099168223,0.7246075865249866,84,"(233, 223, 171)"
AK_Hughes,so2_poly,12496,7336,0.025400113050761442,0.04954185732473005,0.04954185732473005,0.0255549808592936,0.8073704918032787,30781,1173720,7344,90458811,0.0004158909913331481,0.013139439080702116,0.7246075865249866,84,"(232, 224, 171)"
AK_Hughes,st_poly,12496,7336,0.20962645233722374,0.3465970042771243,0.3465970042771243,0.21779348843195828,0.8482592863814961,1597363,5736938,285744,84050611,0.020542091462724996,0.08000707445575606,6.721078271604117,84,"(219, 179, 168)"
AK_Hughes,tailings_poly,12496,7336,0.00036676537636055136,0.0007332618176745725,0.0007332618176745726,0.00036958042045061437,0.04593967517401392,594,1606634,12336,90051092,0.0001410484070278716,0.017532633343433256,0.678582896071079,84,"(226, 227, 230)"
AK_Hughes,td2_poly,12496,7336,0.03687684762701721,0.07113062213977114,0.07113062213977114,0.03701323346754092,0.9091558802509331,57245,1489364,5720,90118327,0.0006868610168994536,0.01687136394005951,8.189823387666513,84,"(254, 245, 110)"
AK_Hughes,tg_poly,12496,7336,0.02274880828098618,0.044485621683044305,0.044485621683044305,0.023010654725964082,0.6665699249284112,34451,1462725,17233,90156247,0.0005638009179295062,0.01633211831711993,0.0,84,"(254, 249, 175)"
AK_Hughes,tg1_poly,12496,7336,0.16349527560482358,0.2810415805424449,0.28104158054244494,0.1715685308808954,0.7765120769382133,252559,1219500,72689,90125908,0.0035480055907966884,0.01605812660487561,0.0,84,"(254, 249, 175)"
AK_Hughes,tg2_poly,12496,7336,0.011762807378421305,0.023252104727786774,0.023252104727786774,0.011843578733471274,0.6329994234649755,17567,1465684,10185,90177220,0.00030273591584203344,0.016180215837006774,0.0,84,"(254, 249, 175)"
AK_Hughes,tg3_poly,12496,7336,0.15502408160025194,0.2684343713171255,0.26843437131712544,0.16177724783799052,0.7878533352733429,238250,1234454,64154,90133798,0.0032988091630979494,0.016065162662302755,0.0,84,"(254, 249, 175)"
AK_Hughes,tgH_poly,12496,7336,0.01587090053863968,0.031245900498231692,0.0312459004982317,0.015959381589347104,0.7411099822199645,23342,1439246,8154,90199914,0.00034357777476796937,0.01595481110116633,0.0,84,"(254, 249, 175)"
AK_Hughes,Tgmd_poly,12496,7336,0.14791317174908084,0.25770794410121595,0.25770794410121595,0.1496804055896078,0.9260786184177953,280562,1593845,22395,89773854,0.003304841627837811,0.020447186502079794,6.432348214498003,84,"(185, 203, 137)"
AK_Hughes,tra_poly,12496,7336,8.44001187123671e-05,0.00016878599186698364,0.00016878599186698364,8.440016440437413e-05,0.9936265137029955,4677,55409907,30,36256042,5.1346856293905e-05,0.6044964268609575,0.2613298107118163,84,"(225, 111, 154)"
AK_Hughes,tri_poly,12496,7336,3.60530993524005e-05,7.21035991465773e-05,7.21035991465773e-05,3.60530993524005e-05,1.0,1991,55222110,0,36446555,2.171905478673568e-05,0.6024185209277874,0.2613298107118163,84,"(225, 112, 154)"
AK_Hughes,us_poly,12496,7336,0.38772842720579104,0.5587958272015616,0.5587958272015615,0.4039604635077904,0.9060966620026587,4149698,6122837,430054,80968067,0.04995875670399915,0.11205914136798585,6.112702969129001,84,"(249, 190, 167)"
AK_Kechumstuk,alteration_poly,17572,15950,0.0005765829356073819,0.0011525013585981319,0.0011525013585981319,0.0005954414822466792,0.01787958323391394,1124,1886551,61741,278323984,0.00022429884534172704,0.00673512006490805,0.8452513107458861,31,"(253, 251, 251)"
AK_Kechumstuk,Dog_poly,17572,15950,0.0034483819963680843,0.006873063045868892,0.006873063045868892,0.0034519097619437502,0.7713884992987378,12100,3493206,3586,276764508,5.596678100740206e-05,0.01250673806361931,8.395137115713508,31,"(177, 172, 212)"
AK_Kechumstuk,Jgmv_poly,17572,15950,0.36373360511415875,0.5334379144872806,0.5334379144872805,0.3837508020115591,0.8745791707966929,1210568,1944000,173604,276945228,0.004938649190397662,0.011255324265520738,5.625516861896109,31,"(254, 224, 203)"
AK_Kechumstuk,Jmig_poly,17572,15950,0.054995497869935746,0.10425731290981456,0.10425731290981458,0.05628786142094127,0.7054739101717306,170894,2865178,71346,277165982,0.0008642989309724005,0.010832537087001479,5.833992170297479,31,"(254, 239, 237)"
AK_Kechumstuk,Jt_poly,17572,15950,0.6243276295497356,0.7687213074406665,0.7687213074406664,0.6490396409656983,0.9425202328612682,449765,243205,27429,279553001,0.0017026018166547377,0.0024724786583386078,13.765135841648807,31,"(249, 170, 144)"
AK_Kechumstuk,Kdm_poly,17572,15950,0.00010777401374321601,0.00021552479951372723,0.0002155247995137272,0.00010777401486189445,0.9999036979969184,10383,96330094,1,183932922,3.704953805819603e-05,0.34373749702968603,18.52836154734184,31,"(224, 45, 54)"
AK_Kechumstuk,Kgc_poly,17572,15950,0.07339036079193559,0.1367449596580856,0.1367449596580856,0.07349074259202455,0.9817284786229504,295891,3730344,5507,276241658,0.0010753714052064876,0.014365383942964263,1.9339041726232817,31,"(247, 171, 183)"
AK_Kechumstuk,Kgg_poly,17572,15950,0.13283325849819075,0.23451511067796374,0.2345151106779637,0.13456431551923198,0.9117063222297757,301752,1940685,29223,278001740,0.0011809005064340747,0.008000891272593118,6.136126317429016,31,"(252, 231, 241)"
AK_Kechumstuk,Kggp_poly,17572,15950,0.002373488396550447,0.0047357365772855865,0.0047357365772855865,0.0023742764684798277,0.8773121387283237,12142,5101837,1698,275157723,4.938035503904402e-05,0.018246394413454863,4.229442949942529,31,"(244, 175, 204)"
AK_Kechumstuk,Kgkc_poly,17572,15950,9.475987999808987e-05,0.00018950180282808433,0.00018950180282808433,9.475987999808987e-05,1.0,20941,220969208,0,59283251,7.471633055438011e-05,0.7884806371207542,8.311557615149647,31,"(201, 108, 148)"
AK_Kechumstuk,Kgu_poly,17572,15950,0.00016839439483644364,0.000336732085877064,0.00033673208587706405,0.00016839452513229227,0.9954261279060327,36780,218378872,169,61857579,0.00013183198976428017,0.7792949741216969,3.8367107890300076,31,"(244, 121, 157)"
AK_Kechumstuk,Kgvc_poly,17572,15950,0.15263979084695128,0.26485254467016567,0.2648525446701656,0.15270418022525264,0.9972451530376061,527791,2928506,1458,276815645,0.0018883311794840323,0.012331876660432279,3.8367107890300076,31,"(226, 131, 155)"
AK_Kechumstuk,Kqfp_poly,17572,15950,0.0005637047714399318,0.001126774374788459,0.0011267743747884593,0.000563705286877231,0.9983805477973103,85076,150837759,138,129350427,0.0003040388420734897,0.5384843335114927,7.93439914285755,31,"(223, 132, 183)"
AK_Kechumstuk,Kr_poly,17572,15950,0.044884243349585545,0.08591237476354342,0.08591237476354344,0.04491034546419588,0.9872165576015827,19461,413869,252,279839818,7.033489442808343e-05,0.0015460974890945769,17.23467472549955,31,"(224, 111, 48)"
AK_Kechumstuk,MDag_poly,17572,15950,0.021532568942744502,0.04215738116902149,0.04215738116902149,0.021590883615726388,0.8885469489928902,137723,6241034,17275,273877368,0.0005530242969900104,0.02275905241096729,6.784930219146062,31,"(178, 187, 211)"
AK_Kechumstuk,MzPzmh_poly,17572,15950,0.0,0.0,0.0,0.0,0.0,0,1392816,697,278879887,2.486857475593474e-06,0.004969490504628695,0.0,31,"(254, 254, 254)"
AK_Kechumstuk,Pzam_poly,17572,15950,0.02487677190982489,0.04854587905913377,0.04854587905913376,0.025066891546632632,0.7663525372154024,184353,7170089,56206,272862752,0.0008583012158842045,0.026240242563154405,10.886871976985251,31,"(203, 175, 182)"
AK_Kechumstuk,Pzm_poly,17572,15950,0.06823986081804952,0.12776130777556266,0.12776130777556266,0.06907258715049827,0.8498572322914599,55658,750132,9833,279457777,0.0002336682681981237,0.002875014182580295,12.49787484357187,31,"(110, 154, 190)"
AK_Kechumstuk,Pzms_poly,17572,15950,0.04491814900798092,0.08597448336144814,0.08597448336144814,0.04505007929581857,0.938793549358668,286762,6078643,18696,273889299,0.0010898572608032014,0.022711413212955636,10.324746122396254,31,"(178, 200, 208)"
AK_Kechumstuk,Pzmv_poly,17572,15950,0.019342329204288324,0.03795060530722234,0.03795060530722234,0.02393742882325982,0.09153736546420627,67325,2745216,668167,276792692,0.0026241948040734513,0.010034990833949993,4.261332732342396,31,"(237, 236, 245)"
AK_Kechumstuk,Pzq_poly,17572,15950,0.046744796872379715,0.08931460086938248,0.08931460086938246,0.04871646412681307,0.5359591136591325,258395,5045664,223722,274745619,0.0017201668085519354,0.018924589347401502,4.261332732342396,31,"(221, 222, 226)"
AK_Kechumstuk,Pzqm_poly,17572,15950,0.007733227585499085,0.01534776739282019,0.01534776739282019,0.007739035340199509,0.9115419607071725,74143,9506250,7195,270685812,0.0002902094883067747,0.034182312698957516,6.784930219146062,31,"(159, 165, 181)"
AK_Kechumstuk,Pzum_poly,17572,15950,0.010604080812141923,0.020985628325625342,0.02098562832562534,0.01060440057494949,0.997164461247637,2110,196864,6,280074420,7.549771044986788e-06,0.0007099282343597359,13.359992199597635,31,"(144, 115, 143)"
AK_Kechumstuk,Qa_poly,17572,15950,0.3025110189516042,0.4645043528232051,0.4645043528232052,0.3208509125722754,0.8410765884224538,518120,1096711,97900,278560669,0.0021979253114994147,0.005761627753472145,6.03144000038811,31,"(253, 248, 153)"
AK_Kechumstuk,Qc_poly,17572,15950,0.01955430362214862,0.038358532846516295,0.038358532846516295,0.07411852825580698,0.025874737899658433,266583,3330129,10036246,266640442,0.03675992441665887,0.012832869619450151,9.909039560369843,31,"(255, 253, 229)"
AK_Kechumstuk,Qf_poly,17572,15950,0.09721914033141262,0.17721006999941286,0.17721006999941288,0.09783455860637258,0.9392288116840009,67910,626221,4394,279574875,0.00025797667563172243,0.0024766210421681115,6.03144000038811,31,"(254, 230, 130)"
AK_Kechumstuk,Qls_poly,17572,15950,0.05412047845683866,0.1026836676886638,0.10268366768866381,0.054135424108348894,0.9949246979643626,18035,315111,92,279940162,6.46761340890716e-05,0.0011886465144391155,9.099336947009103,31,"(252, 216, 9)"
AK_Kechumstuk,Qs_poly,17572,15950,0.1953228815179953,0.326811917579869,0.32681191757986905,0.19993475006946249,0.8943775139046592,557673,2231602,65859,277418266,0.002224727712298063,0.009951979031902421,5.625516861896109,31,"(254, 222, 185)"
AK_Kechumstuk,sz_poly,17572,15950,0.0002026318373391688,0.0004051815719919489,0.00040518157199194893,0.0002191820855175437,0.0026763588303320668,324,1477899,120736,278674441,0.000431935388802505,0.005274217960034738,0.0,31,"(254, 254, 254)"
AK_Kechumstuk,Tb_poly,17572,15950,0.0,0.0,0.0,0.0,0.0,0,1385876,472,278887052,1.6840699117361833e-06,0.004944728968214607,0.8245293742838947,31,"(255, 254, 255)"
AK_Kechumstuk,Trg_poly,17572,15950,0.5029661131597053,0.6692980084591702,0.6692980084591701,0.5086282776693768,0.9783461172113148,2081990,2011353,46081,276133976,0.00759283970580155,0.014604821577787974,1.9339041726232817,31,"(244, 171, 188)"
AR_Maumee,Qal_poly,15825,9740,0.26635424921498413,0.42066309546495023,0.42066309546495023,0.30443776655968807,0.6804318293383665,357620,817070,167958,152792852,0.0034098439360173353,0.007621151519280114,4.094976909086449,19,"(252, 245, 181)"
AR_Maumee,Qbx_poly,15825,9740,0.011068832210848792,0.02189530892104583,0.021895308921045825,0.011125305396048042,0.6855916569406272,18210,1618599,8351,152490340,0.00017232240463747807,0.010619286277333904,7.348993941416771,19,"(246, 215, 172)"
AR_Maumee,Qls_poly,15825,9740,0.026291822770492194,0.05123654342196155,0.05123654342196155,0.02639414221703331,0.871501496215455,39608,1461028,5840,152629024,0.00029485744685682404,0.009735823350234048,9.194366949168279,19,"(252, 193, 161)"
AR_Maumee,Qtm_poly,15825,9740,0.18336794976925702,0.30990859572462076,0.3099085957246208,0.18894681690258985,0.8613107287449393,306351,1315010,49329,152464810,0.002307580018879492,0.010519062772690263,4.094976909086449,19,"(252, 234, 176)"
AR_Maumee,Qto1_poly,15825,9740,0.22563613191614926,0.3681943213658227,0.3681943213658227,0.2428854302532253,0.7606027258105477,35940,112031,11312,153976217,0.00030656143458191007,0.0009600059687742278,9.014047975146621,19,"(252, 222, 111)"
AR_Maumee,Qto2_poly,15825,9740,0.16166384682045146,0.278331545331183,0.278331545331183,0.16681143869330473,0.8397136365584944,19588,97838,3739,154014335,0.000151340865666897,0.0007618361766108391,9.014047975146621,19,"(251, 194, 56)"
AR_Maumee,Qty_poly,15825,9740,0.06299124230469673,0.11851695441652729,0.11851695441652729,0.06845368022081971,0.4411496781145679,158843,2161602,201223,151613832,0.00233603550123106,0.015054578601295613,13.290624939910074,19,"(253, 249, 236)"
AR_Maumee,Su_poly,15825,9740,0.0022644048923534076,0.004518577894815316,0.004518577894815315,0.0022644362778981067,0.9939163347403048,200624,88397144,1228,65536504,0.0013095750167871774,0.5748044285709651,15.061887363542889,19,"(166, 66, 105)"
AR_Maumee,Mb_poly,15825,9740,0.5993826168546649,0.7495174832316319,0.7495174832316319,0.6253444299792986,0.9352221716491829,23849167,14288483,1651904,114345946,0.16544579931294218,0.2474293722082194,7.768765775633034,19,"(222, 187, 214)"
AR_Maumee,Mbs_poly,15825,9740,0.25303264756220556,0.40387239399465685,0.4038723939946569,0.27231375260291835,0.7813571119019791,2022932,5405749,566066,146140753,0.016796896237401507,0.04819578228247224,9.972791071917234,19,"(224, 154, 170)"
AR_Maumee,Mbv_poly,15825,9740,0.32453146518172565,0.4900320961981827,0.49003209619818267,0.34925374905992645,0.820938802272768,411920,767509,89847,152866224,0.0032553629760827324,0.007651897194351723,8.69987270946754,19,"(227, 166, 153)"
AR_Maumee,Mf_poly,15825,9740,0.047167723376691596,0.09008628192739708,0.0900862819273971,0.047503127817818624,0.8697973645391472,492942,9884101,73790,143684667,0.003676842777945379,0.06732415958685702,3.000868443746229,19,"(247, 207, 203)"
AR_Maumee,Mfw_poly,15825,9740,0.011745789358079748,0.023218854936934454,0.023218854936934454,0.011760503259048018,0.9037365222694413,374916,31504332,39935,122216317,0.0026914695187027,0.20682612376772386,7.768765775633034,19,"(199, 180, 224)"
AR_Maumee,Oc_poly,15825,9740,0.00011880270279964802,0.00023757718078809488,0.00023757718078809488,0.00011882183696015576,0.42454545454545456,934,7859574,1266,146273726,1.4273155762300055e-05,0.0509973886612753,4.684326934138149,19,"(251, 195, 194)"
AR_Maumee,Oel_poly,15825,9740,0.009884754941562626,0.019576005862440432,0.019576005862440432,0.009891620518573816,0.9343897411924695,175897,17606528,12351,136340724,0.001221315011791573,0.11536878266200842,5.09352292078359,19,"(251, 195, 208)"
AR_Maumee,Oeu_poly,15825,9740,0.2315013271570326,0.3759660213951408,0.3759660213951408,0.24113891968275852,0.852774808741503,3271946,10296772,564877,140001905,0.02489253286880699,0.08803110250396566,4.1309869500380225,19,"(251, 217, 221)"
AR_Maumee,Of_poly,15825,9740,0.044931465683396565,0.08599887582868584,0.08599887582868584,0.0453704760706761,0.8228062309896795,187195,3938726,40313,149969266,0.0014760259641678913,0.026768142316338547,15.22219802451807,19,"(250, 108, 89)"
AR_Maumee,Opl_poly,15825,9740,0.007662246242348274,0.015207965309648928,0.01520796530964893,0.007662521734823398,0.995329656101098,768713,99552438,3607,53810742,0.005010656208336172,0.6508633702164653,15.061887363542889,19,"(236, 71, 121)"
AR_Maumee,Osp_poly,15825,9740,0.09678424882884458,0.17648730629053364,0.17648730629053364,0.102991835870302,0.6162369975187231,814107,7090471,506987,145723935,0.00857099110847274,0.051283305922386474,3.000868443746229,19,"(251, 213, 203)"
AZ_GrandCanyon,Cba_poly,17482,12844,0.029227294545713337,0.05679463554960202,0.05679463554960201,0.02939165460757128,0.8393978059658451,2124860,70169811,406550,151837587,0.011273819535017751,0.3219696035796182,7.999431321984626,41,"(249, 226, 217)"
AZ_GrandCanyon,Cm_poly,17482,12844,0.019632167105757232,0.03850833219882316,0.03850833219882316,0.019730101036072697,0.7981902845203557,1578901,78446082,399200,144114625,0.00880961744483831,0.35639711332216567,5.269887653920204,41,"(243, 201, 194)"
AZ_GrandCanyon,Ct_poly,17482,12844,0.007846464351671268,0.015570753342313406,0.015570753342313406,0.00786328047218429,0.7858230219758773,603960,76203678,164610,147566560,0.0034228826938459563,0.3420684321081815,5.269887653920204,41,"(243, 184, 174)"
AZ_GrandCanyon,Dtb_poly,17482,12844,0.11697667990495743,0.20945232252281376,0.20945232252281376,0.12883491923231835,0.559646687062992,178168,1204749,140190,223015701,0.0014178306317543113,0.006158921980203975,10.652194794949624,41,"(134, 111, 165)"
AZ_GrandCanyon,MPu_poly,17482,12844,0.13571378600289524,0.23899293585320497,0.238992935853205,0.1369982216168619,0.9353807558468884,5270676,33201911,364116,185702105,0.025094958195377968,0.17134047937049707,6.928413474366927,41,"(107, 189, 240)"
AZ_GrandCanyon,Mr_poly,17482,12844,0.22553873672392175,0.3680646395997666,0.3680646395997666,0.23953599797520184,0.7942242177845279,1796285,5702734,465400,216574389,0.010072579524872154,0.033397429454600114,10.3587044056153,41,"(175, 162, 202)"
AZ_GrandCanyon,Ms_poly,17482,12844,0.03294456616570516,0.0637876750501637,0.06378767505016371,0.03347321856256,0.6759542940825096,35080,1012922,16817,223473989,0.00023112708427667434,0.0046673535382801175,10.652194794949624,41,"(95, 91, 144)"
AZ_GrandCanyon,Pc_poly,17482,12844,0.06310600613960266,0.11872006323951825,0.11872006323951824,0.07833074844906944,0.2450996315306448,125254,1473786,385779,222553989,0.0022759228329028987,0.0071214415639010605,6.469465838334655,41,"(213, 193, 112)"
AZ_GrandCanyon,Pe_poly,17482,12844,0.3066716184922623,0.4693935555838023,0.4693935555838023,0.3072254458083392,0.9941561614030411,6578726,14834624,38671,203086787,0.029471061412243715,0.09536591999722382,10.136479479795671,41,"(103, 157, 216)"
AZ_GrandCanyon,Ph_poly,17482,12844,0.2288802592799672,0.37250213363191964,0.37250213363191964,0.2319279753619584,0.9457039499976091,4370759,14474570,250940,205442539,0.020583074441189696,0.08392905069666176,8.327685759732748,41,"(156, 173, 218)"
AZ_GrandCanyon,Pk_poly,17482,12844,0.3710418912360495,0.5412553673346047,0.5412553673346047,0.6277414600676333,0.4757145439541674,17931937,10633863,19762805,176210203,0.16787628978595096,0.12721987906874432,10.53463908485734,41,"(195, 227, 247)"
AZ_GrandCanyon,Pt_poly,17482,12844,0.08451187018778156,0.15585236549443846,0.15585236549443846,0.08534674617470106,0.8962589167635778,2876206,30824036,332918,190505648,0.014292068389353879,0.15008649195287435,6.928413474366927,41,"(152, 193, 235)"
AZ_GrandCanyon,Qa_poly,17482,12844,0.15916227763179536,0.27461604074447427,0.27461604074447427,0.1627439937737834,0.8785217400483464,166450,856322,23016,223493020,0.0008438006850023003,0.004554989888429443,3.2559811043112576,41,"(253, 245, 118)"
AZ_GrandCanyon,Qhb_poly,17482,12844,0.006445389407642325,0.012808224818707453,0.012808224818707453,0.006446138743333588,0.9822840397732491,117657,18134665,2122,206284364,0.0005334445348975042,0.08128805066071251,1.5436108178788477,41,"(246, 197, 161)"
AZ_GrandCanyon,Qhp_poly,17482,12844,0.0015785964883187707,0.0031522168981117627,0.0031522168981117627,0.001578674747343588,0.9695531573700863,44741,28296119,1405,196196543,0.00020551458525601508,0.12621809233083664,1.5436108178788477,41,"(242, 196, 165)"
AZ_GrandCanyon,Qi_poly,17482,12844,3.6827698832719704e-05,7.36526852065304e-05,7.36526852065304e-05,3.682770916136154e-05,0.9924421350968351,2101,57047334,16,167489357,9.42821429781528e-06,0.2540738303019761,4.82520292714424,41,"(252, 97, 149)"
AZ_GrandCanyon,Ql_poly,17482,12844,0.14286579292612403,0.2500132453178761,0.2500132453178761,0.14450236499890382,0.9265485919821522,162802,963837,12906,223399263,0.0007825284259993043,0.005017569167820647,4.913647354191145,41,"(250, 205, 26)"
AZ_GrandCanyon,Qp_poly,17482,12844,1.794607744112686e-05,3.5891510770421955e-05,3.5891510770421955e-05,1.7946097794491296e-05,0.9405594405594405,538,29978124,34,194560112,2.547443825389863e-06,0.13351216329606594,4.045642356451866,41,"(239, 166, 202)"
AZ_GrandCanyon,Qr_poly,17482,12844,0.0015783278966681365,0.0031516814066507456,0.003151681406650746,0.001582449014635287,0.3773562490099794,9529,6012150,15723,218501406,0.0001124616284593441,0.026817987739562597,7.828565179803162,41,"(252, 239, 177)"
AZ_GrandCanyon,Qsb_poly,17482,12844,0.000515339937023874,0.0010301489971284428,0.0010301489971284426,0.0005153530196122896,0.9530525610232922,34125,66182621,1681,158320381,0.00015946463918165986,0.29490112016627434,1.0257385271252653,41,"(246, 202, 223)"
AZ_GrandCanyon,Qsp_poly,17482,12844,4.681053183059016e-05,9.361668141453509e-05,9.361668141453509e-05,4.681088958449006e-05,0.8596491228070176,2744,58616095,448,165919521,1.4215805403224552e-05,0.26106328577285404,1.0257385271252653,41,"(242, 202, 223)"
AZ_GrandCanyon,Qt_poly,17482,12844,0.041300096910893584,0.07932410077251291,0.07932410077251291,0.041696095890252347,0.8130362142147566,36011,827643,8281,223666873,0.00019725766068910458,0.0038463462405126866,7.205230492125031,41,"(254, 238, 3)"
AZ_GrandCanyon,Qtb_poly,17482,12844,0.015686971026732326,0.030889381225152005,0.030889381225152005,0.015701488496285762,0.9443404613728885,40363,2530285,2379,221965781,0.00019035462235107261,0.01144856883715175,0.6895670666346476,41,"(248, 211, 124)"
AZ_GrandCanyon,Qtg_poly,17482,12844,0.027732097187190507,0.05396756073511909,0.05396756073511909,0.028105055121802027,0.6763557564775551,36206,1252032,17325,223233245,0.00023840422275689643,0.005737262130651375,3.2559811043112576,41,"(252, 236, 127)"
AZ_GrandCanyon,Qti_poly,17482,12844,1.6052975061855837e-05,3.210543473596851e-05,3.21054347359685e-05,1.605297996105901e-05,0.9813432835820896,263,16382988,5,208155552,1.1935575965113345e-06,0.07296400629329074,5.9748080808128305,41,"(252, 97, 110)"
AZ_GrandCanyon,Qtp_poly,17482,12844,0.0009883178870026589,0.001974684158330459,0.0019746841583304585,0.0009884598742959626,0.8731009830205541,2931,2962288,426,221573163,1.4950644968240857e-05,0.013205819637200533,0.6895670666346476,41,"(245, 209, 125)"
AZ_GrandCanyon,Trm_poly,17482,12844,0.0063061230420505075,0.012533210118978861,0.012533210118978861,0.006365316359156376,0.40409683426443205,217,33874,320,224504397,2.39156876614398e-06,0.00015182676127861158,15.106083537896318,41,"(94, 152, 89)"
AZ_GrandCanyon,Xbr_poly,17482,12844,0.10707333314623511,0.19343494227602648,0.19343494227602648,0.11353522182213649,0.6529315213417243,83935,655351,44616,223754906,0.0005725112783176438,0.0032924642585614866,9.845047230102468,41,"(137, 124, 81)"
AZ_GrandCanyon,Xec_poly,17482,12844,0.0009866339247142184,0.001971322875402999,0.001971322875402999,0.0009869748601389725,0.7406779661016949,12673,12827573,4437,211694125,7.620063610563035e-05,0.057184974456620435,5.9748080808128305,41,"(251, 86, 83)"
AZ_GrandCanyon,Xg_poly,17482,12844,0.039924150411402945,0.07678281227646959,0.07678281227646959,0.04023761772993831,0.836728970420839,50720,1209792,9897,223268399,0.00026996224189450584,0.005613782362289908,7.5209139574469726,41,"(242, 151, 66)"
AZ_GrandCanyon,Xgd_poly,17482,12844,0.05947595994477654,0.11227429822546729,0.11227429822546729,0.059959795200836705,0.8805345528674512,81637,1279892,11076,223166203,0.00041290412479610207,0.006063668958285376,4.913647354191145,41,"(243, 189, 40)"
AZ_GrandCanyon,Xgr_poly,17482,12844,0.12471780809003087,0.2217761774428089,0.22177617744280886,0.12758166673305812,0.8474688392173247,121705,832233,21905,223562965,0.0006395776359514654,0.004248432636197124,11.614147545737978,41,"(242, 124, 73)"
AZ_GrandCanyon,Xo_poly,17482,12844,5.290583314447794e-05,0.00010580606853074851,0.0001058060685307485,5.290823122571157e-05,0.5385852090032154,670,12662766,574,211874798,5.5402449629108215e-06,0.05639753819304145,7.6157151959833955,41,"(172, 85, 84)"
AZ_GrandCanyon,Xr_poly,17482,12844,0.038259297803582185,0.07369892643296141,0.0736989264329614,0.04028833106161566,0.4317128311891092,26543,632283,34940,223845042,0.0002738190362175611,0.0029341297652208075,8.731874530549767,41,"(171, 148, 102)"
AZ_GrandCanyon,Xum_poly,17482,12844,0.0028091860383453893,0.005602633237621682,0.005602633237621682,0.0028220899087608256,0.38056405028882095,1120,395749,1823,224140116,1.3106865696018124e-05,0.0017674851110815553,14.807245286162765,41,"(96, 116, 89)"
AZ_GrandCanyon,Xv_poly,17482,12844,0.009867223263761703,0.019541624951193288,0.019541624951193288,0.009901310993380734,0.7413406268640529,218737,21872984,76319,202370768,0.0013140534708815236,0.09838709484910065,4.045642356451866,41,"(227, 175, 204)"
AZ_GrandCanyon,Yb_poly,17482,12844,0.033415676265822224,0.06467034908269925,0.06467034908269925,0.033963268308371465,0.6745362159052778,56286,1600975,27158,222854389,0.0003716239555346709,0.007380733044596906,8.731874530549767,41,"(195, 153, 68)"
AZ_GrandCanyon,Yd_poly,17482,12844,0.017820513226558053,0.03501700544443903,0.03501700544443903,0.017911097081223324,0.7789391107727095,33760,1851105,9581,222644362,0.00019302231265073787,0.008394384101299763,6.114879507303,41,"(239, 187, 94)"
AZ_GrandCanyon,Yh_poly,17482,12844,0.010527126076216064,0.020834920319441452,0.020834920319441456,0.010547548572907791,0.8446460706918065,134705,12636509,24776,211742818,0.0007102602949597915,0.056877535396910095,7.6157151959833955,41,"(189, 107, 103)"
AZ_GrandCanyon,Yi_poly,17482,12844,0.0014835710709860035,0.00296274669668215,0.00296274669668215,0.0014837183911980871,0.937271092761537,84450,56833359,5652,167615347,0.0004012758453763592,0.25348762428631044,4.82520292714424,41,"(244, 121, 166)"
AZ_GrandCanyon,Ys_poly,17482,12844,0.054658192321609324,0.10365100791810235,0.10365100791810233,0.05531700047302874,0.821089585952887,147581,2520333,32157,221838737,0.0008004763256781875,0.01188175008036918,7.104181817323547,41,"(242, 177, 108)"
AZ_PipeSpring,Qaf_poly,11067,14425,0.15109574162220873,0.2625250640042739,0.2625250640042739,0.15287421956225455,0.9285094966217874,170271,943527,13110,158514567,0.0011487052471796568,0.006976871142038746,11.339423122711183,33,"(204, 124, 45)"
AZ_PipeSpring,Qs_poly,11067,14425,0.053146438461812044,0.10092886709931019,0.10092886709931019,0.05436216381370514,0.7038341849088409,1326959,23082647,558370,134673499,0.011809769359748147,0.15290265891116328,5.552032788689625,33,"(254, 249, 196)"
AZ_PipeSpring,Qfp_poly,11067,14425,0.023685925676281236,0.046275766975370926,0.046275766975370926,0.023697211536599507,0.9802893321395634,145621,5999448,2928,153493478,0.0009305163335530444,0.03849293549812165,6.204810814794531,33,"(238, 223, 113)"
AZ_PipeSpring,Qps_poly,11067,14425,0.025180833098385723,0.04912466617676053,0.04912466617676053,0.02528684696752304,0.8572699238088722,175412,6761475,29205,152675383,0.0012817283227933092,0.043452912220962626,4.131414463316157,33,"(226, 235, 177)"
AZ_PipeSpring,Qes_poly,11067,14425,0.482728821084883,0.6511356820213153,0.6511356820213152,0.4994238909776056,0.935235546681479,7475637,7492884,517683,144155271,0.050070446918634395,0.09376335942774269,10.549040102827421,33,"(219, 181, 168)"
AZ_PipeSpring,Qd_poly,11067,14425,0.7786712208973917,0.8755650979774995,0.8755650979774996,0.795411959672819,0.9736824343826677,5582987,1436001,150902,152471585,0.035917289037826795,0.04396719586811635,6.270061589043992,33,"(249, 170, 130)"
AZ_PipeSpring,Qae_poly,11067,14425,0.5851019671344349,0.7382515185344054,0.7382515185344054,0.5909728569199896,0.9833047482925173,4871511,3371695,82712,151315557,0.03103343288453079,0.051635741902284475,4.404349326425042,33,"(235, 199, 109)"
AZ_PipeSpring,Qv_poly,11067,14425,0.06601984311613428,0.1238623155890766,0.1238623155890766,0.06643003213555361,0.9144707077003509,454780,6391220,42535,152752940,0.0031151992300246538,0.042883592750568106,6.204810814794531,33,"(254, 247, 156)"
AZ_PipeSpring,Qtr_poly,11067,14425,0.0012010842970582925,0.0023992868483588827,0.002399286848358883,0.0012029241342042453,0.43986820428336076,37647,31258591,47940,128297297,0.0005361200778181234,0.19604077198610198,4.64032323921093,33,"(254, 236, 207)"
AZ_PipeSpring,Qg1_poly,11067,14425,0.0848826266844227,0.1564825993090843,0.15648259930908434,0.08563752170037067,0.9059207464992338,730077,7795123,75818,151040457,0.005048155562331155,0.053402162564584174,4.404349326425042,33,"(253, 218, 128)"
AZ_PipeSpring,Qa1_poly,11067,14425,0.5122417839191811,0.6774601645930409,0.6774601645930408,0.5366038391768494,0.9185849880786922,15744453,13596472,1395445,128905105,0.10736494385309331,0.18379262030747334,4.64032323921093,33,"(254, 234, 189)"
AZ_PipeSpring,Qg2_poly,11067,14425,0.0459707114636912,0.08790057113427498,0.08790057113427498,0.046297555543630145,0.866875479847183,566810,11675953,87044,147311668,0.0040957652138957,0.07668911227486466,3.9741456039342586,33,"(234, 201, 142)"
AZ_PipeSpring,Qa2_poly,11067,14425,0.2058776117270124,0.3414568936762368,0.34145689367623683,0.2127254197481746,0.8647832927000365,6243968,23108274,976301,129312932,0.04522802736569554,0.18386351040667848,6.509518541737444,33,"(222, 211, 184)"
AZ_PipeSpring,Ql_poly,11067,14425,0.1883800724273948,0.3170367406828156,0.31703674068281557,0.190555329485368,0.9428647754662216,1570610,6671668,95175,151304022,0.010434537766579769,0.051629928876565444,5.107425568001592,33,"(233, 181, 121)"
AZ_PipeSpring,Qg3_poly,11067,14425,0.003464595956766642,0.006905267950112932,0.006905267950112933,0.0034652964860100613,0.9448679195689316,28758,8270099,1678,151340940,0.00019065220989720872,0.051984341788372974,5.107425568001592,33,"(250, 186, 100)"
AZ_PipeSpring,Qa3_poly,11067,14425,0.009596623262851909,0.019010806973258656,0.01901080697325866,0.009603510955242988,0.9304617457548066,107727,11109733,8051,148415964,0.0007252375988132157,0.07026657702830671,3.9741456039342586,33,"(252, 206, 143)"
AZ_PipeSpring,Qg4_poly,11067,14425,0.0006171097541967326,0.001233458329227104,0.001233458329227104,0.0006171219064189312,0.9690770694576594,4074,6597539,130,153039732,2.6334008753051173e-05,0.041352743702725125,6.270061589043992,33,"(246, 150, 92)"
AZ_PipeSpring,Jn_poly,11067,14425,0.26331008328828204,0.4168574078074477,0.4168574078074477,0.3101025176064757,0.6357021878903915,5784279,12868517,3314760,137673919,0.05699671091112131,0.11684179189649807,8.374028851526408,33,"(204, 207, 198)"
AZ_PipeSpring,Jkt_poly,11067,14425,0.008550819806227619,0.01695664638470173,0.01695664638470173,0.008613434709372396,0.5404978411324853,60212,6930263,51189,152599811,0.0006978199117741803,0.04378858940009167,16.42746803809845,33,"(143, 127, 101)"
AZ_PipeSpring,Jnl_poly,11067,14425,0.0012463768615043073,0.0024896506800078243,0.0024896506800078243,0.0012513671404897325,0.2381199991510495,22439,17909149,71795,141638092,0.0005902852000083311,0.11232411877928339,8.374028851526408,33,"(203, 194, 192)"
AZ_PipeSpring,Jk_poly,11067,14425,0.08687433385054116,0.1598608618215608,0.1598608618215608,0.09388262255268233,0.537842273692215,848742,8191717,729308,149871708,0.009884962538713703,0.0566297636626071,7.290858980203122,33,"(139, 156, 137)"
AZ_PipeSpring,Jms_poly,11067,14425,0.11374230948292692,0.2042524711766291,0.2042524711766291,0.1153557445851434,0.8904977464236723,454421,3484880,55879,155646295,0.003196537741836825,0.02467592459916823,7.2765397701324295,33,"(119, 206, 221)"
AZ_PipeSpring,Jmw_poly,11067,14425,0.009225210937591908,0.018281768702590157,0.01828176870259016,0.00937116974477064,0.3719766051180089,73712,7792115,124451,151651197,0.0012413002322861275,0.04927182613415467,7.290858980203122,33,"(119, 138, 129)"
AZ_PipeSpring,Jmd_poly,11067,14425,0.05069973983224179,0.09650661917996986,0.09650661917996987,0.051091673100624686,0.8685787815243841,309829,5754349,46879,153530418,0.002234431873045523,0.03798623133493348,5.275655865593389,33,"(132, 173, 188)"
AZ_PipeSpring,TRcp_poly,11067,14425,0.23817573195172273,0.38472040083726877,0.3847204008372688,0.24252176604008222,0.9300255074455723,1694340,5292002,127481,152527652,0.011411952940174224,0.04376270013791842,7.2765397701324295,33,"(151, 213, 210)"
AZ_PipeSpring,TRcs_poly,11067,14425,0.2821718103791843,0.4401466450829799,0.44014664508297985,0.28532797754404027,0.9622773429681987,3654075,9152503,143245,146691652,0.023786550456264578,0.08022086992117806,5.275655865593389,33,"(156, 179, 188)"
AZ_PipeSpring,TRmu_poly,11067,14425,0.45153925246763904,0.6221523141038251,0.6221523141038251,0.46918617697658765,0.9231080544122914,1129059,1277361,94047,157141008,0.007661580425763418,0.015073902317677784,4.131414463316157,33,"(208, 227, 156)"
AZ_PipeSpring,TRms_poly,11067,14425,0.7075148293659964,0.8287070978220412,0.8287070978220413,0.7096861314034504,0.99569429379669,1873587,766435,8102,156993351,0.011786968267488132,0.016537193733645972,7.760654976548346,33,"(162, 207, 120)"
AZ_PipeSpring,TRmm_poly,11067,14425,0.1424809315969633,0.24942373681073698,0.24942373681073696,0.14327207253711335,0.9626902662052307,2371419,14180439,91906,142997711,0.015430357305330586,0.10368143992656044,7.949506382233436,33,"(182, 220, 194)"
AZ_PipeSpring,TRmv_poly,11067,14425,0.11463497183072678,0.20569060675073764,0.20569060675073766,0.1147427665140822,0.9918715019062505,1339579,10335048,10978,147955870,0.008459938120717063,0.073130287727547,7.760654976548346,33,"(159, 210, 158)"
AZ_PipeSpring,TRml_poly,11067,14425,0.6084051796206359,0.7565322312181766,0.7565322312181767,0.6123973461261065,0.9893988290963979,4639488,2936456,49711,152015820,0.029373312918838917,0.04745598848920683,9.09546066903132,33,"(136, 179, 147)"
AZ_PipeSpring,Pkh_poly,11067,14425,0.0012593890094046338,0.0025156098873651703,0.0025156098873651703,0.0020999626288509677,0.0031364000146710167,13340,6339154,4239944,149049037,0.02664272551979365,0.03979225323494411,9.80119183018528,33,"(222, 241, 252)"
AZ_PipeSpring,Pkf_poly,11067,14425,0.011700380372738654,0.02313012943304006,0.023130129433040058,0.01185509082267755,0.47273293566898217,50087,4174849,55865,155360674,0.0006636871777838435,0.026465152617764276,9.80119183018528,33,"(174, 210, 238)"
AZ_PrescottNF,Qa_poly,22800,15450,9.138710965387602e-05,0.00018275751762644865,0.00018275751762644867,9.159454800100867e-05,0.03878691141260974,729,7958260,18066,344282945,5.335547606881281e-05,0.02259407539885312,3.598675690417091,180,"(236, 238, 237)"
AZ_PrescottNF,Qal_poly,22800,15450,0.023409819682221458,0.045748671220470466,0.045748671220470466,0.03373835466315856,0.07103655136674035,433161,12405669,5664559,333756611,0.017310282177936752,0.03644702776358372,4.155758431636111,180,"(254, 252, 227)"
AZ_PrescottNF,Qc_poly,22800,15450,0.03770741783857007,0.07267446910442339,0.07267446910442339,0.03777754722770336,0.9530788819529877,188255,4794996,9268,347267481,0.0005607307102708227,0.014146513938568103,7.867597334024009,180,"(253, 241, 3)"
AZ_PrescottNF,Qf_poly,22800,15450,0.2118748055397582,0.349664510840938,0.349664510840938,0.22337859896086304,0.8044639703193419,3876086,13476006,942136,333965772,0.013678027593254982,0.04925933117583603,3.6196576200662736,180,"(254, 249, 174)"
AZ_PrescottNF,Qt_poly,22800,15450,0.08919073916719225,0.1637743252121084,0.1637743252121084,0.09063707594089618,0.8482384558204883,1038422,10418501,185788,340617289,0.003475302333503662,0.03252405325611764,3.081659928931451,180,"(254, 236, 133)"
AZ_PrescottNF,Qg_poly,22800,15450,0.08579738340002634,0.15803571589270834,0.15803571589270834,0.08686883701695823,0.8743099888104612,1404892,14767674,201966,335885468,0.004561568159881906,0.045910878328507355,2.9514498620279683,180,"(254, 219, 127)"
AZ_PrescottNF,Qs_poly,22800,15450,0.23445520387606072,0.3798521050255948,0.3798521050255948,0.25284411241826693,0.7632416550169061,5664920,16739873,1757264,328097943,0.021070186793845456,0.06360300062453869,4.803799315949127,180,"(255, 252, 206)"
AZ_PrescottNF,QTl_poly,22800,15450,0.03113943949562616,0.06039811552714495,0.06039811552714494,0.031356883288651737,0.8178678990988432,483647,14940303,107704,336728346,0.0016787344575029807,0.043785698063930054,2.649883454511574,180,"(253, 227, 133)"
AZ_PrescottNF,QTf_poly,22800,15450,0.055313854847765874,0.10482920240963797,0.10482920240963797,0.05603036501678919,0.8122237486842926,1289445,21723880,298104,328948571,0.00450675353432124,0.06533050871515358,3.309380064610755,180,"(254, 231, 168)"
AZ_PrescottNF,QTg_poly,22800,15450,0.021882717333053855,0.04282823647348524,0.04282823647348524,0.02199940439960993,0.8049017332705484,357250,15881826,86593,335934331,0.0012599869414636916,0.046099687730653496,2.649883454511574,180,"(254, 226, 147)"
AZ_PrescottNF,QTs_poly,22800,15450,0.1633460811748979,0.2808211310772283,0.2808211310772283,0.1671865193948429,0.8767102701441786,1563476,7788211,219868,342688445,0.005062578777039687,0.02654768352921138,2.973228611844148,180,"(254, 247, 134)"
AZ_PrescottNF,Tvs_poly,22800,15450,0.2845270275578536,0.44300668098638174,0.44300668098638174,0.30587868265492885,0.8029970398679777,2354087,5342059,577539,343986315,0.00832233577471186,0.021847913473002897,6.328116415682177,180,"(206, 232, 214)"
AZ_PrescottNF,Tvl_poly,22800,15450,0.02642704913311445,0.05149328275289285,0.05149328275289285,0.0266921590875446,0.7268329715282397,463388,16897066,174156,334725390,0.0018098677113495714,0.04928306932379493,3.6196576200662736,180,"(239, 240, 178)"
AZ_PrescottNF,Tvls_poly,22800,15450,0.028143362540990893,0.05474598886956069,0.05474598886956068,0.03384379153760842,0.14316720223014462,437203,12481060,2616590,336725147,0.008669144949753023,0.036672523136319767,4.155758431636111,180,"(237, 243, 215)"
AZ_PrescottNF,Tvg_poly,22800,15450,0.06133961535553971,0.11558904325830043,0.11558904325830044,0.06314149735724471,0.6824853562615085,540396,8018096,251410,343450098,0.0022477885652642934,0.024295951853744394,5.698225548696061,180,"(208, 229, 174)"
AZ_PrescottNF,Tvt_poly,22800,15450,0.003880151718291906,0.007730308666130001,0.007730308666130001,0.003883671888132735,0.8106357006479076,25899,6642790,6050,345585261,9.069721228637938e-05,0.01893115596434452,4.301498232085206,180,"(178, 221, 193)"
AZ_PrescottNF,Tve_poly,22800,15450,0.017990177392311894,0.035344500942819726,0.03534450094281972,0.018064142780099497,0.814596379369236,143092,7778236,32568,344306104,0.0004986657582467496,0.022487162891046387,4.301498232085206,180,"(156, 210, 175)"
AZ_PrescottNF,Tfy_poly,22800,15450,0.0516134690150185,0.0981605324309162,0.0981605324309162,0.052560171046091446,0.7413039473273983,1307738,23573041,456367,326922854,0.005007962868335888,0.07063185998978028,2.5192699909353578,180,"(241, 212, 179)"
AZ_PrescottNF,Taby_poly,22800,15450,0.14075233161496134,0.24677106101672128,0.24677106101672128,0.14436226639686703,0.8491413973766251,3970164,23531233,705340,324053263,0.013272877987849884,0.07807130244705615,4.486036887515995,180,"(199, 196, 224)"
AZ_PrescottNF,Tby_poly,22800,15450,0.07195562337586665,0.13425112347330145,0.13425112347330148,0.07314700281937125,0.8154250097526972,2040089,25850172,461783,323907956,0.007102344858911032,0.07917521433032419,2.345023757839965,180,"(216, 202, 227)"
AZ_PrescottNF,Tcy_poly,22800,15450,0.00013316432880472503,0.00026629319685462567,0.00026629319685462567,0.00013318598710657762,0.4502121287746444,3608,27086329,4406,325165657,2.2750241299040483e-05,0.07690324476239141,2.345023757839965,180,"(219, 199, 228)"
AZ_PrescottNF,Tay_poly,22800,15450,0.004666726836559079,0.009290099317319724,0.009290099317319726,0.004670372965537322,0.8566856791003662,105739,22534637,17689,329601935,0.00035038891727701127,0.06427177652870039,0.0,180,"(177, 172, 212)"
AZ_PrescottNF,Tbsy_poly,22800,15450,0.0004017993435869126,0.0008032759314318568,0.0008032759314318568,0.00040201859163565504,0.4242115971515768,5421,13479030,7358,338768191,3.6277181627207176e-05,0.03827982456140351,4.71289586678525,180,"(219, 213, 213)"
AZ_PrescottNF,Tdy_poly,22800,15450,0.00022806417282919222,0.0004560243428438438,0.0004560243428438438,0.00022817644076674005,0.31671767963853664,6519,28563477,14064,323675940,5.8431272355646394e-05,0.08110485436893204,3.1486294414022598,180,"(232, 203, 230)"
AZ_PrescottNF,Tsvy_poly,22800,15450,0.006443991366642083,0.012805464431044671,0.012805464431044671,0.006466655401208024,0.6477190149374243,128352,19719930,69808,332341910,0.0005625390336683132,0.05634554590359394,3.1929645055775695,180,"(233, 218, 211)"
AZ_PrescottNF,Tsy_poly,22800,15450,0.2155736415333814,0.3546862718435499,0.3546862718435499,0.2212994709004595,0.8928392725723908,5684988,20004129,682326,325888557,0.018075608925225684,0.0729265797990121,2.604904200701557,180,"(254, 220, 182)"
AZ_PrescottNF,Tgy_poly,22800,15450,0.0009457587412470508,0.0018897302535881716,0.0018897302535881716,0.0009458134280808195,0.9423862828713575,21215,22409213,1297,329828275,6.390734116845512e-05,0.06367577357633566,2.4677296455887543,180,"(234, 182, 103)"
AZ_PrescottNF,Tabo_poly,22800,15450,0.01909846930273194,0.03748110683710305,0.037481106837103054,0.019274431547223015,0.6765842139324866,547814,27873984,261862,323576340,0.00229851814001022,0.08068414807244649,1.5436954297263439,180,"(199, 178, 213)"
AZ_PrescottNF,Tbo_poly,22800,15450,0.04974263854700286,0.09477111192864174,0.09477111192864175,0.08741160809205666,0.10348379185533589,1401903,14636047,12145175,324076875,0.03845761085561801,0.0455287287798785,2.6494859588311015,180,"(233, 231, 244)"
AZ_PrescottNF,Tco_poly,22800,15450,0.00035827775896820984,0.0007162988839775168,0.0007162988839775167,0.0003603997604846519,0.057359424164182944,6909,19163470,113542,332976079,0.0003419377732356782,0.05442110656901152,0.9091917182735946,180,"(235, 228, 244)"
AZ_PrescottNF,Tao_poly,22800,15450,0.0013691444076061976,0.00273454482845317,0.0027345448284531704,0.0013697448103216702,0.7574895856718801,30367,22139456,9722,330080455,0.00011380514392778062,0.0629359649122807,0.0,180,"(177, 172, 212)"
AZ_PrescottNF,Tdo_poly,22800,15450,0.0010333244001362303,0.00206451548604627,0.00206451548604627,0.0010372859611870277,0.2129474955668063,24858,23939604,91875,328203663,0.00033138306932379495,0.06803060807358201,0.5313674798308377,180,"(220, 212, 237)"
AZ_PrescottNF,Trdo_poly,22800,15450,0.0002073297287448365,0.00041457350407752777,0.00041457350407752777,0.00020901181470144833,0.02511525009750702,3928,18789268,152471,333314333,0.00044398739567365017,0.05335035485153012,0.9091917182735946,180,"(235, 227, 245)"
AZ_PrescottNF,Tto_poly,22800,15450,0.01972933086193449,0.03869523071432713,0.038695230714327136,0.019817672991833228,0.8156972380408062,236916,11717868,53530,340251686,0.0008245216601373986,0.03393738715721342,5.519573659823395,180,"(248, 170, 160)"
AZ_PrescottNF,Tmo_poly,22800,15450,0.0017287945192220368,0.003451621893432281,0.0034516218934322806,0.001730519340555121,0.6343031877895455,48332,27880856,27865,324302947,0.00021630897632430592,0.07928572077442798,1.5436954297263439,180,"(202, 176, 214)"
AZ_PrescottNF,Tbso_poly,22800,15450,0.004086283476360824,0.008139307435240006,0.008139307435240004,0.0040896139787686995,0.8338223938223939,64788,15777294,12912,336405006,0.00022057571112246637,0.04497269630386646,3.541109312396361,180,"(202, 207, 210)"
AZ_PrescottNF,Tso_poly,22800,15450,0.15400150326799628,0.2669000046046425,0.2669000046046425,0.15693543512438995,0.8917457190308178,4935570,26514115,599158,320211157,0.01571205359677511,0.08927975075228524,3.6174482427234405,180,"(242, 204, 161)"
AZ_PrescottNF,Tbu_poly,22800,15450,0.00011431629681412414,0.00022860646018429222,0.00022860646018429224,0.00011431708165992261,0.9433453237410072,20980,183503649,1260,168734111,6.313518423891443e-05,0.5209919633225458,4.980123268421385,180,"(177, 122, 180)"
AZ_PrescottNF,Tgbd_poly,22800,15450,4.130527071781027e-05,8.260712932578052e-05,8.26071293257805e-05,4.130623961637901e-05,0.6378035902851109,7248,175462610,4116,176786026,3.226026230625107e-05,0.4981259808096293,4.571848884296387,180,"(173, 137, 185)"
AZ_PrescottNF,Tmu_poly,22800,15450,0.0033736014266068075,0.006724517013025231,0.006724517013025232,0.0033796047768622907,0.6550748190010134,71751,21158838,37780,330991631,0.00031093794356441265,0.060269655935956394,1.729711830796476,180,"(179, 169, 213)"
AZ_PrescottNF,Tsu_poly,22800,15450,0.001492401337139189,0.002980354788806414,0.002980354788806414,0.0014929228665040838,0.810323261540867,41461,27730235,9705,324478599,0.00014525066712087661,0.07883863055697496,6.94363867908687,180,"(206, 193, 160)"
AZ_PrescottNF,Tsv_poly,22800,15450,0.006340992923720345,0.012602076171612311,0.012602076171612313,0.0063518706465072305,0.7873571251922022,146450,22909750,39552,329164248,0.0005280247544427411,0.06545222278998467,2.5192699909353578,180,"(236, 214, 183)"
AZ_PrescottNF,Tsb_poly,22800,15450,0.0005106483651222532,0.001020775472918104,0.0010207754729181038,0.0005109861329869763,0.43583317015860584,11129,21768327,14406,330466138,7.248907057287231e-05,0.0618277862942145,4.235673320249563,180,"(233, 218, 199)"
AZ_PrescottNF,Thab_poly,22800,15450,0.02458246513713076,0.047985332510723046,0.04798533251072304,0.024704739653133592,0.8324037596092839,676974,26725622,136302,324721102,0.00230873786407767,0.07779082495883723,6.089362580264592,180,"(215, 165, 203)"
AZ_PrescottNF,Thb_poly,22800,15450,0.23854073114161048,0.38519642534765625,0.3851964253476562,0.2678708548977744,0.6853944056757059,6343439,17337521,2911727,325667313,0.026273678532901835,0.06722579912564583,2.429619973294442,180,"(216, 214, 235)"
AZ_PrescottNF,Thc_poly,22800,15450,0.0017597949982518272,0.003513407120226657,0.003513407120226657,0.0017692613779886294,0.24750062410099738,41640,23493605,126602,328598153,0.0004776074490433203,0.06681214159995458,0.5313674798308377,180,"(219, 212, 236)"
AZ_PrescottNF,Tha_poly,22800,15450,0.003213667799007451,0.006406746443273747,0.006406746443273747,0.0032190485731335983,0.6578362214384297,68636,21253192,35700,330902472,0.00029619031397263386,0.0605286663260092,0.28306473650475183,180,"(177, 172, 213)"
AZ_PrescottNF,Tht_poly,22800,15450,7.096843905451897e-05,0.00014192680578517137,0.00014192680578517137,7.097165171666907e-05,0.6105585309869931,798,11243128,509,341015565,3.710327598932607e-06,0.03191939476523023,5.519573659823395,180,"(245, 151, 151)"
AZ_PrescottNF,Thsb_poly,22800,15450,0.0014788924693824484,0.0029534171523792983,0.002953417152379298,0.001479928435719978,0.6787324082275367,34483,23265968,16322,328943227,0.00014422585590189064,0.066145605518651,4.708603513583045,180,"(219, 199, 192)"
AZ_PrescottNF,Thbs_poly,22800,15450,0.000706651292665345,0.0014123045784746736,0.0014123045784746736,0.0007070994993393977,0.527148020371283,12835,18138783,11513,334096869,6.911940044285471e-05,0.05152903537160052,3.5010704812872873,180,"(190, 203, 209)"
AZ_PrescottNF,Ths_poly,22800,15450,0.1159336937428929,0.20777882125602995,0.20777882125602995,0.11740256735426347,0.902593211618611,4150685,31203610,447937,316457768,0.01305462442514052,0.10036420541645376,4.286965953000297,180,"(241, 201, 141)"
AZ_PrescottNF,Tbx_poly,22800,15450,1.0183260581329235e-05,2.0366313767178297e-05,2.03663137671783e-05,1.0183260728142068e-05,0.9985862393967955,2119,208084471,3,144173407,6.023959575313689e-06,0.5907187588712882,10.26960099345698,180,"(145, 40, 143)"
AZ_PrescottNF,Tr_poly,22800,15450,0.0003020799512623668,0.0006039774530451541,0.0006039774530451541,0.0003020847531178992,0.9500096258743502,59216,195965242,3116,156232426,0.00017694884460341793,0.5564766308976324,8.444771149261944,180,"(159, 85, 159)"
AZ_PrescottNF,Tmcd_poly,22800,15450,0.0033839076968233085,0.006744990966799062,0.006744990966799062,0.0033860565533311683,0.8420766569460558,80564,23712305,15109,328452022,0.00027159768352921136,0.06754348776471925,1.3060136668046105,180,"(223, 174, 105)"
AZ_PrescottNF,Tmcl_poly,22800,15450,0.0024380596244937686,0.004864259893338545,0.004864259893338545,0.00243943525028745,0.8121529008625783,54986,22485477,12718,329706819,0.00019219894396184636,0.06398814228126952,1.3060136668046105,180,"(222, 176, 104)"
AZ_PrescottNF,Tmc_poly,22800,15450,0.014046322843266968,0.027703513196286195,0.027703513196286195,0.014094325719221841,0.8048475766799345,429688,30056907,104187,321669218,0.0015155708851416567,0.08654571907114063,4.519606272271169,180,"(227, 189, 155)"
AZ_PrescottNF,Tlau_poly,22800,15450,0.024244235664542882,0.047340731478587056,0.04734073147858706,0.024257194204272796,0.978440366972477,151443,6091777,3337,346013443,0.0004393913586555385,0.017723329358996197,7.538988734467421,180,"(253, 201, 9)"
AZ_PrescottNF,Tlal_poly,22800,15450,0.09286598109637674,0.16994944065000986,0.16994944065000986,0.09305613193628653,0.9784699958574068,1022735,9967782,22504,341246979,0.0029672372679270995,0.031200014194061206,6.839959759206807,180,"(248, 166, 28)"
AZ_PrescottNF,Tla_poly,22800,15450,0.02596614378495793,0.050617934991820594,0.050617934991820594,0.026002494825935543,0.9489118422171214,446482,16724255,24038,335065225,0.0013357179356157385,0.04874449838187702,4.242437181633737,180,"(250, 204, 107)"
AZ_PrescottNF,Ta_poly,22800,15450,0.007265021611084145,0.014425243516277384,0.014425243516277383,0.007267014216051682,0.9636303793302066,163954,22397444,6188,329692414,0.0004830011923011412,0.06404757281553398,3.6277238762834254,180,"(251, 185, 99)"
AZ_PrescottNF,Td_poly,22800,15450,0.03516686081234295,0.06794433273249474,0.06794433273249474,0.035211894420277466,0.9649086599498428,771430,21136792,28055,330323723,0.002269587804462613,0.06219332879123375,4.6740011177728675,180,"(248, 168, 97)"
AZ_PrescottNF,Tos_poly,22800,15450,0.05421363313204497,0.10285132240412692,0.10285132240412694,0.05466588397257224,0.8676036888795124,588080,10169635,89741,341412544,0.0019242065519786522,0.030539133026741612,4.941140983984833,180,"(209, 189, 107)"
AZ_PrescottNF,TKb_poly,22800,15450,0.0,0.0,0.0,0.0,0.0,0,4340584,2628,347916788,7.46039856923863e-06,0.012322102992108102,3.598675690417091,180,"(254, 254, 254)"
AZ_PrescottNF,TKr_poly,22800,15450,1.9095726529899357e-06,3.819138013058364e-06,3.819138013058364e-06,1.9095726878843643e-06,0.990521327014218,418,218896722,4,133362856,1.1979787656844377e-06,0.621407880542781,1.315614720371395,180,"(206, 89, 156)"
AZ_PrescottNF,TKgd_poly,22800,15450,5.1509825225530824e-05,0.00010301434420019618,0.00010301434420019616,5.150993402681578e-05,0.9606087735004476,10730,208298603,440,143950227,3.170953273150514e-05,0.591351084426276,1.9432333018893886,180,"(197, 94, 151)"
AZ_PrescottNF,Kt_poly,22800,15450,0.0026877425522764246,0.005361075912696312,0.005361075912696312,0.0026877475680621918,0.9993061567028566,604904,224454922,420,127199754,0.0017184011809458922,0.6389025889967638,1.315614720371395,180,"(213, 88, 160)"
AZ_PrescottNF,TRm_poly,22800,15450,0.00214288037886766,0.00427659652295794,0.00427659652295794,0.00214448670494771,0.7409863588667366,17654,8214619,6171,344021556,6.763470164083347e-05,0.02336987736331119,5.965141886554556,180,"(91, 196, 191)"
AZ_PrescottNF,Pk_poly,22800,15450,0.010373921395736759,0.020534816222109453,0.020534816222109457,0.010443309822080573,0.6095774927267918,184385,17471416,118095,334486104,0.0008586839266450917,0.05012150400272526,1.1490768522221557,180,"(146, 214, 230)"
AZ_PrescottNF,Pt_poly,22800,15450,0.0038286579552112444,0.007628110484532652,0.007628110484532651,0.0038459563101445942,0.45981814408873967,48749,12626642,57269,339527340,0.00030096519616192583,0.03598305512973372,0.7881908292350289,180,"(118, 207, 222)"
AZ_PrescottNF,Pkt_poly,22800,15450,0.04660532881300566,0.08905998761894804,0.08905998761894805,0.047521983478533016,0.7072730404107804,817225,16379553,338234,334724988,0.003280131153125532,0.04881842389144382,1.1490768522221557,180,"(140, 215, 234)"
AZ_PrescottNF,Pc_poly,22800,15450,0.0005624749309408643,0.0011243174614952185,0.0011243174614952185,0.0006673215511219687,0.0035672363563835872,5455,8169015,1523740,342561790,0.004341097484812355,0.023205785499347074,5.67321203552171,180,"(233, 247, 254)"
AZ_PrescottNF,Ptc_poly,22800,15450,0.01166421777541737,0.023059464930105394,0.02305946493010539,0.011715700341531436,0.7263560413565676,144932,12225818,54601,339834649,0.0005664367228751491,0.035118236529835915,0.7881908292350289,180,"(112, 206, 223)"
AZ_PrescottNF,Psh_poly,22800,15450,0.10170478707255623,0.18463165135699486,0.18463165135699486,0.1070465371261428,0.670849435612521,1886063,15733031,925392,333715514,0.00798119286890365,0.0500172997217964,2.2455769402269565,180,"(119, 210, 248)"
AZ_PrescottNF,Pshh_poly,22800,15450,0.0020890392075639,0.004169368440983806,0.004169368440983806,0.0020906476254373397,0.7308475871142991,34439,16438447,12683,335774431,0.00013377051041844093,0.046763430420711974,2.2455769402269565,180,"(137, 215, 247)"
AZ_PrescottNF,Ph_poly,22800,15450,0.18593930200389455,0.3135730499692706,0.31357304996927055,0.19340439220999373,0.8280985450286165,2983490,12442685,619330,336214495,0.01022772951796968,0.04379201442116618,2.9730268993693105,180,"(160, 221, 248)"
AZ_PrescottNF,PPss_poly,22800,15450,0.08674869217341614,0.15964811883035301,0.15964811883035301,0.08927539118614843,0.7540021134633615,1206567,12308546,393650,338351237,0.004542715607789701,0.03836686822233577,1.4866029510075471,180,"(140, 202, 239)"
AZ_PrescottNF,Ps_poly,22800,15450,0.10869802824728243,0.19608229739367514,0.19608229739367514,0.1136859743303135,0.7124338599347337,1357490,10583209,547936,339771365,0.0054091466530403675,0.033897402486799524,1.4866029510075471,180,"(146, 201, 239)"
AZ_PrescottNF,Mr_poly,22800,15450,0.05872834238059052,0.11094128688108534,0.11094128688108534,0.07900844703938888,0.18619619184552,1040153,12124933,4546175,334548739,0.015858536308408562,0.037373207290069835,5.721024596458398,180,"(197, 232, 250)"
AZ_PrescottNF,Dm_poly,22800,15450,0.24194074685875935,0.3896172139785252,0.3896172139785253,0.2541824905363365,0.8339851453911756,2735970,8027832,544628,340951570,0.00931300176006359,0.030556412876852325,4.261702850138006,180,"(64, 200, 243)"
AZ_PrescottNF,MDrm_poly,22800,15450,0.0036805808862315536,0.007334167774735002,0.007334167774735002,0.0036918742261217606,0.5461164779957729,49352,13318384,41017,338851247,0.0002565406234031681,0.03794849259070005,5.923523153687058,180,"(143, 182, 223)"
AZ_PrescottNF,DCmt_poly,22800,15450,0.009390151736120272,0.018605594120310164,0.018605594120310164,0.009448897576427293,0.6016486377907063,202175,21194501,133860,330729464,0.0009539402713904503,0.06074114574462045,5.923523153687058,180,"(173, 199, 231)"
AZ_PrescottNF,Cb_poly,22800,15450,0.01452925388860389,0.028642355718998744,0.028642355718998744,0.014557751293213388,0.8812660924408511,105076,7112797,14157,345027970,0.00033848009992619086,0.020490186226083007,5.479991304182932,180,"(36, 173, 227)"
AZ_PrescottNF,Ct_poly,22800,15450,0.040973920985335095,0.07872228143151018,0.07872228143151018,0.04142609772206093,0.7896428142393785,709911,16426895,189117,334934077,0.002552171691364333,0.048648174643729065,0.9580641243828998,180,"(118, 192, 220)"
AZ_PrescottNF,Cbt_poly,22800,15450,0.0068325577544536146,0.0135723814289286,0.0135723814289286,0.006839419649205728,0.8719619571804396,122304,17759915,17959,334359822,0.0003981803213535457,0.05076426219269858,0.9580641243828998,180,"(112, 193, 224)"
AZ_PrescottNF,Yg_poly,22800,15450,0.005963953344001731,0.011857190954360735,0.011857190954360735,0.0059724502643035875,0.8073974119438101,116677,19419191,27833,332696299,0.00041023675694089594,0.05545866121614716,0.0,180,"(245, 178, 210)"
AZ_PrescottNF,Ygb_poly,22800,15450,0.0005240420256141517,0.0010475350988132194,0.0010475350988132194,0.0005242732102783124,0.543046357615894,246,468975,207,351790572,1.2859819451541476e-06,0.0013320303185147334,12.21015272922308,180,"(115, 187, 71)"
AZ_PrescottNF,Yd_poly,22800,15450,0.006539919638820929,0.012994853976914625,0.012994853976914625,0.006553542999919024,0.7588060171871395,134833,20439229,42858,331643080,0.000504431385908136,0.05840589905183671,0.20562071503117904,180,"(246, 178, 210)"
AZ_PrescottNF,Yy_poly,22800,15450,0.009209666804216433,0.018251245716620904,0.0182512457166209,0.00923408475973074,0.7769251124636147,202584,21736136,58167,330263113,0.0007402231306421393,0.062279906886958496,4.66672926846029,180,"(245, 204, 222)"
AZ_PrescottNF,Ykp_poly,22800,15450,0.020371200298749118,0.03992899896191649,0.03992899896191649,0.0204276406436976,0.8805687203791469,432914,20759646,58716,331008724,0.0013956452620223698,0.06016169874524499,0.6415462478962203,180,"(246, 176, 210)"
AZ_PrescottNF,Ywcb_poly,22800,15450,1.0882581731453579e-06,2.1765139776815905e-06,2.1765139776815905e-06,1.0882581731453579e-06,1.0,225,206752185,0,145507590,6.387327542156362e-07,0.5869312723556463,2.877400568967891,180,"(245, 144, 195)"
AZ_PrescottNF,Ywc_poly,22800,15450,0.015042191122737357,0.029638553459731955,0.029638553459731955,0.01505395963627128,0.950596688728827,1806359,118185925,93878,232173838,0.005394416056322035,0.34063556463975475,2.877400568967891,180,"(242, 153, 192)"
AZ_PrescottNF,YXgr_poly,22800,15450,0.016514490445289933,0.03249238569743491,0.0324923856974349,0.016549884915057662,0.8853462166275454,336822,20015102,43619,331864457,0.0010800005677624482,0.0577752909782547,0.0,180,"(245, 178, 210)"
AZ_PrescottNF,Xum_poly,22800,15450,0.0007792330656738004,0.0015572526685766373,0.0015572526685766373,0.0007792683477012148,0.9450875087801451,129167,165625031,7505,186498297,0.00038798614659626415,0.47054504627263954,8.444771149261944,180,"(124, 81, 160)"
AZ_PrescottNF,Xgb_poly,22800,15450,0.4567741555447094,0.6271035957168183,0.6271035957168183,0.5538351186458663,0.7227134892235999,1085606,874555,416519,349883320,0.004264250837449611,0.005564529041049225,0.9986811706443564,180,"(137, 115, 179)"
AZ_PrescottNF,Xlgb_poly,22800,15450,0.009670793410101278,0.01915632991113621,0.019156329911136215,0.009707884881130512,0.7168037011893088,28508,2908074,11263,349312155,0.00011290240163515585,0.00833640492817805,0.9986811706443564,180,"(139, 113, 178)"
AZ_PrescottNF,Xdi_poly,22800,15450,0.009445732280622258,0.018714690604083664,0.018714690604083664,0.009474206563386413,0.7586211312153458,59243,6193840,18850,345988067,0.000221691364333163,0.017751328564128768,4.571848884296387,180,"(158, 133, 189)"
AZ_PrescottNF,Xch_poly,22800,15450,0.2203510221415147,0.3611272791902694,0.3611272791902694,0.23804281438165448,0.7477817331904503,1981063,6341234,668190,343269513,0.007520731845795719,0.023625438596491227,0.3770608699761343,180,"(180, 137, 162)"
AZ_PrescottNF,Xchd_poly,22800,15450,0.0008830003836662486,0.001764442763695197,0.0017644427636951973,0.0008839054769057726,0.46303818034118605,1710,1932886,1983,350323421,1.0483733605859309e-05,0.005491954806109124,5.014185864119672,180,"(176, 122, 130)"
AZ_PrescottNF,Xchg_poly,22800,15450,0.015166327274773263,0.029879492389168306,0.029879492389168306,0.015235214875713042,0.7703362758904957,112134,7248051,33431,344866384,0.000413231703855107,0.020894183273718277,0.3770608699761343,180,"(179, 137, 161)"
AZ_PrescottNF,Xbl_poly,22800,15450,0.02716804547385395,0.05289893040105383,0.05289893040105383,0.02775038580891734,0.5642026569648116,333727,11692304,257775,339976194,0.0016791631181513654,0.03413964401294498,7.088634964174192,180,"(201, 159, 171)"
AZ_PrescottNF,Xgc_poly,22800,15450,0.20418833729627678,0.33913023564857625,0.3391302356485762,0.23487127551297174,0.6098349208622789,1021815,3328717,653745,347255723,0.004756600238460228,0.012350343496281157,3.9564622165485765,180,"(182, 135, 149)"
AZ_PrescottNF,Xcm_poly,22800,15450,0.00015407465548121182,0.00030810184027752976,0.00030810184027752976,0.00015407744403857224,0.8948824343015215,1294,8397080,152,343861474,4.104922500425821e-06,0.02384140691534662,0.538344738591766,180,"(181, 136, 162)"
AZ_PrescottNF,Xpr_poly,22800,15450,0.03944238100006984,0.0758914235575453,0.07589142355754529,0.03974408457660063,0.8386011955231474,791237,19117059,152283,332199421,0.0026784761255890534,0.05651591438142281,0.3084806327390727,180,"(231, 167, 129)"
AZ_PrescottNF,Xpv_poly,22800,15450,0.017056206243929478,0.03354034150564682,0.03354034150564682,0.017087211485314797,0.90384428539042,334896,19264323,35628,332625153,0.0010518480667688639,0.055638502810424116,0.3084806327390727,180,"(230, 167, 130)"
AZ_PrescottNF,Xvr_poly,22800,15450,0.0005135778788252965,0.001026628503961187,0.0010266285039611872,0.000513646946725009,0.7925051497385517,10003,19464463,2619,332782915,3.583148810537671e-05,0.05528435246692784,0.8871535450146828,180,"(232, 166, 130)"
AZ_PrescottNF,Xhy_poly,22800,15450,0.009201705609369901,0.018235612481082332,0.01823561248108233,0.009214219641533756,0.8713878826424799,126048,13553678,18604,338561670,0.00041063986827911204,0.03883417362175666,0.8341744177426702,180,"(230, 145, 122)"
AZ_PrescottNF,Xmh_poly,22800,15450,0.02689507403290964,0.052381347837778626,0.052381347837778626,0.026952202910010967,0.9269461386783524,574930,20756536,45311,330883223,0.0017607477431442684,0.060556026798387556,0.27325485300925556,180,"(229, 164, 114)"
AZ_PrescottNF,Xbp_poly,22800,15450,0.025321748783548318,0.04939278585203189,0.0493927858520319,0.02536330637012091,0.9392256004976338,434853,16710112,28138,335086897,0.0013143445182535627,0.048671336512803046,0.42835844631849745,180,"(229, 146, 109)"
AZ_PrescottNF,Xbpr_poly,22800,15450,0.006379790342413983,0.012678693279886516,0.012678693279886518,0.0063828626536726555,0.929845715381875,101793,15846067,7680,336304460,0.00031077329245443705,0.04527298018509056,0.0,180,"(227, 146, 110)"
AZ_PrescottNF,Xbs_poly,22800,15450,0.041423232951621515,0.07955119809305386,0.07955119809305385,0.041566914478928456,0.922980338364289,683634,15762956,57047,335756363,0.002102654289445296,0.04668878101402373,0.0,180,"(227, 146, 110)"
AZ_PrescottNF,Xcb_poly,22800,15450,0.11537745733533715,0.20688504429877325,0.20688504429877322,0.11960735902350947,0.7653950968614635,1815198,13361109,556385,336527308,0.006732478850848805,0.043082686084142396,0.19569638791901345,180,"(244, 163, 188)"
AZ_PrescottNF,Xcc_poly,22800,15450,0.03182042645438826,0.06167822547132892,0.06167822547132893,0.03190645795192848,0.9218824788660201,489208,14843362,41454,336885976,0.0015064497814114574,0.043526287401351275,0.3125671324844429,180,"(241, 133, 156)"
AZ_PrescottNF,Xcca_poly,22800,15450,0.012353207500018188,0.024404935764512737,0.024404935764512737,0.012365208087504728,0.9271590527671043,185073,14782164,14540,337278223,0.0005666638278544257,0.04248917560892523,0.3125671324844429,180,"(240, 134, 156)"
AZ_PrescottNF,Xd1_poly,22800,15450,0.010128138244820211,0.020053175159378638,0.020053175159378635,0.010150153540373711,0.8236200556866246,77501,7557950,16597,344607952,0.0002671265542497019,0.021675611764037928,0.0,180,"(130, 200, 156)"
AZ_PrescottNF,Xd2_poly,22800,15450,0.05801250277019246,0.10966317055478723,0.10966317055478723,0.05922681799436454,0.7388687996035762,456267,7247456,161254,344395023,0.0017530261738488617,0.02186942315335264,0.0,180,"(130, 200, 156)"
AZ_PrescottNF,Xd3_poly,22800,15450,0.0030155470827772342,0.006012961796151234,0.006012961796151233,0.0030179161841660898,0.793448217027811,23252,7681402,6053,344549293,8.319139272128542e-05,0.02187206608754897,0.0,180,"(130, 201, 157)"
AZ_PrescottNF,Xd_poly,22800,15450,0.03111502590699979,0.060352191802519946,0.06035219180251995,0.031542447441308075,0.6966200798630918,244235,7498823,106365,344410577,0.0009952875716800092,0.021981087832850736,0.3694123750102099,180,"(129, 202, 157)"
AZ_PrescottNF,Xa1_poly,22800,15450,0.03771569108890752,0.07268983482235153,0.07268983482235153,0.03800003274703811,0.8344482235695625,287782,7285422,57095,344629701,0.0009790410492250042,0.02149890421847499,0.0,180,"(95, 193, 172)"
AZ_PrescottNF,Xa3_poly,22800,15450,0.0006390731521148876,0.0012773299969223513,0.0012773299969223513,0.000639166921133867,0.8132996632996633,4831,7553445,1109,344700615,1.6862544711292794e-05,0.021456526429341965,0.0,180,"(95, 193, 172)"
AZ_PrescottNF,Xa_poly,22800,15450,0.07235991465264115,0.13495453096282506,0.13495453096282506,0.07418098162405032,0.746679854011277,557905,6962958,189276,344549861,0.0021211065690115256,0.02135031794697099,0.3559144369028343,180,"(94, 195, 173)"
AZ_PrescottNF,Xab_poly,22800,15450,0.1369508847228751,0.24090906047582877,0.2409090604758288,0.14053164436112414,0.843132787969361,647671,3961049,120501,347530779,0.002180696076761483,0.01308329075114972,0.04519693198715126,180,"(43, 186, 155)"
AZ_PrescottNF,Xab1_poly,22800,15450,0.03077458558066833,0.05971157227034662,0.05971157227034661,0.030913462056179175,0.8726167378088217,134924,4229647,19696,347875733,0.0004389371486969852,0.01239019758133197,0.3706965592610733,180,"(45, 185, 155)"
AZ_PrescottNF,Xb_poly,22800,15450,0.3640621609001887,0.5337911589893123,0.5337911589893123,0.3868787375266687,0.8605893238682012,1383955,2193277,224193,348458575,0.004565230227672742,0.010155089990348039,0.6291448329444388,180,"(67, 186, 125)"
AZ_PrescottNF,Xb2_poly,22800,15450,0.09840646012201296,0.17918041033932336,0.17918041033932336,0.10034279591679525,0.8360526207025656,343886,3083226,67435,348765453,0.001167663089763243,0.009728927496735366,0.0806019944600052,180,"(68, 184, 125)"
AZ_PrescottNF,Xb4_poly,22800,15450,0.0323791285967289,0.0627272049576216,0.06272720495762162,0.03258488550968306,0.8368079880822966,103919,3085259,20266,349050556,0.0003525378981434168,0.009053477544995175,0.6436211757132184,180,"(71, 182, 125)"
AZ_PrescottNF,Xwa_poly,22800,15450,0.002486119176744742,0.004959907432506651,0.004959907432506651,0.0024918871594866625,0.5178526181269348,47006,18816609,43765,333352620,0.0002576818259240334,0.05355026117072617,4.073167487053883,180,"(253, 226, 215)"
AZ_PrescottNF,Xpa_poly,22800,15450,0.003859302095374716,0.007688930285985538,0.007688930285985538,0.0038657161948220543,0.6993353215211586,71756,18490393,30850,333667001,0.00029127916879577583,0.05269445579969341,1.0756442641993682,180,"(234, 203, 206)"
AZ_PrescottNF,Xw_poly,22800,15450,0.03335454579892183,0.0645558602021425,0.0645558602021425,0.03514393497129814,0.39580305262717563,596098,16365520,909949,334388433,0.00427538465905865,0.04815084880486005,1.1992333668355775,180,"(253, 237, 229)"
AZ_PrescottNF,Xs_poly,22800,15450,0.0020178888007090275,0.004027650251083221,0.004027650251083221,0.0020246365487322357,0.37712555322618213,37237,18354706,61502,333806555,0.0002803014818599898,0.052211272923408845,3.1929645055775695,180,"(239, 221, 219)"
AZ_PrescottNF,Xwp_poly,22800,15450,0.0007317205789005191,0.0014623711107653017,0.0014623711107653017,0.0007331539410865479,0.2723407158124517,11977,16324292,32001,335891730,0.00012484528473286776,0.046375600408788964,1.1992333668355775,180,"(253, 236, 230)"
AZ_PrescottNF,Xmp_poly,22800,15450,0.001648121799997923,0.0032908199279327523,0.0032908199279327527,0.0016612774458954255,0.1722694548896666,19837,11920974,95314,340223875,0.00032689206835859874,0.03389772043377051,3.831549863366451,180,"(219, 224, 227)"
AZ_PrescottNF,Xtgr_poly,22800,15450,0.001997237709290401,0.003986513403682375,0.003986513403682375,0.002000496678869882,0.5507618872774004,36000,17959531,29364,334235105,0.00018555612331800375,0.05108593368534605,3.5010704812872873,180,"(177, 199, 206)"
AZ_PrescottNF,Xtgs_poly,22800,15450,0.001017340508769292,0.0020326131578344616,0.0020326131578344616,0.0010180044411398283,0.6093572241183163,29995,29434513,19229,322776263,0.00013973769374893544,0.08364420598421621,4.780823459410186,180,"(179, 186, 189)"
AZ_PrescottNF,Xp_poly,22800,15450,0.032564932063572506,0.06307580482806395,0.06307580482806395,0.03294198495489721,0.739928798054738,618946,18170025,217548,333253481,0.0023746494066882416,0.05333836086981207,1.0756442641993682,180,"(232, 204, 206)"
AZ_PrescottNF,Xtgc_poly,22800,15450,9.295730275950744e-05,0.0001858973250050922,0.00018589732500509223,9.296852463776544e-05,0.43506400115058247,3025,32534869,3928,319718178,1.9738261511383637e-05,0.09236897178220632,5.647975150290122,180,"(179, 188, 203)"
AZ_PrescottNF,Xtc_poly,22800,15450,5.53068077330855e-05,0.00011060749811853872,0.0001106074981185387,5.530698553386002e-05,0.9450664800559833,10804,195335225,628,156913343,3.245330153863623e-05,0.5545506983478112,1.3618482947781954,180,"(244, 131, 173)"
AZ_PrescottNF,Xgr_poly,22800,15450,0.010032329184292647,0.019865362512494638,0.01986536251249464,0.010046059177817555,0.8801034832239825,164993,16258661,22477,335813869,0.0005321921308124681,0.04662367001646511,0.3248007489762647,180,"(244, 162, 188)"
AZ_PrescottNF,Xhm_poly,22800,15450,0.002701932955805974,0.005389304372518971,0.005389304372518971,0.0027024935300114963,0.9287030806588455,380928,140573341,29244,211276487,0.0011644012944983819,0.4001427042525407,0.4064091200775766,180,"(240, 136, 171)"
AZ_PrescottNF,Xgg_poly,22800,15450,0.017302960853230322,0.034017321327204274,0.03401732132720427,0.017455020419398656,0.6651283305324169,255674,14391917,128724,337483685,0.0010912337477999206,0.04158176063135184,2.1361463838026182,180,"(248, 189, 206)"
AZ_PrescottNF,Xcf_poly,22800,15450,0.03794946347358856,0.07312391365681209,0.07312391365681209,0.03830576131224793,0.8031482911960584,538580,13521446,132006,338067968,0.0019036677454153182,0.03991377391699313,0.23146537710397497,180,"(248, 193, 204)"
AZ_PrescottNF,Xob_poly,22800,15450,0.008379181787073984,0.01661910903837621,0.016619109038376205,0.008405217893659063,0.730097769593293,120526,14218900,44556,337876018,0.0004686368023618918,0.0407069380571169,0.23146537710397497,180,"(247, 193, 204)"
AZ_PrescottNF,Xsb_poly,22800,15450,0.008045626764486695,0.015962822616096568,0.015962822616096568,0.008054207192589855,0.8830710797612589,117180,14431738,15516,337695566,0.0003766990291262136,0.04130164651109976,0.19569638791901345,180,"(243, 163, 188)"
AZ_PrescottNF,Xsv_poly,22800,15450,0.001273211783776837,0.0025431855537383233,0.0025431855537383233,0.001273463076083643,0.8658114362768322,23757,18631672,3682,333600889,7.789416907965708e-05,0.052959260205530004,0.856184261240435,180,"(226, 166, 131)"
AZ_PrescottNF,Xjf_poly,22800,15450,0.049428715757650545,0.09420118778046731,0.09420118778046731,0.0496608017982609,0.9136184801357072,512730,9811912,48478,341886880,0.0015931641401237722,0.029309720093113042,0.5096245723992346,180,"(227, 128, 117)"
AZ_PrescottNF,Xdf_poly,22800,15450,0.021265177650571752,0.04164477182996184,0.04164477182996183,0.021295596145755446,0.937057342379777,302186,13887884,20298,338049632,0.0009154715267132232,0.04028294441605632,0.6391481896146278,180,"(229, 128, 103)"
AZ_PrescottNF,Xjgb_poly,22800,15450,0.004962510880184656,0.009876011943646134,0.009876011943646136,0.004964684224874939,0.9189372446157414,51500,10321768,4543,341882189,0.00015909555442003066,0.029447760177141884,0.5096245723992346,180,"(225, 128, 118)"
AZ_PrescottNF,Xbgb_poly,22800,15450,0.0013609282471314758,0.002718157277244204,0.0027181572772442043,0.0013611764624979058,0.8818404037218105,22367,16409742,2997,335824894,7.200363367966843e-05,0.046647672173962415,3.9627267952246887,180,"(219, 128, 92)"
AZ_PrescottNF,Xrg_poly,22800,15450,0.003810229012071978,0.007591532546588855,0.007591532546588854,0.0038126760410656857,0.855838313301551,50984,13321251,8588,338879177,0.0001691137228183728,0.037961264406972124,1.3926302169467382,180,"(219, 129, 106)"
AZ_PrescottNF,Xmw_poly,22800,15450,0.06916609165307461,0.12938324960555853,0.12938324960555853,0.0697369597521893,0.8941719985712107,943744,12589166,111695,338615395,0.002996193152784875,0.03841739056378811,0.4618649246066753,180,"(229, 146, 121)"
AZ_PrescottNF,Xbb_poly,22800,15450,0.024268657669343687,0.04738728943354653,0.04738728943354653,0.024315099638513492,0.9270396161231172,514672,20652093,40506,331052729,0.001576046102310793,0.06008847158348947,0.27325485300925556,180,"(230, 164, 113)"
AZ_PrescottNF,Xhc_poly,22800,15450,0.010705915013559223,0.021185024950438915,0.021185024950438915,0.010717380103688398,0.9091546291217163,149165,13768882,14905,338327048,0.0004657639243740419,0.0395107221938341,0.4618649246066753,180,"(227, 146, 122)"
AZ_PrescottNF,Xbg_poly,22800,15450,0.0011312458235853927,0.0022599351050216557,0.0022599351050216557,0.0011318604081502024,0.6756804420668979,22988,20286937,11034,331939041,9.658207006188611e-05,0.05765606370294669,2.4337058562632143,180,"(232, 160, 116)"
AZ_PrescottNF,Xwg_poly,22800,15450,0.004484023512450062,0.008928013601989328,0.008928013601989328,0.004485113802295668,0.9485752254031009,802322,178083217,43496,173330965,0.0024011184920229374,0.5078224578436382,0.4064091200775766,180,"(242, 135, 171)"
AZ_PrescottNF,Xr_poly,22800,15450,0.0807839640103034,0.1494914186375424,0.1494914186375424,0.08235340077813548,0.8091236860556311,583930,6506609,137752,345031709,0.0020487196956793276,0.02012870890819281,0.11928665105226212,180,"(238, 237, 112)"
AZ_PrescottNF,Xrd_poly,22800,15450,0.05583499314519258,0.10576461948636033,0.10576461948636033,0.057994153633693986,0.5999527492304378,86341,1402447,57572,350713640,0.0004085419860330438,0.004226389598591949,0.18268553159701434,180,"(198, 220, 139)"
AZ_PrescottNF,Xr1_poly,22800,15450,0.0007580573597192706,0.0015149662880941247,0.0015149662880941247,0.0007581801700562318,0.8239415623136553,5527,7284297,1181,344968995,1.9042752512348832e-05,0.020694441605632205,0.12232935000729518,180,"(237, 236, 114)"
AZ_PrescottNF,Xr2_poly,22800,15450,0.0366423574975924,0.07069430885700134,0.07069430885700136,0.037060855644345074,0.7644248458256223,278402,7233621,85796,344662181,0.0010338897405325611,0.021325222846760916,0.12232935000729518,180,"(237, 236, 115)"
AZ_PrescottNF,Xr3_poly,22800,15450,0.005139617296993929,0.010226673406457323,0.010226673406457323,0.005145255921586228,0.8242503201872543,37327,7217317,7959,344997397,0.00012855845114404134,0.020594572190995288,0.11928665105226212,180,"(238, 237, 113)"
AZ_PrescottNF,Xr1h_poly,22800,15450,0.00024908217059969683,0.000498040288243352,0.0004980402882433519,0.0002491600451068098,0.4434984520123839,1719,6897461,2157,345358663,1.1003236245954692e-05,0.019585476636575255,0.1203426802810447,180,"(238, 237, 114)"
AZ_PrescottNF,Xr2h_poly,22800,15450,0.002143827592263511,0.004278482854929597,0.004278482854929598,0.0021471760665473373,0.5788956429949405,15904,7391034,11569,344841493,7.799068869584966e-05,0.021026906262419803,0.0,180,"(238, 237, 115)"
AZ_PrescottNF,Xh_poly,22800,15450,0.002019531764709588,0.004030922952475554,0.004030922952475554,0.0020224355233676205,0.5844728046186569,3847,1898315,2735,350355103,1.8685062169988075e-05,0.00539988076988588,0.18268553159701434,180,"(198, 220, 140)"
AZ_PrescottNF,Xah_poly,22800,15450,0.001776266490251375,0.0035462339240169257,0.0035462339240169257,0.0017777964345514873,0.673631693341237,13637,7657095,6607,344582661,5.746891500596151e-05,0.02177576789871118,0.3559144369028343,180,"(96, 194, 172)"
AZ_PrescottNF,Xd1h_poly,22800,15450,0.0003177138185923306,0.0006352258171646213,0.0006352258171646215,0.00031784111549820976,0.44236363636363635,2433,7652335,3067,344602165,1.5613467325271106e-05,0.02173044910009652,0.0,180,"(131, 201, 157)"
AZ_PrescottNF,Xdh_poly,22800,15450,0.003977874715563861,0.00792422784554058,0.00792422784554058,0.003984079330042519,0.7186470975632703,30554,7638470,11962,344579014,0.00012069494123658662,0.021770919207403622,0.0,180,"(131, 201, 157)"
AZ_PrescottNF,Xbh_poly,22800,15450,0.0011471189218799746,0.0022916090956048287,0.0022916090956048287,0.0011473501273896098,0.8505799408687742,3740,3255945,657,348999658,1.248225742349401e-05,0.009253633679668426,0.0806019944600052,180,"(69, 184, 125)"
AZ_PrescottNF,Xfv_poly,22800,15450,0.014136670756017789,0.027879222127879855,0.027879222127879858,0.014163444735772714,0.8820518795303046,105990,7377359,14173,344762478,0.0003411201953102822,0.021243822744563674,0.2893776467210302,180,"(238, 236, 113)"
AZ_PrescottNF,Xiv_poly,22800,15450,0.025600619851481873,0.04992317546607786,0.04992317546607786,0.025972665712920725,0.6412156003335725,198378,7439575,111000,344511047,0.0008782660534832226,0.021682714472264806,0.0,180,"(130, 201, 157)"
AZ_PrescottNF,Xam_poly,22800,15450,0.0030398057834213335,0.006061186736347123,0.0060611867363471236,0.003042023875504613,0.8065379003682346,23217,7608873,5569,344622341,8.171804916822801e-05,0.021666070516096064,0.0,180,"(95, 193, 172)"
AZ_PrescottNF,Xmv_poly,22800,15450,0.046649227196150354,0.089140135938605,0.089140135938605,0.04693913966963949,0.8830803412150109,217810,4422454,28838,347590898,0.0007001873616079032,0.01317283824447851,0.04519693198715126,180,"(44, 186, 155)"
AZ_PrescottNF,Xi_poly,22800,15450,0.0446312220865392,0.08544876152063138,0.08544876152063137,0.045319747251003475,0.7460442078066676,104529,2201949,35582,349917940,0.00039774882189292,0.006547657979901209,5.479991304182932,180,"(3, 157, 221)"
AZ_PrescottNF,Xt_poly,22800,15450,0.23360009528630557,0.3787290487069709,0.3787290487069709,0.26921337863855377,0.6384495288245811,980624,2661929,555322,348062125,0.004360262306251065,0.010340524044739681,4.941140983984833,180,"(208, 201, 129)"
AZ_PrescottNF,Xgn_poly,22800,15450,0.006406156715155588,0.012730758198190814,0.012730758198190816,0.006451619183467657,0.47619389759065,19883,3061979,21871,349156267,0.00011853176630897632,0.008748827570544484,5.923537052133634,180,"(185, 184, 129)"
AZ_PrescottNF,Xm_poly,22800,15450,0.02948765400905925,0.057286076028649026,0.057286076028649026,0.029759781077472534,0.7633005019947351,420732,13716872,130469,337991927,0.0015647561460285016,0.0401340032930222,8.872061076294921,180,"(183, 196, 166)"
AZ_PrescottNF,Xrh_poly,22800,15450,0.0036685105946557524,0.007310203629846323,0.007310203629846324,0.0036771567579482693,0.6094045368620038,25790,6987781,16530,345229899,0.00012013853403735878,0.019910211207630726,0.0,180,"(238, 237, 115)"
AZ_PrescottNF,Xwv_poly,22800,15450,0.007237930934274793,0.014371839486944598,0.014371839486944598,0.00724399164462027,0.8963843365139,102117,13994669,11804,338151410,0.00032340032930221993,0.04001812865497076,0.6391481896146278,180,"(226, 129, 104)"
AZ_PrescottNF,Xtgq_poly,22800,15450,0.010857903390925227,0.02148255131508071,0.02148255131508071,0.011041256440226228,0.39534925526963893,197932,17728651,302719,334030698,0.0014212541872480554,0.050890203258956455,4.012461349412123,180,"(202, 219, 228)"
AZ_PrescottNF,Xkw_poly,22800,15450,0.0011857071079191457,0.002368605743172753,0.002368605743172753,0.001185755019255134,0.9670456417861262,23476,19774880,800,332460844,6.89150059615057e-05,0.05620381536365185,0.29379111792007023,180,"(243, 130, 157)"
AZ_PrescottNF,Xbn_poly,22800,15450,0.02932197257693772,0.056973373459675215,0.05697337345967522,0.029356421728017487,0.9615195329900658,494297,16343484,19782,335402437,0.0014593737580196446,0.04779929881337648,0.29379111792007023,180,"(242, 131, 157)"
AZ_PrescottNF,Xlg_poly,22800,15450,0.027724656117250588,0.053953470809962836,0.05395347080996284,0.02774932380556988,0.9689327012932524,457250,16020629,14661,335767460,0.0013396667234429115,0.04677760461023108,0.4072073795776854,180,"(243, 131, 156)"
AZ_PrescottNF,Xap_poly,22800,15450,0.016178294361139284,0.03184144839722327,0.03184144839722327,0.016198144737035677,0.9295858062727604,221313,13441548,16764,338580375,0.0006758559018906489,0.03878629705331289,1.3151888947806318,180,"(233, 132, 154)"
CA_AZ_Needles,c_poly,11100,8850,0.005903670452251379,0.011738043364723198,0.011738043364723196,0.005927803837978367,0.5918532399644936,30004,5031567,20691,93152738,0.0005160584313126686,0.05152512851834886,41.15596354837348,34,"(10, 92, 133)"
CA_AZ_Needles,sw_poly,11100,8850,0.313752579965884,0.477643332162334,0.477643332162334,0.31572993547544154,0.9804296705128788,840941,1822541,16786,95554732,0.008731378836463582,0.02711337099811676,5.935011898140487,34,"(177, 209, 225)"
CA_AZ_Needles,fw_poly,11100,8850,0.10756149422951043,0.1942311912971243,0.19423119129712427,0.11901412426396442,0.5278038434215856,259300,1919433,231981,95824286,0.005001079045146841,0.022178785565226244,5.935011898140487,34,"(200, 235, 250)"
CA_AZ_Needles,d_poly,11100,8850,0.08830029963922742,0.16227193848701327,0.16227193848701327,0.20013791442501727,0.1364547751255643,370630,1481243,2345508,94037619,0.027649391764646,0.018851458237898917,9.599212960579584,34,"(255, 255, 255)"
CA_AZ_Needles,Qds_poly,11100,8850,0.20783027982815944,0.3441382175941605,0.3441382175941605,0.21019546382254772,0.9486389692635256,868811,3264537,47039,94054613,0.009323051865424746,0.042076123581208325,9.599212960579584,34,"(210, 211, 214)"
CA_AZ_Needles,Qce_poly,11100,8850,0.029985979329472785,0.058225995171300955,0.05822599517130095,0.0299864447758407,0.9994826294777647,129434,4186983,67,93918516,0.001318277599633532,0.043939705807502415,4.841550401076954,34,"(254, 229, 111)"
CA_AZ_Needles,Qcm_poly,11100,8850,0.16431382809255,0.2822500671691565,0.2822500671691565,0.1648336462212993,0.9811689201425386,2047988,10376587,39306,85771119,0.021247966610678477,0.12647808825774928,5.168354819402136,34,"(224, 208, 147)"
CA_AZ_Needles,Qcmo_poly,11100,8850,0.05453917823351108,0.10343698813518001,0.10343698813518001,0.05458375665765549,0.9852464149965445,912417,15803490,13663,81505430,0.009427189901766173,0.17016243701328448,4.807150130731389,34,"(223, 220, 169)"
CA_AZ_Needles,Qc4ch_poly,11100,8850,0.2127761280383669,0.3508910228675537,0.35089102286755364,0.21310587267325154,0.9927804086358639,1220969,4508432,8879,92496720,0.012519448261821144,0.058323418333587826,2.549278651139877,34,"(237, 223, 132)"
CA_AZ_Needles,Qc3hc_poly,11100,8850,0.06418843329767199,0.12063358572460141,0.1206335857246014,0.06429846220223394,0.9740329231059771,711758,10357838,18975,87146429,0.0074386216725199775,0.11268484755942383,5.739645560632616,34,"(253, 231, 169)"
CA_AZ_Needles,Qc2ch_poly,11100,8850,0.05992376185851272,0.11307183405991389,0.1130718340599139,0.060150685801807074,0.9407722585932994,929737,14527061,58533,82719669,0.010060263653483992,0.15734512139257903,3.475532263230327,34,"(254, 249, 196)"
CA_AZ_Needles,Qc3ch_poly,11100,8850,0.3455716251999201,0.5136428544241579,0.5136428544241579,0.34813154310177075,0.9791646728928703,1565417,2931208,33310,93705065,0.01627451519315926,0.04577416399450298,5.426097956200047,34,"(254, 246, 134)"
CA_AZ_Needles,Qc1ch_poly,11100,8850,0.008736827575536992,0.01732231308841107,0.017322313088411073,0.009263337153092528,0.13323446823201524,95323,10195029,620130,87324518,0.007283076296635618,0.10475239985748461,5.2500597348852995,34,"(254, 252, 228)"
CA_AZ_Needles,Qc3fp_poly,11100,8850,0.05884409610932364,0.11114780037126089,0.11114780037126087,0.05891079680249162,0.9811220176300183,631301,10084918,12147,87506634,0.00655008907212297,0.10908758589097572,4.055581627659391,34,"(219, 198, 176)"
CA_AZ_Needles,Qc2fp_poly,11100,8850,0.7744250219551113,0.8728743253426714,0.8728743253426714,0.7894966043307855,0.9759423407946687,8598702,2292671,211964,87131663,0.08968968290324222,0.11087059601974857,5.2500597348852995,34,"(234, 228, 206)"
CA_AZ_Needles,Qc1fp_poly,11100,8850,0.11489370994986634,0.20610701975353826,0.20610701975353826,0.11519812953481327,0.9775169510506597,768125,5899735,17667,91549473,0.007999104188934698,0.06787662238509697,4.055581627659391,34,"(205, 193, 177)"
CA_AZ_Needles,Qcts_poly,11100,8850,0.07100028159535547,0.13258685887475938,0.13258685887475938,0.07152898810256031,0.9057107805974058,328533,4264472,34202,93607793,0.0036925230315060825,0.046755280704433244,9.81914316371344,34,"(217, 199, 211)"
CA_AZ_Needles,Qch_poly,11100,8850,0.128179796691237,0.22723292345274565,0.22723292345274562,0.13001144732447165,0.9009730774416828,80183,536555,8813,97609449,0.0009059500178144246,0.0062781900544612405,6.418609436355628,34,"(244, 150, 121)"
CA_AZ_Needles,Qchs_poly,11100,8850,0.4364332101246031,0.6076623779629055,0.6076623779629055,0.4474591286281527,0.9465570515466217,254568,314351,14373,97651708,0.0027377309512902734,0.0057914083575100524,6.010893439849942,34,"(228, 148, 137)"
CA_AZ_Needles,Qchm_poly,11100,8850,0.17418618406142383,0.29669261387308543,0.29669261387308543,0.17613931727603535,0.9401506675617215,63023,294779,4012,97873186,0.0006823942586654451,0.003642306713493154,17.6489214714898,34,"(232, 161, 35)"
CA_AZ_Needles,Qchg_poly,11100,8850,0.018687075082661514,0.03668854850474106,0.03668854850474107,0.018771994142944642,0.8051030976367574,8551,446968,2070,97777411,0.00010811828777930472,0.004637033643813305,6.010893439849942,34,"(248, 171, 160)"
CA_AZ_Needles,Qcn_poly,11100,8850,0.00039280806206549773,0.0007853076489552842,0.0007853076489552841,0.0003928083091206105,0.9984014067620494,24982,63573469,40,34636509,0.0002547157326818344,0.6474113197943706,26.21162326240107,34,"(216, 25, 106)"
CA_AZ_Needles,Tcb_poly,11100,8850,0.4249395347110965,0.5964316721653065,0.5964316721653066,0.4366510516313157,0.94062957840976,137394,177260,8672,97911674,0.0014869038530055478,0.0032030742607013795,13.304703205937825,34,"(243, 117, 34)"
CA_AZ_Needles,Tcbm_poly,11100,8850,0.0017769181952796832,0.003547532715129503,0.003547532715129503,0.0017770309680889965,0.9655172413793104,588,330301,21,97904090,6.199419758741793e-06,0.0033683412225785107,16.282460006168286,34,"(166, 101, 53)"
CA_AZ_Needles,Qac_poly,11100,8850,0.010853462371765748,0.021473859022652534,0.02147385902265253,0.011584473303547976,0.1467554531430022,37576,3206076,218469,94772879,0.0026064539115386574,0.03301931083625999,8.270302497053795,34,"(224, 239, 227)"
CA_AZ_Needles,Qay_poly,11100,8850,0.16753132260200543,0.2869838596340844,0.2869838596340844,0.1755532022905113,0.7856976919138917,3321185,15597211,905867,78410737,0.04302999949101644,0.19258305084745764,3.475532263230327,34,"(239, 240, 178)"
CA_AZ_Needles,Qayd_poly,11100,8850,0.034109500317352874,0.0659688365823642,0.0659688365823642,0.03419750129554147,0.9298495512605668,199754,5641433,15070,92378743,0.00218683768514277,0.05946136305797323,2.549278651139877,34,"(225, 218, 133)"
CA_AZ_Needles,Qayi_poly,11100,8850,0.17944950197435827,0.3042936584804452,0.30429365848044526,0.18141571948821503,0.94304315129812,1975086,8911986,119289,87228639,0.021320048862421743,0.1108268132539319,3.8818275338762023,34,"(226, 233, 155)"
CA_AZ_Needles,Qau_poly,11100,8850,0.04693376718828259,0.08965947734082769,0.08965947734082769,0.04696370630182825,0.986599163694707,237358,4816715,3224,93177703,0.0024490456558253168,0.0514488013437166,5.100739214213424,34,"(163, 186, 131)"
CA_AZ_Needles,Qai_poly,11100,8850,0.3141009702807603,0.478046934572542,0.47804693457254205,0.31677836344100896,0.9737967193764515,1676393,3615613,45109,92897885,0.017524324324324325,0.053870881050542066,6.588708294617908,34,"(184, 217, 156)"
CA_AZ_Needles,Qao_poly,11100,8850,0.522025531962193,0.6859615965695378,0.6859615965695378,0.5332939367974212,0.9610980176812464,2254290,1972816,91246,93916648,0.02387678525983611,0.043030549193261054,5.100739214213424,34,"(159, 196, 151)"
CA_AZ_Needles,QTab_poly,11100,8850,0.12451804766999884,0.2214602921278146,0.22146029212781457,0.12524867522420932,0.9552485619417294,510652,3566453,23923,94133972,0.005441797729933323,0.04150358833409681,5.71771295525675,34,"(161, 177, 143)"
CA_AZ_Needles,QTar_poly,11100,8850,0.07407320569433733,0.13792952901464947,0.13792952901464947,0.07411798718194428,0.9919093069536488,205353,2565270,1675,95462702,0.0021074769684939175,0.028204031149793862,6.890594449716876,34,"(185, 184, 128)"
CA_AZ_Needles,QTas_poly,11100,8850,0.06136398157055339,0.11563230453656442,0.11563230453656442,0.0613957084012195,0.9916491022117873,111504,1704649,939,96417908,0.0011446327683615819,0.018487840382755638,7.602344857622573,34,"(163, 161, 124)"
CA_Elsinore,Qaf_poly,14749,11049,0.01039757416732586,0.020581154256817287,0.020581154256817287,0.010460491305029997,0.6335227272727273,6467,611764,3741,162339729,6.264048507937457e-05,0.0037937196053200255,9.014145679224447,29,"(184, 144, 92)"
CA_Elsinore,Qw_poly,14749,11049,0.0,0.0,0.0,0.0,0.0,0,606111,229244,162126346,0.0014067354390219578,0.00371934630211058,4.740049687447619,29,"(250, 251, 250)"
CA_Elsinore,Qf_poly,14749,11049,0.0006043032104969101,0.0012078764973485886,0.0012078764973485886,0.0006138243190559271,0.03749841645200794,888,1445780,22793,161492240,0.0001453163525827458,0.008877349654076083,5.269553765443864,29,"(252, 251, 223)"
CA_Elsinore,Ql_poly,14749,11049,0.0002270906891398136,0.0004540782613343374,0.0004540782613343373,0.0012194099580065695,0.00027898218001325164,960,786306,3440120,158734315,0.02111588170032663,0.00483098786505671,4.740049687447619,29,"(254, 250, 239)"
CA_Elsinore,Qyf_poly,14749,11049,0.0034250981455788416,0.0068268137839261455,0.0068268137839261455,0.0034369788920645566,0.49770097519074324,9850,2856039,9941,160085871,0.00012144571318631487,0.01758627323115632,3.348860139961538,29,"(254, 250, 203)"
CA_Elsinore,Qya_poly,14749,11049,0.00013228903003963894,0.00026454306393394636,0.00026454306393394636,0.00013240753221996284,0.12877731287773128,277,2091749,1874,160867801,1.319942039632981e-05,0.012837531684822068,3.348860139961538,29,"(253, 241, 197)"
CA_Elsinore,Qoa_poly,14749,11049,0.07714300137693811,0.14323632289923313,0.14323632289923313,0.07758735094270913,0.9308907738132749,221579,2634286,16450,160089386,0.001460643811026494,0.01752476184572963,6.540442354388081,29,"(244, 211, 97)"
CA_Elsinore,Qvof_poly,14749,11049,0.026542597640839286,0.05171260832592522,0.05171260832592522,0.026860883410980717,0.6913572751282596,22774,825076,10167,162103684,0.00020213951988633206,0.005202756198525444,9.014145679224447,29,"(210, 175, 120)"
CA_Elsinore,Qvoa_poly,14749,11049,0.0005200010693222652,0.0010394616174919152,0.0010394616174919152,0.0005200606271672427,0.8195161728730633,3015,5794386,664,157163636,2.2575856642537132e-05,0.03557523617159593,6.540442354388081,29,"(248, 232, 135)"
CA_Elsinore,Qpf_poly,14749,11049,0.059027221928407814,0.11147441861017272,0.11147441861017271,0.0593928021757922,0.9055683067487029,140853,2230697,14688,160575463,0.00095446352759904,0.014552805876762418,8.525179838278673,29,"(203, 191, 101)"
CA_Elsinore,Qpfs_poly,14749,11049,0.10038607205917598,0.18245609356236467,0.1824560935623647,0.10273246928328784,0.8146504104840471,123145,1075551,28018,161734987,0.0009275983195585324,0.007355691506926526,7.17261774314465,29,"(223, 211, 158)"
CA_Elsinore,Tcg_poly,14749,11049,4.2076592020454835e-06,8.415282995448034e-06,8.415282995448034e-06,4.207877567594293e-06,0.075,18,4277673,222,158683788,1.4727386774147627e-06,0.026249670773870974,8.624720862466214,29,"(228, 214, 228)"
CA_Elsinore,Tsi_poly,14749,11049,0.4929190738737788,0.660342656879275,0.660342656879275,0.49801176725794166,0.9796757440090414,672663,678034,13955,161597049,0.0042133703550382064,0.008288432139033698,9.864105098122238,29,"(208, 154, 45)"
CA_Elsinore,Mzm_poly,14749,11049,9.204087947767426e-05,0.0001840648174676679,0.00018406481746766792,9.207719485367643e-05,0.1892123287671233,221,2399939,947,160560594,7.167328230085178e-06,0.01472836859993257,6.991588818287632,29,"(177, 215, 217)"
CA_Elsinore,Mzp_poly,14749,11049,0.6565488048978748,0.7926706450865486,0.7926706450865486,0.965282737002992,0.6724270735615099,4471402,160818,2178244,156151237,0.04080496189715153,0.028425206484559217,12.80313660654751,29,"(111, 178, 136)"
CA_Elsinore,Mzq_poly,14749,11049,0.2990213285117885,0.46037939785693804,0.46037939785693804,0.30595106333984534,0.9295870488107087,823761,1868699,62397,160206844,0.005437829837085463,0.01652204158080063,5.819944901461853,29,"(139, 197, 198)"
CA_Elsinore,Mzu_poly,14749,11049,0.5948045596414264,0.7459278393023424,0.7459278393023424,0.6181929823000187,0.9401971988516493,1736705,1072620,110466,160041910,0.011335000731245435,0.017239173270534282,5.819944901461853,29,"(145, 183, 176)"
CA_Elsinore,Ksv_poly,14749,11049,0.3473376300784842,0.5155910772836522,0.5155910772836523,0.36208700122378484,0.8950340824143038,949462,1672731,111349,160228159,0.006509572454695966,0.01609085437810937,12.561180921728948,29,"(248, 196, 171)"
CA_Elsinore,Kvs_poly,14749,11049,0.07941538247307835,0.14714517462430002,0.14714517462430002,0.07988518627464714,0.9310523093667098,205311,2364765,15204,160376421,0.0013531707060421515,0.015771043037897597,5.1239429088755974,29,"(221, 154, 146)"
CA_Elsinore,Kvem_poly,14749,11049,0.11317047226431032,0.20332999317545536,0.20332999317545536,0.11337433916550557,0.9843594316107502,888157,6945688,14112,155113744,0.0055366935572180856,0.048071693851551044,4.4733324688232505,29,"(244, 163, 173)"
CA_Elsinore,Kvsp_poly,14749,11049,0.0028230604119608566,0.00563022635478913,0.00563022635478913,0.0028230612128524605,0.9998995176848875,9951,3514946,1,159436803,6.106956382346549e-05,0.02163021727418027,6.966305198909759,29,"(240, 102, 75)"
CA_Elsinore,Khg_poly,14749,11049,0.10888028113476299,0.19637878495474967,0.19637878495474967,0.10967491639357685,0.9376075039555712,1306061,10602414,86911,150966315,0.008547848920649153,0.07307529883969485,0.27282843413862284,29,"(243, 165, 200)"
CA_Elsinore,Kgb_poly,14749,11049,0.004159662248873053,0.00828486226892893,0.00828486226892893,0.0041597092729264845,0.9972896814300157,324541,77695575,882,84940703,0.001996929327584768,0.47876351020660984,16.037324328497935,29,"(164, 120, 179)"
CA_Elsinore,Kgd_poly,14749,11049,0.11876704581517245,0.21231774078335433,0.21231774078335433,0.12004609887857086,0.9176747011762639,1253718,9189920,112472,152405591,0.008383503557071978,0.06408645673132732,6.999902662083196,29,"(247, 193, 217)"
CA_Elsinore,Kpvg_poly,14749,11049,0.14930228819209654,0.25981378393835036,0.25981378393835036,0.1494344745664765,0.9941101540474614,1862866,10603240,11037,150484558,0.011499039274264817,0.07649715192896765,0.27282843413862284,29,"(244, 165, 201)"
CA_Elsinore,Kgbf_poly,14749,11049,0.009390605506517505,0.01860648485390896,0.01860648485390896,0.00940142612719516,0.8908173780983891,16424,1730545,2013,161212719,0.00011313701248123325,0.01072012006060246,6.966305198909759,29,"(242, 133, 104)"
CA_Elsinore,Kgh_poly,14749,11049,0.014121036965349706,0.027848819718019894,0.027848819718019897,0.014813473298861603,0.23200692369406875,73452,4885007,243142,157760100,0.0019427509534893723,0.030427143123647193,4.4733324688232505,29,"(246, 161, 159)"
CA_Elsinore,Kgt_poly,14749,11049,0.44537362378136736,0.6162747354088097,0.6162747354088097,0.4732694509043545,0.8831233760915901,2879218,3204458,381049,156496976,0.020006338789995817,0.03733193727524972,8.050934803570984,29,"(214, 188, 218)"
CA_Elsinore,Katg_poly,14749,11049,0.01535655465354762,0.030248595103199917,0.030248595103199917,0.015356554872298743,0.9999990723966581,2156092,138245972,2,22559635,0.013230679274757939,0.8615647918402619,13.38215468014357,29,"(237, 104, 165)"
CA_MarbleCanyon,Jh_poly,6479,13614,0.42429743285430693,0.5957989154049241,0.5957989154049241,0.42726039952078015,0.9839186351452045,1016752,1362949,16618,85808787,0.01171553492606199,0.026979175105803964,7.394079916049096,14,"(250, 215, 231)"
CA_MarbleCanyon,IPb_poly,6479,13614,0.2828264035742345,0.4409425979793032,0.4409425979793032,0.37615959771178936,0.5326822620302072,1895683,3143888,1663067,81502468,0.04034630376159856,0.05713468560425516,13.382301094199384,14,"(200, 234, 252)"
CA_MarbleCanyon,Mi_poly,6479,13614,0.00882765906170431,0.017500826791197986,0.017500826791197986,0.00885252048111057,0.7586468011952028,37069,4150326,11793,84005918,0.000553958860386155,0.04747338549766042,13.382301094199384,14,"(118, 194, 237)"
CA_MarbleCanyon,Mlu_poly,6479,13614,0.11283851274695869,0.2027940468530789,0.20279404685307892,0.11361877619698069,0.9426312189527356,545742,4257531,33214,83368619,0.0065637470012223555,0.05445572504612148,7.531903547738364,14,"(201, 177, 201)"
CA_MarbleCanyon,Msr_poly,6479,13614,0.03907946579325434,0.07521939770683522,0.07521939770683522,0.03934380821343288,0.8532961142893533,160790,3926003,27644,84090669,0.0021363162354796103,0.046332839280301984,7.394079916049096,14,"(217, 200, 211)"
CA_MarbleCanyon,Msc_poly,6479,13614,0.005307092772978155,0.01055815245138556,0.01055815245138556,0.005308024150156133,0.9679956202720803,281134,52682830,9295,35231847,0.003292655189371917,0.6004636965120818,9.506514480669512,14,"(200, 144, 180)"
CA_MarbleCanyon,Mt_poly,6479,13614,0.016457902532563084,0.03238285125543769,0.03238285125543768,0.01649135108918058,0.8902828168029024,20367,1214644,2510,86967585,0.0002593614025020275,0.014001581722491213,9.470468187576548,14,"(215, 164, 174)"
CA_MarbleCanyon,Pd_poly,6479,13614,0.4776951345238708,0.6465408504952401,0.64654085049524,0.48795639030269566,0.9578343226922389,1382176,1450405,60846,85311679,0.01635984656035672,0.03211357174719568,14.046850350260089,14,"(175, 221, 210)"
CA_MarbleCanyon,Po_poly,6479,13614,0.6393330932045592,0.7799916879062014,0.7799916879062015,0.675729004816155,0.9222993324291476,523617,251275,44113,87386101,0.006436475457554577,0.0087851150022993,12.303203335147568,14,"(186, 218, 140)"
CA_MarbleCanyon,Qoa_poly,6479,13614,0.2385865977251309,0.3852562237688259,0.38525622376882596,0.24390476367113442,0.9162632985672288,473425,1467599,43266,86220816,0.005857835486303933,0.022005800888669644,5.955955319323641,14,"(254, 249, 174)"
CA_MarbleCanyon,Qsb_poly,6479,13614,0.001249786017584528,0.0024964520043604353,0.0024964520043604353,0.0012503992005686677,0.7181952662721893,971,775581,381,87428173,1.5327910835456623e-05,0.008803934774478928,12.084380427432585,14,"(254, 223, 184)"
CA_MarbleCanyon,Qt_poly,6479,13614,0.041579245050355304,0.0798388509524211,0.0798388509524211,0.04184296227914968,0.8683727869693716,91378,2092454,13851,86007423,0.0011930034980061131,0.0247585666979415,5.955955319323641,14,"(254, 247, 134)"
CA_MarbleCanyon,QTs_poly,6479,13614,0.917398422594825,0.9569199721707343,0.9569199721707344,0.9670265818298761,0.9470224303432699,1945525,66338,108835,86084408,0.023290715165627713,0.022808917660617063,8.940818420916564,14,"(254, 219, 107)"
CA_MarbleCanyon,Qya_poly,6479,13614,0.17857870635050915,0.30304078189819234,0.3030407818981924,0.20533309902583402,0.5781562116297396,126193,488384,92075,87498454,0.0024745506229537323,0.0069675898354455805,8.743973963575765,14,"(254, 252, 216)"
CA_NV_DeathValley,Qay_poly,16552,12571,0.7835079140347383,0.8786144517433047,0.8786144517433048,0.8452028366183459,0.9147763701376306,18257169,3343763,1700899,184773361,0.09591757579634962,0.10381310617750145,5.826594753419503,13,"(254, 249, 174)"
CA_NV_DeathValley,Qayy_poly,16552,12571,0.01987261211427319,0.038970773169554496,0.0389707731695545,0.023351780192538314,0.11768549988831672,155954,6522509,1169222,200227507,0.006368736163415387,0.03209639234647444,8.061950665425044,13,"(254, 252, 217)"
CA_NV_DeathValley,Qayo_poly,16552,12571,0.09875853719869195,0.17976385867358796,0.179763858673588,0.09911631805880819,0.9647380204655076,1605107,14589068,58668,191822349,0.007996027705215333,0.07782847558299982,5.743199828311279,13,"(254, 247, 135)"
CA_NV_DeathValley,Qai_poly,16552,12571,0.2904466706138612,0.4501490487409242,0.4501490487409242,0.29219249473876435,0.9798431987300524,3955335,9581409,81367,194457081,0.019400207978661866,0.06505698190104277,6.910753135064634,13,"(235, 196, 83)"
CA_NV_DeathValley,Qao_poly,16552,12571,0.447431608894642,0.6182421416599179,0.6182421416599179,0.4494258262835365,0.9901802132813127,5618941,6883547,55724,195516980,0.02727218437457936,0.06008639415312903,5.743199828311279,13,"(254, 243, 79)"
CA_NV_DeathValley,QTa_poly,16552,12571,0.6760697983269979,0.8067322721307075,0.8067322721307075,0.6886962639368537,0.9735976813214801,1448800,654885,39289,205932218,0.007151688702995406,0.010110215349458863,17.062573090614716,13,"(229, 144, 94)"
CA_NV_DeathValley,Qe_poly,16552,12571,0.011153081650419049,0.022060124926316444,0.022060124926316444,0.011165217710777563,0.911196945245465,103327,9151038,10070,198810757,0.000544980874029423,0.04447606132690725,8.061950665425044,13,"(236, 221, 186)"
CA_NV_DeathValley,Qp_poly,16552,12571,0.06450534481472744,0.12119308771710173,0.12119308771710172,0.06454814263653373,0.989825783441334,519808,7533220,5343,200016821,0.0025238520505606456,0.03870248981916114,10.710937469228748,13,"(253, 211, 194)"
CA_NV_DeathValley,Qps_poly,16552,12571,0.20582287270633545,0.34138160316098315,0.3413816031609832,0.205965957982166,0.9966361046269094,1908896,7359121,6443,198800732,0.009205032957508937,0.044541672223952576,6.738674465208459,13,"(253, 208, 159)"
CA_NV_DeathValley,Qpx_poly,16552,12571,0.315585111081666,0.47976388364899303,0.47976388364899303,0.31611275685420764,0.9947387014047725,3429678,7419862,18140,197207512,0.01657005800095573,0.05214240052221122,6.738674465208459,13,"(253, 205, 125)"
CA_NV_DeathValley,Qlb_poly,16552,12571,8.440324827976495e-05,0.00016879224994535005,0.00016879224994535005,8.446123867054846e-05,0.10947314446865787,854,10110293,6947,197957098,3.749125460376843e-05,0.048593717025141564,14.887138698723831,13,"(203, 232, 231)"
CA_NV_DeathValley,QTc_poly,16552,12571,0.007548741487440249,0.014984369840601601,0.014984369840601601,0.0075501493995231905,0.9758927577024715,96386,12669719,2381,195306706,0.0004746697530381229,0.06135332558049496,9.700627860312053,13,"(200, 161, 12)"
CA_NV_DeathValley,QTm_poly,16552,12571,0.6665651123824815,0.7999268764597814,0.7999268764597814,0.6721236399539127,0.9877450128588309,2955823,1441914,36673,203640782,0.014381800978946112,0.021135325925831658,14.311916946598592,13,"(183, 219, 177)"
CO_Alamosa,af_poly,16826,11769,0.0006015882323015684,0.0012024530829785223,0.0012024530829785223,0.0006017018324716273,0.7611318648288892,17726,29442048,5563,168559857,0.00011760624761715927,0.148767807797224,7.535251888867668,71,"(210, 211, 214)"
CO_Alamosa,Qed_poly,16826,11769,0.015699355231561095,0.030913390169440294,0.030913390169440294,0.015747632345779063,0.8366283183840519,481201,30075837,93966,167374190,0.0029045142609480288,0.15430884011657628,0.42698463896654854,71,"(253, 251, 217)"
CO_Alamosa,Qey_poly,16826,11769,0.034959192994748305,0.06755665968547168,0.06755665968547167,0.035257235300170775,0.8052783342741242,1132719,30994559,273899,165624017,0.007103227481246654,0.1622383361987768,0.34490958087565565,71,"(253, 249, 216)"
CO_Alamosa,Qeo_poly,16826,11769,0.009402608502243483,0.018630045975797743,0.018630045975797743,0.009452119218250923,0.6422255927553364,287929,30173917,160401,167402947,0.0022640048518270863,0.15382813360607034,1.5522859268450384,71,"(249, 251, 218)"
CO_Alamosa,Qsm_poly,16826,11769,0.000267952410441857,0.0005357612623620427,0.0005357612623620427,0.00026797953105782375,0.7258505090638192,5846,21809253,2208,176207887,4.067159252473703e-05,0.110163250237745,0.48958372092387015,71,"(225, 235, 177)"
CO_Alamosa,Qpt_poly,16826,11769,0.002010969339217016,0.004013866915135996,0.004013866915135996,0.0020159558076367464,0.4484296362362235,7039,3484605,8658,194524892,7.9267691564539e-05,0.017632322077159535,4.2135871463053105,71,"(208, 191, 127)"
CO_Alamosa,Qlp_poly,16826,11769,0.006194841948704244,0.012313404303895362,0.012313404303895362,0.006205144121614425,0.7886389515023354,135750,21741260,36382,176111802,0.0008692429307757679,0.11047589227459613,4.5673362529520025,71,"(206, 231, 215)"
CO_Alamosa,Qlal_poly,16826,11769,0.015184294241885865,0.02991436003888361,0.02991436003888361,0.015213723594687877,0.8870009796718099,28973,1875426,3691,196117104,0.00016494870849615226,0.00961695308325263,9.174720338978906,71,"(120, 191, 220)"
CO_Alamosa,Qlas_poly,16826,11769,0.04952471115260609,0.09437550278967173,0.09437550278967173,0.050105673874166805,0.8102936589278553,90919,1723626,21286,196189363,0.000566619821112257,0.009163202738738385,8.039795349980622,71,"(152, 213, 209)"
CO_Alamosa,QTla_poly,16826,11769,0.021827664943052664,0.042722791116189124,0.04272279111618913,0.021892305303787725,0.8808468804094227,374522,16732950,50662,180867060,0.0021471207345465345,0.0863903812158366,9.174720338978906,71,"(177, 209, 225)"
CO_Alamosa,Qaa_poly,16826,11769,0.030569493160887147,0.05932543775796553,0.05932543775796553,0.03088089134331195,0.7519552653437288,861843,27046775,284293,169832283,0.005787829199147256,0.1409346832908544,4.572787711297814,71,"(232, 228, 218)"
CO_Alamosa,Qa_poly,16826,11769,0.08096801830302887,0.14980650108434757,0.14980650108434757,0.08233628714547565,0.8297087548351813,2582125,28778592,529961,166134516,0.01571560636875326,0.15836730855569822,0.5931994642854991,71,"(254, 252, 216)"
CO_Alamosa,Qau_poly,16826,11769,0.1676024011167568,0.2870881405458793,0.2870881405458793,0.40009093016206965,0.22386039189709558,224399,336471,778007,196686317,0.005062012462919239,0.0028323163768747524,5.36263328677377,71,"(254, 243, 79)"
CO_Alamosa,Qfp_poly,16826,11769,0.0031879986562603035,0.006355735237125106,0.006355735237125106,0.008219220708683247,0.0051810684300468085,17433,2103571,3347317,192556873,0.016991524825876448,0.010710778548713351,3.906307421221704,71,"(237, 223, 132)"
CO_Alamosa,Qay_poly,16826,11769,0.36318280712240647,0.5328453457963758,0.5328453457963758,0.4038187734835534,0.7830387946935343,7206335,10639133,1996702,178183024,0.04647407137497868,0.09011715953678096,5.826594753419503,71,"(254, 249, 174)"
CO_Alamosa,Qai_poly,16826,11769,0.008621765485137914,0.017096132128362158,0.017096132128362158,0.032297052306452696,0.011624805117048331,50986,1527672,4334980,192111556,0.022148525202303298,0.007972005824672996,5.743199828311279,71,"(254, 247, 135)"
CO_Alamosa,Qao_poly,16826,11769,0.0,0.0,0.0,0.0,0.0,0,2057847,6159947,189807400,0.031106885318844833,0.010391844383194999,2.7793655663272174,71,"(253, 219, 106)"
CO_Alamosa,Qpy_poly,16826,11769,0.062431142169215394,0.11752506057333148,0.11752506057333148,0.06288122288836062,0.8971438565042028,984924,14678321,112920,182249029,0.005543961239598634,0.07909723345606216,5.397683810320164,71,"(253, 205, 161)"
CO_Alamosa,Qpo_poly,16826,11769,0.08503607373135405,0.15674331165584507,0.15674331165584504,0.08575762134047443,0.9099645500503859,2378489,25356527,235337,170054841,0.013199461882612775,0.1400580170622128,3.072918502637679,71,"(253, 231, 169)"
CO_Alamosa,Qac_poly,16826,11769,0.011101635318309933,0.02195948444849458,0.02195948444849458,0.014654810900447804,0.0437831399108328,96486,6487427,2107239,189334042,0.011128508224059612,0.033247855320873966,3.725693187666831,71,"(254, 220, 148)"
CO_Alamosa,Qc_poly,16826,11769,0.012455627699313116,0.0246047873280473,0.0246047873280473,0.012543737649924006,0.6394109967642339,422682,33273973,238367,164090172,0.003338206551637061,0.17016347424964523,3.7763700649690435,71,"(236, 224, 170)"
CO_Alamosa,Qta_poly,16826,11769,0.002523138253785604,0.0050335760991620715,0.005033576099162071,0.0025256859766234494,0.7143929426101393,80900,31950002,32343,165961949,0.0005718615783807791,0.16175165065107827,4.2135871463053105,71,"(224, 206, 149)"
CO_Alamosa,Qls_poly,16826,11769,0.06886915439311887,0.1288635828063002,0.1288635828063002,0.08228409220308103,0.2969763687068839,40466,451318,95794,197437616,0.0006880942633996359,0.002483441576630901,7.777368260006046,71,"(212, 189, 43)"
CO_Alamosa,Qlsy_poly,16826,11769,0.04859278429503005,0.09268189715362009,0.09268189715362007,0.05641564931368208,0.2594970086014075,42810,716022,122163,197144199,0.0008330909651829454,0.003831997255864322,2.7793655663272174,71,"(253, 218, 80)"
CO_Alamosa,Qlso_poly,16826,11769,0.053397916362193876,0.10138223273992857,0.10138223273992857,0.06448067042148414,0.23703429101019463,76728,1113210,246972,196588284,0.0016346404892298705,0.006009023276098899,4.64197171576223,71,"(238, 221, 88)"
CO_Alamosa,Qlsb_poly,16826,11769,0.0017754080965759346,0.0035445232179322507,0.0035445232179322507,0.0017772929516626016,0.62604124905341,56216,31573910,33580,166361488,0.00045345745248960594,0.1597277869602794,0.34490958087565565,71,"(254, 250, 216)"
CO_Alamosa,Qrg_poly,16826,11769,0.0011333683347108134,0.0022641705302382693,0.0022641705302382693,0.0011345694333703023,0.5170460322763389,35595,31337540,33248,166618811,0.0003476476836578683,0.15843001774814572,0.4019075967045913,71,"(253, 250, 216)"
CO_Alamosa,Qti_poly,16826,11769,0.007622832334860676,0.015130328710787688,0.01513032871078769,0.007632921249734454,0.8522277227722772,196251,25514875,34029,172280039,0.001162882335062881,0.12983765085971838,5.02672234258239,71,"(252, 236, 219)"
CO_Alamosa,Qtp_poly,16826,11769,0.03397628519219519,0.06571966045793728,0.06571966045793728,0.034171792998836936,0.8558774245354247,749301,21178170,126176,175971547,0.00442103846644887,0.11073071338589371,5.397683810320164,71,"(253, 221, 181)"
CO_Alamosa,Qtb_poly,16826,11769,0.003194299523279403,0.006368256926494385,0.006368256926494386,0.00321009329735638,0.3936612648788183,24705,7671333,38052,190291104,0.0003169142205208495,0.03886393364674598,3.072918502637679,71,"(250, 227, 150)"
CO_Alamosa,QTsf_poly,16826,11769,0.2474035053654711,0.39666956891063965,0.3966695689106396,0.26414829169950194,0.7960340770791076,981112,2733135,251388,194059559,0.00622395552355828,0.018756436617857825,6.962222329096472,71,"(203, 158, 131)"
CO_Alamosa,Tsf_poly,16826,11769,0.35492957208387,0.5239085180464271,0.5239085180464271,0.3821445359623707,0.8328825867375907,3344490,5407408,671070,188602226,0.02027802583543991,0.04419588145940662,6.006336606336704,71,"(227, 181, 137)"
CO_Alamosa,Tsfv_poly,16826,11769,0.2006178081698939,0.33419095869600063,0.33419095869600063,0.21203076067362922,0.7884535390918761,479554,1782165,128667,195634808,0.003071432415816747,0.011421369949522685,6.831995022320305,71,"(224, 164, 147)"
CO_Alamosa,Qba_poly,16826,11769,0.00040344532161537696,0.0008065652382588008,0.0008065652382588009,0.00040344532161537696,1.0,45662,113134483,0,84845049,0.00023058682119003504,0.571544169273734,5.689066096700898,71,"(197, 87, 159)"
CO_Alamosa,Tsb_poly,16826,11769,0.36845928340017026,0.5385023695913997,0.5385023695913997,0.37347013394396,0.9648655726433096,2391181,4011422,87072,191535519,0.012514836874746351,0.03233226475213048,6.403090678698794,71,"(245, 172, 206)"
CO_Alamosa,Toa_poly,16826,11769,0.000305047936739234,0.0006099098217457475,0.0006099098217457475,0.0003050480960692028,0.9982907008126668,33290,109097042,57,88894805,0.00016839776457938983,0.5510931704982953,5.689066096700898,71,"(212, 87, 144)"
CO_Alamosa,Tbb_poly,16826,11769,0.12201890977692949,0.21749884732546668,0.21749884732546668,0.1236914705506637,0.9002365094467853,165576,1173045,18349,196668224,0.0009287959591646707,0.006759851981258506,12.994728035796394,71,"(229, 127, 40)"
CO_Alamosa,Tb_poly,16826,11769,0.15119779141680684,0.2626790852868543,0.26267908528685424,0.16310701373120365,0.67435020326923,167369,858761,80824,196918240,0.0012533405219135904,0.005181815400721183,7.101574984843968,71,"(243, 113, 84)"
CO_Alamosa,Tba_poly,16826,11769,0.11058722024985863,0.19915089645094033,0.19915089645094033,0.11437001773748759,0.769772028210393,94849,734468,28368,197167509,0.000622228906893534,0.004187936813736943,7.935070745382715,71,"(248, 166, 27)"
CO_Alamosa,Th_poly,16826,11769,0.023318685560149776,0.045574630638910825,0.04557463063891082,0.055783589019724376,0.038524296536945266,42049,711739,1049444,196221962,0.005511889562900769,0.0038065257494458004,5.3585744666184105,71,"(215, 128, 131)"
CO_Alamosa,Tcu_poly,16826,11769,0.004005960610423256,0.007979953840090115,0.007979953840090115,0.004008204425145639,0.8773906828666104,337598,83889144,47177,113751275,0.001943060841036217,0.4253334653973373,7.069375703647255,71,"(200, 144, 181)"
CO_Alamosa,Tcl_poly,16826,11769,0.09597571564337434,0.17514204790027377,0.17514204790027374,0.09657199019951529,0.9395555801865335,813766,7612756,52352,189546320,0.004373776803369777,0.04255277740063721,7.069375703647255,71,"(181, 154, 191)"
CO_Alamosa,Tv_poly,16826,11769,0.005644441708566439,0.011225521614730281,0.011225521614730281,0.006200630731742706,0.05920128876965123,18889,3027414,300175,194678716,0.0016112293267088024,0.015383411264326297,8.988781750409942,71,"(181, 106, 112)"
CO_Alamosa,Tvl_poly,16826,11769,0.015570083836478784,0.03066274614482596,0.030662746144825958,0.015878565174082256,0.4448898399590102,44283,2744571,55254,195181086,0.0005026481630413148,0.01408332921517047,6.831995022320305,71,"(203, 152, 149)"
CO_Alamosa,Tdt_poly,16826,11769,0.00554228463383581,0.011023474036905392,0.011023474036905392,0.005545148599417693,0.9147547025760507,69493,12462723,6476,185486502,0.00038363300378839677,0.06328596754208962,6.232325285347823,71,"(154, 165, 212)"
CO_Alamosa,Ti_poly,16826,11769,0.022424266657044473,0.043864895207082026,0.04386489520708202,0.02251151078925392,0.8526401661228122,22994,998439,3974,196999787,0.00013618469173169956,0.005158096196587996,7.101574984843968,71,"(227, 93, 49)"
CO_Alamosa,Tgr_poly,16826,11769,0.0058500515049495,0.011632054889685937,0.011632054889685939,0.0060425092267680485,0.15517097755008538,7451,1225646,40567,196751530,0.00024248429722533184,0.0062269702914670546,5.3585744666184105,71,"(242, 133, 145)"
CO_Alamosa,Tdi_poly,16826,11769,6.661470184516213e-05,0.00013322052924448897,0.00013322052924448897,6.66164283145043e-05,0.7199155524278676,6138,92133296,2388,105883372,4.30551276217914e-05,0.4652914719528062,6.170094685702324,71,"(241, 114, 148)"
CO_Alamosa,Tiq_poly,16826,11769,0.004053716240248215,0.008074699938221729,0.008074699938221727,0.004056996597124622,0.8337061746481104,42113,10338226,8400,187636455,0.0002550837041472612,0.05241928458860644,6.403090678698794,71,"(247, 183, 196)"
CO_Alamosa,Tcs_poly,16826,11769,0.0010590740749348406,0.0021159072473590362,0.0021159072473590367,0.0010597844449690517,0.6124042801359095,12076,11382694,7643,186622781,9.957823851443872e-05,0.05754202164801313,5.263907940706366,71,"(235, 200, 141)"
CO_Alamosa,Tch_poly,16826,11769,0.5330665525068926,0.6954251942098854,0.6954251942098854,0.6019329649416859,0.8233001796982741,1103242,729590,236782,195955580,0.00676693693833725,0.00925554957416176,8.28396375401934,71,"(207, 154, 47)"
CO_Alamosa,TKs_poly,16826,11769,0.30027089276799207,0.46185897790695146,0.46185897790695146,0.31827360154554607,0.8414849950512615,1126517,2412944,212208,194273525,0.006760377166957857,0.017873791352023622,6.822382080159558,71,"(236, 181, 103)"
CO_Alamosa,Kvt_poly,16826,11769,0.006697858964361539,0.013306592250532743,0.013306592250532741,0.006715269959978932,0.7209281112273997,150165,22211557,58129,175605343,0.00105185605827509,0.11292362122367117,0.48958372092387015,71,"(225, 236, 176)"
CO_Alamosa,Kpu_poly,16826,11769,0.5199407735443163,0.6841592548792252,0.6841592548792252,0.7780015030748386,0.6105187172162032,577649,164829,368512,196914204,0.004777982946957749,0.0037494118046413833,9.729221867344872,71,"(166, 206, 81)"
CO_Alamosa,Kdp_poly,16826,11769,0.20402665195743577,0.3389072021383268,0.3389072021383268,0.22254696287795928,0.710284355367907,111705,390234,45563,197477692,0.0007941817746685303,0.002534722930255026,9.729221867344872,71,"(160, 208, 139)"
CO_Alamosa,Js_poly,16826,11769,0.044920397890122594,0.08597860273533707,0.08597860273533707,0.04534734159856643,0.8267248830869478,37301,785261,7818,197194814,0.00022784474585592376,0.0041538249925916,9.203601612907942,71,"(129, 203, 176)"
CO_Alamosa,JTRs_poly,16826,11769,0.23500093369021047,0.38056802594962,0.38056802594961997,0.3045642866609428,0.507119144935045,52855,120688,51371,197800280,0.0005263269682745519,0.0008763682867544622,9.492849177188733,71,"(39, 188, 173)"
CO_Alamosa,TRs_poly,16826,11769,0.021775874966179116,0.042623584094505854,0.04262358409450585,0.027849245249222453,0.09078723856035673,6841,238803,68511,197711039,0.0003805172386297473,0.001240468422416998,9.36705328182283,71,"(31, 190, 208)"
CO_Alamosa,PPs_poly,16826,11769,0.2420173849501358,0.3897165818815849,0.3897165818815849,0.245727871817125,0.9412720198188351,4597021,14110751,286818,179030604,0.0246627153916587,0.09447167616459955,8.622915877445799,71,"(200, 209, 233)"
CO_Alamosa,Pm_poly,16826,11769,0.05449699432831908,0.10336111837479807,0.10336111837479807,0.05469432207450395,0.9379082744964697,703389,12156977,46566,185118262,0.003787169626507221,0.06494307991941672,6.232325285347823,71,"(129, 159, 210)"
CO_Alamosa,PzZg_poly,16826,11769,3.417136026750239e-05,6.834038525107955e-05,6.834038525107956e-05,3.417136026750239e-05,1.0,3926,114887608,0,83133660,1.982576015049883e-05,0.5801864483970661,9.07107207407085,71,"(202, 41, 122)"
CO_Alamosa,Xp_poly,16826,11769,0.0005515738894525515,0.0011025396468238287,0.001102539646823829,0.0005517029313754395,0.7022202387593439,12588,22804039,5338,175203229,9.052383506312839e-05,0.11522082892139472,7.2312838301873015,71,"(231, 187, 184)"
CO_Alamosa,Xma_poly,16826,11769,0.0014239483825077975,0.0028438472732906935,0.0028438472732906935,0.0014243401835748965,0.8380979276187166,38581,27048347,7453,170930813,0.00023246537003771347,0.13678526177835734,7.737407987515293,71,"(183, 198, 179)"
CO_Alamosa,Xg_poly,16826,11769,0.023563509836201965,0.04604210605353207,0.04604210605353207,0.023641935618678545,0.8765944811828116,445793,18410235,62758,179106408,0.002568112621063762,0.0952203485784743,5.099786015640334,71,"(190, 217, 211)"
CO_Alamosa,Xag_poly,16826,11769,0.002218208042422381,0.004426596971841261,0.004426596971841261,0.0022473743948490713,0.14597146493911128,46101,20467170,269721,177242202,0.001594857672504035,0.10358919784721939,7.726891459618782,71,"(218, 182, 203)"
CO_Alamosa,Xgg_poly,16826,11769,0.07961274731930097,0.14748389645635612,0.14748389645635612,0.08031364221452811,0.9012112338921495,2333545,26721855,255798,168713996,0.013075826099178067,0.14672577470117262,4.572787711297814,71,"(227, 215, 200)"
CO_Alamosa,Xsv_poly,16826,11769,0.0002158611780248569,0.0004316291840655715,0.0004316291840655715,0.00021591963592877236,0.443610813385733,3725,17248064,4672,180768733,4.2403695360096455e-05,0.08711916222134847,4.735683357361959,71,"(220, 239, 237)"
CO_Alamosa,Xmv_poly,16826,11769,0.03676915760518281,0.07093026897157188,0.07093026897157188,0.0375845643809196,0.6289151782842686,1173279,30043765,692281,166115869,0.009420821473857513,0.15764177966163234,4.5673362529520025,71,"(222, 237, 213)"
CO_Alamosa,Xms_poly,16826,11769,0.012025386033533142,0.023764988901443792,0.023764988901443792,0.01205728973761734,0.8196484066740526,318867,26127126,70162,171509039,0.0019645429560846686,0.13354862816091978,7.564467737749557,71,"(233, 218, 221)"
CO_Alamosa,Xr_poly,16826,11769,0.0009766335980025947,0.0019513614308699554,0.0019513614308699554,0.000976831229198343,0.8283911265655688,25729,26313519,5330,171680616,0.00015684367919366866,0.13300958058902343,7.225257953679566,71,"(233, 206, 194)"
CO_Alamosa,Breccia_poly,16826,11769,0.0032042073545592515,0.0063879464042694125,0.006387946404269412,0.003218909524194956,0.41229459322566375,64306,19913267,91665,177955956,0.0007876321030141246,0.10088399660903753,4.735683357361959,71,"(236, 243, 239)"
CO_Clifton,af_poly,11699,9284,0.013128924848971268,0.025917579741252417,0.025917579741252417,0.09619549021555578,0.01497629217688232,4842,45493,318469,108244712,0.002976710559669204,0.00046343219383488147,8.460459222235277,19,"(255, 255, 255)"
CO_Clifton,Qalc1_poly,11699,9284,0.021807440159405087,0.04268405044301314,0.042684050443013134,0.024741412321001487,0.15533148485765638,216579,8537125,1177723,98682089,0.012837278925764636,0.0805949786212611,2.0028763511135415,19,"(254, 251, 227)"
CO_Clifton,Qa_poly,11699,9284,0.008839941412865503,0.01752496317797508,0.01752496317797508,0.008847220050688219,0.9148573298594067,145369,16285668,13529,92168950,0.001462967095181782,0.15127985544635164,4.459856529996044,19,"(253, 248, 153)"
CO_Clifton,Qalc2_poly,11699,9284,0.03210347152702833,0.06220979274399741,0.06220979274399742,0.032158172762994194,0.9496810522453357,538340,16202039,28524,91844613,0.005219092621953239,0.1541279540200135,2.7407988334801607,19,"(254, 250, 193)"
CO_Clifton,Qt1_poly,11699,9284,0.002373531655448259,0.0047358226858370935,0.004735822685837093,0.002374450392825705,0.859832559499872,23519,9881510,3834,98704653,0.00025183790201580437,0.0911951786921252,2.893266743076437,19,"(254, 239, 174)"
CO_Clifton,Qtsc_poly,11699,9284,0.1880317462436504,0.3165433025475524,0.31654330254755236,0.18808045711477678,0.9986245231916734,140848,608023,194,107864451,0.0012985676662930238,0.006894823292526503,3.375678538282432,19,"(248, 243, 2)"
CO_Clifton,Qt2_poly,11699,9284,0.45491717015887073,0.6253512976401203,0.6253512976401202,0.46724630672374967,0.945176426722953,1495633,1705319,86752,105325812,0.014568951068668103,0.029471028265027347,5.351958758472684,19,"(252, 224, 167)"
CO_Clifton,Qtu_poly,11699,9284,0.0048539052683130345,0.009660917358960672,0.009660917358960673,0.005094667611183253,0.09314439607658356,21547,4207777,209782,104174410,0.002129836216700691,0.03893920531952948,2.0028763511135415,19,"(250, 250, 231)"
CO_Clifton,Qls_poly,11699,9284,0.061707469360272424,0.11624194260864344,0.11624194260864343,0.06304450220679308,0.7442235615535633,433668,6445092,149044,101585712,0.005365004480657821,0.06333244934267665,2.9417267376526066,19,"(253, 245, 224)"
CO_Clifton,Qpu_poly,11699,9284,0.00010877219201181439,0.00021752072381769113,0.0002175207238176911,0.00010877855450860236,0.6503080985915493,2955,27162326,1589,81446646,4.183641380323237e-05,0.25010958120534466,2.3554982497270402,19,"(244, 245, 177)"
CO_Clifton,Qp4_poly,11699,9284,0.0004100496062521677,0.0008197630689806798,0.0008197630689806798,0.00041037076863420746,0.34380961031883006,7570,18439163,14448,90152335,0.00020271878501751107,0.1698382823736228,2.7407988334801607,19,"(244, 237, 180)"
CO_Clifton,Qpmv_poly,11699,9284,0.0005127306056454942,0.001024935695391143,0.001024935695391143,0.000512900129386204,0.6080406158418293,14731,28706260,9496,79883029,0.00022305695361155605,0.2644329366890213,2.3554982497270402,19,"(235, 244, 179)"
CO_Clifton,Qac_poly,11699,9284,0.934982244016319,0.96639878418278,0.9663987841827799,0.9616782507513201,0.9711658890258587,15750853,627653,467646,91767364,0.14932302716358065,0.15079620477436712,4.459856529996044,19,"(234, 227, 139)"
CO_Clifton,Qt5_poly,11699,9284,0.2539234449117267,0.40500629594592563,0.40500629594592574,0.2540303809049689,0.9983449311533662,188803,554427,313,107869973,0.0017411829297561824,0.006842886846605721,3.375678538282432,19,"(246, 230, 2)"
CO_Clifton,Qt4_poly,11699,9284,0.4463348199321152,0.6171943228927645,0.6171943228927645,0.4520101705660581,0.9726387894502603,201060,243753,5656,108163047,0.0019032253775856036,0.004095374281042518,9.096697355533818,19,"(235, 197, 104)"
CO_Clifton,Qt3_poly,11699,9284,0.4692250661109297,0.6387381714810767,0.6387381714810767,0.4785803638414803,0.9600059435269588,1208179,1316327,50333,106038677,0.011587066199017072,0.023243018852276174,7.264653228518885,19,"(249, 204, 155)"
CO_Clifton,Kd_poly,11699,9284,0.0008519838927254865,0.0017025172681614125,0.0017025172681614125,0.0008520746007527736,0.8889282927867225,12533,14696273,1566,93903144,0.00012980889045153458,0.13542334823227709,5.666976860454374,19,"(220, 233, 120)"
CO_Clifton,Km_poly,11699,9284,0.6101072493289186,0.7578467205625053,0.7578467205625053,0.6428626935158234,0.9229230408412913,10357382,5753962,864986,91637186,0.10332386256605486,0.14833645565806008,3.7501957006073012,19,"(235, 235, 200)"
CO_Clifton,Kmg_poly,11699,9284,7.839094393063053e-05,0.00015676959854445154,0.00015676959854445154,7.842964490434991e-05,0.13708563535911603,794,10122929,4998,98484795,5.3326696467500416e-05,0.09320868500380744,3.741881205536758,19,"(239, 244, 218)"
DC_Frederick,CZa_poly,10250,14537,0.004083167889641741,0.008133126856859171,0.008133126856859171,0.004099493871058344,0.5062443903064495,39482,9591463,38508,139334797,0.000523407889372283,0.06463537113874268,5.507907621195609,267,"(220, 226, 242)"
DC_Frederick,CZac_poly,10250,14537,0.002159410567903923,0.004309515123308034,0.004309515123308034,0.0021614599743511576,0.6948874135924988,20306,9374270,8916,139600758,0.0001961152114788672,0.06304904725871913,4.563309294558969,267,"(217, 214, 235)"
DC_Frederick,CZas_poly,10250,14537,0.0014567039521202576,0.002909170104651679,0.002909170104651679,0.001457210250208713,0.8074196089665545,11274,7725427,2689,141264860,9.37087364957711e-05,0.05192268676900155,4.563309294558969,267,"(216, 203, 226)"
DC_Frederick,CZat_poly,10250,14537,0.0005297378339704472,0.0010589147207503648,0.0010589147207503648,0.0005297582513762121,0.9321794418933239,5278,9957757,384,139040831,3.799891613829807e-05,0.06686409951394004,3.457714624092156,267,"(216, 184, 215)"
DC_Frederick,CZbg_poly,10250,14537,0.0003952978108014705,0.0007902832243744327,0.0007902832243744326,0.0003953121016358812,0.9162107237767704,5861,14820399,536,134177454,4.2931661345230085e-05,0.09950226251935768,3.3961606107277524,267,"(214, 165, 202)"
DC_Frederick,CZg_poly,10250,14537,3.370210123520627e-05,6.740193088371445e-05,6.740193088371446e-05,3.3702119457113896e-05,0.9842105263157894,2431,72129531,39,76872249,1.6576708382479024e-05,0.4840933194858536,3.2636306789647933,267,"(213, 145, 192)"
DC_Frederick,CZgm_poly,10250,14537,0.003882612564739728,0.007735192374376025,0.007735192374376025,0.0038826198305599168,0.9995182447591912,290464,74520878,140,74192768,0.0019503067865513904,0.5020752226866012,3.007047873503408,267,"(211, 130, 180)"
DC_Frederick,CZgn_poly,10250,14537,4.728505236290323e-05,9.456563318488958e-05,9.456563318488958e-05,4.728505236290323e-05,1.0,4177,88332407,0,60667666,2.803275745490481e-05,0.5928460698268674,2.5221614065096016,267,"(210, 111, 170)"
DC_Frederick,CZh_poly,10250,14537,0.0007679586211922423,0.0015347386266248914,0.0015347386266248914,0.0007679586211922423,1.0,81796,106429151,0,42493303,0.0005489507849608317,0.7148181813605988,1.6155345543219897,267,"(210, 14, 139)"
DC_Frederick,CZi_poly,10250,14537,0.002397189835824764,0.0047829141185389435,0.004782914118538943,0.002492485921234049,0.05899970499078631,27599,11045282,440183,137491186,0.003139386963794657,0.07431251793153551,4.7870497272363375,267,"(220, 239, 237)"
DC_Frederick,CZic_poly,10250,14537,0.00024559820875240493,0.0004910758101654716,0.0004910758101654716,0.0002458678870449829,0.1829490481874725,2912,11840847,13005,137147486,0.00010682245640644478,0.0794860482167455,4.609114074596297,267,"(219, 224, 227)"
DC_Frederick,CZid_poly,10250,14537,0.0,0.0,0.0,0.0,0.0,0,10812234,172,138191844,1.154329490601778e-06,0.07256325910166991,5.228591942400784,267,"(219, 214, 220)"
DC_Frederick,CZig_poly,10250,14537,0.0007347889821768542,0.001468498927521427,0.0014684989275214272,0.0007354748731712954,0.44068702800240594,6594,8959042,8369,140030245,0.00010041995446438608,0.060170337423261416,3.0183195612553635,267,"(217, 200, 211)"
DC_Frederick,CZil_poly,10250,14537,0.0005569242349889975,0.0011132284860550308,0.0011132284860550308,0.0005572050163169568,0.5249869178440607,4013,7198004,3631,141798602,5.1300550152092976e-05,0.048334305900670615,2.9367344058252716,267,"(217, 182, 203)"
DC_Frederick,CZim_poly,10250,14537,4.699029566053054e-06,9.398014970555898e-06,9.3980149705559e-06,4.699159224021813e-06,0.1455223880597015,39,8299318,229,140704664,1.7986064155888172e-06,0.05569879382635059,1.7972314343049085,267,"(215, 165, 191)"
DC_Frederick,CZip_poly,10250,14537,0.004467757460902566,0.008895770775552179,0.00889577077555218,0.004467840616236814,0.995851439685842,80896,18025390,337,130897627,0.0005451723692445014,0.12151523194808202,2.458062640879351,267,"(214, 147, 182)"
DC_Frederick,CZiq_poly,10250,14537,9.337516595453406e-05,0.00018673289569394352,0.00018673289569394352,9.337652934315053e-05,0.8647758926310458,6830,73137889,1068,75858463,5.3005199516121186e-05,0.4908901524620942,1.720363098654445,267,"(214, 130, 170)"
DC_Frederick,CZl_poly,10250,14537,0.0022837808290308214,0.004557154116854632,0.004557154116854632,0.0022840347968718414,0.9535724992505247,190848,83366548,9292,65437562,0.001343183164238604,0.5607718974458782,1.820613638927451,267,"(210, 111, 160)"
DC_Frederick,CZlb_poly,10250,14537,0.0006752032647573564,0.001349495345851419,0.0013494953458514192,0.0006752033445658734,0.9998249733813684,68549,101454941,12,47480748,0.00046012781514621226,0.6813462703245041,1.6155345543219897,267,"(211, 17, 132)"
DC_Frederick,CZlm_poly,10250,14537,4.592899493953401e-05,9.185377112767872e-05,9.185377112767872e-05,4.595952762004302e-05,0.06466436894797309,394,8572366,5699,140425791,4.089145108277113e-05,0.057533660952623834,3.8857789722178837,267,"(222, 239, 226)"
DC_Frederick,CZm_poly,10250,14537,0.00021543952221749155,0.00043078623605410975,0.0004307862360541097,0.0002155554094724079,0.2860850222441918,2315,10737383,5777,138258775,5.430717580203249e-05,0.07207645419509846,3.9899365106098057,267,"(221, 223, 217)"
DC_Frederick,CZmb_poly,10250,14537,0.25538915067865947,0.4068685005611159,0.4068685005611159,0.26382080101792904,0.8887771566373651,2650625,7396441,331703,138625481,0.020015053261903604,0.06742804987106073,3.272047702677352,267,"(219, 214, 210)"
DC_Frederick,CZmbg_poly,10250,14537,0.000500599525684989,0.0010006981023745756,0.0010006981023745753,0.0005007571616345492,0.6139352040124711,4529,9039775,2848,139957098,4.950865495447278e-05,0.06069829551841642,3.0183195612553635,267,"(219, 200, 204)"
DC_Frederick,CZmbgs_poly,10250,14537,1.3714177960030314e-05,2.7427979767865008e-05,2.7427979767865008e-05,1.371441110318723e-05,0.44651162790697674,96,6999840,119,142004195,1.4429118632522226e-06,0.04697809626235493,2.9367344058252716,267,"(217, 180, 193)"
DC_Frederick,CZmbq_poly,10250,14537,0.004485134456782679,0.008930215695443226,0.008930215695443226,0.004498349747315434,0.6042259017672966,32514,7195470,21297,141754969,0.0003611373501091412,0.04850857609766165,1.7972314343049085,267,"(216, 164, 185)"
DC_Frederick,CZmg_poly,10250,14537,0.03754099449172604,0.07236532279886781,0.07236532279886781,0.037667342773483055,0.9179779131143273,624180,15946673,55771,132377626,0.00456329936897773,0.1112106064088776,2.458062640879351,267,"(213, 146, 173)"
DC_Frederick,CZmm_poly,10250,14537,0.00369862499705534,0.007369991160576096,0.007369991160576097,0.0036987165775746213,0.9933501156244706,252151,67920415,1688,80829996,0.0017035688579352603,0.4575209499057913,1.720363098654445,267,"(212, 129, 163)"
DC_Frederick,CZmp_poly,10250,14537,0.004222746709523212,0.00840998020281782,0.00840998020281782,0.00422291767442978,0.9905036782932264,347645,81975769,3333,66677503,0.0023554898601885516,0.5524903752745307,1.7463064297247362,267,"(213, 110, 154)"
DC_Frederick,CZms_poly,10250,14537,0.4591390797020916,0.6293287406102958,0.6293287406102958,0.465154201942988,0.9726069360049728,2501937,2876789,70466,143555058,0.017263957236119103,0.03609780257945663,5.918489282341183,267,"(159, 149, 179)"
DC_Frederick,CZmt_poly,10250,14537,3.251060902448992e-07,6.502119691019272e-07,6.502119691019273e-07,3.251236892435266e-07,0.005970149253731343,2,6151503,333,142852412,2.2482580194860216e-06,0.04128409089002495,4.026173124375737,267,"(223, 238, 214)"
DC_Frederick,CZo_poly,10250,14537,0.00029162653617094907,0.0005830830298576007,0.0005830830298576007,0.00029170431854017004,0.5223712067748765,3701,12683804,3384,136313361,4.75489793076372e-05,0.08514861153289252,4.237242184326055,267,"(222, 222, 205)"
DC_Frederick,CZp_poly,10250,14537,0.018670497839152988,0.036656598730909824,0.036656598730909824,0.018713925840964526,0.8894473198782463,213607,11200727,26550,137563366,0.00161174597368867,0.076604083440573,3.272047702677352,267,"(220, 212, 201)"
DC_Frederick,CZpb_poly,10250,14537,0.010246982261803745,0.020286093285549173,0.020286093285549176,0.010258804030226965,0.8989104718736362,117404,11326815,13203,137546828,0.0008765320452268979,0.07680464818956506,5.087300947169895,267,"(219, 199, 192)"
DC_Frederick,CZpg_poly,10250,14537,0.0008486064769514613,0.001695773909180147,0.001695773909180147,0.0008487356691828577,0.8479080104357909,8775,10330133,1574,138663768,6.945439475719653e-05,0.06938666514545726,4.134150926078603,267,"(217, 182, 182)"
DC_Frederick,CZpq_poly,10250,14537,2.4118762630665702e-05,4.823636185996954e-05,4.823636185996953e-05,2.4119566683535e-05,0.4197860962566845,157,6509081,217,142494795,2.509995520262006e-06,0.043684915027591496,3.467445859681949,267,"(215, 163, 173)"
DC_Frederick,CZs_poly,10250,14537,0.00041711711354957425,0.000833886398811448,0.000833886398811448,0.00041717195960191234,0.7603464870067372,6320,15143308,1992,133852630,5.578364375512779e-05,0.10167245565143276,3.2023794057252997,267,"(215, 145, 163)"
DC_Frederick,CZscc_poly,10250,14537,0.0004139570115311619,0.0008275714440605119,0.0008275714440605119,0.00041396991985045284,0.9299504304722149,7129,17213929,537,131782655,5.1448196947402505e-05,0.11557427388816091,2.4265381513892033,267,"(212, 129, 155)"
DC_Frederick,CZscf_poly,10250,14537,3.038848265636647e-06,6.077678062131856e-06,6.077678062131855e-06,3.0388512312220764e-06,0.7569230769230769,246,80951397,79,68052528,2.1811458397998715e-06,0.5432841210905058,1.7463064297247362,267,"(212, 111, 148)"
DC_Frederick,CZscg_poly,10250,14537,0.00019316366741450023,0.0003862527248361223,0.0003862527248361223,0.0001931637683237979,0.9973028374150393,18488,95693043,50,53292669,0.00012441255870218468,0.6423409466508505,2.290338951310112,267,"(210, 23, 119)"
DC_Frederick,CZscgs_poly,10250,14537,0.01856547404784092,0.03645415934640039,0.03645415934640038,0.01871706658959644,0.6962583133572445,154522,8101152,67410,140681166,0.0014894340262106619,0.05540562769182758,3.813289636563875,267,"(224, 237, 194)"
DC_Frederick,CZschp_poly,10250,14537,0.0011495141951679694,0.0022963886589748243,0.0022963886589748243,0.0011500799751766383,0.7002987430246322,12424,10790303,5317,138196206,0.00011906371798119852,0.07249945555244229,4.31390289615401,267,"(221, 221, 186)"
DC_Frederick,CZscl_poly,10250,14537,0.0002015320349084066,0.00040298285586183813,0.0004029828558618381,0.00020157976131855064,0.459810214903712,3295,16342592,3871,132654492,4.809258796309501e-05,0.10970081054735016,4.738907519355142,267,"(222, 211, 183)"
DC_Frederick,CZscm_poly,10250,14537,0.0011400652738775044,0.0022775340103197684,0.0022775340103197684,0.0011417429770493525,0.43689230911017923,18962,16588979,24440,132371869,0.0002912802822738278,0.11145951206089759,4.444090099804126,267,"(220, 198, 176)"
DC_Frederick,CZscmp_poly,10250,14537,0.02462118355169521,0.04805909529676047,0.04805909529676047,0.02469595766625466,0.8904918526832107,342761,13536474,42151,135082864,0.0025832283307355326,0.09314657132263006,3.8087329798596614,267,"(218, 180, 169)"
DC_Frederick,CZscq_poly,10250,14537,0.006945882907164778,0.013795940824766553,0.013795940824766553,0.006975607135405366,0.6197779833487511,33499,4768807,20551,144181393,0.00036274133120364017,0.03222932231798757,3.457324640296212,267,"(217, 162, 160)"
DC_Frederick,CZscqs_poly,10250,14537,0.006486241407818956,0.012888882412831296,0.012888882412831294,0.0064928626894406385,0.8641385857974325,62803,9609818,9874,139321755,0.0004877511883050316,0.06491506785880269,3.188147109493297,267,"(215, 145, 150)"
DC_Frederick,CZscs_poly,10250,14537,0.002849232813405248,0.005682275500998243,0.005682275500998243,0.0028502888419569042,0.8849286739258884,41935,14670609,5453,134286253,0.0003180311970967271,0.09873908965683864,3.6199415792055545,267,"(216, 128, 143)"
DC_Frederick,CZsctp_poly,10250,14537,0.009196893620014012,0.018226163156377796,0.0182261631563778,0.009198229531193586,0.9844536848473487,231069,24889961,3649,123879571,0.001575243659157373,0.1685927079261162,2.9305406408933643,267,"(215, 111, 137)"
DC_Frederick,CZsm_poly,10250,14537,9.696274236242869e-05,0.0001939066830011112,0.00019390668300111116,9.696275290135305e-05,0.9988803045571605,8921,91995480,10,56999839,5.993788767770047e-05,0.6174615891828589,1.6949465678159745,267,"(210, 25, 108)"
DC_Frederick,CZst_poly,10250,14537,8.054934866930998e-05,0.00016108572198863386,0.00016108572198863386,8.054940819410233e-05,0.990909090909091,763,9471684,7,139531796,5.167637835833542e-06,0.06357165651315315,3.8532372406596362,267,"(226, 236, 176)"
DC_Frederick,CZt_poly,10250,14537,0.00012167444370094117,0.00024331928166364418,0.00024331928166364418,0.00012167991493929957,0.7301694915254238,1077,8850014,398,140152761,9.89904650370711e-06,0.059401600961046415,3.537044712218353,267,"(223, 220, 168)"
DC_Frederick,CZu_poly,10250,14537,0.010094259337837619,0.019986767065590216,0.019986767065590216,0.01012205738874692,0.7861239633993111,106361,10401483,28937,138467469,0.0009080143687176708,0.0705204314642032,3.7138231828638633,267,"(223, 210, 165)"
DC_Frederick,CZum_poly,10250,14537,0.001357632315026188,0.00271158329694356,0.00271158329694356,0.0013578935683904074,0.8758757853817294,19377,14250519,2746,134731608,0.0001484722751196694,0.09576838244546716,3.651106428196324,267,"(222, 197, 159)"
DC_Frederick,CZwm_poly,10250,14537,0.0002311204413795403,0.00046213407412789165,0.00046213407412789165,0.0002311380462905369,0.752133012469919,3438,14870790,1133,134128889,3.067697733453911e-05,0.0998241862228762,3.62441416312543,267,"(220, 180, 153)"
DC_Frederick,Ca_poly,10250,14537,0.013662045983818857,0.02695582031101704,0.02695582031101704,0.013717649790454213,0.7711918451129468,154789,11129141,45925,137674395,0.0013470354033525889,0.07572891377259373,3.645652335188629,267,"(219, 163, 144)"
DC_Frederick,Cam_poly,10250,14537,9.895207193559403e-05,0.00019788456278369655,0.00019788456278369655,9.897279419724094e-05,0.32093391373169766,811,8193360,1716,140808363,1.6959247806690076e-05,0.05499286765310386,2.973641815822053,267,"(216, 144, 138)"
DC_Frederick,Car_poly,10250,14537,0.012978957574013605,0.025625325140212093,0.025625325140212093,0.012986852911945037,0.9552548232677337,158045,12011570,7403,136827232,0.0011103575904714128,0.0816729388591265,2.95910890302426,267,"(215, 128, 131)"
DC_Frederick,Ccbs_poly,10250,14537,0.004867076878546277,0.009687006352452203,0.009687006352452204,0.0048691334241120305,0.9201496337498531,93962,19203517,8154,129698617,0.0006853227340830882,0.12950958781377042,2.714384865593085,267,"(214, 109, 125)"
DC_Frederick,Ccf_poly,10250,14537,0.00037126943806099674,0.0007422632964450291,0.0007422632964450291,0.00037127007335058373,0.9954122938530735,33197,89381497,153,59589403,0.00022381911925330988,0.6000815010310109,1.6949465678159745,267,"(210, 29, 102)"
DC_Frederick,Ccg_poly,10250,14537,0.0013043320822091321,0.002605266032349581,0.002605266032349581,0.0013044119300849987,0.9551727248128439,10590,8108011,497,140885152,7.440727361803438e-05,0.05448570091121562,2.902658005702127,267,"(226, 233, 155)"
DC_Frederick,Cch_poly,10250,14537,0.15068819770965666,0.26190969544936366,0.2619096954493636,0.15347960967292124,0.8923023896877177,1128742,6225603,136235,141513670,0.008489536372284683,0.0493566123113938,3.396932450087391,267,"(225, 219, 151)"
DC_Frederick,Ccp_poly,10250,14537,0.0006836677959612441,0.001366401427270308,0.001366401427270308,0.00068379325945205,0.7884083044982699,4557,6659738,1223,142338732,3.879083985859464e-05,0.04472553635215103,3.2812816692982207,267,"(225, 208, 147)"
DC_Frederick,Ccs_poly,10250,14537,1.1260765785474982e-05,2.252127796411362e-05,2.252127796411362e-05,1.1261436453107262e-05,0.15901639344262294,97,8613369,513,140390271,4.093842960855144e-06,0.05780684779125428,3.280091474030282,267,"(223, 196, 144)"
DC_Frederick,Cd_poly,10250,14537,2.407503666302514e-05,4.8148914139177096e-05,4.8148914139177096e-05,2.4075591531286446e-05,0.5109090909090909,281,11671291,269,137332409,3.691169882738244e-06,0.07833046372838359,3.1225046560431764,267,"(221, 178, 134)"
DC_Frederick,Ce_poly,10250,14537,0.0932659465271661,0.17061895474460126,0.17061895474460123,0.09362990880939973,0.9599885110922669,1052829,10191751,43881,137715789,0.0073602598583597445,0.07546482734552873,2.9413328145419158,267,"(218, 161, 132)"
DC_Frederick,Cfa_poly,10250,14537,0.02005577354204071,0.039322895987145993,0.039322895987145993,0.020075540870972405,0.9532021059052342,190649,9305932,9360,139498309,0.0013423039946847154,0.0637336250476077,2.920371053467107,267,"(215, 143, 124)"
DC_Frederick,Cfi_poly,10250,14537,0.030828650591416394,0.059813336724254026,0.059813336724254026,0.030930781471853006,0.903256305260687,277054,8680172,29674,140017350,0.0020585184650773383,0.06011389608014536,3.2400583168606296,267,"(216, 126, 114)"
DC_Frederick,Cfl_poly,10250,14537,0.006892334631614721,0.013690311058205396,0.013690311058205397,0.006893502706875495,0.976005226005226,100103,14421252,2461,134480434,0.0006883293597330278,0.09745597860463712,2.301589795821115,267,"(214, 108, 112)"
DC_Frederick,Cfr_poly,10250,14537,0.0059467253884572,0.011823141799404552,0.011823141799404554,0.005946757645437169,0.9990886826878982,511978,85581660,467,62910145,0.0034391300919269082,0.5777931703290342,2.039877070506905,267,"(210, 30, 94)"
DC_Frederick,Cfrs_poly,10250,14537,0.0017958659970410944,0.0035852932877772498,0.0035852932877772498,0.0017991111605562193,0.49890359168241966,13196,7321537,13254,141656263,0.00017751171526986646,0.049224991904593327,2.902658005702127,267,"(227, 233, 138)"
DC_Frederick,Cg_poly,10250,14537,0.0009892647024353656,0.001976574049931384,0.001976574049931384,0.0009893732336388305,0.9001812946571398,8441,8523223,936,140471650,6.293109089170276e-05,0.05725785673898563,2.5679889721193887,267,"(226, 219, 132)"
DC_Frederick,Ch_poly,10250,14537,0.13350171015318718,0.2355562571407944,0.23555625714079442,0.13641932436338225,0.8619196377092658,822211,5204875,131719,142845445,0.006402032156800896,0.04044908786158784,3.1183779949704085,267,"(225, 208, 130)"
DC_Frederick,Chs_poly,10250,14537,0.00596433969362365,0.011857954518427857,0.011857954518427855,0.0059753033358680195,0.7647407282036093,36147,6013253,11120,142943730,0.0003172191397225247,0.040598841979339516,3.280091474030282,267,"(223, 194, 127)"
DC_Frederick,Ci_poly,10250,14537,0.008864722151327067,0.01757365870108675,0.01757365870108675,0.008882085548659052,0.8193206482817889,74364,8297994,16399,140615493,0.0006091302764854022,0.056188719449277454,3.1225046560431764,267,"(221, 177, 121)"
DC_Frederick,Cl_poly,10250,14537,0.010910341670252073,0.021585181633864237,0.02158518163386424,0.01093093802711914,0.8527323479270874,91036,8237252,15722,140660240,0.000716476207893399,0.05589295607340059,2.856733051213472,267,"(218, 161, 114)"
DC_Frederick,Clc_poly,10250,14537,0.00020752236716859424,0.00041495862114185214,0.0004149586211418522,0.00020760615154066716,0.3395904436860068,1791,8625121,3483,140373855,3.539496356647545e-05,0.057897086828060274,2.9053419009711834,267,"(216, 143, 109)"
DC_Frederick,Clo_poly,10250,14537,0.00738412119153952,0.014659991231161238,0.014659991231161238,0.007390349082806797,0.8975661028980165,65753,8831391,7504,140099602,0.0004916436947268283,0.05971067268215504,3.0906749040180976,267,"(216, 127, 104)"
DC_Frederick,Clp_poly,10250,14537,0.0038042008795255928,0.007579567561467428,0.007579567561467427,0.00380695420195049,0.8402550587665092,55477,14517065,10547,134421161,0.00044310145515983604,0.09779950571879661,2.638164547465648,267,"(215, 108, 100)"
DC_Frederick,Cm_poly,10250,14537,0.00017913636858016274,0.0003582085689780844,0.0003582085689780845,0.00017913638412433888,0.9995158389818786,14451,80655928,7,68333864,9.703078939023551e-05,0.5413964970797813,2.0054765043098017,267,"(210, 32, 84)"
DC_Frederick,Cp_poly,10250,14537,0.02148364920713137,0.042063618392339096,0.042063618392339096,0.021505619101334937,0.9546066315918268,163842,7454725,7791,141377892,0.0011518664736072965,0.05112986374549719,2.9951385866005036,267,"(228, 231, 117)"
DC_Frederick,Cpo_poly,10250,14537,0.06002958282757774,0.1132602029227368,0.1132602029227368,0.06023034342023978,0.9473947856578195,484168,7554438,26884,140938760,0.0034297813652966274,0.05394883702981627,2.5679889721193887,267,"(226, 217, 114)"
DC_Frederick,Cps_poly,10250,14537,0.014649554745667124,0.028876087664256044,0.028876087664256044,0.014661902532570806,0.9456375428291728,92733,6232026,5331,142674160,0.0006581288788742603,0.04244683624795937,3.1183779949704085,267,"(225, 206, 109)"
DC_Frederick,Cs_poly,10250,14537,0.3816086820132169,0.5524121076847233,0.5524121076847234,0.3963228837446406,0.911335904016023,2123995,3235259,206644,143438352,0.01564142633515487,0.03596712174317176,3.5759137479361063,267,"(224, 194, 107)"
DC_Frederick,Csql_poly,10250,14537,0.0041737672930501745,0.008312838731689622,0.008312838731689623,0.004174704171825066,0.9489748638943588,16385,3908444,881,145078540,0.0001158758894461064,0.0263403829085412,3.59903818895258,267,"(222, 177, 104)"
DC_Frederick,Csqm_poly,10250,14537,0.006291274265425423,0.012503883172430251,0.01250388317243025,0.006295747694962088,0.8985195890785517,23003,3630733,2598,145347916,0.00017181389121451233,0.024521018695775457,3.2093585305999826,267,"(219, 160, 98)"
DC_Frederick,Csqu_poly,10250,14537,0.003942483956802057,0.00785400363029501,0.00785400363029501,0.0039450394086476374,0.8588826951042171,28350,7157890,4658,141813352,0.00022152388270804357,0.04822842301477978,2.6591666682506823,267,"(219, 142, 95)"
DC_Frederick,Ct_poly,10250,14537,0.024003814580871894,0.046882275708507455,0.04688227570850746,0.024094829069412852,0.8640321250964019,162451,6579701,25564,142236534,0.0012618096463691472,0.04524805164953349,2.714697649280725,267,"(217, 126, 90)"
DC_Frederick,Cta_poly,10250,14537,0.09949254884534481,0.18097903246334685,0.18097903246334682,0.10116596530654211,0.8574441928682026,1102013,9791107,183217,137927913,0.008625458669803042,0.07310610267827931,2.554198904432151,267,"(215, 109, 87)"
DC_Frederick,Ctb_poly,10250,14537,0.0005487908323087473,0.0010969796522411154,0.0010969796522411152,0.0005488157366248631,0.9236273270635618,43114,78515129,3565,70442442,0.0003132729435569791,0.5272214920044227,2.6189734364171136,267,"(210, 32, 73)"
DC_Frederick,Ctbh_poly,10250,14537,0.02106210319702353,0.041255283358527316,0.041255283358527316,0.021094921698492038,0.9312156911120706,75489,3503050,5576,145420135,0.0005440448846257741,0.024016355238189516,3.099875243625048,267,"(231, 229, 20)"
DC_Frederick,Ctd_poly,10250,14537,0.02990880609356984,0.0580804939556028,0.058080493955602795,0.029961690695403526,0.9442735145357127,125832,4073931,7426,144797061,0.0008943234840616963,0.028185524909524393,2.9235395484863207,267,"(229, 216, 27)"
DC_Frederick,Ctf_poly,10250,14537,0.009366637524538795,0.0185594355436799,0.0185594355436799,0.009379878069354492,0.8690331736009708,42255,4462601,6368,144493026,0.0003263195512879666,0.030233070533223046,3.1892796621152164,267,"(229, 206, 33)"
DC_Frederick,Ctg_poly,10250,14537,0.02053184075646226,0.04023753093532716,0.04023753093532716,0.020541782351184774,0.9769711742263671,92187,4395593,2173,144514297,0.0006332705275185103,0.030118469775190976,3.0507236973468044,267,"(226, 193, 35)"
DC_Frederick,Cu_poly,10250,14537,0.08092927023803426,0.14974017720921298,0.14974017720921298,0.08103260962891307,0.9844864851332293,353916,4013659,5577,144631098,0.0024126358811913085,0.02931174781927361,2.7872855247029245,267,"(223, 177, 39)"
DC_Frederick,Cum_poly,10250,14537,0.0014966524996833765,0.0029888317568467354,0.0029888317568467354,0.0014967675792428323,0.9511385199240987,6015,4012645,309,144985281,4.244174243352119e-05,0.026970103201754313,2.751607037561518,267,"(220, 159, 42)"
DC_Frederick,Cuq_poly,10250,14537,0.04691882603575196,0.08963221382390099,0.089632213823901,0.04700572435050639,0.962092067258716,80276,1627516,3163,147293295,0.000559977316083266,0.011461364357056929,2.8088981186156765,267,"(220, 142, 43)"
DC_Frederick,Cvf_poly,10250,14537,0.0025662236319716346,0.005119309969719587,0.005119309969719587,0.0025697050646418746,0.6544782251437962,3186,1236645,1682,147762737,3.267020907121777e-05,0.00832077608524589,2.883443590509229,267,"(218, 125, 41)"
DC_Frederick,Cvm_poly,10250,14537,0.025235934139582455,0.04922951546906405,0.04922951546906406,0.025255153287562553,0.9707273524620975,61979,2392134,1869,146548268,0.00042849784486012984,0.01647008726261164,2.6190827416464733,267,"(215, 107, 41)"
DC_Frederick,Cw_poly,10250,14537,0.006251552311689151,0.01242542642011789,0.01242542642011789,0.0062519368069893656,0.9902582483227644,129300,20552291,1272,128321387,0.0008762971525979964,0.13879866513874603,1.9271709413628704,267,"(212, 34, 41)"
DC_Frederick,Cwac_poly,10250,14537,0.003298444078120883,0.006575200225993877,0.006575200225993877,0.003304344343478164,0.6487824477320667,45213,13637683,24476,135296878,0.00046769806901481,0.09182889749789017,3.8857789722178837,267,"(206, 232, 215)"
DC_Frederick,Cwak_poly,10250,14537,0.0031208591251025977,0.006222299330560296,0.006222299330560296,0.0031498114772469453,0.2534680715830967,43468,13756723,128025,135076034,0.0011509269030916904,0.09261608980951885,3.702163877152392,267,"(206, 216, 206)"
DC_Frederick,Cwar_poly,10250,14537,0.0014907200939933175,0.002977002310822028,0.0029770023108220277,0.001494531768878365,0.36888656134532016,25358,16941829,43384,131993679,0.0004613425455985316,0.11387049027125065,3.702163877152392,267,"(204, 207, 199)"
DC_Frederick,Cwb_poly,10250,14537,0.009479847750621695,0.018781648334526363,0.01878164833452636,0.00953563802856712,0.6183627675046749,148809,15456754,91841,133306846,0.0016150546041471972,0.10473233481595323,4.684218071085367,267,"(203, 195, 191)"
DC_Frederick,Cwm_poly,10250,14537,0.019006259581869932,0.03730351880207054,0.03730351880207054,0.019083408839741457,0.8246023701486316,174095,8948751,37031,139844373,0.0014169126048418081,0.06122540800010738,3.99390229377018,267,"(203, 175, 182)"
DC_Frederick,Cwmq_poly,10250,14537,0.0021613572989051927,0.004313391816923839,0.004313391816923838,0.002161659267810171,0.9392915908894085,10846,5006596,701,143986107,7.749443388359728e-05,0.03367314690688353,3.467445859681949,267,"(200, 159, 171)"
DC_Frederick,Cwo_poly,10250,14537,0.008068513292345664,0.016007866897843975,0.016007866897843975,0.008082053653771735,0.8280600351704677,121488,14910335,25226,133947201,0.0009846296330473796,0.10088184061864007,2.4727186981647713,267,"(201, 142, 166)"
DC_Frederick,Cy_poly,10250,14537,0.0006929090098714213,0.0013848584388531648,0.0013848584388531646,0.0006929394624760605,0.9403587792187621,12109,17462722,768,131528651,8.642035378185521e-05,0.11727739980571024,2.5343408779484697,267,"(200, 126, 155)"
DC_Frederick,Dg_poly,10250,14537,2.5879296428012836e-07,5.175857946126947e-07,5.175857946126947e-07,2.587932498003206e-07,0.19,19,73417661,81,75586489,6.711217968614989e-07,0.4927220532300253,2.6324923184988744,267,"(199, 109, 145)"
DC_Frederick,Dl_poly,10250,14537,3.193669074820896e-06,6.38731775066262e-06,6.387317750662621e-06,3.193669074820896e-06,1.0,300,93935544,0,55068406,2.013365390584497e-06,0.6304239241498145,2.7349539342845905,267,"(197, 26, 119)"
DC_Frederick,Dp_poly,10250,14537,2.1467521178961915e-07,4.2935033140836496e-07,4.29350331408365e-07,2.1467839173253477e-07,0.014285714285714285,3,13974389,207,135029651,1.4093557734091478e-06,0.09378519069086956,4.076243832187604,267,"(205, 229, 192)"
DC_Frederick,Jd_poly,10250,14537,0.004760233289378123,0.009475361646816175,0.009475361646816175,0.004773268932958243,0.6354432695216586,90320,18831723,51817,130030390,0.0009539123884050287,0.12698995498450547,3.8087329798596614,267,"(203, 176, 168)"
DC_Frederick,Jdc_poly,10250,14537,0.004865576589812811,0.009684034766769496,0.009684034766769494,0.004866100017002668,0.978370607028754,30623,6262507,677,142710443,0.00021006112241764917,0.042234567134830044,3.457324640296212,267,"(202, 159, 159)"
DC_Frederick,Jdg_poly,10250,14537,0.017234553473102238,0.033885112168592794,0.033885112168592794,0.017243174225527926,0.9718091037037488,159504,9090765,4627,139749354,0.0011015189164067468,0.06208057152732221,3.188147109493297,267,"(201, 141, 149)"
DC_Frederick,Jdh_poly,10250,14537,0.09491706782111052,0.17337763856397978,0.17337763856397978,0.09523993881105176,0.9655154294077349,1488315,14138690,53157,133324088,0.010345154584516885,0.10487623675163628,2.9562414017972305,267,"(201, 125, 144)"
DC_Frederick,JTrc_poly,10250,14537,0.030170813864159287,0.05857439068961563,0.05857439068961563,0.030240000787273437,0.9295127534034591,503953,16161159,38216,132300922,0.00363861433482602,0.11184319910338128,4.69067508607782,267,"(205, 216, 187)"
DC_Frederick,JTrcg_poly,10250,14537,0.00854814976454275,0.016951396453482988,0.01695139645348299,0.008560059434333602,0.8600218351446578,173303,20072234,28207,128730506,0.0013523775328556065,0.1358722116986596,4.237242184326055,267,"(207, 206, 184)"
DC_Frederick,JTrtm_poly,10250,14537,0.07040991661298628,0.1315569213629463,0.13155692136294633,0.07120064600732794,0.8637603867127481,1339086,17468131,211212,129985821,0.010404387794307881,0.1262193326700413,4.444090099804126,267,"(205, 193, 178)"
DC_Frederick,Jdl_poly,10250,14537,0.013178646128845782,0.026014456935504453,0.026014456935504453,0.013184238274012307,0.9688186379425283,276123,20667294,8887,128051946,0.001912764233234958,0.14055583649459663,2.6818713801029643,267,"(201, 108, 134)"
DC_Frederick,Jdo_poly,10250,14537,0.0002873120818399973,0.0005744591146358367,0.0005744591146358367,0.00028731242584446447,0.9958499846295727,25916,90175543,108,58802683,0.00017465273641523648,0.6053616524360882,1.8670822017882518,267,"(200, 30, 110)"
DC_Frederick,Jhg_poly,10250,14537,0.005788269688790543,0.011509916874615252,0.011509916874615252,0.0057920673870289485,0.8982498111306976,71339,12245334,8081,136679496,0.0005330049310674024,0.08265987715115508,3.813289636563875,267,"(208, 228, 175)"
DC_Frederick,Jhgs_poly,10250,14537,0.00046341673545541854,0.0009264041597194275,0.0009264041597194276,0.00046347573450917953,0.7845031122558489,7310,15764821,2008,133230111,6.253512903155447e-05,0.1058502089705495,3.830581055802714,267,"(206, 214, 168)"
DC_Frederick,Jm_poly,10250,14537,0.013804242154257218,0.027232559463204156,0.027232559463204156,0.013815887620612557,0.942452683184101,235878,16837075,14403,131916894,0.001679690344402928,0.11458030895091918,4.266686793805077,267,"(206, 203, 167)"
DC_Frederick,Jmc_poly,10250,14537,0.00023422988551576276,0.00046835006944837736,0.00046835006944837736,0.00023424734037052103,0.7586527726088574,4077,17400603,1297,131598273,3.6066085363336954e-05,0.11680660115399392,4.0511832767260465,267,"(205, 193, 160)"
DC_Frederick,Jmz_poly,10250,14537,0.002584283848324255,0.005155245080053973,0.005155245080053973,0.002586753140258675,0.730255736821725,43375,16724750,16022,132220103,0.00039862621368182453,0.11253454179998222,3.62441416312543,267,"(205, 175, 154)"
DC_Frederick,Js_poly,10250,14537,0.044560037206927056,0.08531828831222982,0.08531828831222982,0.044621217067639274,0.9701489277637805,488632,10462033,15035,138038550,0.0033802190205984056,0.07349229971628327,3.645652335188629,267,"(203, 159, 145)"
DC_Frederick,Jss_poly,10250,14537,0.006736645488574361,0.013383133550890129,0.013383133550890127,0.006751424534372336,0.7547494077755585,48747,7171507,15840,141768156,0.0004334574349389363,0.04845669838276425,2.973641815822053,267,"(202, 142, 138)"
DC_Frederick,Jtr_poly,10250,14537,0.02753137210373603,0.05358740930190608,0.05358740930190608,0.027568051840586118,0.9539005871111035,332421,11725776,16065,136929988,0.0023387655050107633,0.08092518837549936,2.95910890302426,267,"(202, 125, 131)"
DC_Frederick,Jw_poly,10250,14537,0.010459069363163237,0.020701619056682847,0.020701619056682847,0.010461118065615513,0.9816197660352024,154985,14660353,2902,134186010,0.0010596140714107148,0.09942896259670446,2.6818713801029643,267,"(202, 108, 126)"
DC_Frederick,Jwm_poly,10250,14537,0.0007248839801273318,0.0014487178079239742,0.0014487178079239742,0.0007248841135957654,0.9997460599615916,62991,86835037,16,62106206,0.00042285371054852464,0.5831916069508084,1.8670822017882518,267,"(200, 32, 103)"
DC_Frederick,Kp_poly,10250,14537,0.18461049663608725,0.31168134532037606,0.31168134532037606,0.18850516025160685,0.8993488996669405,1527000,6573574,170895,140732781,0.011394943432821547,0.0543647177848954,3.4825996493058127,267,"(207, 227, 156)"
DC_Frederick,Kpc_poly,10250,14537,0.011572699839802733,0.022880609256527858,0.022880609256527854,0.011592804031006284,0.8696769116830216,112731,9611491,16893,139263135,0.0008699349179637493,0.06526137341720119,3.535926463256897,267,"(208, 212, 151)"
DC_Frederick,Kps_poly,10250,14537,0.015109001280929507,0.029768234272110686,0.029768234272110686,0.015145132848877342,0.8636335679819289,154460,10044196,24389,138781205,0.0012002946224688221,0.06844540340292307,3.6682662663959302,267,"(209, 202, 150)"
DC_Frederick,Ks_poly,10250,14537,0.00027060427006385623,0.0005410621264059372,0.0005410621264059373,0.0002707391237713125,0.35202894804859136,2724,10058622,5014,138937890,5.1931404641142785e-05,0.06752388606365255,3.6682662663959302,267,"(207, 192, 144)"
DC_Frederick,OCc_poly,10250,14537,0.10723295134940765,0.19369537588042451,0.19369537588042451,0.10833077019955754,0.9136557929010052,1316906,10839437,124453,136723454,0.009673274420024932,0.08158386757424704,3.5930253365957165,267,"(206, 174, 137)"
DC_Frederick,OCgs_poly,10250,14537,0.0046939249110451225,0.009343989835433154,0.009343989835433154,0.004696353560026995,0.9007620246085011,51538,10922508,5678,138024526,0.00038398904729227524,0.07364921470360744,2.9413328145419158,267,"(205, 158, 130)"
DC_Frederick,OCgu_poly,10250,14537,0.009078422181770494,0.01799349184802041,0.01799349184802041,0.009085946915955934,0.916401870638783,86808,9467287,7919,139442236,0.0006357335445129921,0.06411961403785463,2.920371053467107,267,"(201, 141, 123)"
DC_Frederick,OCi_poly,10250,14537,0.00010049596973238366,0.00020097174261460445,0.00020097174261460445,0.00010051244913058628,0.380019120458891,795,7908673,1297,141093485,1.4039867990342557e-05,0.05308216376378526,3.5313233130838686,267,"(202, 125, 119)"
DC_Frederick,OCl_poly,10250,14537,0.056876339665949585,0.10763102083244039,0.10763102083244039,0.056979558707657134,0.9691331334740678,876390,14504389,27913,133595558,0.00606897454267244,0.10322376039609608,2.301589795821115,267,"(202, 108, 110)"
DC_Frederick,OCmI_poly,10250,14537,0.007147911749508363,0.014194363441794332,0.014194363441794332,0.007147966627246685,0.9989270776504819,604241,83929030,649,64470330,0.004059548637035521,0.5673212072810003,2.039877070506905,267,"(200, 33, 93)"
DC_Frederick,OCmII_poly,10250,14537,0.1372404523277781,0.2413569655333054,0.2413569655333054,0.13870276911868895,0.9286603311695456,810297,5031670,62247,143100036,0.005855832971207197,0.0392067139024558,3.110353041543593,267,"(210, 226, 138)"
DC_Frederick,OCmIII_poly,10250,14537,0.24229819002565953,0.39008056515103656,0.39008056515103656,0.24501962127602114,0.9561690373014242,1656647,5104636,75941,142167026,0.011627775717806706,0.04537644396049106,3.0205161909734737,267,"(209, 212, 133)"
DC_Frederick,OCmIV_poly,10250,14537,0.058215965326569086,0.11002662449645322,0.11002662449645322,0.05838407430274535,0.9528709704189331,378912,6111077,18741,142495520,0.0026687359588736565,0.043555730792913624,2.939816391281071,267,"(207, 201, 129)"
DC_Frederick,OCmIVq_poly,10250,14537,0.018124894828670367,0.03560446251875693,0.03560446251875692,0.018147400285207768,0.9359594646639707,77767,4207530,5321,144713632,0.0005576216785762822,0.028759562227251907,2.971146664786414,267,"(208, 191, 126)"
DC_Frederick,OCmIVv_poly,10250,14537,0.005432233698614225,0.010805767940482755,0.010805767940482755,0.005440537092483807,0.7806680799862488,40875,7472170,11484,141479721,0.0003513926616187122,0.050421682603013,3.141982084613429,267,"(207, 174, 121)"
DC_Frederick,OCp_poly,10250,14537,0.045788081600428444,0.08756665409756126,0.08756665409756126,0.04596293527610776,0.9232898839731394,443554,9206700,36852,139317144,0.0032241093794304525,0.06476495804649868,2.856733051213472,267,"(206, 157, 118)"
DC_Frederick,OCpg_poly,10250,14537,0.049273985748146246,0.09392015129968793,0.09392015129968793,0.049489366662722654,0.918844209903414,453400,8708164,40046,139802640,0.003311623661741192,0.06148525293741621,2.9053419009711834,267,"(203, 141, 113)"
DC_Frederick,OCq_poly,10250,14537,0.0008570289501268499,0.001712590160906101,0.001712590160906101,0.0008574017031271158,0.6634500426985482,7769,9053328,3941,139939212,7.858836241248152e-05,0.06081099700176337,3.0906749040180976,267,"(203, 125, 108)"
DC_Frederick,OCt_poly,10250,14537,0.008268168533471806,0.01640073304207922,0.01640073304207922,0.008269735256830616,0.9775997697620875,142667,17109034,3269,131749280,0.000979408305467797,0.11577992574037317,2.607791422624401,267,"(203, 107, 102)"
DC_Frederick,OCte_poly,10250,14537,5.169195496122728e-05,0.00010337856608227269,0.0001033785660822727,5.169195883939624e-05,0.9985507246376811,4134,79969620,6,69030490,2.7784442390066054e-05,0.5367212948623948,2.259308193085168,267,"(198, 36, 85)"
DC_Frederick,OCtj_poly,10250,14537,0.0065321858222566935,0.012979586573121689,0.012979586573121689,0.00653362289451748,0.9674250803181124,36737,5586024,1237,143380252,0.0002548517911401856,0.03773557465642759,3.110353041543593,267,"(211, 224, 118)"
DC_Frederick,Ob_poly,10250,14537,0.0002943651483582966,0.0005885570460344201,0.00058855704603442,0.0002944651359364581,0.4643556600078339,2371,8049516,2735,140949628,3.4267478947748136e-05,0.05403796871565744,2.736047658684009,267,"(211, 211, 115)"
DC_Frederick,Oc_poly,10250,14537,0.015324525518073905,0.03018645789188338,0.03018645789188338,0.015359566879895398,0.8704184792131707,114252,7324239,17009,141548750,0.0008809211817783721,0.04992133445858088,2.736047658684009,267,"(209, 202, 113)"
DC_Frederick,Ocla_poly,10250,14537,4.1128703228438687e-07,8.225737262548671e-07,8.225737262548671e-07,4.112921070576903e-07,0.03225806451612903,2,4862722,60,144141466,4.1609551405412933e-07,0.032634800685215355,2.971146664786414,267,"(208, 190, 109)"
DC_Frederick,Odl_poly,10250,14537,0.0009309500504366599,0.0018601683770289041,0.001860168377028904,0.0009312271222959931,0.7578038521142351,3423,3672372,1094,145327361,3.0314571564233905e-05,0.024669061452945135,3.141982084613429,267,"(206, 172, 105)"
DC_Frederick,Odm_poly,10250,14537,0.0072641714688886526,0.014423567669036306,0.014423567669036307,0.007282050251108757,0.7473922085578135,45641,6221962,15426,142721221,0.00040983394768941156,0.04206324987374521,3.2093585305999826,267,"(204, 155, 100)"
DC_Frederick,Odt_poly,10250,14537,0.0004299108465216845,0.0008594522052182787,0.0008594522052182787,0.0004300247278552674,0.6188118811881188,3000,6973343,1848,142026059,3.253598471184547e-05,0.0468197584968214,2.6591666682506823,267,"(206, 139, 95)"
DC_Frederick,Ofg_poly,10250,14537,0.000684936479170683,0.0013689353245999222,0.001368935324599922,0.000685047072783716,0.8092579986385297,5944,8670832,1401,140326073,4.92938959794771e-05,0.058231735000847294,2.714697649280725,267,"(204, 125, 94)"
DC_Frederick,Ofm_poly,10250,14537,2.9691992875045697e-05,5.938222257356184e-05,5.9382222573561844e-05,2.969232383178971e-05,0.7270642201834863,317,10675843,119,138327971,2.9260910343161353e-06,0.0716500368278086,2.554198904432151,267,"(202, 108, 87)"
DC_Frederick,Oft_poly,10250,14537,0.0015042237439177512,0.0030039289066490804,0.0030039289066490804,0.0015042297194376108,0.9973660733251201,117385,77919233,310,70967322,0.0007898767988161412,0.5237207529315439,2.0054765043098017,267,"(201, 36, 78)"
DC_Frederick,Oftr_poly,10250,14537,0.00036384814064123423,0.000727431606644947,0.000727431606644947,0.0003638641279078617,0.8922535211267606,1267,3480802,153,145522028,9.529929515433285e-06,0.023368924040757227,3.099875243625048,267,"(215, 224, 34)"
DC_Frederick,Og_poly,10250,14537,0.11088180944909293,0.199628454631157,0.199628454631157,0.11096549766443392,0.993244272765833,482381,3864745,3281,144653843,0.0032593835410734927,0.029174510123033404,2.9094930391302967,267,"(214, 209, 36)"
DC_Frederick,Ogb_poly,10250,14537,0.00016646545776810302,0.00033287550326317555,0.00033287550326317555,0.00016647331372166571,0.779128672745694,769,4618590,218,144384673,6.623972135022994e-06,0.031001525124283367,2.9094930391302967,267,"(212, 199, 40)"
DC_Frederick,Ogg_poly,10250,14537,0.006502132911355757,0.012920256597068554,0.012920256597068556,0.00650406436793783,0.9563233773343878,31442,4802766,1436,144168606,0.0002206514243721236,0.03244342359362233,3.0507236973468044,267,"(212, 189, 43)"
DC_Frederick,Ogh_poly,10250,14537,0.013696404691110574,0.027022695607338346,0.027022695607338342,0.013707197858977872,0.9456352585371582,64411,4634653,3703,144301483,0.00045712790071424135,0.031536442752471826,2.7872855247029245,267,"(210, 172, 47)"
DC_Frederick,Ogp_poly,10250,14537,0.0016149293741854185,0.003224651164483811,0.0032246511644838105,0.0016150444277461154,0.9577511643379907,5758,3559469,254,145438769,4.034784242731332e-05,0.023927015504591313,2.751607037561518,267,"(207, 154, 47)"
DC_Frederick,Ok_poly,10250,14537,0.10232682564640112,0.1856560563812769,0.1856560563812769,0.10283293967898655,0.9541092926773397,187430,1635235,9015,147172570,0.0013183852138445717,0.012232302098765638,2.8088981186156765,267,"(207, 140, 48)"
DC_Frederick,Ol_poly,10250,14537,0.10407807024054204,0.18853389637177898,0.188533896371779,0.10450937876845166,0.9618596009894252,178096,1526019,7062,147293073,0.0012426356966328141,0.011436687208586331,2.883443590509229,267,"(204, 123, 46)"
DC_Frederick,Ola_poly,10250,14537,0.0427905567331923,0.0820693215083279,0.0820693215083279,0.042808830060002294,0.990122990525296,120595,2696464,1203,146185988,0.0008174129261413685,0.018905896979448573,2.6190827416464733,267,"(202, 107, 46)"
DC_Frederick,Olm_poly,10250,14537,0.0013136436777845953,0.0026238405640007763,0.0026238405640007768,0.0013136499734243163,0.9963650277405778,26040,19796592,95,129181523,0.00017539768160975273,0.1330340040636425,1.9271709413628704,267,"(203, 36, 43)"
DC_Frederick,Olp_poly,10250,14537,0.003877075191874033,0.007724203067657454,0.007724203067657455,0.003878238377778164,0.9281957757231317,21885,5621141,1693,143359531,0.0001582370972640042,0.03787157748856157,4.50120708977406,267,"(172, 223, 250)"
DC_Frederick,Om_poly,10250,14537,0.06343166686888198,0.11929617829728015,0.11929617829728013,0.06363700997760241,0.9515922243270873,512873,7546478,26090,140918809,0.0036170981700186402,0.054088061246575184,3.7605828576444216,267,"(173, 210, 239)"
DC_Frederick,Omm_poly,10250,14537,1.9830324940837643e-05,3.965986341369668e-05,3.965986341369668e-05,1.9830605831807225e-05,0.5833333333333334,175,8824568,125,140179382,2.013365390584497e-06,0.059224773790009344,3.757634152698488,267,"(173, 200, 230)"
DC_Frederick,Ong_poly,10250,14537,3.720752285661282e-05,7.441227701672773e-05,7.441227701672774e-05,3.7208281554435874e-05,0.6459854014598541,354,9513657,194,139490045,3.677747446801014e-06,0.06385060157680066,3.7477009873908753,267,"(176, 189, 225)"
DC_Frederick,Ont_poly,10250,14537,0.025643787839318602,0.05000525161536114,0.05000525161536113,0.025701423565759947,0.9195837689942963,146875,5567789,12844,143276742,0.0010719090227292174,0.03835235572139721,4.491206783175369,267,"(177, 171, 213)"
DC_Frederick,Ontr_poly,10250,14537,1.3395828976271613e-05,2.6791299060882952e-05,2.6791299060882952e-05,1.3395828976271613e-05,1.0,98,7315612,0,141688540,6.57699360924269e-07,0.04909732440517636,3.3764122360621505,267,"(177, 155, 201)"
DC_Frederick,Onu_poly,10250,14537,3.0255516818098673e-05,6.0509202898991384e-05,6.050920289899139e-05,3.0255521840223835e-05,0.9945436507936508,2005,66266890,11,82735344,1.3529815424727819e-05,0.44474499888426,3.290833010236025,267,"(178, 138, 190)"
DC_Frederick,Oo_poly,10250,14537,0.012956705982881588,0.025581954107919292,0.025581954107919296,0.012962253386194318,0.9680256662856059,918758,69960739,30347,78094406,0.006369650530102329,0.4756877538727922,3.289827767335431,267,"(176, 122, 179)"
DC_Frederick,Opg_poly,10250,14537,1.5271499203470062e-05,3.054253197668737e-05,3.054253197668737e-05,1.5271499203470062e-05,1.0,1165,76284731,0,72718354,7.818568933436463e-06,0.5119712759870944,2.7743458858163574,267,"(179, 106, 170)"
DC_Frederick,Opm_poly,10250,14537,0.0004872267899661972,0.0009739790312555014,0.0009739790312555015,0.000487226800042599,0.9999575551782682,47118,96659385,2,52297745,0.0003162325906811383,0.6490184206155194,2.3264536378002076,267,"(179, 29, 143)"
DC_Frederick,Ops_poly,10250,14537,0.003051846497187512,0.00608512213570023,0.006085122135700229,0.003055682145897774,0.7085621698966816,33673,10986125,13850,137970602,0.00031893721152249016,0.07395626634810752,4.577077855753103,267,"(174, 222, 232)"
DC_Frederick,Oq_poly,10250,14537,0.07927161569951667,0.1468983609804984,0.1468983609804984,0.08009999900715839,0.8845947712131645,1008469,11581656,131566,136282559,0.0076510233768499894,0.08449507312710879,3.917065024830546,267,"(177, 209, 224)"
DC_Frederick,Oqq_poly,10250,14537,0.002528789832013835,0.005044822368517846,0.005044822368517846,0.002530735852023109,0.7668241662461581,33432,13176955,10166,135783697,0.0002925956809956763,0.08865778660675785,3.757634152698488,267,"(177, 200, 219)"
DC_Frederick,Orr_poly,10250,14537,0.029815351394045442,0.05790426672837,0.05790426672837,0.02986949775619385,0.9426850334411127,446943,14516248,27174,134013885,0.0031819025296258327,0.10042123630701809,3.7477009873908753,267,"(177, 187, 211)"
DC_Frederick,Os_poly,10250,14537,0.030859250054982208,0.059870928166646006,0.059870928166646006,0.030935483367697424,0.9260501929552885,301396,9441332,24068,139237454,0.002184259844937309,0.06538557121692838,2.5111793332809156,267,"(179, 170, 198)"
DC_Frederick,Osp_poly,10250,14537,0.004035377251550477,0.008038316862094903,0.008038316862094903,0.0040415909270100385,0.7241188977021833,35421,8728702,13495,140226632,0.0003282859381527708,0.058817939756751904,2.2255811356971664,267,"(181, 155, 191)"
DC_Frederick,Oss_poly,10250,14537,0.002009188405197011,0.004010319323308492,0.004010319323308492,0.0020094479375629155,0.9395999773358263,132664,65887459,8528,82975599,0.0009475702874246876,0.4430754357677717,3.290833010236025,267,"(179, 137, 178)"
DC_Frederick,Ot_poly,10250,14537,0.00024140622427994092,0.0004826959227596931,0.0004826959227596931,0.00024140754477281455,0.9778432527990571,16594,68721937,376,80265343,0.00011388936892739637,0.4613192643833985,1.7075603580983796,267,"(180, 123, 169)"
DC_Frederick,Ou_poly,10250,14537,0.002811893693566132,0.005608018236020992,0.005608018236020992,0.002811925605516964,0.995980228680324,200694,71171749,810,77630997,0.0013523372655477948,0.4789960219255491,1.5770368769077638,267,"(179, 106, 159)"
DC_Frederick,PzZd_poly,10250,14537,0.00043289293933908003,0.000865411248259164,0.000865411248259164,0.00043289476383447285,0.9903578895584799,40263,92968485,392,55995110,0.0002728445665140424,0.6242019808159834,1.386017179635598,267,"(179, 31, 132)"
DC_Frederick,PzZp_poly,10250,14537,0.09721484796944266,0.17720293914970806,0.17720293914970806,0.09790994330214776,0.9319427778073563,1137767,10482779,83088,137300616,0.008193424013073453,0.07798801712031704,4.085570363893493,267,"(176, 222, 221)"
DC_Frederick,PzZpa_poly,10250,14537,0.0012340842402647698,0.002465126307003804,0.002465126307003804,0.0012344006172468722,0.8280308776939895,18557,15014650,3854,133967189,0.00015040510589463051,0.10089112894430864,3.9563106234297396,267,"(179, 209, 213)"
DC_Frederick,PzZpg_poly,10250,14537,0.006001985368585046,0.011932352929474593,0.011932352929474591,0.006008983511090872,0.8374942691618389,100470,16619496,19495,132264789,0.0008051112636048972,0.11221133625383169,3.917065024830546,267,"(177, 199, 207)"
DC_Frederick,PzZph_poly,10250,14537,0.0010610542636027382,0.0021198592415190252,0.0021198592415190252,0.0010612931936442994,0.8249622039307912,19644,18489850,4168,130490588,0.00015980752226866013,0.12422124872277134,4.030447276242298,267,"(179, 188, 202)"
DC_Frederick,PzZpm_poly,10250,14537,0.003154975924577338,0.0062901067139092695,0.0062901067139092695,0.003157396205153651,0.8045290174633974,36487,11519554,8865,137439344,0.000304367157312627,0.07755511000525153,2.5111793332809156,267,"(179, 171, 192)"
DC_Frederick,PzZpmb_poly,10250,14537,0.0003685727885016141,0.0007368739853036906,0.0007368739853036905,0.0003685896052552073,0.8898481690979458,2989,8106301,370,140894590,2.254298115657775e-05,0.05442321276070985,2.2255811356971664,267,"(180, 154, 183)"
DC_Frederick,SCi_poly,10250,14537,9.952075828189967e-05,0.00019902170977232822,0.00019902170977232822,9.952075828189967e-05,1.0,6757,67888626,0,81108867,4.534769981393148e-05,0.4556607143755967,1.7075603580983796,267,"(180, 123, 163)"
DC_Frederick,SOe_poly,10250,14537,0.011917289835708972,0.023553881241902323,0.023553881241902327,0.011925032740679905,0.948331367983175,858091,71099028,46752,77000379,0.006072598600375493,0.48291991000256707,1.5770368769077638,267,"(181, 106, 154)"
DC_Frederick,SOg_poly,10250,14537,9.625944602917223e-06,1.925170388999929e-05,1.925170388999929e-05,9.625944602917223e-06,1.0,885,91938144,0,57065221,5.9394279022242656e-06,0.6170228634418146,1.1758736360266633,267,"(179, 33, 126)"
DC_Frederick,Sf_poly,10250,14537,0.012630534156937398,0.02494598717083504,0.024945987170835043,0.012644971134188361,0.9171001969256092,124810,9745517,11282,139122641,0.0009133430757847511,0.06624191591850569,4.085570363893493,267,"(177, 221, 210)"
DC_Frederick,Ta_poly,10250,14537,0.03823010384068513,0.07364476082760837,0.07364476082760837,0.03849974597989107,0.8451659679729855,673768,16826815,123434,131380233,0.005350196387015806,0.11745022709083801,4.185447800639796,267,"(178, 208, 203)"
DC_Frederick,Tb_poly,10250,14537,0.01804704548955692,0.035454246578316986,0.03545424657831699,0.018078950992475553,0.9109225628359727,313494,17026782,30656,131633318,0.0023096656638988485,0.11637437187194324,3.9563106234297396,267,"(179, 199, 198)"
DC_Frederick,Tbs_poly,10250,14537,0.004145287965491808,0.008256350978633012,0.008256350978633014,0.004147147039439438,0.902411803351354,114008,27376698,12329,121501215,0.0008478751445009119,0.18449612007711189,5.208749294115523,267,"(179, 186, 189)"
DC_Frederick,Tc_poly,10250,14537,0.12816356244801907,0.2272074133823557,0.2272074133823557,0.13083669190236583,0.8625048411038314,1877391,12471726,299282,134355851,0.014608126949399095,0.09630005184415881,3.4233288364341794,267,"(179, 168, 181)"
DC_Frederick,Te_poly,10250,14537,0.05671027241944056,0.107333625686437,0.10733362568643699,0.05781771875895787,0.7475218072019683,334217,5446312,112883,143110838,0.0030005855537677617,0.03879439009290003,3.8071787929234655,267,"(181, 154, 172)"
DC_Frederick,Tmc_poly,10250,14537,0.0007057566776191795,0.0014105178728307075,0.0014105178728307073,0.0007059993241190277,0.6725021633495307,10103,14300109,4920,134689118,0.00010082262754250298,0.09603895190908984,3.521275655797295,267,"(180, 138, 161)"
DC_Frederick,Tms_poly,10250,14537,0.00795158951123654,0.01577772106117185,0.01577772106117185,0.007955000023079906,0.9488413553913398,506668,63185098,27318,85285166,0.0035836964381888436,0.4274493244320212,2.5369384168470575,267,"(180, 122, 154)"
DC_Frederick,Tn_poly,10250,14537,0.010361005085776736,0.020509511023531865,0.02050951102353187,0.010369833158761717,0.9240726284992606,728026,69478118,59819,78738287,0.0052873995204834765,0.4711687351199714,1.8442448042511945,267,"(181, 107, 148)"
DC_Frederick,Tps_poly,10250,14537,0.02890355475511089,0.05618321488254595,0.05618321488254595,0.028904002986121072,0.9994637593923733,2601913,87417210,1396,58983731,0.01747137413865712,0.6041379557965628,1.1758736360266633,267,"(179, 34, 121)"
DC_Frederick,Trbb_poly,10250,14537,0.22609990821721052,0.3688115572016757,0.36881155720167574,0.22817844943799478,0.9612715839314844,2051293,6938570,82644,139931743,0.014321316338292363,0.06033293010098705,4.626681383595172,267,"(179, 221, 193)"
DC_Frederick,Trbg_poly,10250,14537,0.13758192227980331,0.2418848604838557,0.24188486048385574,0.1380282485615815,0.9770367161093026,2160406,13491506,50776,133301562,0.014839724370278029,0.10504339305758058,4.211274019973655,267,"(180, 205, 185)"
DC_Frederick,Trbl_poly,10250,14537,0.017931812705037596,0.035231854395798574,0.03523185439579857,0.017946866206144788,0.9553140628358762,368863,20184196,17254,128433937,0.002591315348387714,0.137936058870804,4.211274019973655,267,"(181, 197, 184)"
DC_Frederick,Trmp_poly,10250,14537,0.07588560919447086,0.1410663151285895,0.1410663151285895,0.07619875953957678,0.9486263130126145,1977791,23977894,107109,122941456,0.013992218342765391,0.17419425955971055,5.465619737052468,267,"(182, 186, 177)"
DC_Frederick,Trmr_poly,10250,14537,0.004149735058953407,0.008265171844535272,0.008265171844535272,0.0041507706787617775,0.9432854643469303,106213,25482529,6386,123409122,0.0007556764320480792,0.17173162510465306,5.7369436986976,267,"(181, 170, 166)"
DC_Frederick,Trmra_poly,10250,14537,0.012010040469596516,0.023735022360101436,0.023735022360101433,0.012039601716012042,0.8302612759614029,41215,3382071,8426,145572538,0.00033315157118001665,0.022974418514908133,4.312932288802599,267,"(181, 153, 160)"
DC_Frederick,Trmt_poly,10250,14537,0.0015232026721000208,0.003041772108796004,0.0030417721087960038,0.0015238226709789382,0.7891941579001124,15454,10126146,4128,138858522,0.00013141907026141872,0.06806248815050578,3.521275655797295,267,"(182, 136, 150)"
DC_Frederick,Trtmr_poly,10250,14537,0.010454962044028472,0.020693573561911843,0.020693573561911843,0.010462845425610745,0.9327769685995092,142172,13446101,10246,135405731,0.0010229104203403594,0.0911938619200459,3.872069420630146,267,"(182, 121, 142)"
DC_Frederick,Tu1_poly,10250,14537,0.002285534244138251,0.004560644978003917,0.004560644978003917,0.002285964629212333,0.9238934799016857,95477,41671136,7865,107229772,0.0006935506873126102,0.2803048436537884,3.534768322626693,267,"(180, 105, 135)"
DC_Frederick,Tu2_poly,10250,14537,0.0006998548666235637,0.001398730824672384,0.001398730824672384,0.000699856030534134,0.9976293244392126,61019,87126913,145,61816173,0.0004104849358323672,0.5851372158847818,2.435851391012661,267,"(179, 35, 111)"
DC_Frederick,Tu3_poly,10250,14537,0.0320227090813777,0.06205814813877825,0.06205814813877826,0.032094624184239785,0.9346031286210892,296815,8951307,20769,139735359,0.0021313754473446227,0.06206616254234359,3.940994516497418,267,"(184, 219, 177)"
DC_Frederick,Tu4_poly,10250,14537,0.007473028004244931,0.014835192201718066,0.014835192201718066,0.007479318153347115,0.8988450470286035,93079,12351772,10475,136548924,0.0006949734655219566,0.08352010764793621,3.940994516497418,267,"(181, 205, 168)"
DC_Frederick,Tug4_poly,10250,14537,0.013262285910090831,0.02617739966148829,0.02617739966148829,0.013266822963753118,0.9748619426733386,255795,19025008,6596,129716851,0.0017609631940028556,0.12939767154292578,4.073393215084886,267,"(183, 196, 166)"
DC_Frederick,Ty_poly,10250,14537,0.06174914612729159,0.11631588563554837,0.11631588563554839,0.0624824505415624,0.8402923564505477,1366512,20503821,259722,126874195,0.010914010841972629,0.14677657180919337,4.156212108050809,267,"(182, 186, 160)"
DC_Frederick,Tym_poly,10250,14537,0.05582840568028949,0.10575280108005473,0.10575280108005473,0.0559194295345177,0.9716693989411757,1012943,17101387,29534,130860386,0.006996290374267848,0.12156921698542156,5.7369436986976,267,"(182, 169, 153)"
DC_Frederick,Tyv_poly,10250,14537,0.002912346306523296,0.005807778351216321,0.005807778351216321,0.0029156907562635703,0.7174329501915708,32207,11013889,12685,137945469,0.0003012799970470641,0.07413275795824616,4.714048634337516,267,"(184, 153, 144)"
DC_Frederick,Ya_poly,10250,14537,0.0029306254215731345,0.005844123905063268,0.005844123905063268,0.0029347139561224475,0.677791144398308,17466,5934051,8303,143044430,0.00017294137583323966,0.03994192783091757,4.624115369775491,267,"(182, 136, 138)"
DC_Frederick,Ybg_poly,10250,14537,0.01926542696390072,0.037802571252292735,0.037802571252292735,0.01936443025911542,0.7902771645409332,189725,9607878,50349,139156298,0.001611188942597275,0.06575384930295612,4.1546901858667695,267,"(181, 122, 130)"
DC_Frederick,Yc_poly,10250,14537,0.001533676327496503,0.003062655532703223,0.0030626555327032236,0.0015338526107924516,0.930287448368878,33108,21551756,2481,127416905,0.00023884553628503885,0.1448607271269108,3.8572632994379537,267,"(181, 104, 123)"
DC_Frederick,Yf_poly,10250,14537,0.0012027713077625542,0.0024026527737063784,0.002402652773706379,0.0012027725600605398,0.9991351011341969,101658,84418062,88,64484442,0.0006828395834347007,0.5672302635663077,2.042684129010464,267,"(181, 36, 102)"
DC_Frederick,Yg_poly,10250,14537,0.0005723485109135234,0.001144042230959735,0.001144042230959735,0.0005723598761114997,0.9664698439477014,4583,8002617,159,140996891,3.182459560717228e-05,0.053738064518293945,3.3855232450190678,267,"(184, 217, 156)"
DC_Frederick,Ygt_poly,10250,14537,0.1759911880370603,0.29930698431647446,0.29930698431647446,0.1786665315225576,0.921588050062498,920143,4229915,78289,143775903,0.006700694778840201,0.034563161789009374,3.0417553257201426,267,"(185, 206, 150)"
DC_Frederick,Yhm_poly,10250,14537,0.048353241425997597,0.09224608560417336,0.09224608560417336,0.048458601692481854,0.9569693015162813,307991,6047764,13849,142634646,0.002159938391019048,0.04265485716011456,3.599834265873797,267,"(186, 195, 147)"
DC_Frederick,Ylg_poly,10250,14537,0.04616567587596265,0.08825691176936726,0.08825691176936726,0.046202922596879296,0.9828374779761379,488655,10087624,8533,138419438,0.0033367370393797492,0.07097971366588537,3.554318544164688,267,"(184, 185, 144)"
DC_Frederick,Ym_poly,10250,14537,0.08854789842888286,0.16268994420307153,0.16268994420307153,0.09118395297297631,0.7538744314692952,1109866,11061859,362350,136470175,0.009880362472882485,0.08168709952904028,3.2860226317540486,267,"(184, 168, 136)"
DC_Frederick,Ymc_poly,10250,14537,0.015376824611011667,0.030287917230930477,0.030287917230930477,0.01540904058148343,0.8803083679181546,145934,9324740,19842,139513734,0.0011125588699651184,0.06355975752369479,3.546193570980364,267,"(183, 153, 131)"
DC_Frederick,Yml_poly,10250,14537,0.0714314061630846,0.13333827205772963,0.13333827205772963,0.07241193164986544,0.8406429968748524,658764,8438687,124879,139781920,0.005259198982579356,0.0610549766197944,4.541655714099723,267,"(184, 136, 126)"
DC_Frederick,Yn_poly,10250,14537,0.0015391518922962494,0.003073573088756828,0.003073573088756828,0.0015418462397250967,0.4683065663752795,11518,7458747,13077,141520908,0.00016506240593808566,0.050134576698315655,4.1546901858667695,267,"(182, 120, 118)"
DC_Frederick,Yp_poly,10250,14537,0.00328701994209411,0.006552501680493832,0.006552501680493832,0.0032890590546935656,0.8413180882039628,59233,17949869,11172,130983976,0.0004725033010803383,0.12086300894102014,3.530640320165636,267,"(181, 105, 111)"
DC_Frederick,Ypb_poly,10250,14537,0.0025766113096378582,0.0051399788915324944,0.0051399788915324944,0.0025766259592878383,0.9977982414280246,211183,81749879,466,67042722,0.001420422571839394,0.5500585520211672,2.042684129010464,267,"(181, 38, 95)"
DC_Frederick,Ypg_poly,10250,14537,0.43165024665744717,0.6030107530316777,0.6030107530316776,0.4404859693133423,0.9555930461547808,755037,959063,35087,147255063,0.0053026943862339495,0.011503698720002953,5.4092900689372865,267,"(163, 177, 128)"
DC_Frederick,Yq_poly,10250,14537,0.005366628333607141,0.010675962743068795,0.010675962743068795,0.005369715166296791,0.9032465150403521,19698,3648653,2110,145333789,0.0001463582414595557,0.024619103146386764,2.757227354756575,267,"(185, 204, 135)"
DC_Frederick,Yqp_poly,10250,14537,0.004211905541349285,0.00838847959899208,0.008388479598992079,0.004218409204862013,0.7320419972972037,21126,4986923,7733,143988468,0.00019367903935625996,0.033610108436504325,2.757227354756575,267,"(184, 195, 131)"
DC_Frederick,Zav_poly,10250,14537,0.0004197502056610752,0.0008391481787015602,0.0008391481787015601,0.0004197743464989332,0.8795013850415513,1270,3024165,174,145978641,9.690998746680045e-06,0.02030435373487669,3.554318544164688,267,"(185, 184, 129)"
DC_Frederick,Zbh_poly,10250,14537,0.032073326712171425,0.062153193735460535,0.06215319373546053,0.03300633625176673,0.5315353017418262,130822,3832720,115299,144925409,0.0016517716776534898,0.026600194289760192,3.2860226317540486,267,"(184, 168, 125)"
DC_Frederick,Zbm_poly,10250,14537,0.035622848402912737,0.06879502216052603,0.06879502216052605,0.03594670166016498,0.7981439370310932,281491,7549297,71191,141102271,0.002366925775607072,0.05255412513401463,3.546193570980364,267,"(184, 151, 119)"
DC_Frederick,Zc_poly,10250,14537,0.47722682985443804,0.6461117821715473,0.6461117821715474,0.5018822466122538,0.9066673417467428,4047062,4016706,416606,140523876,0.02995664888753173,0.054117704696342556,4.580290716979008,267,"(182, 136, 111)"
DC_Frederick,Zcb_poly,10250,14537,0.003579220130389616,0.007132910005698577,0.007132910005698576,0.0035821345375080574,0.8147895916687948,28714,7987177,6527,140981832,0.00023651003243196084,0.05379639171365917,4.311189462212019,267,"(183, 121, 107)"
DC_Frederick,Zch_poly,10250,14537,0.0021926536429489256,0.004375712863147972,0.004375712863147971,0.0021928201707875545,0.9665245307062686,39440,17946531,1366,131016913,0.00027385796042730324,0.1207077717581881,3.530640320165636,267,"(181, 104, 101)"
DC_Frederick,Zclb_poly,10250,14537,0.0012807024063151281,0.002558128611162277,0.002558128611162277,0.0012807059561876501,0.9978403857721854,101188,78908361,219,69994482,0.0006805644805433402,0.5302503049409665,2.6642397963921174,267,"(181, 39, 86)"
DC_Frederick,Zcm_poly,10250,14537,0.008396716131580433,0.01665359673877555,0.01665359673877555,0.008406494379147216,0.8783273328218143,29763,3510714,4123,145459650,0.00022741633208448752,0.023760912859868092,3.9597840772192456,267,"(185, 215, 120)"
DC_Frederick,Zcp_poly,10250,14537,0.010807590395751758,0.02138407051636873,0.02138407051636873,0.010864703978704881,0.672766889450867,59591,5425234,28985,143490440,0.0005944528427880413,0.03680985609470871,2.595710793932452,267,"(188, 203, 119)"
DC_Frederick,Zcr_poly,10250,14537,0.00339473628661234,0.006766502083069845,0.006766502083069845,0.003406121134264308,0.5038791495710556,13509,3952586,13301,145024854,0.00017992775373856787,0.026617328029234066,2.595710793932452,267,"(186, 194, 113)"
DC_Frederick,Zcrr_poly,10250,14537,0.0042421200821964695,0.008448401032709631,0.008448401032709631,0.00424379016016112,0.9151070209905904,17700,4153100,1642,144831808,0.0001298083779489511,0.027991147903499398,3.7271423155562062,267,"(186, 182, 110)"
DC_Frederick,Zcrs_poly,10250,14537,0.06595888459699668,0.12375502573334905,0.12375502573334907,0.0667080376753594,0.8545091109244184,147484,2063404,25111,146768251,0.001158322665293104,0.014837751272195256,3.9875588446422414,267,"(187, 168, 108)"
DC_Frederick,Zcs_poly,10250,14537,0.005702259272537135,0.011339855747488917,0.011339855747488917,0.005721985092177137,0.6232227488151659,22618,3930206,13674,145037752,0.0002435635225169752,0.026528263455572576,5.226698223070152,267,"(184, 152, 103)"
DC_Frederick,Zga_poly,10250,14537,0.00020491788534527728,0.00040975180521711307,0.00040975180521711307,0.00020494649298986566,0.5948203842940685,1424,6946731,970,142055125,1.6066655816864283e-05,0.04663058268472208,4.580290716979008,267,"(185, 136, 97)"
DC_Frederick,Zmd_poly,10250,14537,0.0050455962504254,0.010040532030087515,0.010040532030087514,0.00510417831974345,0.3053703869180592,34174,6661125,77736,142231215,0.0007510524028677035,0.04493361095404997,4.327423686079103,267,"(184, 120, 92)"
DC_Frederick,Zmm_poly,10250,14537,0.016647866014297,0.03275050599292338,0.03275050599292338,0.01665795100949792,0.9649100793228225,284524,16795848,10347,131913531,0.0019789435536234704,0.11463009947702835,4.390094300940642,267,"(183, 105, 90)"
DC_Frederick,Zrbg_poly,10250,14537,0.0003226694421391307,0.0006451307203086326,0.0006451307203086326,0.0003226697814439323,0.9967516647718044,24548,76053230,80,72926392,0.00016528387613104996,0.5105745507259021,3.241758502185667,267,"(179, 40, 75)"
DC_Frederick,Zrc_poly,10250,14537,0.01500107756639274,0.029558742149042687,0.02955874214904269,0.015004432423054156,0.9853138976929485,423415,27795913,6311,120778611,0.002883984852781045,0.18938606113584008,6.501575290844066,267,"(159, 163, 166)"
DC_Frederick,Zrd_poly,10250,14537,0.0020176460586907186,0.004027166720320492,0.004027166720320492,0.0020188363460474225,0.7738637339977661,9007,4452474,2632,144540137,7.811186593670985e-05,0.02994197145383437,4.807737732659841,267,"(191, 200, 49)"
DC_Frederick,Zrl_poly,10250,14537,0.0169044322569962,0.03324684546703607,0.033246845467036074,0.016908722300539275,0.9852129872478973,261444,15200635,3924,133538247,0.0017809424898954224,0.10376938241694449,5.480280168000098,267,"(155, 179, 189)"
DC_Frederick,Zsl_poly,10250,14537,0.0007262023609810319,0.0014513507476225287,0.0014513507476225285,0.0007262253818241101,0.9581749049429658,3528,4854468,154,144146100,2.471070456044039e-05,0.03260307004665974,5.1934858366574215,267,"(189, 182, 52)"
DC_Frederick,Zsm_poly,10250,14537,0.07501351010479786,0.13955826489563866,0.13955826489563866,0.07516924808946909,0.9731228914473955,355076,4368611,9807,144270756,0.002448809346042143,0.03170169307251303,4.904296908967692,267,"(189, 166, 53)"
DC_Frederick,Zsmc_poly,10250,14537,0.0025329855578688824,0.005053171505293422,0.005053171505293423,0.0025340731445264567,0.8551112598293458,10222,4023600,1732,144968696,8.022589959682359e-05,0.027071858688594453,4.873473806056307,267,"(187, 150, 54)"
DC_Frederick,Zsp_poly,10250,14537,0.02817415000237815,0.05480423720497736,0.05480423720497736,0.028270678866531042,0.8919087452471482,58643,2015697,7107,146922803,0.00044126258143643556,0.013921347881016817,5.002917545333295,267,"(185, 134, 52)"
DC_Frederick,Zss_poly,10250,14537,0.03758187544483402,0.0724412720272737,0.07244127202727368,0.03782251710759076,0.8552168013245858,68697,1747602,11630,147176321,0.0005390920057649362,0.012189578485177436,4.488710879992901,267,"(184, 120, 52)"
DC_Frederick,Zu_poly,10250,14537,0.002737562759136624,0.005460177938490577,0.005460177938490577,0.0027383165380617434,0.9086338797814207,8314,3027858,836,145967242,6.140764441282715e-05,0.020376412082205708,3.4691949329016136,267,"(186, 105, 51)"
KY_WestFranklin,af_poly,16200,10800,0.013601757416622241,0.026838464549014174,0.026838464549014177,0.013985285554360483,0.3315444004279559,114658,8083816,231172,166530354,0.001976623228166438,0.04685913351623228,12.266490594835814,9,"(232, 233, 236)"
KY_WestFranklin,Qas_poly,16200,10800,0.15388243291043363,0.2667211641697265,0.2667211641697266,0.15573773574648195,0.9281464213812385,910972,4938426,70524,169040078,0.0056098308184727936,0.03343277320530407,11.051879590336602,9,"(252, 189, 119)"
KY_WestFranklin,Qc_poly,16200,10800,0.016885600372343462,0.03321042281680578,0.03321042281680578,0.02086008541965227,0.08140925617888213,88486,4153395,998442,169719677,0.006212437128486511,0.024244861682670326,12.675574258305259,9,"(207, 154, 46)"
KY_WestFranklin,Qa_poly,16200,10800,0.7122626056039348,0.8319548686899129,0.8319548686899129,0.8919398469024592,0.7795297261203228,2937215,355849,830717,170836219,0.021535962505715593,0.01882181069958848,14.52231187327271,9,"(253, 241, 2)"
KY_WestFranklin,Qal_poly,16200,10800,0.01830830131563628,0.0359582678290696,0.0359582678290696,0.09972908780916281,0.021933255487905094,94350,851713,4207337,169806600,0.02458668838591678,0.005407310242341107,8.167311477980261,9,"(254, 249, 175)"
KY_WestFranklin,Qt_poly,16200,10800,0.29084293537281175,0.45062482414068855,0.4506248241406885,0.29553370767785125,0.9482509821119017,5007923,11937430,273298,157741349,0.03018530521262003,0.09685272633744856,11.051879590336602,9,"(254, 222, 184)"
KY_WestFranklin,Qlt_poly,16200,10800,0.7425891643815176,0.8522825454903806,0.8522825454903807,0.7967478344670804,0.9161390307265073,2045372,521779,187228,172205621,0.012760631001371743,0.014672788065843621,8.167311477980261,9,"(210, 225, 138)"
KY_WestFranklin,Ql_poly,16200,10800,0.3973312284225598,0.5687001339991593,0.5687001339991592,0.940172376154878,0.4076379751325111,6748688,429451,9806904,157974957,0.09462501143118426,0.041027314814814815,11.988958946204301,9,"(254, 252, 228)"
KY_WestFranklin,R_poly,16200,10800,0.22269747880360619,0.3642724102474028,0.36427241024740287,0.24355800001957312,0.7222310895715136,49774,154588,19143,174736495,0.00039390146319158664,0.0011680498399634202,29.384122886201897,9,"(62, 170, 179)"
MA_Grafton,SCns_poly,13823,9687,0.10053764251081539,0.18270641298819065,0.18270641298819065,0.10200879747383014,0.8745484654548062,780545,6871197,111967,126139692,0.006665342279095659,0.05714374648333241,9.588195010211793,19,"(235, 214, 166)"
MA_Grafton,Cgg_poly,13823,9687,0.12812130836289362,0.22714101296219752,0.22714101296219755,0.13333054313952325,0.7663152440205535,1570547,10208802,478932,121645120,0.015305653065525946,0.08796900535782508,8.028906427861509,19,"(253, 232, 223)"
MA_Grafton,Cm_poly,13823,9687,0.0966615694863423,0.17628331688802945,0.17628331688802942,0.10708591722297496,0.49823698304386976,1454708,12129786,1465003,118853904,0.021804606740347097,0.10144995495670793,9.51235135597886,19,"(204, 231, 225)"
MA_Grafton,Cmg_poly,13823,9687,0.00047337338182131997,0.0009462988109742755,0.0009462988109742755,0.0004737318544347747,0.38483363425328865,1492,3147969,2385,130751555,2.8953708203423452e-05,0.023520395871050356,14.174359314211861,19,"(251, 190, 153)"
MA_Grafton,Zd_poly,13823,9687,0.013146751097734173,0.025952313588312455,0.02595231358831246,0.013316176713187503,0.508184336439184,2018,149527,1953,133749903,2.9655706803145352e-05,0.0011317486999452688,7.253743466072398,19,"(163, 187, 114)"
MA_Grafton,Za_poly,13823,9687,0.001387367831728243,0.0027708914178381653,0.0027708914178381653,0.001392548264736981,0.27163461538461536,565,405166,1515,133496155,1.5533586036399477e-05,0.003030027594295383,8.403886230743417,19,"(104, 192, 142)"
MA_Grafton,Zhv_poly,13823,9687,0.19048952325865187,0.3200188150118901,0.32001881501189006,0.19852621542185167,0.8247324693521496,3409223,13763436,724509,116006233,0.030871000804527735,0.12824662310108165,8.886568802524833,19,"(230, 218, 237)"
MA_Grafton,Zhvb_poly,13823,9687,0.14236606177613273,0.2492477088382409,0.24924770883824093,0.14471183659035272,0.897777920262529,2324321,13737399,264650,117577031,0.01933461719915538,0.11995005265026838,10.032535431870867,19,"(216, 184, 215)"
MA_Grafton,Zncg_poly,13823,9687,0.14498871747072328,0.25325789723239006,0.2532578972323901,0.1496495451009016,0.8231743503956649,2541103,14439256,545853,116377189,0.02305360414258634,0.12681051319973569,8.028906427861509,19,"(230, 204, 205)"
MA_Grafton,Zpg_poly,13823,9687,0.31339726397555034,0.4772314859662818,0.47723148596628173,0.33852239062030914,0.8085224923936167,5562431,10869070,1317317,116154583,0.051378441089782324,0.12271160312052119,6.2366185549428526,19,"(207, 213, 188)"
MA_Grafton,Zpgh_poly,13823,9687,0.01650366412288802,0.03247143066056444,0.03247143066056444,0.016603366101046266,0.7332162665695869,171195,10139666,62290,123530250,0.0017436823729368904,0.07700223387156536,7.253743466072398,19,"(186, 195, 149)"
MA_Grafton,Zgdn_poly,13823,9687,0.011207838669401534,0.022167230594551907,0.022167230594551907,0.01122829421530349,0.8601812567009082,93869,8266172,15258,125528102,0.0008149680977856566,0.06243337314486881,14.452269646093052,19,"(183, 170, 154)"
MA_Grafton,Zw_poly,13823,9687,0.1281945591262895,0.22725612012447127,0.22725612012447127,0.1457380753127901,0.5157249115510898,2037707,11944274,1913444,118007976,0.02950747307755088,0.10441841578019366,9.143199600125062,19,"(221, 222, 226)"
MA_Grafton,Zwa_poly,13823,9687,0.03801504035462679,0.07324564457493671,0.07324564457493671,0.03840344927373958,0.7898581279637763,243518,6097527,64788,127497568,0.0023024508541048933,0.04735536926354843,7.226731708522059,19,"(158, 197, 187)"
MA_Grafton,Zwq_poly,13823,9687,0.010875292145057398,0.02151658514074519,0.02151658514074519,0.010923487927828624,0.7113885088919288,83204,7533777,33756,126252664,0.0008734654917390784,0.056884148894769296,9.918907642653346,19,"(178, 200, 208)"
MA_Grafton,Sd_poly,13823,9687,0.012509725016767271,0.02471033059274588,0.024710330592745876,0.012527494846703189,0.8981586111253788,209835,16540122,23793,117129651,0.001744750306976893,0.12508985488725563,6.2366185549428526,19,"(181, 198, 180)"
MA_Grafton,SCn_poly,13823,9687,0.16254991619198794,0.2796437622643015,0.2796437622643015,0.1712834626849393,0.7612197091634784,2600647,12582646,815774,117904334,0.02551407189426055,0.11338989814007785,8.01104278126078,19,"(237, 240, 196)"
MA_Grafton,SCna_poly,13823,9687,0.010815374676814784,0.021399307821713245,0.021399307821713245,0.010865615097205156,0.7005151242081479,52084,4741386,22267,129087664,0.0005552584881693931,0.03579797050860568,8.403886230743417,19,"(156, 210, 175)"
MA_Grafton,SCng_poly,13823,9687,0.08292298244461113,0.15314659267350517,0.15314659267350517,0.08418570409736122,0.8468249560307322,36593,398077,6619,133462112,0.0003227102499061992,0.0032461460780970008,13.980134853240914,19,"(224, 149, 163)"
MN,Mss_poly,10000,11300,0.15148573651649558,0.263113526659521,0.263113526659521,0.7936279079697407,0.1576977334021141,1115198,289992,5956546,105638264,0.06258180530973452,0.012435309734513275,6.458664311604938,100,"(255, 252, 219)"
MN,Mbd_poly,10000,11300,0.03848667133151254,0.07412068424944969,0.07412068424944968,0.038530939774609564,0.9710132547445152,68203,1701881,2036,111227880,0.0006215840707964602,0.01566446017699115,4.7532146956360855,100,"(190, 197, 49)"
MN,Mbg_poly,10000,11300,0.12972253664787833,0.22965379983087186,0.22965379983087186,0.13161906459006667,0.9000274502714899,134429,886920,14932,111963719,0.001321778761061947,0.009038486725663717,4.826364594643791,100,"(227, 172, 133)"
MN,Mbf_poly,10000,11300,0.003309052405196194,0.006596277382853316,0.006596277382853316,0.003309962570740903,0.9232769830949284,33370,10048315,2773,102915542,0.0003198495575221239,0.08921845132743363,6.026646845909765,100,"(225, 183, 184)"
MN,Mbt_poly,10000,11300,0.02469019137363499,0.0481905488731904,0.0481905488731904,0.02469091840410219,0.9988088312695642,36056,1424238,43,111539663,0.00031946017699115045,0.01292295575221239,3.969371234562319,100,"(233, 212, 25)"
MN,Mlf_poly,10000,11300,0.0035923094327113174,0.00715890187469033,0.00715890187469033,0.003596382417854209,0.7603041216486595,5700,1579226,1797,111413277,6.634513274336283e-05,0.014025893805309735,6.9993219812524075,100,"(146, 155, 62)"
MN,Mlg_poly,10000,11300,0.31608062652708674,0.4803362653565835,0.4803362653565836,0.33076754520067675,0.87682493152813,259634,525310,36473,112178583,0.0026204159292035397,0.006946407079646018,4.826364594643791,100,"(205, 166, 133)"
MN,Mlt_poly,10000,11300,0.2146523367393998,0.35343831357639394,0.3534383135763939,0.2149099688607831,0.9944462141907915,309053,1129005,1726,111560216,0.0027502566371681416,0.012726176991150442,4.112859019721461,100,"(255, 221, 0)"
MN,Mlc_poly,10000,11300,0.009426981097120542,0.018677886114901735,0.018677886114901735,0.00943680776990755,0.900526943726387,18115,1901496,2001,111078388,0.00017801769911504424,0.01698770796460177,4.407734685422055,100,"(167, 190, 56)"
MN,Mau_poly,10000,11300,0.37040154940403663,0.5405737457975258,0.5405737457975258,0.37518810336726277,0.9667038103848229,551752,918849,19004,111510395,0.005050938053097345,0.013014168141592921,9.617223373625533,100,"(88, 204, 245)"
MN,Mge_poly,10000,11300,0.04679814531680744,0.08941197598825369,0.08941197598825368,0.046809213909006775,0.9949725991038112,63727,1297693,322,111638258,0.0005668053097345133,0.012047964601769911,5.915987603781517,100,"(189, 166, 50)"
MN,Mfg_poly,10000,11300,0.11505071264740524,0.20635960560797542,0.2063596056079754,0.1153652686822939,0.9768494526138498,120637,925059,2859,111951445,0.0010928849557522123,0.009253946902654867,4.8913901786780105,100,"(4, 180, 157)"
MN,Mmd_poly,10000,11300,0.05619489559164733,0.1064100874302535,0.1064100874302535,0.05636938406829364,0.9477917065864223,70238,1175793,3869,111750100,0.0006558141592920354,0.011026823008849558,6.0167702377609045,100,"(209, 165, 44)"
MN,Mmg_poly,10000,11300,0.22172084692526672,0.3629648253662475,0.3629648253662475,0.22675771074222012,0.9089401550992537,204996,699035,20537,112075432,0.0019958672566371682,0.008000274336283185,6.948014195835535,100,"(229, 198, 141)"
MN,Mmf_poly,10000,11300,0.051710883760093904,0.09833669035584439,0.09833669035584439,0.05175201221898436,0.9848640556211066,77626,1422335,1193,111498846,0.0006975132743362832,0.013273991150442479,4.7532146956360855,100,"(189, 182, 50)"
MN,Mcv_poly,10000,11300,0.1770800111311418,0.3008801601532129,0.3008801601532129,0.1789539272966657,0.9441673354269184,365896,1678742,21637,110933725,0.003429495575221239,0.018094141592920353,7.565939670902405,100,"(130, 201, 157)"
MN,Mbv_poly,10000,11300,0.8232898223574443,0.9030816848338044,0.9030816848338042,0.9059405606442076,0.9002407957662872,268432,27870,29746,112673952,0.0026387433628318586,0.002622141592920354,7.116553422318564,100,"(1, 159, 196)"
MN,Mmv_poly,10000,11300,0.05306938545342653,0.10078991220616697,0.10078991220616697,0.05318435177539224,0.9608615585444882,82440,1467640,3358,111446562,0.0007592743362831859,0.013717522123893806,4.429675434664601,100,"(75, 190, 157)"
MN,Mpv_poly,10000,11300,0.21904144731567837,0.3593666938856037,0.35936669388560377,0.2244885383288144,0.9002718361294928,65574,226530,7264,112700632,0.0006445840707964602,0.002584991150442478,4.936804898087163,100,"(143, 157, 108)"
MN,Mfv_poly,10000,11300,0.2788119399974224,0.436048384093105,0.43604838409310503,0.28982539936800106,0.8800541228907991,99513,243842,13563,112643082,0.0010006725663716815,0.0030385398230088497,7.177854036942385,100,"(126, 136, 63)"
MN,Msl_poly,10000,11300,0.04833087763030072,0.09220538793925491,0.09220538793925491,0.04847722852619528,0.9412079622329294,135373,2657134,8456,110199037,0.0012728230088495576,0.02471245132743363,5.913521828348938,100,"(179, 204, 200)"
MN,Mns_poly,10000,11300,0.00418405615415946,0.008333245541028855,0.008333245541028857,0.00419609354830724,0.59325,2373,563153,1627,112432847,3.5398230088495574e-05,0.005004654867256637,7.458701951021072,100,"(0, 166, 80)"
MN,Mnu_poly,10000,11300,0.13288788899612758,0.23460024647960873,0.23460024647960875,0.13509788793021973,0.8903926520719844,157238,1006644,19356,111816762,0.0015627787610619469,0.010299840707964601,8.406815201638835,100,"(171, 197, 150)"
MN,Mnr_poly,10000,11300,0.058666116671822865,0.11083025280199621,0.1108302528019962,0.05873133231067957,0.9814240407067926,112640,1805246,2132,111079982,0.0010156814159292035,0.016972442477876108,5.141106202290878,100,"(179, 210, 54)"
MN,Mnb_poly,10000,11300,0.18785634579435653,0.3162947210905897,0.3162947210905897,0.18846227482665603,0.9831732014668041,341576,1470861,5846,111181717,0.0030745309734513276,0.016039265486725664,4.280745736073107,100,"(214, 223, 34)"
MN,Mms_poly,10000,11300,0.0008484244461606992,0.0016954104646369236,0.0016954104646369236,0.0008490836070739328,0.522189349112426,1059,1246168,969,111751804,1.7946902654867258e-05,0.011037407079646018,8.909318639195984,100,"(254, 184, 18)"
MN,Mvu_poly,10000,11300,0.0893458500968559,0.1640357836566082,0.1640357836566082,0.08987916110577564,0.9377238017170715,173884,1760758,11548,111053810,0.001640991150442478,0.017120725663716814,4.930481298351973,100,"(143, 183, 61)"
MN,Mld_poly,10000,11300,0.1060719766883692,0.19179941075074267,0.1917994107507427,0.11396092104307402,0.6050987349583462,31378,243962,20478,112704182,0.00045890265486725663,0.002436637168141593,8.848298500611122,100,"(138, 172, 145)"
MN,Pgs_poly,10000,11300,0.30208993033565545,0.46400778210116733,0.46400778210116733,0.36823821339950374,0.6271011362569255,26712,45828,15884,112911576,0.0003769557522123894,0.0006419469026548672,6.98188920246655,100,"(109, 153, 180)"
MN,Pml_poly,10000,11300,0.012364993153999844,0.024427935058238218,0.02442793505823822,0.012366967800870802,0.9872514697139837,29892,2387192,386,110582530,0.0002679469026548673,0.021390123893805308,5.7784489148865905,100,"(140, 115, 180)"
MN,Pls_poly,10000,11300,0.05494920387402441,0.10417412264446073,0.10417412264446073,0.05579005017203663,0.7847552024449698,809351,13697734,221991,98270924,0.0091269203539823,0.12838128318584072,3.9036455367401963,100,"(212, 210, 232)"
MN,Pm_poly,10000,11300,0.054586558591450264,0.10352219672581138,0.10352219672581137,0.055361254860432495,0.7959541092986617,429937,7336090,110216,105123757,0.0047801150442477874,0.06872590265486726,5.710584359770596,100,"(228, 201, 192)"
MN,Pif_poly,10000,11300,0.0032627295535013006,0.00650423753896124,0.00650423753896124,0.003264245058721228,0.8754296069486971,28019,8555589,3987,104412405,0.00028323893805309733,0.07596113274336283,3.543942999547841,100,"(218, 33, 41)"
MN,Pvs_poly,10000,11300,0.2090847564714438,0.34585624432422823,0.3458562443242282,0.216307429035721,0.8622921897265386,190614,690604,30441,112088341,0.0019562389380530973,0.007798389380530973,4.429675434664601,100,"(88, 176, 151)"
MN,Pmv_poly,10000,11300,0.15694404845005064,0.2713079317194421,0.2713079317194421,0.1604175433527827,0.8787613968690865,255412,1336758,35238,111372592,0.0025721238938053097,0.01409,3.8567719176855184,100,"(118, 176, 66)"
MN,Pmq_poly,10000,11300,0.00148030384339909,0.0029562315658492756,0.0029562315658492756,0.0014803971908751042,0.9591438709515061,76227,51414684,3247,61505842,0.0007033097345132744,0.45567177876106196,4.397731460054246,100,"(182, 123, 155)"
MN,Pmd_poly,10000,11300,0.0073880008056461,0.014667637096605552,0.014667637096605552,0.007419581213428415,0.6344702819573754,14379,1923601,8284,111053736,0.00020055752212389381,0.017150265486725665,10.17851084879662,100,"(254, 230, 202)"
MN,Pgn_poly,10000,11300,0.019385222278573915,0.038033163233901365,0.038033163233901365,0.019392428019548415,0.9811925500302993,134391,6795685,2576,106067348,0.0012120973451327434,0.061328106194690264,4.2218420376104575,100,"(222, 110, 109)"
MN,Aml_poly,10000,11300,0.013287269131351821,0.026226065472513896,0.026226065472513896,0.013418322362079809,0.576354011130718,8492,624374,6242,112360892,0.00013038938053097345,0.00560058407079646,4.936804898087163,100,"(141, 170, 112)"
MN,Ami_poly,10000,11300,0.1354041017279603,0.23851261682407193,0.23851261682407193,0.1419129125780553,0.7469791124056316,101814,615626,34487,112248073,0.0012062035398230089,0.006349026548672566,10.895602152814732,100,"(185, 121, 77)"
MN,APg_poly,10000,11300,0.03942968846060921,0.07586792815010779,0.07586792815010777,0.03972742500475174,0.840285220586627,384170,9285976,73020,103256834,0.004045929203539823,0.08557651327433628,8.085238093692407,100,"(175, 189, 226)"
MN,APd_poly,10000,11300,0.00497826181649412,0.009907202982671351,0.009907202982671351,0.004979039711981703,0.9695716884405491,58630,11716733,1840,101222797,0.0005351327433628318,0.10420675221238938,4.282778158704777,100,"(222, 130, 155)"
MN,APm_poly,10000,11300,0.04768526037046034,0.09102974371062333,0.09102974371062333,0.048639912820804175,0.7084193210707342,71058,1389841,29247,111509854,0.0008876548672566371,0.012928309734513274,4.46485538294036,100,"(224, 146, 123)"
MN,APv_poly,10000,11300,0.18976007101700626,0.3189888039439741,0.31898880394397416,0.20548752374289495,0.7125871967405395,115432,446315,46558,112391695,0.0014335398230088496,0.004971212389380531,4.253918335411946,100,"(78, 172, 119)"
MN,Agr_poly,10000,11300,0.2173566115059335,0.3570960381724991,0.3570960381724991,0.2582232317511387,0.57866486914986,2170201,6234159,1580158,103015482,0.033189017699115045,0.07437486725663717,4.010367833854895,100,"(253, 233, 242)"
MN,Agu_poly,10000,11300,0.08020609306721825,0.14850146390023602,0.14850146390023602,0.08030345967828899,0.9851080251781842,936820,10729178,14162,101319840,0.008415769911504424,0.1032389203539823,4.282778158704777,100,"(242, 133, 154)"
MN,Agm_poly,10000,11300,0.19376563368563204,0.32462927096904276,0.3246292709690427,0.19832847346988328,0.893867904069269,1339571,5414734,159052,106086643,0.013262150442477876,0.05977261061946903,2.969505041669193,100,"(235, 159, 169)"
MN,Agp_poly,10000,11300,0.006444644426022496,0.012806753877055783,0.012806753877055783,0.006445085487466783,0.9894928696213349,392515,60508927,4168,52094390,0.0035104690265486726,0.538950814159292,3.719461222359756,100,"(221, 109, 145)"
MN,Agd_poly,10000,11300,0.011654248861153595,0.02303998401484123,0.023039984014841225,0.011654335522094751,0.999362361420904,814989,69115124,520,43069367,0.007216893805309734,0.6188505575221239,4.448733457966201,100,"(221, 148, 193)"
MN,Asd_poly,10000,11300,0.0022019243530743827,0.004394173069455508,0.0043941730694555085,0.002201934971265964,0.9978147878368869,161644,73248335,354,39589667,0.0014336106194690265,0.6496458318584071,5.2156549281863684,100,"(245, 144, 188)"
MN,Aqm_poly,10000,11300,0.0008700471886098289,0.0017385817290741085,0.0017385817290741087,0.0008700477609433387,0.999244499008405,63486,72904922,48,40031544,0.0005622477876106195,0.6457381238938054,4.448733457966201,100,"(220, 130, 182)"
MN,Ast_poly,10000,11300,0.0008812506099105208,0.0017609493821040408,0.0017609493821040408,0.0008812565397912569,0.9924222431668237,52648,59689320,402,53257630,0.0004694690265486726,0.5286899823008849,4.002364693265079,100,"(202, 108, 145)"
MN,Adt_poly,10000,11300,0.015732477797208794,0.030977601171771892,0.030977601171771892,0.01573702074695379,0.9819813794210498,146818,9182648,2694,103667840,0.0013231150442477877,0.08256164601769911,2.969505041669193,100,"(246, 152, 166)"
MN,Aqp_poly,10000,11300,0.007582727153248802,0.015051324221629898,0.015051324221629898,0.0075994238869306514,0.7753432661408122,2654,346583,769,112649994,3.0292035398230087e-05,0.0030905929203539823,9.375497577126477,100,"(244, 130, 33)"
MN,Agl_poly,10000,11300,0.026638234935326566,0.05189410257451526,0.05189410257451526,0.026720960535859047,0.8958804080991228,587186,21387548,68243,90957023,0.005800256637168141,0.19446667256637168,4.940543634924062,100,"(224, 185, 216)"
MN,Agt_poly,10000,11300,0.12929277431474762,0.22898007895818193,0.22898007895818195,0.1357232166771113,0.7318243657402562,2202795,14027258,807210,95962737,0.02663721238938053,0.14362878761061948,6.289050069328062,100,"(250, 203, 223)"
MN,Agn_poly,10000,11300,0.011596178778472004,0.02292649778980914,0.02292649778980914,0.011605403463972786,0.9358519343086799,776817,66158986,53247,46010950,0.007345699115044247,0.5923522389380531,5.254989139565507,100,"(188, 125, 182)"
MN,Ags_poly,10000,11300,0.032166226070372894,0.062327608204804416,0.062327608204804416,0.03218830560327226,0.9791201373123869,799198,24029633,17043,88154126,0.007223371681415929,0.21972416814159293,4.940543634924062,100,"(221, 167, 203)"
MN,Aql_poly,10000,11300,0.03356307435514343,0.06494634955120464,0.06494634955120462,0.03364868070381068,0.9295397524099931,270088,7756616,20473,104952823,0.0025713362831858407,0.07103277876106194,2.5212931364482682,100,"(182, 138, 163)"
MN,Aqg_poly,10000,11300,0.036615950630269484,0.07064516151426523,0.07064516151426523,0.037154256527121815,0.7164937420437776,508808,13185666,201328,99104198,0.0062843893805309735,0.12119003539823009,4.010367833854895,100,"(239, 219, 235)"
MN,Aqt_poly,10000,11300,0.005174132135935591,0.010294996599128284,0.010294996599128284,0.005178363499554295,0.8636139508891884,52544,10094291,8298,102844867,0.000538424778761062,0.089795,2.5212931364482682,100,"(192, 140, 163)"
MN,Aqs_poly,10000,11300,0.42184705685458807,0.59337895003672,0.59337895003672,0.4711553503466627,0.8012273648551487,2117301,2376548,525271,107980880,0.02338559292035398,0.03976857522123894,8.085238093692407,100,"(173, 206, 237)"
MN,Aqa_poly,10000,11300,0.031863125208934286,0.06175843371180177,0.061758433711801765,0.03195524779099045,0.9170303511208093,36982,1120324,3346,111839348,0.00035688495575221237,0.010241646017699115,4.253918335411946,100,"(62, 186, 124)"
MN,Asc_poly,10000,11300,0.022990565165767265,0.04494775601775336,0.04494775601775336,0.023105295725777523,0.8223804679552391,16168,683585,3492,112296755,0.00017398230088495575,0.006192504424778761,9.457070892106328,100,"(249, 157, 30)"
MN,Aks_poly,10000,11300,0.03176453778055339,0.0615732303590946,0.0615732303590946,0.03191435381709904,0.8712434751761069,51575,1564469,7622,111376334,0.0005238672566371681,0.014301274336283186,4.280745736073107,100,"(237, 232, 18)"
MN,Akc_poly,10000,11300,0.0034738571021688354,0.006923662390569173,0.006923662390569172,0.0034757486616951456,0.8645578720345075,6013,1723974,942,111269071,6.154867256637168e-05,0.015309619469026549,4.407734685422055,100,"(167, 176, 57)"
MN,Akv_poly,10000,11300,0.016835313535684578,0.03311315669623184,0.03311315669623184,0.01686555389990108,0.9037474418760694,26938,1570282,2869,111399911,0.0002637787610619469,0.014134690265486726,3.969371234562319,100,"(213, 204, 37)"
MN,Ams_poly,10000,11300,0.014287325831442477,0.028172147019052452,0.028172147019052452,0.014288686834238081,0.9933773772673292,867436,59840452,5783,52286329,0.007727601769911504,0.5372379469026549,5.254989139565507,100,"(177, 138, 191)"
MN,Aif_poly,10000,11300,0.0007642725609486835,0.0015273777889630601,0.0015273777889630601,0.0007643061300184595,0.9456553755522827,6421,8394663,369,104598547,6.008849557522124e-05,0.0743458761061947,3.543942999547841,100,"(201, 36, 43)"
MN,Asg_poly,10000,11300,0.011301736554544611,0.02235086947056785,0.022350869470567847,0.011310082541255782,0.9387088662766332,279984,24475273,18281,88226462,0.0026395132743362833,0.21907307079646018,5.338770950761908,100,"(199, 160, 203)"
MN,Avs_poly,10000,11300,0.3278639045772462,0.4938215481979362,0.49382154819793617,0.3870918309639898,0.6818121204688553,1273128,2015828,594143,109116901,0.016524522123893805,0.029105805309734514,6.135097894059676,100,"(204, 231, 212)"
MN,Acv_poly,10000,11300,0.13731441807283593,0.2414713396591127,0.2414713396591127,0.14574379954798564,0.703630197861747,326172,1911810,137384,110624634,0.004102265486725664,0.019805150442477878,6.995654836107131,100,"(165, 218, 210)"
MN,Aag_poly,10000,11300,0.06076142484333901,0.11456190510003265,0.11456190510003264,0.06189218605791688,0.7688275526984601,82283,1247174,24741,111645802,0.0009471150442477876,0.011765106194690265,4.752478914391928,100,"(205, 149, 126)"
MN,Amv_poly,10000,11300,0.1497913719555658,0.26055400242010957,0.26055400242010957,0.36957406755277705,0.20120180318809952,874216,1491253,3470755,107163776,0.03845107079646018,0.020933353982300885,6.135097894059676,100,"(229, 241, 214)"
MN,Auv_poly,10000,11300,0.023654153866082956,0.04621512798389416,0.04621512798389416,0.024204967222597126,0.509673940624207,16069,647803,15459,112320669,0.0002790088495575221,0.005874973451327433,6.659309685962305,100,"(103, 168, 188)"
MN,Amm_poly,10000,11300,0.0032424320975912384,0.006463905420770377,0.006463905420770377,0.0032441502981993596,0.8595912986156888,5216,1602601,852,111391331,5.3699115044247785e-05,0.014228469026548672,3.8567719176855184,100,"(122, 164, 66)"
MN,Amg_poly,10000,11300,0.11574097253315518,0.20746925206193564,0.20746925206193564,0.1159687736411477,0.9833114450020547,2589120,19736890,43942,90630048,0.023301433628318585,0.1975753097345133,5.503865922907472,100,"(246, 173, 203)"
MN,Amt_poly,10000,11300,0.05677644559946652,0.10745214058449143,0.10745214058449143,0.05750407934627288,0.8177503454512685,517232,8477469,115274,103890025,0.005597398230088496,0.07959912389380532,5.575980629198103,100,"(176, 163, 207)"
MN,Amd_poly,10000,11300,0.12935973228856357,0.22908507996194563,0.22908507996194563,0.13142905344579167,0.8914935365633511,2271686,15012818,276494,95439002,0.022550265486725663,0.15296021238938054,5.545182765011442,100,"(199, 177, 215)"
MN,Amn_poly,10000,11300,0.3370280206404247,0.5041450372580691,0.5041450372580691,0.34974690681708503,0.9026069711781685,490640,912203,52941,111544216,0.004810451327433628,0.012414539823008849,4.762159018370847,100,"(153, 197, 200)"
MN,Psq_poly,10000,11300,0.7658749457522995,0.86741696810928,0.86741696810928,0.7923056027224004,0.9582610790107949,1814177,475567,79020,110631236,0.01675395575221239,0.020263221238938055,4.905130708578906,100,"(254, 225, 145)"
MN,Pmy_poly,10000,11300,0.047304683300740794,0.09033604843941469,0.09033604843941469,0.04760205997858342,0.8833440470954427,78327,1567127,10344,111344202,0.0007846991150442478,0.01456153982300885,4.46485538294036,100,"(248, 150, 121)"
MN,Pmi_poly,10000,11300,0.04103521716102542,0.07883540630437322,0.07883540630437322,0.0431351793220261,0.45737742926953967,76935,1706644,91274,111125147,0.001488575221238938,0.01578388495575221,8.203996739725488,100,"(184, 120, 118)"
MN,Pgu_poly,10000,11300,0.0038569039197431294,0.007684170731272837,0.007684170731272836,0.0038712791781733893,0.5094841606562014,230564,59327011,221980,53220445,0.004004814159292035,0.527058185840708,5.224242789150254,100,"(181, 104, 146)"
MN,Pgr_poly,10000,11300,0.2259070734283693,0.36855497178362473,0.36855497178362473,0.23612778242042087,0.8392051156281359,559467,1809873,107196,110523464,0.005899672566371681,0.020967610619469026,5.710584359770596,100,"(253, 210, 193)"
MN,Pgk_poly,10000,11300,0.0032744678231728464,0.006527561356719329,0.006527561356719329,0.0032745053266938513,0.9965144668083379,188980,57523554,661,55286805,0.0016782389380530973,0.510730389380531,4.232690888814791,100,"(241, 113, 146)"
MN,Pgd_poly,10000,11300,0.006559405902932782,0.013033320963403398,0.013033320963403398,0.006571322359616732,0.7834175913239105,431110,65173646,119184,47276060,0.004869858407079646,0.5805730619469026,3.719461222359756,100,"(221, 118, 161)"
MN,Pgp_poly,10000,11300,0.020719628453828975,0.04059807977870429,0.04059807977870429,0.020739021404453814,0.9568179759957809,179611,8480923,8106,104331360,0.0016612123893805309,0.07664189380530974,3.785740003992437,100,"(223, 147, 163)"
MN,Pga_poly,10000,11300,0.06620401971937809,0.1241864005292398,0.1241864005292398,0.06674721090099942,0.8905325443786982,8729,122048,1073,112868150,8.674336283185841e-05,0.0011573185840707966,5.348166264338791,100,"(118, 113, 180)"
MN,Pgm_poly,10000,11300,0.012321328916963229,0.02434272313544013,0.024342723135440128,0.01235028736509934,0.8401237562587531,91781,7339706,17466,105551047,0.000966787610619469,0.06576537168141593,3.0972909549976086,100,"(225, 165, 173)"
MN,Pdt_poly,10000,11300,0.04208475469395679,0.08077031067653685,0.08077031067653684,0.042305362782181534,0.8897521218428883,182094,4122183,22563,108673160,0.0018111238938053097,0.03809094690265487,6.150223761087798,100,"(249, 181, 178)"
MN,Pgt_poly,10000,11300,0.002103922071717377,0.004199009754133676,0.004199009754133677,0.002104090943851513,0.9632544412939066,16646,7894609,635,105088110,0.00015292920353982302,0.07001110619469027,4.2218420376104575,100,"(244, 112, 108)"
MN,Pdg_poly,10000,11300,0.002356873490124257,0.0047026633975538416,0.0047026633975538416,0.0023570131203181845,0.9754811580139091,30157,12764426,758,100204659,0.00027358407079646017,0.1132263982300885,4.3063699640508695,100,"(201, 125, 155)"
MN,Pas_poly,10000,11300,0.03720156836192088,0.07173450078883754,0.07173450078883754,0.059088270736064305,0.09126790169778738,327896,5221361,3264780,104185963,0.03179359292035398,0.049108469026548675,3.9036455367401963,100,"(227, 224, 240)"
MN,Pac_poly,10000,11300,0.25759178656349496,0.4096588246133386,0.4096588246133386,0.26473070292154843,0.9052331551180823,51133,142018,5353,112801496,0.0004998761061946903,0.0017093008849557523,5.348166264338791,100,"(115, 126, 188)"
MN,Pai_poly,10000,11300,0.012066286063523021,0.023844853305914137,0.023844853305914137,0.012070047566408353,0.9748229667722249,105586,8642184,2727,104249503,0.0009585221238938053,0.07741389380530973,4.264106657897379,100,"(238, 28, 37)"
MN,Paq_poly,10000,11300,0.034356662824783876,0.0664309789061682,0.0664309789061682,0.03463192201778607,0.8121221364067147,74552,2078144,17247,110830057,0.0008123805309734513,0.019050407079646017,4.905130708578906,100,"(231, 216, 147)"
MN,Pag_poly,10000,11300,0.04058553432383407,0.0780051864745675,0.07800518647456749,0.04080543683134673,0.8827819894325752,61484,1445276,8164,111485076,0.000616353982300885,0.013334159292035398,4.762159018370847,100,"(128, 188, 199)"
MN,Psi_poly,10000,11300,0.00873871249635887,0.017326017903551833,0.017326017903551833,0.008742532420224393,0.9523809523809523,14760,1673538,738,111310964,0.00013715044247787612,0.014940690265486726,9.375497577126477,100,"(240, 101, 34)"
MN,PMm_poly,10000,11300,0.11145102499451874,0.20055049208320877,0.20055049208320877,0.11318660673281657,0.8790564457294172,32533,254895,4476,112708096,0.00032751327433628316,0.0025436106194690264,6.357017768671118,100,"(87, 122, 188)"
NH_Hartland,Kmd_poly,15403,11199,0.0002201859701201837,0.0004402749978628433,0.0004402749978628433,0.0002201861221963911,0.9968730456535334,3188,14475472,10,158019527,1.8539324211023493e-05,0.08393513817422683,11.74151612909071,45,"(236, 40, 45)"
NH_Hartland,Msz_poly,15403,11199,0.01038214502888416,0.020550927349547256,0.020550927349547256,0.010414333599878768,0.770592383638928,10927,1038300,3253,171445717,8.220375775869704e-05,0.0060825389380736545,9.966708823589737,45,"(184, 185, 143)"
NH_Hartland,KDq_poly,15403,11199,1.0301535604843395e-05,2.0602858968601566e-05,2.060285896860157e-05,1.0307760081214842e-05,0.016773246671558863,160,15522126,9379,156966532,5.529912872074831e-05,0.089985207207702,12.68135048350272,45,"(254, 254, 254)"
NH_Hartland,DSm_poly,15403,11199,0.017728094210472813,0.03483856702261091,0.03483856702261091,0.01780642373010322,0.8011958670693805,182768,10081393,45351,162188685,0.0013224428079094647,0.0595030045444475,7.477492112508211,45,"(230, 218, 166)"
NH_Hartland,Dgm_poly,15403,11199,0.13290894581198448,0.23463305908794863,0.23463305908794863,0.13477641515896233,0.9055901991278997,3275949,21030596,341525,147850127,0.0209710829615222,0.14090898005154223,7.826708781245573,45,"(161, 183, 203)"
NH_Hartland,Dgq_poly,15403,11199,0.2723008016070195,0.4280446907886586,0.4280446907886585,0.2810382935395141,0.8975247891537668,5681410,14534376,648677,151633734,0.03669654008035806,0.11719418725286734,8.06044403715919,45,"(180, 176, 201)"
NH_Hartland,Dgqs_poly,15403,11199,0.3626463165518956,0.5322677090113198,0.5322677090113199,0.3750706872960022,0.916301724268796,8450556,14080013,771904,149195724,0.0534640950479036,0.13061335939644633,7.826708781245573,45,"(175, 189, 225)"
NH_Hartland,Dgqc_poly,15403,11199,0.02801085867901737,0.05449525837696114,0.05449525837696115,0.02815720401513288,0.8434897619280886,309942,10697614,57510,161433131,0.002130178786738275,0.06381258582082455,10.211985188696525,45,"(114, 139, 169)"
NH_Hartland,Dgqcm_poly,15403,11199,0.0025870794864458657,0.005160807553536482,0.005160807553536482,0.002589305889878255,0.75054704595186,5145,1981874,1710,170509468,3.973954579942653e-05,0.011519071123972385,5.2352825667612555,45,"(237, 223, 131)"
NH_Hartland,Dgqq_poly,15403,11199,2.8632273545031095e-05,5.726290752283001e-05,5.726290752283001e-05,2.8632273545031095e-05,1.0,3305,115425880,0,57069012,1.9159620549541163e-05,0.6691616898465321,9.39508814659143,45,"(191, 26, 139)"
NH_Hartland,Dgab_poly,15403,11199,1.7105973062532944e-05,3.421136090644779e-05,3.421136090644779e-05,1.7105973062532944e-05,1.0,1799,105166144,0,67330254,1.0429094513955992e-05,0.6096756072180859,3.6996903661654117,45,"(204, 90, 158)"
NH_Hartland,Dgg_poly,15403,11199,0.08622511530594813,0.15876104150227058,0.15876104150227058,0.08654381586034761,0.9590409254464135,114076,1204054,4872,171175195,0.0006895608305981308,0.007641413202713069,6.3720809581313,45,"(89, 184, 72)"
NH_Hartland,Dgh_poly,15403,11199,0.013102342270734178,0.025865782209854575,0.025865782209854575,0.013105508647840733,0.9818939219995408,29935,2254219,552,170213491,0.00017673807918119864,0.013241610867387791,11.82230848322052,45,"(241, 101, 57)"
NH_Hartland,Dgf_poly,15403,11199,0.0037200913410575945,0.007412607106603252,0.007412607106603251,0.0037235435212243035,0.8004993191103041,3527,943689,879,171550102,2.554229595802674e-05,0.0054911646409846245,9.475560093996993,45,"(163, 132, 137)"
NH_Hartland,DSwl_poly,15403,11199,0.690797170678069,0.817126007374421,0.8171260073744211,0.7970584648211974,0.8382301289984785,10417374,2652400,2010447,157417976,0.07204609216871989,0.07576759773320993,7.609072912834173,45,"(253, 251, 204)"
NH_Hartland,DSws_poly,15403,11199,0.179943192083385,0.3050031447118492,0.3050031447118492,0.1869682020969551,0.8272623408375477,4201088,18268444,877214,149151451,0.029439739593336154,0.13025951801687527,9.12554989074272,45,"(199, 219, 239)"
NH_Hartland,DSwq_poly,15403,11199,0.004914405296922707,0.00978074405346124,0.00978074405346124,0.004941685807673843,0.470958904109589,1719,346138,1931,172148409,2.1159641454107487e-05,0.0020165833965209504,10.211985188696525,45,"(125, 120, 184)"
NH_Hartland,DSwv_poly,15403,11199,0.4480443368952539,0.6188268210846417,0.6188268210846417,0.4553852657344001,0.965270380349646,924285,1105392,33255,170435265,0.005551014541908516,0.011766366462369459,1.728679572177542,45,"(252, 183, 37)"
NH_Hartland,DSwvp_poly,15403,11199,0.0002564546359261243,0.0005127777676165435,0.0005127777676165434,0.0002564547582954054,0.9981428636137156,22036,85903451,41,86572669,0.00012798394640611808,0.4981239716957737,9.445596596443083,45,"(237, 66, 98)"
NH_Hartland,DSwgs_poly,15403,11199,0.19351293845091375,0.32427455491530466,0.32427455491530466,0.20117920058485206,0.8354774880751225,491483,1951528,96783,169958403,0.003410273325929314,0.014162530637928928,5.2352825667612555,45,"(240, 210, 123)"
NH_Hartland,DSwa_poly,15403,11199,0.43125027123204446,0.6026203521496166,0.6026203521496166,0.45345413518566896,0.8980333239197966,397492,479095,45133,171576477,0.002565968848938172,0.005081716883104581,11.261719049559888,45,"(75, 173, 121)"
NH_Hartland,DSwhg_poly,15403,11199,0.6541863471783457,0.7909463746865452,0.7909463746865453,0.6898891520213798,0.9266911261477883,1065629,479009,84300,170869259,0.006666324750049416,0.008954516782572516,6.3720809581313,45,"(130, 196, 110)"
NH_Hartland,DSwf_poly,15403,11199,0.018697969129509263,0.03670954433233419,0.03670954433233419,0.01872796720733499,0.9210936194391524,137791,7219708,11804,165128894,0.0008672264557060849,0.04265261392848065,14.64905185472758,45,"(159, 156, 149)"
NH_Hartland,DSwss_poly,15403,11199,0.03636105737754166,0.07017063622508442,0.0701706362250844,0.036404983817044226,0.9678818156337076,58703,1553796,1948,170883750,0.0003516036750227598,0.009347917995919691,10.540237498337119,45,"(245, 238, 32)"
NH_Hartland,Dl_poly,15403,11199,0.14017856059892161,0.24588878521849694,0.24588878521849694,0.14545233462564144,0.7944995113779143,751212,4413449,194304,167139232,0.005481309465512848,0.02994037671014034,9.522292051340429,45,"(159, 148, 190)"
NH_Hartland,Dlc_poly,15403,11199,0.0017618206068463003,0.00351744410817938,0.00351744410817938,0.001761823799048357,0.9989726467188904,7779,4407532,8,168082878,4.514250082277672e-05,0.02559627333380186,4.954089182305556,45,"(244, 142, 168)"
NH_Hartland,Sfm_poly,15403,11199,0.0002697521624908018,0.000539358831770375,0.0005393588317703749,0.0002697523156536367,0.9978995608172618,31356,116208610,66,56258165,0.00018215842569067547,0.6738619186842864,9.445596596443083,45,"(235, 11, 117)"
NH_Hartland,Sfgr_poly,15403,11199,0.0003602462101975466,0.0007202329592010816,0.0007202329592010816,0.0003603388188528425,0.5836304006844432,4093,11354661,2920,161136523,4.0655497402097486e-05,0.06584853753572856,9.67958889551692,45,"(16, 106, 103)"
NH_Hartland,Sfs_poly,15403,11199,0.005028643664422043,0.010006965863355236,0.010006965863355236,0.0050347156262865065,0.8065622904917774,61356,12125231,14715,160296895,0.00044099591371381117,0.0706476195806267,9.068279860480027,45,"(223, 192, 219)"
NH_Hartland,Sfg_poly,15403,11199,0.10621517379386344,0.19203347831433018,0.19203347831433018,0.10844387325775309,0.8378783883316814,184288,1515098,35658,170763153,0.0012750626025383907,0.009851616014282166,7.1823622117532775,45,"(169, 211, 147)"
NH_Hartland,Opp_poly,15403,11199,0.009716840077446142,0.019246663404565684,0.019246663404565684,0.009719361248151825,0.9739985374177298,23974,2442649,640,170030934,0.00014269134650723335,0.014299413228069857,8.995946093474107,45,"(205, 167, 120)"
NH_Hartland,Oqd_poly,15403,11199,0.022197978346257426,0.04343185726539977,0.04343185726539977,0.022252596986597872,0.9004365629970558,79821,3507221,8826,168902329,0.0005139010235567853,0.020794663726253323,9.475560093996993,45,"(193, 158, 172)"
NH_Hartland,Scq_poly,15403,11199,0.001360547855155266,0.002717398559528763,0.002717398559528763,0.0013605479516035509,0.9999478992222098,134348,98611161,7,73752681,0.0007788777061826333,0.5724437166146148,3.6996903661654117,45,"(192, 84, 143)"
NH_Hartland,Scd_poly,15403,11199,0.019516647775392557,0.03828607962013825,0.03828607962013824,0.019567737315515733,0.8820065331675951,213577,10701175,28572,161554873,0.0014037769913618286,0.06327458599465825,9.67958889551692,45,"(22, 131, 136)"
NH_Hartland,Op_poly,15403,11199,0.14019651154368268,0.24591640146990842,0.24591640146990842,0.14150611045003145,0.9380753411687132,2754268,16709683,181816,152852430,0.01702095471757308,0.11283567792885395,4.798743519769209,45,"(234, 202, 157)"
NH_Hartland,Opa_poly,15403,11199,0.0014212823452063972,0.0028385303373579746,0.0028385303373579746,0.0014217231601645849,0.8209150326797385,1256,882179,274,171614488,8.869657924598482e-06,0.005121415848769712,7.341085714704544,45,"(186, 215, 119)"
NH_Hartland,Otp_poly,15403,11199,0.385838032197434,0.5568299083055694,0.5568299083055694,0.3874205767514909,0.9895240221800454,1010401,1597620,10697,169879479,0.005919470566988013,0.015119120346515854,4.954089182305556,45,"(246, 163, 185)"
NH_Hartland,Ot_poly,15403,11199,0.008570664296845856,0.01699566445911084,0.01699566445911084,0.008584008566625374,0.846467454250637,146168,16881774,26512,155443743,0.001001053941450762,0.09871373901954465,9.068279860480027,45,"(248, 201, 207)"
NH_Hartland,Oa_poly,15403,11199,0.7190715807023113,0.836581313744412,0.8365813137444121,0.7669771316668489,0.9200797604777518,14518624,4411046,1261121,152307406,0.09147773874993023,0.10973836439577395,7.5237118119640165,45,"(251, 213, 194)"
NH_Hartland,Oaf_poly,15403,11199,0.22217581671149134,0.36357423158527197,0.36357423158527197,0.22363970108893724,0.9713812408448286,435681,1512457,12836,170537223,0.002600125727690939,0.011293671666608782,1.728679572177542,45,"(251, 177, 23)"
NH_Hartland,Oafa_poly,15403,11199,0.010137103960848845,0.02007074865599975,0.02007074865599975,0.010147409786567856,0.9089359473280374,197829,19297688,19820,152982860,0.0012617465213274083,0.1130186711458787,4.798743519769209,45,"(252, 218, 181)"
NH_Hartland,Oaa_poly,15403,11199,0.3273533910201345,0.4932422567113763,0.4932422567113763,0.34330145511873306,0.8757251352184514,62497,119550,8869,172307281,0.0004137202663051603,0.0010553559583002482,14.224988249030126,45,"(79, 133, 71)"
NH_Hartland,Oag_poly,15403,11199,0.07028198955443965,0.1313335929042367,0.1313335929042367,0.07036669641602453,0.9831604004436503,339502,4485252,5815,167667628,0.002001858604933708,0.027969880751855046,9.119142488693232,45,"(249, 181, 124)"
NH_Hartland,Oarq_poly,15403,11199,0.030406247003747205,0.05901797876743002,0.05901797876743003,0.03042897445098289,0.9760248464662648,69451,2212946,1706,170214094,0.00041250865943833604,0.013231425253679608,10.195179424871654,45,"(225, 143, 39)"
NH_Hartland,Oarr_poly,15403,11199,0.03104440594447899,0.06021933830491236,0.06021933830491236,0.031086628751439957,0.9580827167722361,71998,2244046,3150,170179003,0.000435645133148841,0.013426482364914226,10.195179424871654,45,"(179, 126, 55)"
NM_Sunshine,Qa_poly,13200,12000,0.06931744178123975,0.12964801484164076,0.12964801484164076,0.07034960204150983,0.825312647387365,831193,10983984,175932,146408891,0.0063581123737373735,0.07459076388888888,0.5863019541518829,20,"(255, 252, 215)"
NM_Sunshine,Qsw_poly,13200,12000,0.7121660407111324,0.8318889918121969,0.8318889918121969,0.7492093145724504,0.9350806722565553,7124821,2384966,494651,148395562,0.048102727272727276,0.06003653409090909,3.746696553893757,20,"(253, 235, 219)"
NM_Sunshine,Qsa_poly,13200,12000,0.06517476173792122,0.12237383775707035,0.12237383775707035,0.06558146310081041,0.9131157771368124,239965,3419072,22833,154718130,0.0016590782828282827,0.02309998106060606,6.178491657998946,20,"(253, 207, 126)"
NM_Sunshine,Qay_poly,13200,12000,0.47570169706902715,0.6447125432109275,0.6447125432109275,0.4911864461113122,0.9378479403638579,3953181,4095048,261981,150089790,0.02661087121212121,0.05080952651515151,4.128478010495137,20,"(235, 219, 149)"
NM_Sunshine,Qai_poly,13200,12000,0.45394367921310036,0.6244308988072806,0.6244308988072805,0.4699844861620713,0.9300710746209753,2017313,2274984,151675,153956028,0.01369310606060606,0.027097834595959595,6.941862992406024,20,"(213, 192, 110)"
NM_Sunshine,Qao3_poly,13200,12000,0.9035381120212418,0.9493249505383784,0.9493249505383784,0.9290397399699358,0.9705157736886413,2071662,158234,62937,156107167,0.013476003787878789,0.014077626262626262,10.05584799721993,20,"(230, 179, 35)"
NM_Sunshine,Qao2_poly,13200,12000,0.15143003615383568,0.26302950487493454,0.2630295048749346,0.15240653145837685,0.9594064361173228,1593009,8859358,67402,147880231,0.010482392676767677,0.0659871654040404,6.178491657998946,20,"(229, 199, 144)"
NM_Sunshine,Qao1_poly,13200,12000,0.07539966416037593,0.14022631152529627,0.14022631152529627,0.07563434603719033,0.9604745391882491,723464,8841820,29772,148804944,0.0047552777777777775,0.06038689393939394,3.4651828410842014,20,"(253, 231, 170)"
NM_Sunshine,Qac_poly,13200,12000,0.005176109222725374,0.010298910161579376,0.010298910161579375,0.005192330087013103,0.6236190476190476,11459,2195450,6916,156186175,0.00011600378787878788,0.013932506313131313,10.43628567302456,20,"(253, 228, 81)"
NM_Sunshine,Qf_poly,13200,12000,0.2916822589001829,0.4516315942103888,0.4516315942103888,0.40972575685034807,0.5030861216320207,786469,1133032,776820,155703679,0.009869248737373737,0.012118061868686868,6.495329532065184,20,"(254, 249, 175)"
NM_Sunshine,Qls_poly,13200,12000,0.008187005119079103,0.016241044721880975,0.016241044721880975,0.008390400316127785,0.2524638714454164,92066,10880712,272604,147154618,0.002302209595959596,0.06927258838383839,0.5863019541518829,20,"(254, 251, 216)"
NM_Sunshine,Qt_poly,13200,12000,0.00044871502711828806,0.000897027544497621,0.0008970275444976209,0.0004493737701459119,0.23436141585593045,5661,12591870,18494,145783975,0.00015249368686868687,0.07952986742424242,3.4651828410842014,20,"(253, 233, 187)"
NM_Sunshine,Qc_poly,13200,12000,0.032605254406856445,0.06315144004488991,0.0631514400448899,0.03299001911138641,0.7365369992396046,368077,10789146,131663,147111114,0.0031549242424242425,0.07043701388888889,3.746696553893757,20,"(253, 230, 204)"
NM_Sunshine,QTsf_poly,13200,12000,0.8467783829553516,0.9170330243960015,0.9170330243960015,0.9234299126587151,0.9107241529110472,1480067,122726,145087,156652120,0.010259810606060606,0.010118642676767677,10.814760281940591,20,"(204, 125, 93)"
NM_Sunshine,Tsb_poly,13200,12000,0.4980164638860591,0.6649011888616183,0.6649011888616183,0.5044760918482036,0.9749332461113889,11189537,10990973,287697,135931793,0.07245728535353535,0.14002847222222223,11.373906548355343,20,"(247, 175, 205)"
NM_Sunshine,Tb_poly,13200,12000,0.015318827763980483,0.030175403715731106,0.030175403715731113,0.01603536361459248,0.2552986692583732,27319,1676353,79689,156616639,0.0006755555555555555,0.01075550505050505,6.062527186560924,20,"(227, 148, 138)"
NM_Sunshine,Tao_poly,13200,12000,0.0898113450951954,0.16481998558631328,0.16481998558631325,0.09337053105867073,0.7020334773017962,189363,1838718,80372,156291547,0.0017028724747474746,0.012803541666666666,6.062527186560924,20,"(248, 171, 160)"
NM_Sunshine,Tag_poly,13200,12000,0.15212960581296492,0.2640841881771093,0.2640841881771093,0.1541775033573348,0.9196992997712742,589072,3231667,51433,154527828,0.004043592171717172,0.02412082702020202,3.3359769182561907,20,"(244, 132, 144)"
NM_Sunshine,Tvc_poly,13200,12000,0.0059672707507073645,0.011863747309103332,0.011863747309103332,0.00596741451326904,0.9959790003539266,405228,67501568,1636,90491568,0.0025685858585858586,0.4287045202020202,3.3359769182561907,20,"(244, 134, 156)"
NM_Sunshine,Tmd_poly,13200,12000,0.0004685051112410002,0.0009365714339781394,0.0009365714339781394,0.00046851603339292925,0.9525998276357368,3316,7074350,165,151322169,2.19760101010101e-05,0.044682234848484846,15.402301228631872,20,"(239, 63, 68)"
NM_Volcanoes,Qa_poly,14663,10775,0.13992128777202112,0.2454928937163681,0.24549289371636807,0.14334932439864287,0.854037024435119,338852,2024968,57913,155572092,0.002511269032191606,0.014961470804317827,8.595456935751256,5,"(236, 224, 149)"
NM_Volcanoes,QTs_poly,14663,10775,0.006587349805269677,0.013088481206413012,0.01308848120641301,0.006631655731725809,0.49647185151096795,12946,1939206,13130,156028543,0.0001650444249957237,0.012355875300822675,7.368303564351832,5,"(250, 189, 136)"
NM_Volcanoes,Qac_poly,14663,10775,0.0387556612378324,0.07461939835138756,0.07461939835138756,0.03895614858914406,0.882773666188004,95901,2365867,12735,155519322,0.00068759649309079,0.015581419083942047,7.368303564351832,5,"(234, 201, 158)"
NM_Volcanoes,Qaa_poly,14663,10775,0.2017094856965282,0.3357042414949641,0.3357042414949641,0.2063717502435579,0.8992800915771993,1617536,6220436,181165,149974688,0.011384628481524516,0.04960935656820765,8.595456935751256,5,"(238, 241, 196)"
NM_Volcanoes,QTa_poly,14663,10775,0.01613686016017328,0.031761194368305136,0.031761194368305136,0.01617098185497013,0.8843609002775549,67230,4090217,8791,153827587,0.0004811643746203372,0.026313984106657334,14.757863018825391,5,"(252, 184, 20)"
NV_HiddenHills,Qas_poly,14925,9338,0.006570046732238219,0.013054325933038506,0.013054325933038506,0.007470448218824384,0.05169256366306175,18517,2460183,339697,136551253,0.0025702439519651515,0.017785077310590935,8.046926818272478,14,"(254, 251, 234)"
NV_HiddenHills,Qayy_poly,14925,9338,0.00911835579870283,0.018071925352077817,0.018071925352077817,0.009151691263027648,0.7145541376340718,18254,1976350,7292,137367754,0.00018329672206251503,0.014311609450120596,2.8323185427037254,14,"(254, 251, 207)"
NV_HiddenHills,Qay_poly,14925,9338,0.4212322905085088,0.5927705039093846,0.5927705039093846,0.4319629855825898,0.9443103590179287,12368375,16264576,729411,110007288,0.09397875362390593,0.20544609963503532,3.5957110523911404,14,"(254, 247, 147)"
NV_HiddenHills,Qayo_poly,14925,9338,0.08639291743368137,0.15904543567489746,0.15904543567489746,0.08646830596505571,0.9900089914358933,1468811,15517887,14823,122368129,0.010645316250704511,0.12188233234423707,4.605327102439633,14,"(252, 241, 3)"
NV_HiddenHills,Qau_poly,14925,9338,0.007142429217137261,0.014183553408010321,0.014183553408010321,0.00714682478323066,0.9207166938141597,194448,27013159,16744,112145299,0.0015153370909663617,0.19521902365400215,3.5957110523911404,14,"(254, 236, 143)"
NV_HiddenHills,Qai_poly,14925,9338,0.5697237410198259,0.7258904559214795,0.7258904559214795,0.5810590355107037,0.9668924974122519,9994001,7205630,342206,121827813,0.07416397328973705,0.12341016139453605,5.7823613531694,14,"(254, 222, 82)"
NV_HiddenHills,Qao_poly,14925,9338,0.2639826168697367,0.4176997584404947,0.4176997584404947,0.26458470223748254,0.9914534596931516,4488172,12474910,38689,122367879,0.03248096698240973,0.12171288368737383,4.605327102439633,14,"(235, 220, 4)"
NV_HiddenHills,QTa_poly,14925,9338,0.0211275067916001,0.04138074168226666,0.04138074168226666,0.021141647022174564,0.9693144363876072,352908,16339642,11172,122665928,0.0026123334599749658,0.11977177240525466,6.472588870398282,14,"(231, 195, 30)"
NV_HiddenHills,Qfy_poly,14925,9338,0.004882098608757403,0.009716759041715614,0.009716759041715615,0.0048847603546052715,0.8995932387236735,49761,10137228,5554,129177107,0.0003968941588071721,0.07309330977009701,2.8323185427037254,14,"(242, 244, 194)"
NV_HiddenHills,Qse_poly,14925,9338,0.00045865591475570985,0.0009168912918972031,0.0009168912918972031,0.0004742212942119638,0.01378103035248901,1047,2206783,74927,137086893,0.0005451258577459297,0.015841540823271064,12.75251697083371,14,"(227, 244, 253)"
NV_HiddenHills,Qsu_poly,14925,9338,0.04445273804883632,0.08512158842511036,0.08512158842511036,0.04493825993726369,0.8044734414392811,241552,5133645,58709,133935744,0.0021544217123311998,0.03856791632898554,7.779878515883994,14,"(228, 218, 184)"
NV_HiddenHills,Qby_poly,14925,9338,0.03701976220646518,0.07139644499676322,0.07139644499676322,0.1069483312835747,0.0535839929381987,274620,2293162,4850418,131951450,0.03677298464909685,0.018424255209078876,8.046926818272478,14,"(225, 240, 221)"
NV_HiddenHills,Qbw_poly,14925,9338,0.0063244733865845774,0.012569451610971602,0.012569451610971604,0.006326180718478305,0.9590735655090286,39463,6198582,1684,133129921,0.0002952364449505326,0.04475899164559859,13.198456170476732,14,"(183, 200, 106)"
NV_HiddenHills,Qbo_poly,14925,9338,0.13456587445683252,0.23721121441495008,0.23721121441495008,0.1354068215501842,0.9558837809222418,817056,5217027,37709,133297858,0.00613307847153236,0.04329553098540464,8.454201249933995,14,"(196, 225, 186)"
OR_Camas,af_poly,18999,17998,0.01972697476656329,0.03869069908850691,0.03869069908850691,0.021382786337334925,0.20302837237969265,58635,2683524,230167,338971676,0.0008445885826650646,0.008019321830362153,0.595674520571988,27,"(255, 255, 255)"
OR_Camas,Qac_poly,18999,17998,0.1699965794950695,0.29059329313327426,0.29059329313327426,0.17244697793533578,0.9228604713621263,2635552,12647708,220299,326440443,0.008351809019302523,0.04469521298987429,2.0578645190338154,27,"(254, 248, 195)"
OR_Camas,Qa_poly,18999,17998,0.01603883365640427,0.031571300476155126,0.03157130047615513,0.016384685681418727,0.43176563307358673,248175,14898591,326616,326470620,0.001680950672151284,0.04429604236777927,5.423253664972641,27,"(254, 250, 221)"
OR_Camas,Qt_poly,18999,17998,0.0037757235299986937,0.007523042132799406,0.007523042132799406,0.0037778677814923377,0.8693201762939272,44577,11754936,6701,330137788,0.00014996022652855306,0.03450715009178608,6.602348648592581,27,"(254, 226, 183)"
OR_Camas,Qls_poly,18999,17998,0.019842918353036976,0.03891367581407864,0.03891367581407864,0.019867260580077,0.9418438457662408,297196,14661887,18351,326966568,0.0009228031436562528,0.04374717179569069,5.04091077649741,27,"(235, 228, 211)"
OR_Camas,Qh_poly,18999,17998,0.14364617147143707,0.25120736649976133,0.25120736649976133,0.1451270529935901,0.9336755198763201,1758646,10359329,124927,329701100,0.005508425323980387,0.03543847802307701,12.275612620483296,27,"(243, 219, 227)"
OR_Camas,Qtds_poly,18999,17998,0.0219483259064917,0.0429538859257351,0.04295388592573509,0.02195793701990603,0.980447375716808,201579,8978655,4020,332759748,0.0006012651159180151,0.02684718534703235,8.212063255681016,27,"(249, 190, 167)"
OR_Camas,Qtdwl_poly,18999,17998,0.004262555030800155,0.008488925549294079,0.00848892554929408,0.004267919994941725,0.772258064516129,53865,12567037,15885,329307215,0.00020398076758778767,0.03690926562882071,2.0578645190338154,27,"(245, 245, 192)"
OR_Camas,Qtdl_poly,18999,17998,0.0006908947884852174,0.0013808355648749077,0.0013808355648749074,0.0006910082444233372,0.8079849188716084,12001,17355375,2852,324573774,4.343693678826395e-05,0.0507901173830211,2.5581845514468826,27,"(245, 238, 192)"
OR_Camas,Qlo_poly,18999,17998,0.022099095197338627,0.04324256875126557,0.04324256875126558,0.0233238405437507,0.2961966239773551,214513,8982643,509712,332237134,0.002117963747760079,0.026896672982145188,5.0260776646533545,27,"(245, 248, 239)"
OR_Camas,Qfs_poly,18999,17998,0.1785339292799678,0.3029763078421411,0.302976307842141,0.17922064323578227,0.9789890867796284,2584540,11836455,55469,327467538,0.007720588706217458,0.042173557411894595,5.04091077649741,27,"(253, 235, 213)"
OR_Camas,Qfg_poly,18999,17998,0.4634777023051494,0.6333922294478659,0.6333922294478659,0.6058970390168839,0.6635014692588223,8055223,5239483,4085252,324564044,0.03550427827068597,0.03887977540837227,5.884182009773179,27,"(234, 244, 220)"
OR_Camas,Qbph_poly,18999,17998,0.4834893588386176,0.6518272018036286,0.6518272018036286,0.4855837602867862,0.9911579750662235,675380,715482,6025,340547115,0.001992738565421598,0.004067513955106602,7.017576708851572,27,"(229, 157, 134)"
OR_Camas,Qbbb_poly,18999,17998,0.0013405710964947038,0.00267755274317257,0.00267755274317257,0.0013408686186543227,0.8579881656804734,2030,1511914,336,340429722,6.919261593013701e-06,0.004427461780715779,7.017576708851572,27,"(215, 153, 148)"
OR_Camas,Qaas_poly,18999,17998,0.01780549053049892,0.03498800251356155,0.03498800251356155,0.018036896308159654,0.581212677997244,25306,1377707,18234,340522755,0.0001273307902619681,0.004103049013270892,11.101518203393782,27,"(208, 236, 244)"
OR_Camas,QTc_poly,18999,17998,0.1696221574100066,0.2900460739998553,0.29004607399985544,0.1701822594539456,0.9809662502339931,2400085,11702942,46569,327794406,0.0071551306228205165,0.04124367416159562,7.166114699015482,27,"(219, 202, 179)"
OR_Camas,Qgwg_poly,18999,17998,0.0764279578830335,0.14200292239406567,0.14200292239406567,0.07653124532864511,0.9826478061772179,289264,3490421,5108,338159209,0.0008608777995175947,0.011053520394839386,3.1003491545723287,27,"(254, 231, 161)"
OR_Camas,QTfg_poly,18999,17998,0.0027753912469817587,0.0055354195390265315,0.005535419539026532,0.002777119662844586,0.8168276675761375,22154,7955176,4968,333961704,7.931708069556956e-05,0.023329346189262884,8.40992288950667,27,"(201, 224, 168)"
OR_Camas,QTwh_poly,18999,17998,0.11107346694117953,0.19993901437853306,0.19993901437853306,0.11136739934484176,0.9767897324777065,46882,374085,1114,341521921,0.0001403621637439922,0.0012310992371201176,12.167560364832408,27,"(184, 167, 97)"
OR_Camas,Ttfh_poly,18999,17998,0.23620874074592724,0.3821502517502005,0.3821502517502005,0.24264484772061057,0.8990429492726967,1268457,3959171,142440,336573934,0.004126105420033073,0.015287965191446757,3.1003491545723287,27,"(254, 239, 162)"
OR_Camas,Ttfc_poly,18999,17998,0.0018586859165379975,0.0037104752250315654,0.0037104752250315654,0.0018587872586356582,0.9715030511286213,16398,8805483,481,333121640,4.936188352851997e-05,0.025799197963413904,7.226325737582515,27,"(226, 193, 149)"
OR_Camas,Ta_poly,18999,17998,9.50794031865862e-05,0.0001901407279062416,0.00019014072790624162,9.51028680171908e-05,0.27816411682892905,400,4205572,1038,337736992,4.205366936075106e-06,0.012300177734949713,11.127020878437852,27,"(172, 204, 234)"
OR_Camas,Td_poly,18999,17998,0.004357230621395324,0.008676655055690707,0.008676655055690707,0.004357973815688706,0.962335374549115,11472,2620944,449,339311137,3.4862433410953644e-05,0.00769838331599102,14.416468626123724,27,"(243, 163, 200)"
OR_Camas,Tbem_poly,18999,17998,0.25627892440001226,0.4079968539190591,0.4079968539190591,0.26115629311300864,0.9320759603338132,1396439,3950700,101764,336495099,0.004381427927488548,0.015637469786646527,15.538330257601167,27,"(177, 172, 212)"
OR_Camas,Tvs_poly,18999,17998,0.0404222642902377,0.07770357416911533,0.07770357416911533,0.04047026713173498,0.9714931021853254,47745,1132010,1401,340762846,0.0001437252875106726,0.003450140938573913,9.603443747939615,27,"(179, 220, 193)"
OR_Camas,Tmv_poly,18999,17998,0.04539653917512438,0.0868503720338404,0.0868503720338404,0.04582750273826832,0.8283952791967588,23514,489584,4871,341426033,8.301066792801939e-05,0.0015005322421184038,12.282088203088145,27,"(141, 195, 195)"
OR_Camas,Qbph-pattern_poly,18999,17998,2.833818908203254e-06,5.667621755392813e-06,5.667621755392813e-06,3.203118043228e-06,2.4578539494026185e-05,10,3121948,406849,338415195,0.0011898410196415727,0.009130027085546014,0.595674520571988,27,"(252, 252, 252)"
OR_Carlton,Qa_poly,10561,10513,0.04790301329219763,0.0914264253171688,0.09142642531716881,0.07916098215361372,0.1081896600605408,753672,8767079,6212539,95294503,0.06274294761492737,0.08575106054751534,2.1193132188330805,9,"(252, 249, 242)"
OR_Carlton,Qaf_poly,10561,10513,0.002211840976260845,0.004413919065466791,0.0044139190654667905,0.0023080071830577165,0.050408677865519655,18212,7872578,343075,102793928,0.0032540230715024663,0.07107040306565401,1.1657086601798488,9,"(244, 247, 240)"
OR_Carlton,Qls_poly,10561,10513,0.001954032051237619,0.0039004425127912336,0.003900442512791233,0.0019925710959240424,0.09175842339478703,18042,9036591,178583,101794577,0.0017709529721085242,0.08155285046510832,1.1657086601798488,9,"(249, 250, 242)"
OR_Carlton,Qff_poly,10561,10513,0.5570117142364684,0.7154881484107746,0.7154881484107747,0.5684155223147367,0.9652341910561578,14662084,11132574,528099,84705036,0.136814238935651,0.23232613477239883,1.5840597377684242,9,"(248, 241, 224)"
OR_Carlton,Qtd_poly,10561,10513,3.796244319254305e-05,7.592200420031458e-05,7.59220042003146e-05,3.798580948639317e-05,0.0581270182992465,216,5686118,3500,105337959,3.346909723766193e-05,0.0512154105413948,3.5642649958317256,9,"(254, 254, 254)"
OR_Carlton,Tk_poly,10561,10513,0.022419344584765317,0.04385547809420698,0.04385547809420698,0.022449323002706204,0.9437845840534855,281765,12269393,16783,98459852,0.0026889483428712306,0.11304519040561313,7.514469662642773,9,"(224, 236, 197)"
OR_Carlton,Tes_poly,10561,10513,0.1049837757685064,0.190018673704944,0.19001867370494396,0.10539167808218475,0.9644446491222299,2052344,17421148,75662,91478639,0.019166426193844996,0.17539294868267805,7.514469662642773,9,"(254, 248, 194)"
OR_Carlton,Ty_poly,10561,10513,0.22863903753115378,0.3721826029402168,0.3721826029402168,0.2342943442880683,0.9045101078018956,6088471,19897948,642765,84398609,0.06062658563338281,0.2340532788938712,1.5840597377684242,9,"(240, 234, 218)"
OR_Carlton,Tidb_poly,10561,10513,0.2129416617876223,0.35111608166511626,0.35111608166511626,0.21433449302773416,0.970386447150771,1048914,3844904,32010,106101965,0.009735616378504435,0.04407741402191071,20.559961493567375,9,"(205, 180, 201)"
